metric,resample,macro_mean
COnPOff_F,0,0.7087758503126281
COnPOff_F,1,0.6829772420071399
COnPOff_F,2,0.6921662784684962
COnPOff_F,3,0.6847022711517505
COnPOff_F,4,0.6866638238479186
COnPOff_F,5,0.6647543530332696
COnPOff_F,6,0.7111131836896326
COnPOff_F,7,0.7085285152195473
COnPOff_F,8,0.718643250443864
COnPOff_F,9,0.6931679141013651
COnPOff_F,10,0.6867186772973065
COnPOff_F,11,0.7024713243148079
COnPOff_F,12,0.6728523562683985
COnPOff_F,13,0.7234221883536699
COnPOff_F,14,0.6752622616556256
COnPOff_F,15,0.7010176247781144
COnPOff_F,16,0.6781737849950613
COnPOff_F,17,0.6387750948435855
COnPOff_F,18,0.6967237298580033
COnPOff_F,19,0.6648878730312328
COnPOff_F,20,0.6687345398369092
COnPOff_F,21,0.679713968977892
COnPOff_F,22,0.689805054428966
COnPOff_F,23,0.712802170337226
COnPOff_F,24,0.648737592571463
COnPOff_F,25,0.6722128401567768
COnPOff_F,26,0.7087907131883175
COnPOff_F,27,0.6815756463638352
COnPOff_F,28,0.6977540235613625
COnPOff_F,29,0.6510865415030007
COnPOff_F,30,0.669297291849135
COnPOff_F,31,0.6887030389307828
COnPOff_F,32,0.655933612039637
COnPOff_F,33,0.6918779605164298
COnPOff_F,34,0.6841249979382217
COnPOff_F,35,0.6804477949035076
COnPOff_F,36,0.6683583264210524
COnPOff_F,37,0.6804298305417065
COnPOff_F,38,0.7127441093651088
COnPOff_F,39,0.6889020313063068
COnPOff_F,40,0.6604171126613978
COnPOff_F,41,0.6743307659027465
COnPOff_F,42,0.6910585602433778
COnPOff_F,43,0.699872388713583
COnPOff_F,44,0.6803420886167348
COnPOff_F,45,0.6716201721617491
COnPOff_F,46,0.6508245222685733
COnPOff_F,47,0.7039888693803312
COnPOff_F,48,0.6714020060741396
COnPOff_F,49,0.716956207981411
COnPOff_F,50,0.6783673639451132
COnPOff_F,51,0.6650284974604486
COnPOff_F,52,0.6714242523500523
COnPOff_F,53,0.6726374246659494
COnPOff_F,54,0.7017346676562919
COnPOff_F,55,0.6561447929230435
COnPOff_F,56,0.6559963594148269
COnPOff_F,57,0.6864190080453735
COnPOff_F,58,0.6869789982625762
COnPOff_F,59,0.6648149256226734
COnPOff_F,60,0.6769244615969675
COnPOff_F,61,0.6645477183661092
COnPOff_F,62,0.6558188915703376
COnPOff_F,63,0.6984107762683033
COnPOff_F,64,0.6638624645505832
COnPOff_F,65,0.6663690169723674
COnPOff_F,66,0.7018377058073959
COnPOff_F,67,0.7053468872061922
COnPOff_F,68,0.6580730693018735
COnPOff_F,69,0.6618525704168075
COnPOff_F,70,0.6334287688227221
COnPOff_F,71,0.6963745751424948
COnPOff_F,72,0.6957778533996329
COnPOff_F,73,0.6660567231505747
COnPOff_F,74,0.7155082992643579
COnPOff_F,75,0.7075780284381273
COnPOff_F,76,0.6809108296098613
COnPOff_F,77,0.6885927253028408
COnPOff_F,78,0.6815346404424908
COnPOff_F,79,0.6899551223234615
COnPOff_F,80,0.690561496239777
COnPOff_F,81,0.694241840822983
COnPOff_F,82,0.719297749715276
COnPOff_F,83,0.6907650118973802
COnPOff_F,84,0.6885542377708592
COnPOff_F,85,0.7105724027519036
COnPOff_F,86,0.6755775342502839
COnPOff_F,87,0.7118849675301337
COnPOff_F,88,0.7266052589963188
COnPOff_F,89,0.6710798607101001
COnPOff_F,90,0.6639338965956801
COnPOff_F,91,0.6793481432728159
COnPOff_F,92,0.6796488657562924
COnPOff_F,93,0.7068497531014719
COnPOff_F,94,0.6360962025681047
COnPOff_F,95,0.7198287857709447
COnPOff_F,96,0.6949411870419681
COnPOff_F,97,0.7135203882179159
COnPOff_F,98,0.6726110085402224
COnPOff_F,99,0.7003335133489091
COnPOff_F,100,0.6398429440241298
COnPOff_F,101,0.6809580470563826
COnPOff_F,102,0.6906718095421653
COnPOff_F,103,0.7131116643355955
COnPOff_F,104,0.7001679950765654
COnPOff_F,105,0.6838605287745985
COnPOff_F,106,0.6818256753816663
COnPOff_F,107,0.675507058420854
COnPOff_F,108,0.703344030979258
COnPOff_F,109,0.6503364812448857
COnPOff_F,110,0.6859227155649519
COnPOff_F,111,0.6814256219618612
COnPOff_F,112,0.6843853485946091
COnPOff_F,113,0.6951615469144273
COnPOff_F,114,0.7263248249423345
COnPOff_F,115,0.7061623428738626
COnPOff_F,116,0.7308165931326387
COnPOff_F,117,0.7173005778057656
COnPOff_F,118,0.6739247695517122
COnPOff_F,119,0.6886889781050324
COnPOff_F,120,0.6855863294736865
COnPOff_F,121,0.6688482111987684
COnPOff_F,122,0.6745990691129425
COnPOff_F,123,0.7339991636955697
COnPOff_F,124,0.685721177430797
COnPOff_F,125,0.6564307471776922
COnPOff_F,126,0.6524786774122364
COnPOff_F,127,0.6792191050594812
COnPOff_F,128,0.6579519504965838
COnPOff_F,129,0.7047433747612513
COnPOff_F,130,0.6978481678502518
COnPOff_F,131,0.7028842167820525
COnPOff_F,132,0.7283147995985856
COnPOff_F,133,0.6798579197756913
COnPOff_F,134,0.6880530619284473
COnPOff_F,135,0.6730137526265492
COnPOff_F,136,0.6775260836320014
COnPOff_F,137,0.687340459372557
COnPOff_F,138,0.7123123305230724
COnPOff_F,139,0.6747598816019419
COnPOff_F,140,0.718990147189004
COnPOff_F,141,0.6597878991159536
COnPOff_F,142,0.7047396229476423
COnPOff_F,143,0.6715423116187246
COnPOff_F,144,0.6942170621021182
COnPOff_F,145,0.7387267142407865
COnPOff_F,146,0.7163468637656362
COnPOff_F,147,0.701254867665037
COnPOff_F,148,0.666373438900116
COnPOff_F,149,0.7111402691071962
COnPOff_F,150,0.7304017150994734
COnPOff_F,151,0.6621906616412561
COnPOff_F,152,0.7024786350608018
COnPOff_F,153,0.6693215839757617
COnPOff_F,154,0.7085395025614208
COnPOff_F,155,0.7090277607576919
COnPOff_F,156,0.6838183017647989
COnPOff_F,157,0.6718824296841124
COnPOff_F,158,0.7085059644394773
COnPOff_F,159,0.7008440101043889
COnPOff_F,160,0.665425148677395
COnPOff_F,161,0.6834251877950586
COnPOff_F,162,0.6522219312316802
COnPOff_F,163,0.7074258921256549
COnPOff_F,164,0.678499959480192
COnPOff_F,165,0.6727680890353493
COnPOff_F,166,0.6993448786307788
COnPOff_F,167,0.6857868308907578
COnPOff_F,168,0.6991544355937954
COnPOff_F,169,0.692651346778961
COnPOff_F,170,0.6811793955032689
COnPOff_F,171,0.6720400890696365
COnPOff_F,172,0.6754543682023225
COnPOff_F,173,0.7304588492986849
COnPOff_F,174,0.7027539303240583
COnPOff_F,175,0.7074234891121415
COnPOff_F,176,0.6596042174065008
COnPOff_F,177,0.7025043625062427
COnPOff_F,178,0.6961362504304411
COnPOff_F,179,0.6828357575804891
COnPOff_F,180,0.6929264038953553
COnPOff_F,181,0.7118637294857667
COnPOff_F,182,0.6941439759185621
COnPOff_F,183,0.6884336457525685
COnPOff_F,184,0.6751038843976849
COnPOff_F,185,0.6835033232476713
COnPOff_F,186,0.6659584172594475
COnPOff_F,187,0.6719226392747892
COnPOff_F,188,0.714047976890571
COnPOff_F,189,0.7048862309288214
COnPOff_F,190,0.6680778808465893
COnPOff_F,191,0.7197599174932352
COnPOff_F,192,0.6814114001411005
COnPOff_F,193,0.7032187803080117
COnPOff_F,194,0.7095167824993566
COnPOff_F,195,0.6886776159347554
COnPOff_F,196,0.6803941689424747
COnPOff_F,197,0.6674140625073806
COnPOff_F,198,0.6936883020467359
COnPOff_F,199,0.7153350967980528
COnPOff_F,200,0.6473494351007483
COnPOff_F,201,0.6899168426064195
COnPOff_F,202,0.6642384338067773
COnPOff_F,203,0.6695925999545904
COnPOff_F,204,0.6529572498435527
COnPOff_F,205,0.710281479450695
COnPOff_F,206,0.6909368003434915
COnPOff_F,207,0.6930252184089758
COnPOff_F,208,0.6792813899045853
COnPOff_F,209,0.6651062848394401
COnPOff_F,210,0.6884064813070357
COnPOff_F,211,0.6679928098350869
COnPOff_F,212,0.6878518813282689
COnPOff_F,213,0.6712792660674981
COnPOff_F,214,0.7123881964291039
COnPOff_F,215,0.6584808818418356
COnPOff_F,216,0.7268937289472271
COnPOff_F,217,0.6586084831763875
COnPOff_F,218,0.6760373405501343
COnPOff_F,219,0.6646111080248852
COnPOff_F,220,0.6936741079024044
COnPOff_F,221,0.6916461010391604
COnPOff_F,222,0.703986816134818
COnPOff_F,223,0.7005297855176957
COnPOff_F,224,0.6414804087005129
COnPOff_F,225,0.6834588518141134
COnPOff_F,226,0.6794663853197556
COnPOff_F,227,0.6367600149422913
COnPOff_F,228,0.6848178474497623
COnPOff_F,229,0.657698742449281
COnPOff_F,230,0.675198679725359
COnPOff_F,231,0.7176612738079914
COnPOff_F,232,0.6858367999079241
COnPOff_F,233,0.6616305838760626
COnPOff_F,234,0.6475262173581512
COnPOff_F,235,0.6875169059594711
COnPOff_F,236,0.6896411252987006
COnPOff_F,237,0.6965544475149797
COnPOff_F,238,0.6740478851695402
COnPOff_F,239,0.6679330301837835
COnPOff_F,240,0.7041438341879566
COnPOff_F,241,0.6721611073273731
COnPOff_F,242,0.6635798895510018
COnPOff_F,243,0.669966763965292
COnPOff_F,244,0.6831474587078148
COnPOff_F,245,0.6834445068652302
COnPOff_F,246,0.6949993118014659
COnPOff_F,247,0.6825398815463452
COnPOff_F,248,0.6888566349398885
COnPOff_F,249,0.6835664210085918
COnPOff_F,250,0.646355280739176
COnPOff_F,251,0.6793220250538974
COnPOff_F,252,0.6557483574401269
COnPOff_F,253,0.7097203782698219
COnPOff_F,254,0.6878918593640277
COnPOff_F,255,0.6229255172357299
COnPOff_F,256,0.6567990064593785
COnPOff_F,257,0.6870742840267741
COnPOff_F,258,0.6729131013685281
COnPOff_F,259,0.7196495928422793
COnPOff_F,260,0.6809483201628256
COnPOff_F,261,0.6891676350588092
COnPOff_F,262,0.688251370390125
COnPOff_F,263,0.7006200247680006
COnPOff_F,264,0.7216736312932869
COnPOff_F,265,0.6798366171707756
COnPOff_F,266,0.674906369089784
COnPOff_F,267,0.6870776659838244
COnPOff_F,268,0.6412577158145296
COnPOff_F,269,0.6714658355828595
COnPOff_F,270,0.6886792638480558
COnPOff_F,271,0.6874842742649289
COnPOff_F,272,0.6609507741843276
COnPOff_F,273,0.6864567404805463
COnPOff_F,274,0.6821250366739497
COnPOff_F,275,0.6508647497386765
COnPOff_F,276,0.7190673422776337
COnPOff_F,277,0.689776677406716
COnPOff_F,278,0.6765081532218286
COnPOff_F,279,0.6801198439716781
COnPOff_F,280,0.6913433595597528
COnPOff_F,281,0.7074880769913122
COnPOff_F,282,0.6803915010750599
COnPOff_F,283,0.7265961403200188
COnPOff_F,284,0.6923331348456396
COnPOff_F,285,0.7058037437293964
COnPOff_F,286,0.6811733590032825
COnPOff_F,287,0.6853263952689858
COnPOff_F,288,0.6699047758460694
COnPOff_F,289,0.6702045409644265
COnPOff_F,290,0.6464273776042437
COnPOff_F,291,0.6722023564469207
COnPOff_F,292,0.6979379782430368
COnPOff_F,293,0.6377054510343532
COnPOff_F,294,0.6769898229736087
COnPOff_F,295,0.686192212179689
COnPOff_F,296,0.6890705704730188
COnPOff_F,297,0.6899615904005563
COnPOff_F,298,0.7098744069928608
COnPOff_F,299,0.704679243839787
COnPOff_F,300,0.6964910672077421
COnPOff_F,301,0.6483254459528165
COnPOff_F,302,0.6821517907521433
COnPOff_F,303,0.7328994888509537
COnPOff_F,304,0.6840561727790156
COnPOff_F,305,0.7138368819505992
COnPOff_F,306,0.7212187143881877
COnPOff_F,307,0.7082873055552632
COnPOff_F,308,0.6995001511242916
COnPOff_F,309,0.69049192691377
COnPOff_F,310,0.6581399217470971
COnPOff_F,311,0.7314165603723816
COnPOff_F,312,0.6887949597120927
COnPOff_F,313,0.6929522016156767
COnPOff_F,314,0.6867698756392077
COnPOff_F,315,0.6597472608062237
COnPOff_F,316,0.6715586709146839
COnPOff_F,317,0.6610941667727402
COnPOff_F,318,0.6694670126226426
COnPOff_F,319,0.6810738019829966
COnPOff_F,320,0.6679620470527912
COnPOff_F,321,0.6781161445617294
COnPOff_F,322,0.689375304639162
COnPOff_F,323,0.623443210835662
COnPOff_F,324,0.6696692573698615
COnPOff_F,325,0.6774996614269352
COnPOff_F,326,0.6656252245177856
COnPOff_F,327,0.6859678076122887
COnPOff_F,328,0.6553464459713441
COnPOff_F,329,0.6959030385460102
COnPOff_F,330,0.6911706349682035
COnPOff_F,331,0.7341486775090703
COnPOff_F,332,0.6809397569024986
COnPOff_F,333,0.6893964942399825
COnPOff_F,334,0.6886948157497127
COnPOff_F,335,0.6738660425078671
COnPOff_F,336,0.7085867357271584
COnPOff_F,337,0.6872345434546235
COnPOff_F,338,0.6924169446999
COnPOff_F,339,0.660936197426844
COnPOff_F,340,0.6722758201863317
COnPOff_F,341,0.7292289887003692
COnPOff_F,342,0.6550470910119707
COnPOff_F,343,0.663600512641851
COnPOff_F,344,0.6947560956006718
COnPOff_F,345,0.6892741014944532
COnPOff_F,346,0.6754548589973928
COnPOff_F,347,0.6597852344745365
COnPOff_F,348,0.691901085239731
COnPOff_F,349,0.701926455546694
COnPOff_F,350,0.683224316775852
COnPOff_F,351,0.6759997619667315
COnPOff_F,352,0.6840583906034238
COnPOff_F,353,0.7054276773132462
COnPOff_F,354,0.6970169199769639
COnPOff_F,355,0.6660339890710345
COnPOff_F,356,0.6838356088546331
COnPOff_F,357,0.6824483767697724
COnPOff_F,358,0.694238436211557
COnPOff_F,359,0.654821929338158
COnPOff_F,360,0.7219780229791978
COnPOff_F,361,0.7273292200915836
COnPOff_F,362,0.6742648282185079
COnPOff_F,363,0.6655682781278681
COnPOff_F,364,0.6860057828403694
COnPOff_F,365,0.7034304514392229
COnPOff_F,366,0.6819366384832272
COnPOff_F,367,0.6825639274243734
COnPOff_F,368,0.676630423011129
COnPOff_F,369,0.6919368672996948
COnPOff_F,370,0.6745887504545428
COnPOff_F,371,0.7368035923696709
COnPOff_F,372,0.6876845836118712
COnPOff_F,373,0.6856283447744198
COnPOff_F,374,0.6772917209203154
COnPOff_F,375,0.6757954013446871
COnPOff_F,376,0.6808297404628101
COnPOff_F,377,0.6636813270437851
COnPOff_F,378,0.6665663225582198
COnPOff_F,379,0.6735334454842736
COnPOff_F,380,0.6733232853713895
COnPOff_F,381,0.674467427704678
COnPOff_F,382,0.6827555602678539
COnPOff_F,383,0.6835840839541379
COnPOff_F,384,0.6751644461609304
COnPOff_F,385,0.676427038141111
COnPOff_F,386,0.6788060986290155
COnPOff_F,387,0.686142351530483
COnPOff_F,388,0.6487675755074219
COnPOff_F,389,0.6987103768149645
COnPOff_F,390,0.7051738406793537
COnPOff_F,391,0.6874284026297101
COnPOff_F,392,0.6700454659218703
COnPOff_F,393,0.6975965984808806
COnPOff_F,394,0.7001054456669987
COnPOff_F,395,0.6896383452214373
COnPOff_F,396,0.7045519344407699
COnPOff_F,397,0.6903011083544337
COnPOff_F,398,0.6739696412863744
COnPOff_F,399,0.7025797896052574
COnPOff_F,400,0.6958838025513675
COnPOff_F,401,0.6956939918686327
COnPOff_F,402,0.6649442200280841
COnPOff_F,403,0.6886842374369596
COnPOff_F,404,0.704727976610653
COnPOff_F,405,0.6890950454929778
COnPOff_F,406,0.7368927321363142
COnPOff_F,407,0.6969348372959564
COnPOff_F,408,0.6528061610059794
COnPOff_F,409,0.7001472904633916
COnPOff_F,410,0.7250564857061039
COnPOff_F,411,0.7076646815632571
COnPOff_F,412,0.6782515542179649
COnPOff_F,413,0.7090975037246517
COnPOff_F,414,0.6648735992188258
COnPOff_F,415,0.6810310588086549
COnPOff_F,416,0.6803910668703775
COnPOff_F,417,0.6511101626968321
COnPOff_F,418,0.7130533885393282
COnPOff_F,419,0.7016868898292765
COnPOff_F,420,0.7086247462815752
COnPOff_F,421,0.6958969560877015
COnPOff_F,422,0.6836673890916648
COnPOff_F,423,0.6656992371827106
COnPOff_F,424,0.7107429531326747
COnPOff_F,425,0.6965131900142671
COnPOff_F,426,0.6459416793027278
COnPOff_F,427,0.6714213165904659
COnPOff_F,428,0.6998852057043082
COnPOff_F,429,0.6868028388169387
COnPOff_F,430,0.6991563696348752
COnPOff_F,431,0.6885750276187741
COnPOff_F,432,0.6990413534845108
COnPOff_F,433,0.6864744474223288
COnPOff_F,434,0.6821879230195786
COnPOff_F,435,0.719391561768635
COnPOff_F,436,0.6702308544696827
COnPOff_F,437,0.6721783746822887
COnPOff_F,438,0.7010002712002693
COnPOff_F,439,0.6969765312391979
COnPOff_F,440,0.6789055582650068
COnPOff_F,441,0.6822625915161101
COnPOff_F,442,0.7225240150950607
COnPOff_F,443,0.6847500438309282
COnPOff_F,444,0.6398559388269766
COnPOff_F,445,0.6730005703302403
COnPOff_F,446,0.6708838140169749
COnPOff_F,447,0.7049090741821874
COnPOff_F,448,0.681326493373888
COnPOff_F,449,0.6813619693500028
COnPOff_F,450,0.7131276480685947
COnPOff_F,451,0.6792727314403417
COnPOff_F,452,0.6926813246118232
COnPOff_F,453,0.6616193055523641
COnPOff_F,454,0.6857479140894489
COnPOff_F,455,0.6961778781216414
COnPOff_F,456,0.7034515866903425
COnPOff_F,457,0.6783727949799451
COnPOff_F,458,0.675717251501016
COnPOff_F,459,0.6778138191220281
COnPOff_F,460,0.6818752147132113
COnPOff_F,461,0.623151669576632
COnPOff_F,462,0.6716731916138785
COnPOff_F,463,0.6542257890587354
COnPOff_F,464,0.6890454154687731
COnPOff_F,465,0.6676335943017605
COnPOff_F,466,0.6830687652214719
COnPOff_F,467,0.677838213794348
COnPOff_F,468,0.691324057383803
COnPOff_F,469,0.7042885839124118
COnPOff_F,470,0.6990761274504411
COnPOff_F,471,0.6765199652927568
COnPOff_F,472,0.6696173175772694
COnPOff_F,473,0.6843986499440681
COnPOff_F,474,0.6787078842462658
COnPOff_F,475,0.6656710682806308
COnPOff_F,476,0.6904965681232621
COnPOff_F,477,0.6617751005813507
COnPOff_F,478,0.6554507494609737
COnPOff_F,479,0.6528169137923977
COnPOff_F,480,0.6921848359456558
COnPOff_F,481,0.6963894017648304
COnPOff_F,482,0.6613647416256918
COnPOff_F,483,0.6919825495967767
COnPOff_F,484,0.6804995877597856
COnPOff_F,485,0.6783484728585142
COnPOff_F,486,0.6850490245484321
COnPOff_F,487,0.7194831081833676
COnPOff_F,488,0.6897267243765896
COnPOff_F,489,0.7086201295560904
COnPOff_F,490,0.6960847244408533
COnPOff_F,491,0.6300456458288043
COnPOff_F,492,0.7212883569567794
COnPOff_F,493,0.685917141445969
COnPOff_F,494,0.6707140567070465
COnPOff_F,495,0.6686715342418467
COnPOff_F,496,0.7005783779736421
COnPOff_F,497,0.644854175648291
COnPOff_F,498,0.6745528145578242
COnPOff_F,499,0.6676825651030907
COnPOff_F,500,0.6955493781471046
COnPOff_F,501,0.6640566135199871
COnPOff_F,502,0.6324367937990597
COnPOff_F,503,0.7025639585443182
COnPOff_F,504,0.6901629514445048
COnPOff_F,505,0.6622395977298627
COnPOff_F,506,0.7295102514095347
COnPOff_F,507,0.6939901052198764
COnPOff_F,508,0.6644750474690181
COnPOff_F,509,0.6764947235523551
COnPOff_F,510,0.6528280353446023
COnPOff_F,511,0.7104602095146707
COnPOff_F,512,0.6517589823919532
COnPOff_F,513,0.6949443411011856
COnPOff_F,514,0.7010309256904137
COnPOff_F,515,0.6805256596262018
COnPOff_F,516,0.6841571721009325
COnPOff_F,517,0.6382563373377046
COnPOff_F,518,0.6947868910478906
COnPOff_F,519,0.6600907552345329
COnPOff_F,520,0.6846201821897593
COnPOff_F,521,0.6569195467928326
COnPOff_F,522,0.6694319807541057
COnPOff_F,523,0.6777991981938428
COnPOff_F,524,0.6821254171855781
COnPOff_F,525,0.6763064476664995
COnPOff_F,526,0.6662096930444633
COnPOff_F,527,0.6961602571994896
COnPOff_F,528,0.667720420998529
COnPOff_F,529,0.6997919759002325
COnPOff_F,530,0.6757243423768918
COnPOff_F,531,0.6980899424844804
COnPOff_F,532,0.7077608625369067
COnPOff_F,533,0.6989234984895717
COnPOff_F,534,0.6851683070340908
COnPOff_F,535,0.6886544560941994
COnPOff_F,536,0.6666149005764044
COnPOff_F,537,0.6988450735908227
COnPOff_F,538,0.6490853831479488
COnPOff_F,539,0.6585982955379052
COnPOff_F,540,0.7066572935963944
COnPOff_F,541,0.7055751091206848
COnPOff_F,542,0.6800140011593122
COnPOff_F,543,0.6632724437542018
COnPOff_F,544,0.6839916351394253
COnPOff_F,545,0.6952742531065296
COnPOff_F,546,0.6883302653443542
COnPOff_F,547,0.664289819464936
COnPOff_F,548,0.6859629550942316
COnPOff_F,549,0.6986399514148072
COnPOff_F,550,0.6764592239876996
COnPOff_F,551,0.6632172256596496
COnPOff_F,552,0.7060396601934787
COnPOff_F,553,0.6561926037371025
COnPOff_F,554,0.6862504590450159
COnPOff_F,555,0.6776078477206195
COnPOff_F,556,0.6909627279960409
COnPOff_F,557,0.6976578762707013
COnPOff_F,558,0.6817124568724685
COnPOff_F,559,0.6727644355833718
COnPOff_F,560,0.7453761633329643
COnPOff_F,561,0.7129851154368669
COnPOff_F,562,0.6894184756694562
COnPOff_F,563,0.6652770626094539
COnPOff_F,564,0.6693389343890531
COnPOff_F,565,0.7062208445495565
COnPOff_F,566,0.6769249404303443
COnPOff_F,567,0.7097526199688096
COnPOff_F,568,0.7067191142647291
COnPOff_F,569,0.7010525619180951
COnPOff_F,570,0.6629263116769404
COnPOff_F,571,0.6774335912961397
COnPOff_F,572,0.6691651457331175
COnPOff_F,573,0.6360252549042995
COnPOff_F,574,0.6867953304465012
COnPOff_F,575,0.689178731588911
COnPOff_F,576,0.6897645483745849
COnPOff_F,577,0.6951738612657151
COnPOff_F,578,0.6786961473658863
COnPOff_F,579,0.666301146140421
COnPOff_F,580,0.7121154353330826
COnPOff_F,581,0.6592966733270358
COnPOff_F,582,0.6871491346846577
COnPOff_F,583,0.6907505593107441
COnPOff_F,584,0.679656942024312
COnPOff_F,585,0.6800844228106162
COnPOff_F,586,0.6455536868037376
COnPOff_F,587,0.6803943765983146
COnPOff_F,588,0.6860938519209999
COnPOff_F,589,0.6806537118142753
COnPOff_F,590,0.6855413075098645
COnPOff_F,591,0.6858355431787594
COnPOff_F,592,0.7100281340841855
COnPOff_F,593,0.6688606793573939
COnPOff_F,594,0.7220410830933925
COnPOff_F,595,0.6927104987912095
COnPOff_F,596,0.6630448704242463
COnPOff_F,597,0.6700083561276934
COnPOff_F,598,0.6810927191918787
COnPOff_F,599,0.6537014240382968
COnPOff_F,600,0.7196123201927046
COnPOff_F,601,0.6941454658603039
COnPOff_F,602,0.7036634175716802
COnPOff_F,603,0.6381670699783083
COnPOff_F,604,0.6957808510472306
COnPOff_F,605,0.6851779081135314
COnPOff_F,606,0.6968328203552953
COnPOff_F,607,0.6867429240332328
COnPOff_F,608,0.6715913530414381
COnPOff_F,609,0.6943749127258622
COnPOff_F,610,0.7669692673653992
COnPOff_F,611,0.6807273849998069
COnPOff_F,612,0.6580384610173947
COnPOff_F,613,0.7065160686530777
COnPOff_F,614,0.6369683457841377
COnPOff_F,615,0.678602005222071
COnPOff_F,616,0.6881280438522676
COnPOff_F,617,0.7123242803617287
COnPOff_F,618,0.6781171463692386
COnPOff_F,619,0.6543865721512256
COnPOff_F,620,0.6924683255050068
COnPOff_F,621,0.745152056906993
COnPOff_F,622,0.6923975874607166
COnPOff_F,623,0.686350745473484
COnPOff_F,624,0.6944877428207427
COnPOff_F,625,0.6808671212004743
COnPOff_F,626,0.7124962840836588
COnPOff_F,627,0.6704854387348852
COnPOff_F,628,0.6901407638865413
COnPOff_F,629,0.673209546123613
COnPOff_F,630,0.6907113503152894
COnPOff_F,631,0.7114363738873042
COnPOff_F,632,0.6581465409827959
COnPOff_F,633,0.6765474546513248
COnPOff_F,634,0.7057595987558759
COnPOff_F,635,0.6454867738621463
COnPOff_F,636,0.6640187515235146
COnPOff_F,637,0.6724413864490234
COnPOff_F,638,0.6720086388442204
COnPOff_F,639,0.644665577165702
COnPOff_F,640,0.7007520375787039
COnPOff_F,641,0.6765638654614353
COnPOff_F,642,0.6955093565975854
COnPOff_F,643,0.7189508958720979
COnPOff_F,644,0.6968048974063942
COnPOff_F,645,0.7077751200013669
COnPOff_F,646,0.6489420000436258
COnPOff_F,647,0.6973730199530577
COnPOff_F,648,0.72879246670166
COnPOff_F,649,0.6799185022228177
COnPOff_F,650,0.6657073624017107
COnPOff_F,651,0.7060721066765956
COnPOff_F,652,0.7190941510558664
COnPOff_F,653,0.6753829707453373
COnPOff_F,654,0.6780184732552216
COnPOff_F,655,0.6857416590305162
COnPOff_F,656,0.6506882508407382
COnPOff_F,657,0.6870121095764825
COnPOff_F,658,0.6613806443796285
COnPOff_F,659,0.7004330559750599
COnPOff_F,660,0.6827880335366272
COnPOff_F,661,0.6995077101239177
COnPOff_F,662,0.6775935748468014
COnPOff_F,663,0.6937856420937988
COnPOff_F,664,0.6958543878217545
COnPOff_F,665,0.7086351895472676
COnPOff_F,666,0.6858878095579898
COnPOff_F,667,0.7119858783214582
COnPOff_F,668,0.6964891287896503
COnPOff_F,669,0.7021825055435897
COnPOff_F,670,0.6674436977947404
COnPOff_F,671,0.711356929151414
COnPOff_F,672,0.6938098412483891
COnPOff_F,673,0.6609293785358512
COnPOff_F,674,0.7087769676599847
COnPOff_F,675,0.6884016495683166
COnPOff_F,676,0.692085566639089
COnPOff_F,677,0.6945519655506862
COnPOff_F,678,0.6733072871928026
COnPOff_F,679,0.6677813364949079
COnPOff_F,680,0.7103855349047352
COnPOff_F,681,0.6729562869173753
COnPOff_F,682,0.7000088647629346
COnPOff_F,683,0.6893297613975874
COnPOff_F,684,0.6902999316698106
COnPOff_F,685,0.7003614712336232
COnPOff_F,686,0.6815422097504864
COnPOff_F,687,0.7083975695401058
COnPOff_F,688,0.7159863111865994
COnPOff_F,689,0.7084126276486045
COnPOff_F,690,0.697614369380769
COnPOff_F,691,0.7020307308989524
COnPOff_F,692,0.6951725929592679
COnPOff_F,693,0.6689748964890755
COnPOff_F,694,0.6778643363839384
COnPOff_F,695,0.7367181696813582
COnPOff_F,696,0.6974110493008677
COnPOff_F,697,0.6519893148815752
COnPOff_F,698,0.6980962762287642
COnPOff_F,699,0.6428418186802388
COnPOff_F,700,0.6626257436797747
COnPOff_F,701,0.6733406434485896
COnPOff_F,702,0.6939707433351824
COnPOff_F,703,0.6581188329893366
COnPOff_F,704,0.7076129079670009
COnPOff_F,705,0.6741188791716806
COnPOff_F,706,0.6494573415999441
COnPOff_F,707,0.7048070377487565
COnPOff_F,708,0.6823869220510318
COnPOff_F,709,0.6571227568684185
COnPOff_F,710,0.6903572326960314
COnPOff_F,711,0.6881370312479176
COnPOff_F,712,0.715802535598864
COnPOff_F,713,0.6786924983550057
COnPOff_F,714,0.6752320545765746
COnPOff_F,715,0.7199368329957611
COnPOff_F,716,0.6547739156896205
COnPOff_F,717,0.6865719496026627
COnPOff_F,718,0.6483669923999009
COnPOff_F,719,0.6672552380224502
COnPOff_F,720,0.6828868202926331
COnPOff_F,721,0.6966047338086101
COnPOff_F,722,0.6843024154234876
COnPOff_F,723,0.6910417067800211
COnPOff_F,724,0.6885706602621072
COnPOff_F,725,0.6873912976329735
COnPOff_F,726,0.6813706675956966
COnPOff_F,727,0.6611497984058747
COnPOff_F,728,0.7012537408118696
COnPOff_F,729,0.6952460930856584
COnPOff_F,730,0.7054592993438157
COnPOff_F,731,0.6937045224476867
COnPOff_F,732,0.6874364593731772
COnPOff_F,733,0.6376181132761536
COnPOff_F,734,0.6830590118304058
COnPOff_F,735,0.7091090007079904
COnPOff_F,736,0.7103353651051681
COnPOff_F,737,0.661118663793435
COnPOff_F,738,0.6818073768490541
COnPOff_F,739,0.7115999028169754
COnPOff_F,740,0.6954375040421198
COnPOff_F,741,0.6749374988053373
COnPOff_F,742,0.6756423319516247
COnPOff_F,743,0.6794209944525413
COnPOff_F,744,0.6731177258508774
COnPOff_F,745,0.6963155637325387
COnPOff_F,746,0.7286328357844863
COnPOff_F,747,0.678977208595818
COnPOff_F,748,0.6531719638782725
COnPOff_F,749,0.7109596046737995
COnPOff_F,750,0.6918650935176985
COnPOff_F,751,0.6972862582840011
COnPOff_F,752,0.6939905548594022
COnPOff_F,753,0.6842491421176647
COnPOff_F,754,0.6793216455546591
COnPOff_F,755,0.6790496672266118
COnPOff_F,756,0.7166279707029961
COnPOff_F,757,0.6913725618380286
COnPOff_F,758,0.6611889037718626
COnPOff_F,759,0.6636456906336393
COnPOff_F,760,0.7081445104124761
COnPOff_F,761,0.7050411344907308
COnPOff_F,762,0.7081859840349418
COnPOff_F,763,0.6854086258747877
COnPOff_F,764,0.683905870280951
COnPOff_F,765,0.7181077841228748
COnPOff_F,766,0.7088283526150863
COnPOff_F,767,0.6421013577891714
COnPOff_F,768,0.6769606937347978
COnPOff_F,769,0.6425231818181948
COnPOff_F,770,0.6659411506156132
COnPOff_F,771,0.6945515312917306
COnPOff_F,772,0.6803438958294096
COnPOff_F,773,0.65720408393148
COnPOff_F,774,0.7405347089288558
COnPOff_F,775,0.6872474569600658
COnPOff_F,776,0.6981583125382647
COnPOff_F,777,0.6752016658036348
COnPOff_F,778,0.6493223774548225
COnPOff_F,779,0.704588006989946
COnPOff_F,780,0.6759090530671488
COnPOff_F,781,0.6839200868357224
COnPOff_F,782,0.7259102271074419
COnPOff_F,783,0.6939510239743596
COnPOff_F,784,0.6441989051679144
COnPOff_F,785,0.6763848754256101
COnPOff_F,786,0.6965574946648223
COnPOff_F,787,0.6733880063231189
COnPOff_F,788,0.6484314608573364
COnPOff_F,789,0.6801702254081509
COnPOff_F,790,0.6589775617044784
COnPOff_F,791,0.7096585721719172
COnPOff_F,792,0.665221142506441
COnPOff_F,793,0.6432461898869355
COnPOff_F,794,0.6983602726361996
COnPOff_F,795,0.6794149935731028
COnPOff_F,796,0.6701391644662901
COnPOff_F,797,0.7307728017715586
COnPOff_F,798,0.6739765200006828
COnPOff_F,799,0.7050817271842731
COnPOff_F,800,0.6480183687163911
COnPOff_F,801,0.6784369888693064
COnPOff_F,802,0.6490130067190325
COnPOff_F,803,0.6770053278475135
COnPOff_F,804,0.7080359646790045
COnPOff_F,805,0.6881897827949491
COnPOff_F,806,0.6921686039250868
COnPOff_F,807,0.7361044246989238
COnPOff_F,808,0.6934494549689912
COnPOff_F,809,0.6529005056791366
COnPOff_F,810,0.6934812344281168
COnPOff_F,811,0.7113623853756568
COnPOff_F,812,0.6881840835439886
COnPOff_F,813,0.6578092929882088
COnPOff_F,814,0.6686867206242119
COnPOff_F,815,0.6469991606714187
COnPOff_F,816,0.722598191274745
COnPOff_F,817,0.6999137893782083
COnPOff_F,818,0.7083183083567843
COnPOff_F,819,0.6861226814010605
COnPOff_F,820,0.6855543851972765
COnPOff_F,821,0.6968942517368147
COnPOff_F,822,0.689384583214036
COnPOff_F,823,0.6755815487322692
COnPOff_F,824,0.6756664498538958
COnPOff_F,825,0.6587098835721915
COnPOff_F,826,0.682696193646681
COnPOff_F,827,0.6580380583135566
COnPOff_F,828,0.6685635611439874
COnPOff_F,829,0.6302540698574843
COnPOff_F,830,0.7126479761779185
COnPOff_F,831,0.7121057367053014
COnPOff_F,832,0.646571068412593
COnPOff_F,833,0.6587388656787613
COnPOff_F,834,0.6918212021709361
COnPOff_F,835,0.6597068482743828
COnPOff_F,836,0.6799000835222708
COnPOff_F,837,0.6776274799905542
COnPOff_F,838,0.6789174952677502
COnPOff_F,839,0.6509693310995338
COnPOff_F,840,0.6528401800665814
COnPOff_F,841,0.6410270118534838
COnPOff_F,842,0.697337381815054
COnPOff_F,843,0.6915104640297111
COnPOff_F,844,0.6718611931358671
COnPOff_F,845,0.6887686209527709
COnPOff_F,846,0.6950243840713213
COnPOff_F,847,0.6859558011040481
COnPOff_F,848,0.6950470534639269
COnPOff_F,849,0.6789964962750324
COnPOff_F,850,0.6743249801139113
COnPOff_F,851,0.6893856333737958
COnPOff_F,852,0.6882165995789492
COnPOff_F,853,0.731052395396137
COnPOff_F,854,0.6825364431446079
COnPOff_F,855,0.7077903097748995
COnPOff_F,856,0.6994412299533201
COnPOff_F,857,0.7216880626495403
COnPOff_F,858,0.6936822897903548
COnPOff_F,859,0.6921183469755765
COnPOff_F,860,0.6785276026381881
COnPOff_F,861,0.6771574162937419
COnPOff_F,862,0.6517250614080652
COnPOff_F,863,0.6743355201230532
COnPOff_F,864,0.712930443934579
COnPOff_F,865,0.720255240639752
COnPOff_F,866,0.6654915870423888
COnPOff_F,867,0.6588201731264424
COnPOff_F,868,0.662568583519352
COnPOff_F,869,0.6843657102572029
COnPOff_F,870,0.6750805927531394
COnPOff_F,871,0.6754655613793605
COnPOff_F,872,0.6958810349082081
COnPOff_F,873,0.6793943080595384
COnPOff_F,874,0.6915318495411523
COnPOff_F,875,0.7501594986999318
COnPOff_F,876,0.6438665869159517
COnPOff_F,877,0.6699235888567109
COnPOff_F,878,0.6678195684613746
COnPOff_F,879,0.6684758349016278
COnPOff_F,880,0.7042710876924704
COnPOff_F,881,0.6857964078524988
COnPOff_F,882,0.6640613738695611
COnPOff_F,883,0.7087339095749255
COnPOff_F,884,0.6942751527379564
COnPOff_F,885,0.7133465851698244
COnPOff_F,886,0.6685428891379827
COnPOff_F,887,0.6684965871534633
COnPOff_F,888,0.6864912029214695
COnPOff_F,889,0.6651381123008825
COnPOff_F,890,0.68525857457758
COnPOff_F,891,0.7276843372835105
COnPOff_F,892,0.7229950881408909
COnPOff_F,893,0.6795312160524465
COnPOff_F,894,0.7063923437063632
COnPOff_F,895,0.6824588867702619
COnPOff_F,896,0.6863001693162888
COnPOff_F,897,0.6843841495406171
COnPOff_F,898,0.6711501230374775
COnPOff_F,899,0.6790326121794065
COnPOff_F,900,0.705602536189093
COnPOff_F,901,0.6940192334972899
COnPOff_F,902,0.6907887680592492
COnPOff_F,903,0.6871425491576775
COnPOff_F,904,0.673395200573677
COnPOff_F,905,0.6972749821378158
COnPOff_F,906,0.6843440508825606
COnPOff_F,907,0.6804343051549884
COnPOff_F,908,0.6361537953738442
COnPOff_F,909,0.7435939252096705
COnPOff_F,910,0.6667558281123723
COnPOff_F,911,0.7033340328979558
COnPOff_F,912,0.7176545686315484
COnPOff_F,913,0.7132011892124637
COnPOff_F,914,0.6782134899537338
COnPOff_F,915,0.6937241267824233
COnPOff_F,916,0.6890200778026405
COnPOff_F,917,0.6778854333877875
COnPOff_F,918,0.6604589994095019
COnPOff_F,919,0.6990522576393268
COnPOff_F,920,0.6902780987438681
COnPOff_F,921,0.6906093425374914
COnPOff_F,922,0.6744052003995089
COnPOff_F,923,0.6705828079405926
COnPOff_F,924,0.6834940990431487
COnPOff_F,925,0.6588009294711658
COnPOff_F,926,0.675562821267906
COnPOff_F,927,0.6703752520080547
COnPOff_F,928,0.7244390683976879
COnPOff_F,929,0.7278342953080011
COnPOff_F,930,0.6899685510055731
COnPOff_F,931,0.6753732425999676
COnPOff_F,932,0.6898183139013255
COnPOff_F,933,0.6843641280227647
COnPOff_F,934,0.7063926701950994
COnPOff_F,935,0.6606648570492402
COnPOff_F,936,0.6911808160230898
COnPOff_F,937,0.710758264430659
COnPOff_F,938,0.6773169049530164
COnPOff_F,939,0.6992774949214048
COnPOff_F,940,0.6346483028996661
COnPOff_F,941,0.6807474459815301
COnPOff_F,942,0.6625481458703968
COnPOff_F,943,0.7167656209951372
COnPOff_F,944,0.6877120558191642
COnPOff_F,945,0.7127149106997841
COnPOff_F,946,0.6855978132314086
COnPOff_F,947,0.6753611591987262
COnPOff_F,948,0.6986545652973382
COnPOff_F,949,0.6841456518594237
COnPOff_F,950,0.6564341674720745
COnPOff_F,951,0.6487498321346272
COnPOff_F,952,0.6926400435917253
COnPOff_F,953,0.6861801217778968
COnPOff_F,954,0.6948305343212129
COnPOff_F,955,0.661462235633647
COnPOff_F,956,0.6516159352688004
COnPOff_F,957,0.689948040317747
COnPOff_F,958,0.6490381907699787
COnPOff_F,959,0.6563305551158841
COnPOff_F,960,0.6692138051531457
COnPOff_F,961,0.7310632550608895
COnPOff_F,962,0.6897473378748434
COnPOff_F,963,0.7045116589033075
COnPOff_F,964,0.724215951427266
COnPOff_F,965,0.7179150035009665
COnPOff_F,966,0.6630670223909682
COnPOff_F,967,0.6608162701924138
COnPOff_F,968,0.6553594160551258
COnPOff_F,969,0.6810701716047285
COnPOff_F,970,0.6475815840005205
COnPOff_F,971,0.6784505072105781
COnPOff_F,972,0.6981940879973187
COnPOff_F,973,0.664863223375131
COnPOff_F,974,0.7135380282900013
COnPOff_F,975,0.6837109697719774
COnPOff_F,976,0.6648645012995039
COnPOff_F,977,0.706923465648252
COnPOff_F,978,0.6507550212103655
COnPOff_F,979,0.6790224390489739
COnPOff_F,980,0.6866099551530916
COnPOff_F,981,0.722779268402834
COnPOff_F,982,0.7112726453498494
COnPOff_F,983,0.6569070818730571
COnPOff_F,984,0.6884957627555846
COnPOff_F,985,0.6367138715127777
COnPOff_F,986,0.7000298480660453
COnPOff_F,987,0.659165592217708
COnPOff_F,988,0.686502813412615
COnPOff_F,989,0.6941968154201246
COnPOff_F,990,0.7076533752071569
COnPOff_F,991,0.7168610946083749
COnPOff_F,992,0.6586439242142054
COnPOff_F,993,0.7064297479981718
COnPOff_F,994,0.659029698184335
COnPOff_F,995,0.715436142649264
COnPOff_F,996,0.7128975124807665
COnPOff_F,997,0.6511428542548221
COnPOff_F,998,0.6937471404151587
COnPOff_F,999,0.6765820108583028
COnPOff_F,1000,0.7228298095121727
COnPOff_F,1001,0.6994956532053143
COnPOff_F,1002,0.6443769426230235
COnPOff_F,1003,0.717085312236223
COnPOff_F,1004,0.6418048659472679
COnPOff_F,1005,0.6318383230570075
COnPOff_F,1006,0.7041628248786383
COnPOff_F,1007,0.6621867579514014
COnPOff_F,1008,0.7088864416538762
COnPOff_F,1009,0.6358513410914525
COnPOff_F,1010,0.6985183798859683
COnPOff_F,1011,0.6914380594102355
COnPOff_F,1012,0.6942648310389908
COnPOff_F,1013,0.7085495993178014
COnPOff_F,1014,0.6492960931644957
COnPOff_F,1015,0.673361157627336
COnPOff_F,1016,0.6992694611310647
COnPOff_F,1017,0.6555506419147556
COnPOff_F,1018,0.6764319069859287
COnPOff_F,1019,0.6670291524472831
COnPOff_F,1020,0.6607149253325645
COnPOff_F,1021,0.7057837197853191
COnPOff_F,1022,0.6939332691444868
COnPOff_F,1023,0.6601111721150835
COnPOff_F,1024,0.682887868314406
COnPOff_F,1025,0.6773588188053071
COnPOff_F,1026,0.6672340639888139
COnPOff_F,1027,0.6945812310111231
COnPOff_F,1028,0.6868047857994448
COnPOff_F,1029,0.6971345221621009
COnPOff_F,1030,0.668161066993232
COnPOff_F,1031,0.7071366552660854
COnPOff_F,1032,0.6930492042232093
COnPOff_F,1033,0.7232153925353755
COnPOff_F,1034,0.6855174997874929
COnPOff_F,1035,0.695606461374628
COnPOff_F,1036,0.7036368416905949
COnPOff_F,1037,0.6816080090058851
COnPOff_F,1038,0.6873054667000871
COnPOff_F,1039,0.6802317893979418
COnPOff_F,1040,0.7024254776999094
COnPOff_F,1041,0.6609845853639876
COnPOff_F,1042,0.6646697807672735
COnPOff_F,1043,0.7001376335475546
COnPOff_F,1044,0.7107438325451408
COnPOff_F,1045,0.6670322045313177
COnPOff_F,1046,0.721887307988761
COnPOff_F,1047,0.7171590980524776
COnPOff_F,1048,0.679911129770687
COnPOff_F,1049,0.66893429850338
COnPOff_F,1050,0.6975632391044981
COnPOff_F,1051,0.682605863491908
COnPOff_F,1052,0.6929158820778365
COnPOff_F,1053,0.7025654877235689
COnPOff_F,1054,0.6699634872096057
COnPOff_F,1055,0.715669607572578
COnPOff_F,1056,0.7243387936366904
COnPOff_F,1057,0.6669649567144242
COnPOff_F,1058,0.718425868952874
COnPOff_F,1059,0.6882430880918197
COnPOff_F,1060,0.6855957903534667
COnPOff_F,1061,0.7141775391239262
COnPOff_F,1062,0.703355314468472
COnPOff_F,1063,0.6434363676566249
COnPOff_F,1064,0.7062331150651229
COnPOff_F,1065,0.6499915228592507
COnPOff_F,1066,0.7080725604909451
COnPOff_F,1067,0.6753426420021075
COnPOff_F,1068,0.6695526272746635
COnPOff_F,1069,0.7186634974014815
COnPOff_F,1070,0.6831381709148785
COnPOff_F,1071,0.6769978264591766
COnPOff_F,1072,0.6695553873645594
COnPOff_F,1073,0.6778201919025809
COnPOff_F,1074,0.6683514298005999
COnPOff_F,1075,0.6406609563718583
COnPOff_F,1076,0.6654757232687318
COnPOff_F,1077,0.700742464367603
COnPOff_F,1078,0.6929097297676977
COnPOff_F,1079,0.6847819745202205
COnPOff_F,1080,0.7224644479934624
COnPOff_F,1081,0.6887212575488899
COnPOff_F,1082,0.6512984674039854
COnPOff_F,1083,0.7094996813931218
COnPOff_F,1084,0.6985152217630161
COnPOff_F,1085,0.7092173452198418
COnPOff_F,1086,0.6789780254602189
COnPOff_F,1087,0.6328295000861592
COnPOff_F,1088,0.7208898874159869
COnPOff_F,1089,0.6804166931900113
COnPOff_F,1090,0.6868239860911242
COnPOff_F,1091,0.6522100764950326
COnPOff_F,1092,0.6862931050509531
COnPOff_F,1093,0.6847708379933443
COnPOff_F,1094,0.7200035766976806
COnPOff_F,1095,0.6670069892380702
COnPOff_F,1096,0.6703814753141045
COnPOff_F,1097,0.6661449069014539
COnPOff_F,1098,0.6806446194332835
COnPOff_F,1099,0.7002261411421897
COnPOff_F,1100,0.7051217201534188
COnPOff_F,1101,0.6941525355009266
COnPOff_F,1102,0.6816897981039853
COnPOff_F,1103,0.686553152777986
COnPOff_F,1104,0.7057141385468685
COnPOff_F,1105,0.6638084416641257
COnPOff_F,1106,0.7124155584237581
COnPOff_F,1107,0.6969422779266674
COnPOff_F,1108,0.6743439675176852
COnPOff_F,1109,0.6807827066777058
COnPOff_F,1110,0.7114139902212385
COnPOff_F,1111,0.6770161920867184
COnPOff_F,1112,0.7040984930394076
COnPOff_F,1113,0.7295846390862892
COnPOff_F,1114,0.6658643919338508
COnPOff_F,1115,0.7117726915655306
COnPOff_F,1116,0.6649327804069799
COnPOff_F,1117,0.6744003732378827
COnPOff_F,1118,0.6975557479225608
COnPOff_F,1119,0.6630175466977374
COnPOff_F,1120,0.7016479257423356
COnPOff_F,1121,0.6475742763383114
COnPOff_F,1122,0.651274762607111
COnPOff_F,1123,0.6886564330500426
COnPOff_F,1124,0.6977348539472268
COnPOff_F,1125,0.6925107934377223
COnPOff_F,1126,0.685741218614105
COnPOff_F,1127,0.6945576048028044
COnPOff_F,1128,0.7052993974566677
COnPOff_F,1129,0.6883420799259721
COnPOff_F,1130,0.7035555198127927
COnPOff_F,1131,0.6868880458125856
COnPOff_F,1132,0.6772603276546729
COnPOff_F,1133,0.6923241099344871
COnPOff_F,1134,0.6644946425610444
COnPOff_F,1135,0.6723905992733517
COnPOff_F,1136,0.67366060644969
COnPOff_F,1137,0.7097535336297894
COnPOff_F,1138,0.6856945183927592
COnPOff_F,1139,0.683476072751137
COnPOff_F,1140,0.6865963747149276
COnPOff_F,1141,0.6908525094185278
COnPOff_F,1142,0.716844445498908
COnPOff_F,1143,0.6777623420980654
COnPOff_F,1144,0.6829660753446469
COnPOff_F,1145,0.6735570161831866
COnPOff_F,1146,0.6837302016950503
COnPOff_F,1147,0.6986264771266453
COnPOff_F,1148,0.6773905303104226
COnPOff_F,1149,0.679778458077391
COnPOff_F,1150,0.6796421796525599
COnPOff_F,1151,0.6915275206892453
COnPOff_F,1152,0.6795857434921698
COnPOff_F,1153,0.6850375583174336
COnPOff_F,1154,0.700998139901829
COnPOff_F,1155,0.6890293987746025
COnPOff_F,1156,0.6638541392036985
COnPOff_F,1157,0.6719755681400241
COnPOff_F,1158,0.6469270131857886
COnPOff_F,1159,0.6753635993720662
COnPOff_F,1160,0.662079944709761
COnPOff_F,1161,0.7171471474411771
COnPOff_F,1162,0.6983236791550871
COnPOff_F,1163,0.6502901565831034
COnPOff_F,1164,0.6701529434920558
COnPOff_F,1165,0.6875587917368496
COnPOff_F,1166,0.7226081387402175
COnPOff_F,1167,0.6562540091941118
COnPOff_F,1168,0.6890978473564698
COnPOff_F,1169,0.6871442260541737
COnPOff_F,1170,0.6881865243161535
COnPOff_F,1171,0.7323130042361466
COnPOff_F,1172,0.6801368480083153
COnPOff_F,1173,0.6860755145441657
COnPOff_F,1174,0.7093829339467366
COnPOff_F,1175,0.6864386572078103
COnPOff_F,1176,0.6753192822318471
COnPOff_F,1177,0.6925386212482961
COnPOff_F,1178,0.6479937942719626
COnPOff_F,1179,0.6975097340932241
COnPOff_F,1180,0.7151928583553656
COnPOff_F,1181,0.7046056071012003
COnPOff_F,1182,0.6896107492997733
COnPOff_F,1183,0.6569190889424654
COnPOff_F,1184,0.6947870365004761
COnPOff_F,1185,0.7084319361530005
COnPOff_F,1186,0.7076948759752356
COnPOff_F,1187,0.6896524888063492
COnPOff_F,1188,0.6705241441076462
COnPOff_F,1189,0.6750383257158707
COnPOff_F,1190,0.6707609626016674
COnPOff_F,1191,0.6628299453462141
COnPOff_F,1192,0.663394766529619
COnPOff_F,1193,0.7067852210029689
COnPOff_F,1194,0.7131519332973035
COnPOff_F,1195,0.6829811472120623
COnPOff_F,1196,0.6966451151942096
COnPOff_F,1197,0.6856151991456677
COnPOff_F,1198,0.7040410690304242
COnPOff_F,1199,0.6934952981060011
COnPOff_F,1200,0.6870504027397188
COnPOff_F,1201,0.6910998475993564
COnPOff_F,1202,0.6924603394573613
COnPOff_F,1203,0.6910172248062881
COnPOff_F,1204,0.7057513247596583
COnPOff_F,1205,0.6563686315752922
COnPOff_F,1206,0.6815153155288938
COnPOff_F,1207,0.6509653543256811
COnPOff_F,1208,0.7154352415950198
COnPOff_F,1209,0.7192569753595522
COnPOff_F,1210,0.6840095776528253
COnPOff_F,1211,0.7333791369191008
COnPOff_F,1212,0.6823879853571109
COnPOff_F,1213,0.6917410486583011
COnPOff_F,1214,0.6950786154538601
COnPOff_F,1215,0.6336283303825739
COnPOff_F,1216,0.6750115258746067
COnPOff_F,1217,0.7006224225073271
COnPOff_F,1218,0.6903720244946137
COnPOff_F,1219,0.6945400226440587
COnPOff_F,1220,0.6502174232063626
COnPOff_F,1221,0.6751454022536155
COnPOff_F,1222,0.7071539081374695
COnPOff_F,1223,0.686760959739165
COnPOff_F,1224,0.7116922216398767
COnPOff_F,1225,0.7067725270902067
COnPOff_F,1226,0.6680008686869553
COnPOff_F,1227,0.6793263584369477
COnPOff_F,1228,0.7026239830004873
COnPOff_F,1229,0.6469840460505049
COnPOff_F,1230,0.6671242973002561
COnPOff_F,1231,0.7077272095150235
COnPOff_F,1232,0.705853176550049
COnPOff_F,1233,0.6934543595151026
COnPOff_F,1234,0.6909499901610523
COnPOff_F,1235,0.6872332387195131
COnPOff_F,1236,0.6785382270127718
COnPOff_F,1237,0.6962881659343003
COnPOff_F,1238,0.6929620243865066
COnPOff_F,1239,0.6615757147500322
COnPOff_F,1240,0.6878469969098563
COnPOff_F,1241,0.6661853818727625
COnPOff_F,1242,0.6611623034598114
COnPOff_F,1243,0.6580954896863368
COnPOff_F,1244,0.6633899126850212
COnPOff_F,1245,0.6935001240858951
COnPOff_F,1246,0.6986832059390807
COnPOff_F,1247,0.6906082988441927
COnPOff_F,1248,0.6893638118521802
COnPOff_F,1249,0.6724199504464401
COnPOff_F,1250,0.690840667169132
COnPOff_F,1251,0.6874465841142218
COnPOff_F,1252,0.6848125118103982
COnPOff_F,1253,0.7137640756507383
COnPOff_F,1254,0.6600252621604838
COnPOff_F,1255,0.6689958132443281
COnPOff_F,1256,0.6598804158945711
COnPOff_F,1257,0.682485295455905
COnPOff_F,1258,0.7080633179381703
COnPOff_F,1259,0.7035005403235877
COnPOff_F,1260,0.6825544218800479
COnPOff_F,1261,0.6907517092450483
COnPOff_F,1262,0.681925427403613
COnPOff_F,1263,0.702437571304851
COnPOff_F,1264,0.6448383562775737
COnPOff_F,1265,0.6382097131206267
COnPOff_F,1266,0.7059460060216075
COnPOff_F,1267,0.6951426453657416
COnPOff_F,1268,0.6968602300695542
COnPOff_F,1269,0.6678205889469307
COnPOff_F,1270,0.7165298869462687
COnPOff_F,1271,0.6913285196162666
COnPOff_F,1272,0.6736006063288391
COnPOff_F,1273,0.6754669884046839
COnPOff_F,1274,0.7020568023848208
COnPOff_F,1275,0.6805696317342725
COnPOff_F,1276,0.7280782134917702
COnPOff_F,1277,0.657198804263411
COnPOff_F,1278,0.6495029371922069
COnPOff_F,1279,0.7348774563425792
COnPOff_F,1280,0.6807273206214534
COnPOff_F,1281,0.7013116424754052
COnPOff_F,1282,0.7156089532212069
COnPOff_F,1283,0.706676674805721
COnPOff_F,1284,0.7019925869524393
COnPOff_F,1285,0.735972722625962
COnPOff_F,1286,0.7002997765363936
COnPOff_F,1287,0.7212576452483299
COnPOff_F,1288,0.7179180127612875
COnPOff_F,1289,0.7126865696712091
COnPOff_F,1290,0.6779056772742024
COnPOff_F,1291,0.6490256715403986
COnPOff_F,1292,0.6958767295665718
COnPOff_F,1293,0.7011960534720648
COnPOff_F,1294,0.6932605090569264
COnPOff_F,1295,0.6951122537564215
COnPOff_F,1296,0.6949174995825317
COnPOff_F,1297,0.712044815031466
COnPOff_F,1298,0.6986439925532049
COnPOff_F,1299,0.7041154330396134
COnPOff_F,1300,0.6933187832017282
COnPOff_F,1301,0.6875644609443615
COnPOff_F,1302,0.7129515128185433
COnPOff_F,1303,0.727027509547472
COnPOff_F,1304,0.6802904570686766
COnPOff_F,1305,0.710051356942301
COnPOff_F,1306,0.7024054295146375
COnPOff_F,1307,0.6971556805368541
COnPOff_F,1308,0.6700887775339623
COnPOff_F,1309,0.6658881179574984
COnPOff_F,1310,0.6520869470261194
COnPOff_F,1311,0.6963098958048848
COnPOff_F,1312,0.6669751309223502
COnPOff_F,1313,0.6897574556179468
COnPOff_F,1314,0.6930916838787696
COnPOff_F,1315,0.681073961639717
COnPOff_F,1316,0.713574204744097
COnPOff_F,1317,0.726091676682802
COnPOff_F,1318,0.6876152708000847
COnPOff_F,1319,0.6888607205691436
COnPOff_F,1320,0.7013636187226793
COnPOff_F,1321,0.6611630278281592
COnPOff_F,1322,0.7094668368592232
COnPOff_F,1323,0.6918829348764782
COnPOff_F,1324,0.6844923166004058
COnPOff_F,1325,0.675808864030333
COnPOff_F,1326,0.7025659391846911
COnPOff_F,1327,0.693607206201516
COnPOff_F,1328,0.6760572572546686
COnPOff_F,1329,0.675005391384966
COnPOff_F,1330,0.689976424138726
COnPOff_F,1331,0.7238677885463239
COnPOff_F,1332,0.6765743852596625
COnPOff_F,1333,0.7000178865816236
COnPOff_F,1334,0.6721152352789354
COnPOff_F,1335,0.7304035559179072
COnPOff_F,1336,0.7007274700317767
COnPOff_F,1337,0.6818220278302249
COnPOff_F,1338,0.7064296829851252
COnPOff_F,1339,0.705433300094692
COnPOff_F,1340,0.6478430826146331
COnPOff_F,1341,0.6930167419271597
COnPOff_F,1342,0.7033879263664138
COnPOff_F,1343,0.6892234127048739
COnPOff_F,1344,0.688563790922456
COnPOff_F,1345,0.6678245886776464
COnPOff_F,1346,0.6688569830821841
COnPOff_F,1347,0.6926944084751282
COnPOff_F,1348,0.7184389151203628
COnPOff_F,1349,0.6869036086070704
COnPOff_F,1350,0.6753712795090978
COnPOff_F,1351,0.7015699597900495
COnPOff_F,1352,0.7179784042004643
COnPOff_F,1353,0.7074037670424643
COnPOff_F,1354,0.7200572395063523
COnPOff_F,1355,0.6413043615875494
COnPOff_F,1356,0.6838880719334316
COnPOff_F,1357,0.629311609739843
COnPOff_F,1358,0.6977180947105097
COnPOff_F,1359,0.6928817079190202
COnPOff_F,1360,0.6677363795341319
COnPOff_F,1361,0.6960226609812363
COnPOff_F,1362,0.7118792982526024
COnPOff_F,1363,0.6841594002290692
COnPOff_F,1364,0.6958254639399989
COnPOff_F,1365,0.6832918404994257
COnPOff_F,1366,0.6673674126364934
COnPOff_F,1367,0.6640653004936163
COnPOff_F,1368,0.6810429999789117
COnPOff_F,1369,0.6724193632680499
COnPOff_F,1370,0.6929364831440443
COnPOff_F,1371,0.6516846769026269
COnPOff_F,1372,0.6536577111485277
COnPOff_F,1373,0.6705967702040158
COnPOff_F,1374,0.681009512815589
COnPOff_F,1375,0.7106307457319896
COnPOff_F,1376,0.6901974489029232
COnPOff_F,1377,0.714530784382708
COnPOff_F,1378,0.6759908410475827
COnPOff_F,1379,0.7189537950694748
COnPOff_F,1380,0.6765818803383623
COnPOff_F,1381,0.6714598678377949
COnPOff_F,1382,0.7108113964069576
COnPOff_F,1383,0.6846582758420385
COnPOff_F,1384,0.6235289843399078
COnPOff_F,1385,0.6480334064181631
COnPOff_F,1386,0.6856904978020758
COnPOff_F,1387,0.6654983368678912
COnPOff_F,1388,0.7029191895562567
COnPOff_F,1389,0.690825702370358
COnPOff_F,1390,0.6583429855665166
COnPOff_F,1391,0.6765435023976529
COnPOff_F,1392,0.7017116621838896
COnPOff_F,1393,0.6739278744617917
COnPOff_F,1394,0.6758711464791286
COnPOff_F,1395,0.6895607842140662
COnPOff_F,1396,0.6524146038456983
COnPOff_F,1397,0.7096471874469136
COnPOff_F,1398,0.6674044821796903
COnPOff_F,1399,0.6955573876215064
COnPOff_F,1400,0.6708613906969795
COnPOff_F,1401,0.6698736938423585
COnPOff_F,1402,0.6639303512668754
COnPOff_F,1403,0.6836586558766978
COnPOff_F,1404,0.6362473994391278
COnPOff_F,1405,0.7270910482497932
COnPOff_F,1406,0.6649186237809276
COnPOff_F,1407,0.6675935146871793
COnPOff_F,1408,0.7115619227429766
COnPOff_F,1409,0.7210687440786919
COnPOff_F,1410,0.6891599935815642
COnPOff_F,1411,0.6804915639371394
COnPOff_F,1412,0.684388220802666
COnPOff_F,1413,0.6902270485066682
COnPOff_F,1414,0.6808452913344397
COnPOff_F,1415,0.6826193533099686
COnPOff_F,1416,0.6156578587910828
COnPOff_F,1417,0.7259875335581932
COnPOff_F,1418,0.6781832740654058
COnPOff_F,1419,0.7014299452019309
COnPOff_F,1420,0.7080600547632644
COnPOff_F,1421,0.720086144811242
COnPOff_F,1422,0.6901066900734714
COnPOff_F,1423,0.6668775057448331
COnPOff_F,1424,0.7005088017711653
COnPOff_F,1425,0.6833382367681575
COnPOff_F,1426,0.6631714706039521
COnPOff_F,1427,0.6991970905968093
COnPOff_F,1428,0.6543056179625601
COnPOff_F,1429,0.6619616752046618
COnPOff_F,1430,0.7217440035089797
COnPOff_F,1431,0.693490767110559
COnPOff_F,1432,0.6840584200695153
COnPOff_F,1433,0.694371104411575
COnPOff_F,1434,0.6847477801984132
COnPOff_F,1435,0.6903976418397215
COnPOff_F,1436,0.7294428766453854
COnPOff_F,1437,0.7185238615926046
COnPOff_F,1438,0.626652149173881
COnPOff_F,1439,0.6354595299781632
COnPOff_F,1440,0.6920294625996725
COnPOff_F,1441,0.6551467085708381
COnPOff_F,1442,0.6885064853605051
COnPOff_F,1443,0.674194712412872
COnPOff_F,1444,0.6665238138812127
COnPOff_F,1445,0.6887490776806446
COnPOff_F,1446,0.6957519331061058
COnPOff_F,1447,0.6955266548959516
COnPOff_F,1448,0.6843456495104994
COnPOff_F,1449,0.6958305363860945
COnPOff_F,1450,0.6865745173966978
COnPOff_F,1451,0.7094454959801212
COnPOff_F,1452,0.7066284188894789
COnPOff_F,1453,0.6704986493954824
COnPOff_F,1454,0.6477433376178134
COnPOff_F,1455,0.6667787785403702
COnPOff_F,1456,0.6764236422263177
COnPOff_F,1457,0.6964547051094445
COnPOff_F,1458,0.6706519478301307
COnPOff_F,1459,0.6756035989083661
COnPOff_F,1460,0.6830861348278485
COnPOff_F,1461,0.7122626193471958
COnPOff_F,1462,0.7007813557812644
COnPOff_F,1463,0.6739000664782493
COnPOff_F,1464,0.6468975211380729
COnPOff_F,1465,0.6936940848172706
COnPOff_F,1466,0.6536951853369439
COnPOff_F,1467,0.691603178263167
COnPOff_F,1468,0.6665106720936131
COnPOff_F,1469,0.6908238006428318
COnPOff_F,1470,0.6899868556594082
COnPOff_F,1471,0.7050473670856527
COnPOff_F,1472,0.7027862094206213
COnPOff_F,1473,0.6983349478579717
COnPOff_F,1474,0.661043800462327
COnPOff_F,1475,0.6992874391658959
COnPOff_F,1476,0.680488477101663
COnPOff_F,1477,0.6623394978542387
COnPOff_F,1478,0.6740278771131208
COnPOff_F,1479,0.7346978344712101
COnPOff_F,1480,0.7093653606638419
COnPOff_F,1481,0.6619855359527232
COnPOff_F,1482,0.6942096232702184
COnPOff_F,1483,0.6953961941325645
COnPOff_F,1484,0.6636347121037991
COnPOff_F,1485,0.6754242283766752
COnPOff_F,1486,0.6844497965988504
COnPOff_F,1487,0.6877017219110693
COnPOff_F,1488,0.6706707415211453
COnPOff_F,1489,0.6782559914248605
COnPOff_F,1490,0.6473593837597792
COnPOff_F,1491,0.665050154854309
COnPOff_F,1492,0.6926030646282436
COnPOff_F,1493,0.7095228264044582
COnPOff_F,1494,0.6924498210902857
COnPOff_F,1495,0.6997352154610234
COnPOff_F,1496,0.7135134714044419
COnPOff_F,1497,0.6964628040541957
COnPOff_F,1498,0.6778595686866753
COnPOff_F,1499,0.6898601580302833
COnPOff_F,1500,0.6855679881475246
COnPOff_F,1501,0.6901617461910395
COnPOff_F,1502,0.6561200137073546
COnPOff_F,1503,0.6797358284836785
COnPOff_F,1504,0.7063190083423336
COnPOff_F,1505,0.7151749125768524
COnPOff_F,1506,0.7095856214784321
COnPOff_F,1507,0.6589499884010135
COnPOff_F,1508,0.6707361943041311
COnPOff_F,1509,0.6854054975515178
COnPOff_F,1510,0.678818478501123
COnPOff_F,1511,0.6861557017636443
COnPOff_F,1512,0.696388866074672
COnPOff_F,1513,0.6901934926545621
COnPOff_F,1514,0.6709289912074861
COnPOff_F,1515,0.7046393750115135
COnPOff_F,1516,0.6684247731930243
COnPOff_F,1517,0.6910748042568287
COnPOff_F,1518,0.6695440994358012
COnPOff_F,1519,0.676257057671473
COnPOff_F,1520,0.6713652882026064
COnPOff_F,1521,0.7013773453732168
COnPOff_F,1522,0.6687530520377817
COnPOff_F,1523,0.6763959115934919
COnPOff_F,1524,0.6932676783351851
COnPOff_F,1525,0.6806445482986884
COnPOff_F,1526,0.6849388981735505
COnPOff_F,1527,0.743218165998436
COnPOff_F,1528,0.688987067911586
COnPOff_F,1529,0.6755605194958553
COnPOff_F,1530,0.6940599954074925
COnPOff_F,1531,0.7247376090075939
COnPOff_F,1532,0.6804768762699847
COnPOff_F,1533,0.7394483063249826
COnPOff_F,1534,0.6977883567189757
COnPOff_F,1535,0.693120069870393
COnPOff_F,1536,0.7059827530338039
COnPOff_F,1537,0.6701747179824397
COnPOff_F,1538,0.663250960381515
COnPOff_F,1539,0.6998047831162677
COnPOff_F,1540,0.6358030738082263
COnPOff_F,1541,0.6908957596511832
COnPOff_F,1542,0.6959369168536722
COnPOff_F,1543,0.7035730940778682
COnPOff_F,1544,0.6737146595912948
COnPOff_F,1545,0.6681699858278377
COnPOff_F,1546,0.6967325219437467
COnPOff_F,1547,0.6933966789812175
COnPOff_F,1548,0.6717333951501147
COnPOff_F,1549,0.7293174850150317
COnPOff_F,1550,0.6942469832060676
COnPOff_F,1551,0.6716550844891064
COnPOff_F,1552,0.7269244604753586
COnPOff_F,1553,0.6564112449546636
COnPOff_F,1554,0.6278423878234832
COnPOff_F,1555,0.6898346567158095
COnPOff_F,1556,0.6630572022777576
COnPOff_F,1557,0.7141037367981662
COnPOff_F,1558,0.6587648227973948
COnPOff_F,1559,0.6687998271166306
COnPOff_F,1560,0.660912210266035
COnPOff_F,1561,0.6698704049186571
COnPOff_F,1562,0.7106839599464377
COnPOff_F,1563,0.6534441066734766
COnPOff_F,1564,0.6769364865489385
COnPOff_F,1565,0.7106257715035982
COnPOff_F,1566,0.6984365289098801
COnPOff_F,1567,0.6647042056170039
COnPOff_F,1568,0.6759155407790081
COnPOff_F,1569,0.6754929803398685
COnPOff_F,1570,0.6657806865830569
COnPOff_F,1571,0.7201106695002636
COnPOff_F,1572,0.677915302169883
COnPOff_F,1573,0.7098120507012551
COnPOff_F,1574,0.7055247617307785
COnPOff_F,1575,0.6811812566353345
COnPOff_F,1576,0.6900040107165463
COnPOff_F,1577,0.6648057401679118
COnPOff_F,1578,0.6725504611477702
COnPOff_F,1579,0.6779805467636779
COnPOff_F,1580,0.641187386908747
COnPOff_F,1581,0.7282315228105378
COnPOff_F,1582,0.6621770318045754
COnPOff_F,1583,0.6461506043465716
COnPOff_F,1584,0.6676383379683958
COnPOff_F,1585,0.7109331116720468
COnPOff_F,1586,0.6334128940368601
COnPOff_F,1587,0.6981918987867752
COnPOff_F,1588,0.6882482334282483
COnPOff_F,1589,0.6695724984492172
COnPOff_F,1590,0.7302761560664415
COnPOff_F,1591,0.6926271213411168
COnPOff_F,1592,0.7153533020357105
COnPOff_F,1593,0.6962312747225279
COnPOff_F,1594,0.6628778848505874
COnPOff_F,1595,0.6734207435865681
COnPOff_F,1596,0.7117894251619843
COnPOff_F,1597,0.7118710513028337
COnPOff_F,1598,0.6909482235177914
COnPOff_F,1599,0.6982391028929958
COnPOff_F,1600,0.6789285876311982
COnPOff_F,1601,0.6761495552558046
COnPOff_F,1602,0.6627035853387064
COnPOff_F,1603,0.7100149179812574
COnPOff_F,1604,0.6837545465329369
COnPOff_F,1605,0.6384460041785651
COnPOff_F,1606,0.6876476093992052
COnPOff_F,1607,0.6715253815643756
COnPOff_F,1608,0.679527882683414
COnPOff_F,1609,0.6936453490423878
COnPOff_F,1610,0.6641946590231818
COnPOff_F,1611,0.6975617700524905
COnPOff_F,1612,0.6585264056384509
COnPOff_F,1613,0.7308506300148201
COnPOff_F,1614,0.6861727263652109
COnPOff_F,1615,0.6944807785558565
COnPOff_F,1616,0.7157038297903595
COnPOff_F,1617,0.710751661612757
COnPOff_F,1618,0.6955552300073727
COnPOff_F,1619,0.7039972038547043
COnPOff_F,1620,0.6866588588505582
COnPOff_F,1621,0.6754000504547365
COnPOff_F,1622,0.6348813105543044
COnPOff_F,1623,0.6614752536514574
COnPOff_F,1624,0.7181215368969607
COnPOff_F,1625,0.7146211582503036
COnPOff_F,1626,0.7346500124802601
COnPOff_F,1627,0.720412352003745
COnPOff_F,1628,0.6689121039811731
COnPOff_F,1629,0.6818720921729785
COnPOff_F,1630,0.6778731811473926
COnPOff_F,1631,0.6710987182944184
COnPOff_F,1632,0.721461465339498
COnPOff_F,1633,0.709090305145336
COnPOff_F,1634,0.68278314770874
COnPOff_F,1635,0.6705633652232046
COnPOff_F,1636,0.6735895536227982
COnPOff_F,1637,0.6954825834384862
COnPOff_F,1638,0.7007799881275417
COnPOff_F,1639,0.6982572269384397
COnPOff_F,1640,0.6675060710941129
COnPOff_F,1641,0.7108108937832686
COnPOff_F,1642,0.6899194189636308
COnPOff_F,1643,0.6552282198244971
COnPOff_F,1644,0.7151134850707873
COnPOff_F,1645,0.6826092212489381
COnPOff_F,1646,0.7150464973166203
COnPOff_F,1647,0.6657890069793112
COnPOff_F,1648,0.6463225634599534
COnPOff_F,1649,0.6881698729984237
COnPOff_F,1650,0.6740278775275627
COnPOff_F,1651,0.7196712193259561
COnPOff_F,1652,0.7170479362486968
COnPOff_F,1653,0.6819780550930958
COnPOff_F,1654,0.6947913110407613
COnPOff_F,1655,0.6802922062320724
COnPOff_F,1656,0.6857360393315932
COnPOff_F,1657,0.6689334951701893
COnPOff_F,1658,0.6578034888092359
COnPOff_F,1659,0.6595882039312674
COnPOff_F,1660,0.6729631929309907
COnPOff_F,1661,0.6639481692298895
COnPOff_F,1662,0.6791367741375361
COnPOff_F,1663,0.6631785239249598
COnPOff_F,1664,0.7096762898139463
COnPOff_F,1665,0.6775471586700016
COnPOff_F,1666,0.6896195786465392
COnPOff_F,1667,0.6918333884128635
COnPOff_F,1668,0.7033114015355745
COnPOff_F,1669,0.6838278229641414
COnPOff_F,1670,0.7128327141240741
COnPOff_F,1671,0.6806190016460634
COnPOff_F,1672,0.7059372350984716
COnPOff_F,1673,0.6810255859699471
COnPOff_F,1674,0.6990324142576185
COnPOff_F,1675,0.6752852245610474
COnPOff_F,1676,0.681785058865666
COnPOff_F,1677,0.6874581607815694
COnPOff_F,1678,0.6808270960178904
COnPOff_F,1679,0.7043992188206569
COnPOff_F,1680,0.6865479157916714
COnPOff_F,1681,0.7042585827946314
COnPOff_F,1682,0.6727662628567873
COnPOff_F,1683,0.7027822578150488
COnPOff_F,1684,0.6802119144934132
COnPOff_F,1685,0.7030619858518505
COnPOff_F,1686,0.668755442562428
COnPOff_F,1687,0.7025537600545221
COnPOff_F,1688,0.6615485788496244
COnPOff_F,1689,0.7080001231769772
COnPOff_F,1690,0.658133225261349
COnPOff_F,1691,0.7084791356655881
COnPOff_F,1692,0.7051126352070741
COnPOff_F,1693,0.6879051914310532
COnPOff_F,1694,0.6998509030059064
COnPOff_F,1695,0.6692812861492294
COnPOff_F,1696,0.7048645822026284
COnPOff_F,1697,0.6663622783039221
COnPOff_F,1698,0.7126281034993163
COnPOff_F,1699,0.6947238749074769
COnPOff_F,1700,0.6621756484785608
COnPOff_F,1701,0.7097508689127318
COnPOff_F,1702,0.7110218685762564
COnPOff_F,1703,0.6698102166891148
COnPOff_F,1704,0.6489164606633596
COnPOff_F,1705,0.6861675653591293
COnPOff_F,1706,0.7084546051908551
COnPOff_F,1707,0.6596866851915294
COnPOff_F,1708,0.6974817718524577
COnPOff_F,1709,0.7091588967398836
COnPOff_F,1710,0.6906094324114193
COnPOff_F,1711,0.6644631495630563
COnPOff_F,1712,0.7066715644614879
COnPOff_F,1713,0.6840100977119805
COnPOff_F,1714,0.6809289110351427
COnPOff_F,1715,0.7085589042868431
COnPOff_F,1716,0.6681571698441622
COnPOff_F,1717,0.6932353689646034
COnPOff_F,1718,0.6774073924539
COnPOff_F,1719,0.6573589762689487
COnPOff_F,1720,0.6662128472217799
COnPOff_F,1721,0.6957451006073124
COnPOff_F,1722,0.710091592246806
COnPOff_F,1723,0.6721743470953723
COnPOff_F,1724,0.6836609554713045
COnPOff_F,1725,0.6556792233720881
COnPOff_F,1726,0.7175333352270389
COnPOff_F,1727,0.6674827796645104
COnPOff_F,1728,0.6818377273791023
COnPOff_F,1729,0.6773954929482038
COnPOff_F,1730,0.6802872075936306
COnPOff_F,1731,0.6372017305837249
COnPOff_F,1732,0.7035577873901523
COnPOff_F,1733,0.6972329456423667
COnPOff_F,1734,0.6429703863820828
COnPOff_F,1735,0.6879803739319634
COnPOff_F,1736,0.7135800409713665
COnPOff_F,1737,0.7070967548393499
COnPOff_F,1738,0.719000812472835
COnPOff_F,1739,0.6473003035424724
COnPOff_F,1740,0.6727104021696431
COnPOff_F,1741,0.7135034219191223
COnPOff_F,1742,0.6907079813758485
COnPOff_F,1743,0.7095035979796754
COnPOff_F,1744,0.6841670258388843
COnPOff_F,1745,0.677526688662772
COnPOff_F,1746,0.6496496549031712
COnPOff_F,1747,0.6656524117223112
COnPOff_F,1748,0.6795730238278427
COnPOff_F,1749,0.6592143399434138
COnPOff_F,1750,0.6669741734474971
COnPOff_F,1751,0.668526848942317
COnPOff_F,1752,0.6894974594513275
COnPOff_F,1753,0.6928252539967051
COnPOff_F,1754,0.6565908104237298
COnPOff_F,1755,0.6737636303569841
COnPOff_F,1756,0.7062376566566543
COnPOff_F,1757,0.6573709495859879
COnPOff_F,1758,0.6923634651430519
COnPOff_F,1759,0.7027382778563552
COnPOff_F,1760,0.7106597653187908
COnPOff_F,1761,0.6857870706659938
COnPOff_F,1762,0.6845189476407157
COnPOff_F,1763,0.6636268266305404
COnPOff_F,1764,0.7095167993353219
COnPOff_F,1765,0.6839956748429153
COnPOff_F,1766,0.6968147352180774
COnPOff_F,1767,0.6035509961663024
COnPOff_F,1768,0.6880552018392854
COnPOff_F,1769,0.6645033207481198
COnPOff_F,1770,0.7114586832700807
COnPOff_F,1771,0.6836875541006909
COnPOff_F,1772,0.7001626916812898
COnPOff_F,1773,0.6950835727018236
COnPOff_F,1774,0.6617755099293499
COnPOff_F,1775,0.7010187214445996
COnPOff_F,1776,0.6605276226753577
COnPOff_F,1777,0.653073506388765
COnPOff_F,1778,0.689041002369193
COnPOff_F,1779,0.6852331931878382
COnPOff_F,1780,0.6957101111523171
COnPOff_F,1781,0.680476126433854
COnPOff_F,1782,0.7164039298015797
COnPOff_F,1783,0.6965465504394777
COnPOff_F,1784,0.7167062678316675
COnPOff_F,1785,0.6681886593991841
COnPOff_F,1786,0.705100083260738
COnPOff_F,1787,0.639015736371995
COnPOff_F,1788,0.6873009162085864
COnPOff_F,1789,0.6516962047038884
COnPOff_F,1790,0.6755643080656268
COnPOff_F,1791,0.6537413634260879
COnPOff_F,1792,0.6766829465866827
COnPOff_F,1793,0.6828098847703143
COnPOff_F,1794,0.65039422690774
COnPOff_F,1795,0.6589917981523553
COnPOff_F,1796,0.6652802523977117
COnPOff_F,1797,0.6701751684473196
COnPOff_F,1798,0.681760779244823
COnPOff_F,1799,0.7104806799043581
COnPOff_F,1800,0.6755123416642173
COnPOff_F,1801,0.6885938719604744
COnPOff_F,1802,0.6993664726642317
COnPOff_F,1803,0.7071778107050001
COnPOff_F,1804,0.6656035947774351
COnPOff_F,1805,0.717703441907548
COnPOff_F,1806,0.6445763611831439
COnPOff_F,1807,0.6956733234348698
COnPOff_F,1808,0.6905491160216881
COnPOff_F,1809,0.6379659835476934
COnPOff_F,1810,0.7036914174840168
COnPOff_F,1811,0.6478919150340974
COnPOff_F,1812,0.677776637718602
COnPOff_F,1813,0.7063286128272699
COnPOff_F,1814,0.6796165584216114
COnPOff_F,1815,0.6736833792610313
COnPOff_F,1816,0.6635244785435085
COnPOff_F,1817,0.6706100803648859
COnPOff_F,1818,0.6722988470934851
COnPOff_F,1819,0.7015639979951783
COnPOff_F,1820,0.7032218662119497
COnPOff_F,1821,0.7069571230072512
COnPOff_F,1822,0.6809010709866529
COnPOff_F,1823,0.6880891824091495
COnPOff_F,1824,0.6888835354821883
COnPOff_F,1825,0.7160983250246001
COnPOff_F,1826,0.6679402712037628
COnPOff_F,1827,0.7054216155246742
COnPOff_F,1828,0.6690908577246273
COnPOff_F,1829,0.6528117173078819
COnPOff_F,1830,0.6553168859502949
COnPOff_F,1831,0.7110326063976021
COnPOff_F,1832,0.626322009140328
COnPOff_F,1833,0.6556319023758477
COnPOff_F,1834,0.7043248389535831
COnPOff_F,1835,0.677067318270541
COnPOff_F,1836,0.6763540310483617
COnPOff_F,1837,0.6690239045173357
COnPOff_F,1838,0.6819977046554595
COnPOff_F,1839,0.6711207025158876
COnPOff_F,1840,0.6811398978877198
COnPOff_F,1841,0.6302552550950136
COnPOff_F,1842,0.6719738042642098
COnPOff_F,1843,0.7001832062836493
COnPOff_F,1844,0.6943832234985163
COnPOff_F,1845,0.6685059824584991
COnPOff_F,1846,0.6613964723775684
COnPOff_F,1847,0.6853914080950464
COnPOff_F,1848,0.6833228427518709
COnPOff_F,1849,0.6900277993185667
COnPOff_F,1850,0.7111745288955964
COnPOff_F,1851,0.6782573253638794
COnPOff_F,1852,0.6893310821544254
COnPOff_F,1853,0.6618315090974871
COnPOff_F,1854,0.6930383468826736
COnPOff_F,1855,0.6906172447673704
COnPOff_F,1856,0.6672363259384738
COnPOff_F,1857,0.6529453955165777
COnPOff_F,1858,0.6929981769923433
COnPOff_F,1859,0.7130235094581986
COnPOff_F,1860,0.701852870378256
COnPOff_F,1861,0.7120498207402555
COnPOff_F,1862,0.6694069767165459
COnPOff_F,1863,0.6964797127507051
COnPOff_F,1864,0.6835852246266672
COnPOff_F,1865,0.6656420782045592
COnPOff_F,1866,0.6842132079245402
COnPOff_F,1867,0.6753463117279457
COnPOff_F,1868,0.66946619168869
COnPOff_F,1869,0.6784740959066434
COnPOff_F,1870,0.6807794198292868
COnPOff_F,1871,0.6418142351719721
COnPOff_F,1872,0.661897459012461
COnPOff_F,1873,0.6850531547433507
COnPOff_F,1874,0.6603026089210918
COnPOff_F,1875,0.6925113699634529
COnPOff_F,1876,0.6928096557949764
COnPOff_F,1877,0.7268040741760192
COnPOff_F,1878,0.7243435951515363
COnPOff_F,1879,0.7160088679500539
COnPOff_F,1880,0.6940494199064332
COnPOff_F,1881,0.7014477803869624
COnPOff_F,1882,0.6799349576720838
COnPOff_F,1883,0.7007097591055083
COnPOff_F,1884,0.7003118978867882
COnPOff_F,1885,0.7123327322387729
COnPOff_F,1886,0.7104337848691419
COnPOff_F,1887,0.70478908116245
COnPOff_F,1888,0.6666327757798873
COnPOff_F,1889,0.7065050139351693
COnPOff_F,1890,0.682999930864559
COnPOff_F,1891,0.6837529614347151
COnPOff_F,1892,0.6739474995233204
COnPOff_F,1893,0.70513154097891
COnPOff_F,1894,0.7041284543469178
COnPOff_F,1895,0.6929004358478037
COnPOff_F,1896,0.6698707359089477
COnPOff_F,1897,0.6965218656940997
COnPOff_F,1898,0.6947493483661884
COnPOff_F,1899,0.6889902574376083
COnPOff_F,1900,0.6781271897456942
COnPOff_F,1901,0.6804997223804945
COnPOff_F,1902,0.6954056067457701
COnPOff_F,1903,0.6817025030434344
COnPOff_F,1904,0.6917356118114643
COnPOff_F,1905,0.6710398430518981
COnPOff_F,1906,0.6637823268870414
COnPOff_F,1907,0.6920805033077396
COnPOff_F,1908,0.6579273251954211
COnPOff_F,1909,0.6660028478714942
COnPOff_F,1910,0.7069592386001718
COnPOff_F,1911,0.6916135996672022
COnPOff_F,1912,0.6678815456810273
COnPOff_F,1913,0.6833353659589271
COnPOff_F,1914,0.6724043700363806
COnPOff_F,1915,0.6739190669843509
COnPOff_F,1916,0.6943298864201414
COnPOff_F,1917,0.6805162351639733
COnPOff_F,1918,0.6856575122487967
COnPOff_F,1919,0.6944820080753511
COnPOff_F,1920,0.6663778222620047
COnPOff_F,1921,0.6788428314890008
COnPOff_F,1922,0.6803009201678175
COnPOff_F,1923,0.6748824179857845
COnPOff_F,1924,0.7043154663119742
COnPOff_F,1925,0.6776795316418313
COnPOff_F,1926,0.6429844796248313
COnPOff_F,1927,0.6857196170394317
COnPOff_F,1928,0.6857803062262543
COnPOff_F,1929,0.7038857204578846
COnPOff_F,1930,0.6888816877260929
COnPOff_F,1931,0.6905438846696184
COnPOff_F,1932,0.6801789841199222
COnPOff_F,1933,0.6496739762447702
COnPOff_F,1934,0.6639847415293738
COnPOff_F,1935,0.6889193080019883
COnPOff_F,1936,0.7078528301898522
COnPOff_F,1937,0.6848671999875201
COnPOff_F,1938,0.7382340434595787
COnPOff_F,1939,0.6962860134963558
COnPOff_F,1940,0.6983824323471205
COnPOff_F,1941,0.7001476268213114
COnPOff_F,1942,0.7083684362991212
COnPOff_F,1943,0.6743974767896165
COnPOff_F,1944,0.674505417918596
COnPOff_F,1945,0.6755106896348771
COnPOff_F,1946,0.6707160987284734
COnPOff_F,1947,0.7101188232581574
COnPOff_F,1948,0.7036709183779942
COnPOff_F,1949,0.7282937733585261
COnPOff_F,1950,0.6912732946281639
COnPOff_F,1951,0.6893899326790114
COnPOff_F,1952,0.6752203452952404
COnPOff_F,1953,0.6744446026057506
COnPOff_F,1954,0.64221242640391
COnPOff_F,1955,0.6873918425315525
COnPOff_F,1956,0.6917755525359245
COnPOff_F,1957,0.6984475147447702
COnPOff_F,1958,0.7228195082405409
COnPOff_F,1959,0.7173526938306193
COnPOff_F,1960,0.6644599313095664
COnPOff_F,1961,0.7161577721532066
COnPOff_F,1962,0.7288184719954973
COnPOff_F,1963,0.7180178538509093
COnPOff_F,1964,0.6754062181755991
COnPOff_F,1965,0.7117055874339562
COnPOff_F,1966,0.6980168008164138
COnPOff_F,1967,0.6988278671028396
COnPOff_F,1968,0.6779732598118673
COnPOff_F,1969,0.6472804594232556
COnPOff_F,1970,0.661737503423407
COnPOff_F,1971,0.6828869725937169
COnPOff_F,1972,0.6618837420252918
COnPOff_F,1973,0.6898937071870848
COnPOff_F,1974,0.6898753865562787
COnPOff_F,1975,0.6967919341863746
COnPOff_F,1976,0.6743872514693993
COnPOff_F,1977,0.66479992710281
COnPOff_F,1978,0.7106316392153788
COnPOff_F,1979,0.6572519470201731
COnPOff_F,1980,0.6932431116845618
COnPOff_F,1981,0.6788161799721746
COnPOff_F,1982,0.6867820321644631
COnPOff_F,1983,0.71145890854692
COnPOff_F,1984,0.6663575684375096
COnPOff_F,1985,0.6813289659840944
COnPOff_F,1986,0.6716585937637908
COnPOff_F,1987,0.7286390766039021
COnPOff_F,1988,0.6749788662291619
COnPOff_F,1989,0.7053615928429019
COnPOff_F,1990,0.6381653461793783
COnPOff_F,1991,0.6751558445796475
COnPOff_F,1992,0.7042576032314769
COnPOff_F,1993,0.6880112504464836
COnPOff_F,1994,0.6559004675249076
COnPOff_F,1995,0.7055278620648513
COnPOff_F,1996,0.6506382458792097
COnPOff_F,1997,0.6580521887192362
COnPOff_F,1998,0.6806373020644206
COnPOff_F,1999,0.6442746745613075
COnPOff_F,2000,0.6610151330193821
COnPOff_F,2001,0.6826143852919028
COnPOff_F,2002,0.6592355570668168
COnPOff_F,2003,0.6787645659842714
COnPOff_F,2004,0.6674163103318137
COnPOff_F,2005,0.6653555830312987
COnPOff_F,2006,0.6898856970439577
COnPOff_F,2007,0.6895476422483591
COnPOff_F,2008,0.6724810650434693
COnPOff_F,2009,0.6893967424706089
COnPOff_F,2010,0.6993269836520261
COnPOff_F,2011,0.6900990926842486
COnPOff_F,2012,0.693361204980009
COnPOff_F,2013,0.6473950161214272
COnPOff_F,2014,0.6658476370648927
COnPOff_F,2015,0.6936861266235507
COnPOff_F,2016,0.6992806166869128
COnPOff_F,2017,0.6445584695214314
COnPOff_F,2018,0.6862083003204488
COnPOff_F,2019,0.7316398444707816
COnPOff_F,2020,0.7125063728033904
COnPOff_F,2021,0.713819487648648
COnPOff_F,2022,0.668249663018956
COnPOff_F,2023,0.6410912546871437
COnPOff_F,2024,0.6967215205898022
COnPOff_F,2025,0.6911935793994801
COnPOff_F,2026,0.694067713214208
COnPOff_F,2027,0.6978972239014175
COnPOff_F,2028,0.6923989782375345
COnPOff_F,2029,0.6874144149860986
COnPOff_F,2030,0.6857471092224549
COnPOff_F,2031,0.6523215104802367
COnPOff_F,2032,0.6763981683000281
COnPOff_F,2033,0.6823726209158139
COnPOff_F,2034,0.6604741536279475
COnPOff_F,2035,0.7130735882388253
COnPOff_F,2036,0.7072453277869905
COnPOff_F,2037,0.6587707572160127
COnPOff_F,2038,0.691023637202445
COnPOff_F,2039,0.6843734056774712
COnPOff_F,2040,0.7111600506558249
COnPOff_F,2041,0.671665310712537
COnPOff_F,2042,0.6721368524448392
COnPOff_F,2043,0.6932725017386531
COnPOff_F,2044,0.6534170088489271
COnPOff_F,2045,0.6746647322754167
COnPOff_F,2046,0.6804672780207258
COnPOff_F,2047,0.6882089928445514
COnPOff_F,2048,0.6900716727436043
COnPOff_F,2049,0.6736041982252877
COnPOff_F,2050,0.6635504054037566
COnPOff_F,2051,0.6593417430682473
COnPOff_F,2052,0.7015754265075292
COnPOff_F,2053,0.7226373528920078
COnPOff_F,2054,0.6984383090434944
COnPOff_F,2055,0.6567476905920239
COnPOff_F,2056,0.6798848925943803
COnPOff_F,2057,0.6850238737577613
COnPOff_F,2058,0.6872498730186494
COnPOff_F,2059,0.6792141546918757
COnPOff_F,2060,0.6622733467059548
COnPOff_F,2061,0.66186847777865
COnPOff_F,2062,0.6959499069277687
COnPOff_F,2063,0.6986606477971891
COnPOff_F,2064,0.6817077161184062
COnPOff_F,2065,0.6668599317051015
COnPOff_F,2066,0.6604149654727569
COnPOff_F,2067,0.6623927356342985
COnPOff_F,2068,0.7097471964637103
COnPOff_F,2069,0.6811810371429601
COnPOff_F,2070,0.6824973209879545
COnPOff_F,2071,0.672091069225441
COnPOff_F,2072,0.6697643837504683
COnPOff_F,2073,0.7000519642784164
COnPOff_F,2074,0.6706257012418902
COnPOff_F,2075,0.7073332476960695
COnPOff_F,2076,0.6914513314457718
COnPOff_F,2077,0.6976166179660934
COnPOff_F,2078,0.6699428915434572
COnPOff_F,2079,0.7113364975504058
COnPOff_F,2080,0.6644598729710252
COnPOff_F,2081,0.6293119959214664
COnPOff_F,2082,0.6948366660323293
COnPOff_F,2083,0.6969447815606588
COnPOff_F,2084,0.6863402084831695
COnPOff_F,2085,0.6885505048929303
COnPOff_F,2086,0.6924694552005731
COnPOff_F,2087,0.6969965429435421
COnPOff_F,2088,0.7068936679810478
COnPOff_F,2089,0.6741528579682396
COnPOff_F,2090,0.7175497342231212
COnPOff_F,2091,0.6544732473307652
COnPOff_F,2092,0.6908042364043031
COnPOff_F,2093,0.7154951753986193
COnPOff_F,2094,0.6542927629257032
COnPOff_F,2095,0.6690636636541377
COnPOff_F,2096,0.6632369311933256
COnPOff_F,2097,0.6451028678215438
COnPOff_F,2098,0.6735881832379139
COnPOff_F,2099,0.677672674445757
COnPOff_F,2100,0.7077274123347357
COnPOff_F,2101,0.6507470768222333
COnPOff_F,2102,0.6785794039397745
COnPOff_F,2103,0.6899119781349673
COnPOff_F,2104,0.6834802390427683
COnPOff_F,2105,0.6783035299746163
COnPOff_F,2106,0.689353976273084
COnPOff_F,2107,0.688274075961932
COnPOff_F,2108,0.688933172408898
COnPOff_F,2109,0.6833315910852463
COnPOff_F,2110,0.6394075373331444
COnPOff_F,2111,0.6625090628794832
COnPOff_F,2112,0.717414573233352
COnPOff_F,2113,0.6692591196818028
COnPOff_F,2114,0.6773764097893016
COnPOff_F,2115,0.7010131936638782
COnPOff_F,2116,0.6987624887576102
COnPOff_F,2117,0.717157817109449
COnPOff_F,2118,0.6703111002241942
COnPOff_F,2119,0.6724809831775902
COnPOff_F,2120,0.6997181428117806
COnPOff_F,2121,0.6610778417580616
COnPOff_F,2122,0.7044094258884366
COnPOff_F,2123,0.6623450435685161
COnPOff_F,2124,0.6697414137724637
COnPOff_F,2125,0.6683587254231527
COnPOff_F,2126,0.6953825219324955
COnPOff_F,2127,0.6861516170257512
COnPOff_F,2128,0.6956713807066276
COnPOff_F,2129,0.6799797309595403
COnPOff_F,2130,0.6384412397777692
COnPOff_F,2131,0.666007002939599
COnPOff_F,2132,0.7089916738828489
COnPOff_F,2133,0.6771062585355544
COnPOff_F,2134,0.7019764597967227
COnPOff_F,2135,0.7087539342739649
COnPOff_F,2136,0.7281137412120607
COnPOff_F,2137,0.6827145856716106
COnPOff_F,2138,0.676991862250683
COnPOff_F,2139,0.6560936404582767
COnPOff_F,2140,0.709592148661635
COnPOff_F,2141,0.6877763366295014
COnPOff_F,2142,0.6881999926952547
COnPOff_F,2143,0.6917651301324249
COnPOff_F,2144,0.6383869212861494
COnPOff_F,2145,0.6660476371353244
COnPOff_F,2146,0.7340537238092646
COnPOff_F,2147,0.6897174585700008
COnPOff_F,2148,0.6797405177473784
COnPOff_F,2149,0.6564589175909284
COnPOff_F,2150,0.661168232385563
COnPOff_F,2151,0.6777828898835911
COnPOff_F,2152,0.6716647005061526
COnPOff_F,2153,0.6805053881148189
COnPOff_F,2154,0.6959629550047829
COnPOff_F,2155,0.6651901160655882
COnPOff_F,2156,0.6888565723748701
COnPOff_F,2157,0.6717624309485382
COnPOff_F,2158,0.6983502951413206
COnPOff_F,2159,0.7023128870444392
COnPOff_F,2160,0.6662650130383567
COnPOff_F,2161,0.6911536272475951
COnPOff_F,2162,0.6846832241581461
COnPOff_F,2163,0.692105325267454
COnPOff_F,2164,0.6565681926912229
COnPOff_F,2165,0.6655227463438974
COnPOff_F,2166,0.7016967493503808
COnPOff_F,2167,0.731105047684799
COnPOff_F,2168,0.709629603065865
COnPOff_F,2169,0.6850470841330532
COnPOff_F,2170,0.6770044500420148
COnPOff_F,2171,0.6848148057355042
COnPOff_F,2172,0.6964824171158728
COnPOff_F,2173,0.723030577225777
COnPOff_F,2174,0.6735154858469635
COnPOff_F,2175,0.6630256413585096
COnPOff_F,2176,0.657156776826921
COnPOff_F,2177,0.6751684175854179
COnPOff_F,2178,0.667037572140326
COnPOff_F,2179,0.6570069056841819
COnPOff_F,2180,0.6758468861517816
COnPOff_F,2181,0.686299824122325
COnPOff_F,2182,0.6938762497581232
COnPOff_F,2183,0.6992900465840106
COnPOff_F,2184,0.7229445038938592
COnPOff_F,2185,0.6874502496364213
COnPOff_F,2186,0.6872152981433441
COnPOff_F,2187,0.6348474278005845
COnPOff_F,2188,0.6502078174432305
COnPOff_F,2189,0.6797875433536802
COnPOff_F,2190,0.6947350665943649
COnPOff_F,2191,0.6945533361372097
COnPOff_F,2192,0.6677847663266198
COnPOff_F,2193,0.7251248962528702
COnPOff_F,2194,0.694687197398926
COnPOff_F,2195,0.6901354268113684
COnPOff_F,2196,0.6916100573226588
COnPOff_F,2197,0.6847788707192484
COnPOff_F,2198,0.7363360490009507
COnPOff_F,2199,0.6712624485276778
COnPOff_F,2200,0.6861699348079472
COnPOff_F,2201,0.6778774019750069
COnPOff_F,2202,0.678777172750293
COnPOff_F,2203,0.7084190161849474
COnPOff_F,2204,0.7099410604141929
COnPOff_F,2205,0.707293493088538
COnPOff_F,2206,0.6905225764512041
COnPOff_F,2207,0.6945935019051482
COnPOff_F,2208,0.6868078707156074
COnPOff_F,2209,0.6838559831768468
COnPOff_F,2210,0.7331809869830057
COnPOff_F,2211,0.6869773917588039
COnPOff_F,2212,0.6884222986963894
COnPOff_F,2213,0.7319282655052346
COnPOff_F,2214,0.6998025316987181
COnPOff_F,2215,0.690534514042578
COnPOff_F,2216,0.7093528479203247
COnPOff_F,2217,0.6746728429700733
COnPOff_F,2218,0.6903539825745652
COnPOff_F,2219,0.6645430347273119
COnPOff_F,2220,0.669630605001433
COnPOff_F,2221,0.7060481757697958
COnPOff_F,2222,0.6842442321099584
COnPOff_F,2223,0.6891817102316962
COnPOff_F,2224,0.7197185529110302
COnPOff_F,2225,0.702501338364264
COnPOff_F,2226,0.6968555315876006
COnPOff_F,2227,0.696790958964924
COnPOff_F,2228,0.7042355374763413
COnPOff_F,2229,0.6715957043824611
COnPOff_F,2230,0.6667232614606815
COnPOff_F,2231,0.6660151133545313
COnPOff_F,2232,0.6895123880900841
COnPOff_F,2233,0.7199515761912284
COnPOff_F,2234,0.6724211929415315
COnPOff_F,2235,0.6361396048158365
COnPOff_F,2236,0.6763716500469265
COnPOff_F,2237,0.6919147669664345
COnPOff_F,2238,0.6784372551301745
COnPOff_F,2239,0.680219140600993
COnPOff_F,2240,0.7437017933085823
COnPOff_F,2241,0.676504856298376
COnPOff_F,2242,0.6975977156554911
COnPOff_F,2243,0.7203313903870514
COnPOff_F,2244,0.669848442528372
COnPOff_F,2245,0.6853736586694342
COnPOff_F,2246,0.689069275166049
COnPOff_F,2247,0.7007049850223401
COnPOff_F,2248,0.6653202468198882
COnPOff_F,2249,0.6483404546891025
COnPOff_F,2250,0.6752367727061914
COnPOff_F,2251,0.6745323717615734
COnPOff_F,2252,0.6963828642230802
COnPOff_F,2253,0.6774310904207993
COnPOff_F,2254,0.6852111597620795
COnPOff_F,2255,0.6625647068000968
COnPOff_F,2256,0.6860610867445365
COnPOff_F,2257,0.662168028566039
COnPOff_F,2258,0.6744654886593022
COnPOff_F,2259,0.6759815759410925
COnPOff_F,2260,0.6936373488200542
COnPOff_F,2261,0.6680125596689908
COnPOff_F,2262,0.7003082173097359
COnPOff_F,2263,0.7042783801477794
COnPOff_F,2264,0.6929533110955157
COnPOff_F,2265,0.7157277342111059
COnPOff_F,2266,0.7205938563736722
COnPOff_F,2267,0.6865757303672538
COnPOff_F,2268,0.6557498022620406
COnPOff_F,2269,0.6774524168674816
COnPOff_F,2270,0.672102283608538
COnPOff_F,2271,0.6690739825771321
COnPOff_F,2272,0.6793192256494553
COnPOff_F,2273,0.6928396668466319
COnPOff_F,2274,0.7255235475893315
COnPOff_F,2275,0.6887309463851833
COnPOff_F,2276,0.7075240378651447
COnPOff_F,2277,0.7010216258740752
COnPOff_F,2278,0.6812841745993827
COnPOff_F,2279,0.6814320060500304
COnPOff_F,2280,0.692264398722758
COnPOff_F,2281,0.6723306704985196
COnPOff_F,2282,0.707787741810819
COnPOff_F,2283,0.6999686128515986
COnPOff_F,2284,0.6855284489950405
COnPOff_F,2285,0.7003528612874635
COnPOff_F,2286,0.6526287116293329
COnPOff_F,2287,0.6823843137727319
COnPOff_F,2288,0.6810411876311337
COnPOff_F,2289,0.7094795122031641
COnPOff_F,2290,0.6956976011817553
COnPOff_F,2291,0.6691631324990363
COnPOff_F,2292,0.7217140780167624
COnPOff_F,2293,0.6827298503841073
COnPOff_F,2294,0.6776385049103649
COnPOff_F,2295,0.6731076570438608
COnPOff_F,2296,0.71329237372152
COnPOff_F,2297,0.6543757825149293
COnPOff_F,2298,0.6774643979155229
COnPOff_F,2299,0.6717857685550218
COnPOff_F,2300,0.6695158654307216
COnPOff_F,2301,0.7094050352852823
COnPOff_F,2302,0.6778517122736755
COnPOff_F,2303,0.696871843889074
COnPOff_F,2304,0.6761720764156447
COnPOff_F,2305,0.6859838375283914
COnPOff_F,2306,0.6338263062463114
COnPOff_F,2307,0.6579996499485891
COnPOff_F,2308,0.6756403889052051
COnPOff_F,2309,0.6609604963913783
COnPOff_F,2310,0.6781370848311498
COnPOff_F,2311,0.6781751096345259
COnPOff_F,2312,0.7115420951273006
COnPOff_F,2313,0.6869579269028803
COnPOff_F,2314,0.6670834075896457
COnPOff_F,2315,0.6841897806498777
COnPOff_F,2316,0.6641037854967466
COnPOff_F,2317,0.6798796426446273
COnPOff_F,2318,0.6782408734904899
COnPOff_F,2319,0.718639022459064
COnPOff_F,2320,0.7088293121679591
COnPOff_F,2321,0.7064325973833264
COnPOff_F,2322,0.6891397905404117
COnPOff_F,2323,0.7001093157357898
COnPOff_F,2324,0.6823163834451016
COnPOff_F,2325,0.6821644182117239
COnPOff_F,2326,0.7107335040631853
COnPOff_F,2327,0.6649130167420615
COnPOff_F,2328,0.7208320012701962
COnPOff_F,2329,0.6766740266024388
COnPOff_F,2330,0.6778727222202581
COnPOff_F,2331,0.7078015644002531
COnPOff_F,2332,0.6695549026884292
COnPOff_F,2333,0.6729544493175232
COnPOff_F,2334,0.7007035725787277
COnPOff_F,2335,0.6493790444902757
COnPOff_F,2336,0.6971637001658522
COnPOff_F,2337,0.696865251972614
COnPOff_F,2338,0.6763469026598526
COnPOff_F,2339,0.7073222083856561
COnPOff_F,2340,0.7143144837044588
COnPOff_F,2341,0.6798055086665477
COnPOff_F,2342,0.6534099568217969
COnPOff_F,2343,0.6877390674929293
COnPOff_F,2344,0.7379965094183824
COnPOff_F,2345,0.6717284539970199
COnPOff_F,2346,0.6990515752807867
COnPOff_F,2347,0.6761484829910357
COnPOff_F,2348,0.6690339592236344
COnPOff_F,2349,0.6853445053832645
COnPOff_F,2350,0.6890076652506781
COnPOff_F,2351,0.6802542344703105
COnPOff_F,2352,0.668643687789648
COnPOff_F,2353,0.6727482190282161
COnPOff_F,2354,0.6821908397270244
COnPOff_F,2355,0.7077481230105426
COnPOff_F,2356,0.6702191295498219
COnPOff_F,2357,0.6878152226180694
COnPOff_F,2358,0.682835612950225
COnPOff_F,2359,0.665475911484408
COnPOff_F,2360,0.6760086669409657
COnPOff_F,2361,0.7005356394235578
COnPOff_F,2362,0.6886028644511415
COnPOff_F,2363,0.6724081164610506
COnPOff_F,2364,0.7134530952465696
COnPOff_F,2365,0.6621650806054816
COnPOff_F,2366,0.6811164518748275
COnPOff_F,2367,0.6629285470450267
COnPOff_F,2368,0.6886583959488446
COnPOff_F,2369,0.6716315031988858
COnPOff_F,2370,0.6863597937417367
COnPOff_F,2371,0.6921848819871642
COnPOff_F,2372,0.7227623354191066
COnPOff_F,2373,0.6738993994673373
COnPOff_F,2374,0.6876558632387738
COnPOff_F,2375,0.7212262317454734
COnPOff_F,2376,0.7113368374758448
COnPOff_F,2377,0.7003831498820986
COnPOff_F,2378,0.6606313416886727
COnPOff_F,2379,0.7248604782059016
COnPOff_F,2380,0.6471472080915428
COnPOff_F,2381,0.7096852573401691
COnPOff_F,2382,0.6513917522623254
COnPOff_F,2383,0.6963222939024231
COnPOff_F,2384,0.6626039530272951
COnPOff_F,2385,0.6423699846259237
COnPOff_F,2386,0.6903473694802316
COnPOff_F,2387,0.6638667055988904
COnPOff_F,2388,0.6747059007266252
COnPOff_F,2389,0.6462832707866198
COnPOff_F,2390,0.7129725216859552
COnPOff_F,2391,0.6850759582535287
COnPOff_F,2392,0.7005584529291846
COnPOff_F,2393,0.6790717297607308
COnPOff_F,2394,0.652911405632054
COnPOff_F,2395,0.7038572760198811
COnPOff_F,2396,0.7017111879195922
COnPOff_F,2397,0.7280725395754266
COnPOff_F,2398,0.7084649129587565
COnPOff_F,2399,0.6798282923317203
COnPOff_F,2400,0.6828372690086315
COnPOff_F,2401,0.6537482812620518
COnPOff_F,2402,0.6722216100656241
COnPOff_F,2403,0.7064124843762588
COnPOff_F,2404,0.6980391403568864
COnPOff_F,2405,0.6728874808316181
COnPOff_F,2406,0.6649922336602252
COnPOff_F,2407,0.7024967344617431
COnPOff_F,2408,0.6850471111885321
COnPOff_F,2409,0.6409732140950236
COnPOff_F,2410,0.6792421974242812
COnPOff_F,2411,0.666736929691268
COnPOff_F,2412,0.6856661601574127
COnPOff_F,2413,0.7074130146116895
COnPOff_F,2414,0.688180177672736
COnPOff_F,2415,0.6638866023679538
COnPOff_F,2416,0.671110039305404
COnPOff_F,2417,0.6962411969931065
COnPOff_F,2418,0.6741232240181445
COnPOff_F,2419,0.6740199776604932
COnPOff_F,2420,0.6551372898096711
COnPOff_F,2421,0.6329850010674544
COnPOff_F,2422,0.6592680658175264
COnPOff_F,2423,0.7069751389517046
COnPOff_F,2424,0.6776159356712778
COnPOff_F,2425,0.7135938791743343
COnPOff_F,2426,0.7072068778629002
COnPOff_F,2427,0.6912624586465723
COnPOff_F,2428,0.6856321988103984
COnPOff_F,2429,0.690337453838777
COnPOff_F,2430,0.6988795145736358
COnPOff_F,2431,0.6949008234380535
COnPOff_F,2432,0.6565383148636413
COnPOff_F,2433,0.6627053271030197
COnPOff_F,2434,0.6732929890408699
COnPOff_F,2435,0.6890275514360799
COnPOff_F,2436,0.6869449532132452
COnPOff_F,2437,0.698498576114198
COnPOff_F,2438,0.7139735616436906
COnPOff_F,2439,0.6852713475033585
COnPOff_F,2440,0.6656422503273718
COnPOff_F,2441,0.7057023986269734
COnPOff_F,2442,0.7176871495753806
COnPOff_F,2443,0.684691943455296
COnPOff_F,2444,0.7157703501880338
COnPOff_F,2445,0.6928862361263398
COnPOff_F,2446,0.7087750991561329
COnPOff_F,2447,0.6704851805339773
COnPOff_F,2448,0.6873814769075718
COnPOff_F,2449,0.6790019461063738
COnPOff_F,2450,0.6501022862816448
COnPOff_F,2451,0.6948992512284805
COnPOff_F,2452,0.7037498867533492
COnPOff_F,2453,0.6690088488743865
COnPOff_F,2454,0.6959495370815622
COnPOff_F,2455,0.6905466549552209
COnPOff_F,2456,0.6948270674127685
COnPOff_F,2457,0.6620393860960082
COnPOff_F,2458,0.708094969361796
COnPOff_F,2459,0.69015970868052
COnPOff_F,2460,0.6435414003423411
COnPOff_F,2461,0.666110778507294
COnPOff_F,2462,0.6984055103698925
COnPOff_F,2463,0.6926437081348041
COnPOff_F,2464,0.6984950872354154
COnPOff_F,2465,0.6780961272999897
COnPOff_F,2466,0.6733548237655844
COnPOff_F,2467,0.6567521017534108
COnPOff_F,2468,0.6657434154422887
COnPOff_F,2469,0.7238423754978338
COnPOff_F,2470,0.680574857759841
COnPOff_F,2471,0.7002118178048468
COnPOff_F,2472,0.7057456573329727
COnPOff_F,2473,0.6391459995098058
COnPOff_F,2474,0.7098928871364678
COnPOff_F,2475,0.6728928440521058
COnPOff_F,2476,0.6882885599434141
COnPOff_F,2477,0.6692335919674759
COnPOff_F,2478,0.7120179539641842
COnPOff_F,2479,0.728046814113303
COnPOff_F,2480,0.7076919303578676
COnPOff_F,2481,0.6544225607067169
COnPOff_F,2482,0.6831610434988447
COnPOff_F,2483,0.7112563433529379
COnPOff_F,2484,0.6847918843154668
COnPOff_F,2485,0.7047752787635259
COnPOff_F,2486,0.7045980619981351
COnPOff_F,2487,0.7182580744399857
COnPOff_F,2488,0.7282499401507248
COnPOff_F,2489,0.674224056657317
COnPOff_F,2490,0.681374065091274
COnPOff_F,2491,0.6663299483460973
COnPOff_F,2492,0.7028742970973486
COnPOff_F,2493,0.6855158240905886
COnPOff_F,2494,0.711919611971882
COnPOff_F,2495,0.6623977931260905
COnPOff_F,2496,0.6687765792478605
COnPOff_F,2497,0.6794411380993741
COnPOff_F,2498,0.6672657675080639
COnPOff_F,2499,0.7097604770827287
COnPOff_F,2500,0.6737767580278021
COnPOff_F,2501,0.7326160852219975
COnPOff_F,2502,0.683983560023542
COnPOff_F,2503,0.6971739561869924
COnPOff_F,2504,0.7072544260662099
COnPOff_F,2505,0.6744890297057342
COnPOff_F,2506,0.6830611426305143
COnPOff_F,2507,0.7227470668637929
COnPOff_F,2508,0.7199142221291778
COnPOff_F,2509,0.6646269222028405
COnPOff_F,2510,0.6644581192820471
COnPOff_F,2511,0.6915054039420538
COnPOff_F,2512,0.6604902655820483
COnPOff_F,2513,0.636660669540541
COnPOff_F,2514,0.690316693945417
COnPOff_F,2515,0.686379950737989
COnPOff_F,2516,0.6680736750007769
COnPOff_F,2517,0.6777190357727272
COnPOff_F,2518,0.6845287461397119
COnPOff_F,2519,0.674652010837344
COnPOff_F,2520,0.7105209415685598
COnPOff_F,2521,0.6856255050574152
COnPOff_F,2522,0.7071431558949194
COnPOff_F,2523,0.7386944888442832
COnPOff_F,2524,0.694554740516072
COnPOff_F,2525,0.684280770321518
COnPOff_F,2526,0.7136903356790203
COnPOff_F,2527,0.676323210265693
COnPOff_F,2528,0.6698446600984678
COnPOff_F,2529,0.6494910694637442
COnPOff_F,2530,0.7378082454153763
COnPOff_F,2531,0.6707759150428521
COnPOff_F,2532,0.6947166333211855
COnPOff_F,2533,0.6631375430221941
COnPOff_F,2534,0.7250800365902229
COnPOff_F,2535,0.6998651700752464
COnPOff_F,2536,0.6771268421751093
COnPOff_F,2537,0.6897957560033303
COnPOff_F,2538,0.6806031430999621
COnPOff_F,2539,0.6773129314137091
COnPOff_F,2540,0.6638735353626057
COnPOff_F,2541,0.7173172014645882
COnPOff_F,2542,0.6882872721684535
COnPOff_F,2543,0.6771556589934519
COnPOff_F,2544,0.6530161740760716
COnPOff_F,2545,0.7446439148186471
COnPOff_F,2546,0.6650770037942797
COnPOff_F,2547,0.6708891339465565
COnPOff_F,2548,0.6930777300335899
COnPOff_F,2549,0.6735001111867897
COnPOff_F,2550,0.6647172719135388
COnPOff_F,2551,0.6777223758283059
COnPOff_F,2552,0.6877928868900801
COnPOff_F,2553,0.6790621691224583
COnPOff_F,2554,0.6912117068038981
COnPOff_F,2555,0.6715930297835926
COnPOff_F,2556,0.6721399691360453
COnPOff_F,2557,0.6644325679950049
COnPOff_F,2558,0.7116359750933764
COnPOff_F,2559,0.7092309955371341
COnPOff_F,2560,0.6550990180344093
COnPOff_F,2561,0.685774976953517
COnPOff_F,2562,0.6937282008436485
COnPOff_F,2563,0.7167167765581985
COnPOff_F,2564,0.6404311757285821
COnPOff_F,2565,0.683754171927661
COnPOff_F,2566,0.6471652296516077
COnPOff_F,2567,0.6565083916984262
COnPOff_F,2568,0.6635320552272232
COnPOff_F,2569,0.6731709150359795
COnPOff_F,2570,0.7170778544919801
COnPOff_F,2571,0.6629216292717998
COnPOff_F,2572,0.633153353713101
COnPOff_F,2573,0.7133352076199323
COnPOff_F,2574,0.6838100979626147
COnPOff_F,2575,0.7218157649942192
COnPOff_F,2576,0.6969720117399346
COnPOff_F,2577,0.6854051098470509
COnPOff_F,2578,0.7024052693774269
COnPOff_F,2579,0.6955513701518129
COnPOff_F,2580,0.6934419016441404
COnPOff_F,2581,0.6540111952316975
COnPOff_F,2582,0.7021595039635655
COnPOff_F,2583,0.6987366847269576
COnPOff_F,2584,0.6739995446878196
COnPOff_F,2585,0.6932336370054384
COnPOff_F,2586,0.7198475437623914
COnPOff_F,2587,0.6628178579809565
COnPOff_F,2588,0.6653633283645332
COnPOff_F,2589,0.6895231003422909
COnPOff_F,2590,0.6800467554963575
COnPOff_F,2591,0.7032167783635355
COnPOff_F,2592,0.6724399123041994
COnPOff_F,2593,0.675489135208943
COnPOff_F,2594,0.7281394235815996
COnPOff_F,2595,0.6846689254990783
COnPOff_F,2596,0.6894797474372398
COnPOff_F,2597,0.6718737094248094
COnPOff_F,2598,0.6684907719355246
COnPOff_F,2599,0.6795349533251114
COnPOff_F,2600,0.7144564106219466
COnPOff_F,2601,0.7006171337122443
COnPOff_F,2602,0.6713878258374907
COnPOff_F,2603,0.6898487939453782
COnPOff_F,2604,0.7012415479754516
COnPOff_F,2605,0.6494942238923012
COnPOff_F,2606,0.655096124909452
COnPOff_F,2607,0.6874245834939947
COnPOff_F,2608,0.6686462170888913
COnPOff_F,2609,0.664780978069411
COnPOff_F,2610,0.685392532145509
COnPOff_F,2611,0.7206752226069386
COnPOff_F,2612,0.6469483377084485
COnPOff_F,2613,0.6897707028225886
COnPOff_F,2614,0.6839520526597139
COnPOff_F,2615,0.6996299740716623
COnPOff_F,2616,0.7008726728044496
COnPOff_F,2617,0.6618719599741657
COnPOff_F,2618,0.6654779710266198
COnPOff_F,2619,0.6593564858647036
COnPOff_F,2620,0.6868263558113242
COnPOff_F,2621,0.7009881541411876
COnPOff_F,2622,0.6987518034658744
COnPOff_F,2623,0.6599998732795482
COnPOff_F,2624,0.6859416673106625
COnPOff_F,2625,0.6759050889000414
COnPOff_F,2626,0.7083068782683934
COnPOff_F,2627,0.7149497337409116
COnPOff_F,2628,0.68501741105514
COnPOff_F,2629,0.6297084158594239
COnPOff_F,2630,0.693127821859978
COnPOff_F,2631,0.6675029610101335
COnPOff_F,2632,0.6694959711075867
COnPOff_F,2633,0.7096738589411701
COnPOff_F,2634,0.6682591097200945
COnPOff_F,2635,0.6985423522605703
COnPOff_F,2636,0.6457696623111076
COnPOff_F,2637,0.6780178764725102
COnPOff_F,2638,0.6910593237886398
COnPOff_F,2639,0.6599094399886688
COnPOff_F,2640,0.7060659830879886
COnPOff_F,2641,0.6895289884400589
COnPOff_F,2642,0.6939060602934695
COnPOff_F,2643,0.6857118139009228
COnPOff_F,2644,0.6891646454871673
COnPOff_F,2645,0.6902722700657085
COnPOff_F,2646,0.6766053661697522
COnPOff_F,2647,0.6851007733989635
COnPOff_F,2648,0.6570957661590139
COnPOff_F,2649,0.7042296393017837
COnPOff_F,2650,0.6710862759243752
COnPOff_F,2651,0.6688773720224647
COnPOff_F,2652,0.7076618915691629
COnPOff_F,2653,0.7330769859421092
COnPOff_F,2654,0.7018203485384497
COnPOff_F,2655,0.7137612434129498
COnPOff_F,2656,0.6755468875794971
COnPOff_F,2657,0.666148163929163
COnPOff_F,2658,0.6703776606785659
COnPOff_F,2659,0.6838971898419548
COnPOff_F,2660,0.6923294387503383
COnPOff_F,2661,0.6669365111145925
COnPOff_F,2662,0.6579874739082264
COnPOff_F,2663,0.6678458459845864
COnPOff_F,2664,0.6630435387968662
COnPOff_F,2665,0.6823702129299091
COnPOff_F,2666,0.678288864076868
COnPOff_F,2667,0.6702569201729867
COnPOff_F,2668,0.6739179010698312
COnPOff_F,2669,0.6718676316536915
COnPOff_F,2670,0.6689599323110275
COnPOff_F,2671,0.6713201064218425
COnPOff_F,2672,0.70963505957994
COnPOff_F,2673,0.6686371079425244
COnPOff_F,2674,0.6689028414730314
COnPOff_F,2675,0.683274848041406
COnPOff_F,2676,0.663284954669123
COnPOff_F,2677,0.6895064383048842
COnPOff_F,2678,0.7020326053277234
COnPOff_F,2679,0.6521775583978059
COnPOff_F,2680,0.652699406751382
COnPOff_F,2681,0.6702281744509632
COnPOff_F,2682,0.6841425352992477
COnPOff_F,2683,0.6316895412986812
COnPOff_F,2684,0.676419687265363
COnPOff_F,2685,0.6855513610156695
COnPOff_F,2686,0.684047801570871
COnPOff_F,2687,0.7175735107980598
COnPOff_F,2688,0.6660797211594547
COnPOff_F,2689,0.6695091834954239
COnPOff_F,2690,0.6554965199168042
COnPOff_F,2691,0.6883034957799105
COnPOff_F,2692,0.6877593714308415
COnPOff_F,2693,0.6981984842448195
COnPOff_F,2694,0.6741901327227979
COnPOff_F,2695,0.6684690394020838
COnPOff_F,2696,0.6868660764206975
COnPOff_F,2697,0.676952547156675
COnPOff_F,2698,0.6998856840788549
COnPOff_F,2699,0.677568153292537
COnPOff_F,2700,0.6985616412059695
COnPOff_F,2701,0.7411867021562446
COnPOff_F,2702,0.6623256937398423
COnPOff_F,2703,0.6626776019142673
COnPOff_F,2704,0.7153123277480071
COnPOff_F,2705,0.6785840212084517
COnPOff_F,2706,0.6668962775165468
COnPOff_F,2707,0.6941026579877301
COnPOff_F,2708,0.6860382779859341
COnPOff_F,2709,0.652419381400427
COnPOff_F,2710,0.7137341833510069
COnPOff_F,2711,0.680849541687676
COnPOff_F,2712,0.6405002282775323
COnPOff_F,2713,0.6788828856009139
COnPOff_F,2714,0.6893171869553365
COnPOff_F,2715,0.7139986277632302
COnPOff_F,2716,0.681619231053588
COnPOff_F,2717,0.7154347559970824
COnPOff_F,2718,0.6437030246555839
COnPOff_F,2719,0.6746316961784852
COnPOff_F,2720,0.6846992049403879
COnPOff_F,2721,0.6462657410133246
COnPOff_F,2722,0.686249283933435
COnPOff_F,2723,0.7174006528368819
COnPOff_F,2724,0.6665322780491694
COnPOff_F,2725,0.7019080567813482
COnPOff_F,2726,0.6856938524716525
COnPOff_F,2727,0.6818049183595337
COnPOff_F,2728,0.7027843535979926
COnPOff_F,2729,0.6819662098197317
COnPOff_F,2730,0.6779665512509331
COnPOff_F,2731,0.6906904157982253
COnPOff_F,2732,0.6899326356635871
COnPOff_F,2733,0.657793729169849
COnPOff_F,2734,0.6543428907970317
COnPOff_F,2735,0.7078720863340098
COnPOff_F,2736,0.7066443913745871
COnPOff_F,2737,0.6608081089524507
COnPOff_F,2738,0.693159161809514
COnPOff_F,2739,0.6711053353067661
COnPOff_F,2740,0.6725195218136061
COnPOff_F,2741,0.7087828008122837
COnPOff_F,2742,0.6492412184957417
COnPOff_F,2743,0.7116773270877158
COnPOff_F,2744,0.6698835559452329
COnPOff_F,2745,0.7180818639817211
COnPOff_F,2746,0.7048911260929632
COnPOff_F,2747,0.6939636926587561
COnPOff_F,2748,0.7034741392198831
COnPOff_F,2749,0.6739203782703734
COnPOff_F,2750,0.7139708182400158
COnPOff_F,2751,0.685526607236381
COnPOff_F,2752,0.6900574620015406
COnPOff_F,2753,0.6822547600259327
COnPOff_F,2754,0.666131561679738
COnPOff_F,2755,0.6700044820780122
COnPOff_F,2756,0.6827216606123134
COnPOff_F,2757,0.6611084268573064
COnPOff_F,2758,0.6798192503475576
COnPOff_F,2759,0.6975970226028336
COnPOff_F,2760,0.6907168987615387
COnPOff_F,2761,0.6843385445351887
COnPOff_F,2762,0.7091269372275569
COnPOff_F,2763,0.6758520074625077
COnPOff_F,2764,0.7068540013599927
COnPOff_F,2765,0.7083922974169797
COnPOff_F,2766,0.6993629653149012
COnPOff_F,2767,0.7031710710677522
COnPOff_F,2768,0.6849057961343894
COnPOff_F,2769,0.728956976328934
COnPOff_F,2770,0.6597915471719183
COnPOff_F,2771,0.6500380631195044
COnPOff_F,2772,0.6615851249426554
COnPOff_F,2773,0.6580599627337883
COnPOff_F,2774,0.6955020640820446
COnPOff_F,2775,0.6584002550765605
COnPOff_F,2776,0.6616397181477682
COnPOff_F,2777,0.6795056691323547
COnPOff_F,2778,0.6751414429529881
COnPOff_F,2779,0.7000054235046388
COnPOff_F,2780,0.6734242533495347
COnPOff_F,2781,0.6424226377398803
COnPOff_F,2782,0.6826203979164994
COnPOff_F,2783,0.6701911041879993
COnPOff_F,2784,0.6813377684837119
COnPOff_F,2785,0.6709146108271878
COnPOff_F,2786,0.7002008408922019
COnPOff_F,2787,0.6742827162952076
COnPOff_F,2788,0.6855707701023069
COnPOff_F,2789,0.6421466998012954
COnPOff_F,2790,0.7210158389439083
COnPOff_F,2791,0.6883113072100935
COnPOff_F,2792,0.7190331667763502
COnPOff_F,2793,0.6781847169329381
COnPOff_F,2794,0.650399156692344
COnPOff_F,2795,0.7030554131344099
COnPOff_F,2796,0.6463188512273532
COnPOff_F,2797,0.6808731057931885
COnPOff_F,2798,0.7305714455010757
COnPOff_F,2799,0.7031653294882648
COnPOff_F,2800,0.706629730613437
COnPOff_F,2801,0.6797771278601233
COnPOff_F,2802,0.6441137500261301
COnPOff_F,2803,0.6950268240764582
COnPOff_F,2804,0.7155106272256561
COnPOff_F,2805,0.701986118194961
COnPOff_F,2806,0.6715114767269936
COnPOff_F,2807,0.6444321021782102
COnPOff_F,2808,0.6478359480611343
COnPOff_F,2809,0.6886779391611983
COnPOff_F,2810,0.6827721640839876
COnPOff_F,2811,0.6566509159431755
COnPOff_F,2812,0.6939477181291953
COnPOff_F,2813,0.7276957568445855
COnPOff_F,2814,0.6714308647114434
COnPOff_F,2815,0.7231345668586869
COnPOff_F,2816,0.6509325427376244
COnPOff_F,2817,0.6890367560868458
COnPOff_F,2818,0.6581385657919778
COnPOff_F,2819,0.6978114438634354
COnPOff_F,2820,0.6462752920613783
COnPOff_F,2821,0.7024399937942781
COnPOff_F,2822,0.6708330470456463
COnPOff_F,2823,0.7022992266535617
COnPOff_F,2824,0.6778702612921454
COnPOff_F,2825,0.6960363041526612
COnPOff_F,2826,0.6763741546922033
COnPOff_F,2827,0.6773930528959257
COnPOff_F,2828,0.6608676325777408
COnPOff_F,2829,0.641773645181327
COnPOff_F,2830,0.6662592203910013
COnPOff_F,2831,0.6794629757185953
COnPOff_F,2832,0.6602064366563847
COnPOff_F,2833,0.7200229488427116
COnPOff_F,2834,0.6723694405395308
COnPOff_F,2835,0.678777990976673
COnPOff_F,2836,0.6675955196235496
COnPOff_F,2837,0.6683686700154593
COnPOff_F,2838,0.7126113620644569
COnPOff_F,2839,0.7012862348454161
COnPOff_F,2840,0.6979531411705971
COnPOff_F,2841,0.7038822023746697
COnPOff_F,2842,0.6570682708372564
COnPOff_F,2843,0.6772434140788565
COnPOff_F,2844,0.7183670318598218
COnPOff_F,2845,0.6930613046054297
COnPOff_F,2846,0.6859625933151318
COnPOff_F,2847,0.7078140963176931
COnPOff_F,2848,0.7025713967623356
COnPOff_F,2849,0.715658305543805
COnPOff_F,2850,0.7111690719654526
COnPOff_F,2851,0.6941088790973576
COnPOff_F,2852,0.6671124838230638
COnPOff_F,2853,0.6754303198725902
COnPOff_F,2854,0.7129216002202717
COnPOff_F,2855,0.6760853985008399
COnPOff_F,2856,0.6953054985858577
COnPOff_F,2857,0.6972833595060409
COnPOff_F,2858,0.6683708233538571
COnPOff_F,2859,0.7345189396723203
COnPOff_F,2860,0.6847390924543607
COnPOff_F,2861,0.6665868150749074
COnPOff_F,2862,0.7000046167824833
COnPOff_F,2863,0.6941398654096173
COnPOff_F,2864,0.6587947255656088
COnPOff_F,2865,0.6590697804261859
COnPOff_F,2866,0.7188392784426276
COnPOff_F,2867,0.6911824690310153
COnPOff_F,2868,0.6661558547593359
COnPOff_F,2869,0.6997817647418684
COnPOff_F,2870,0.7027354187176009
COnPOff_F,2871,0.6859500624034752
COnPOff_F,2872,0.6464164968246278
COnPOff_F,2873,0.7010665082874712
COnPOff_F,2874,0.687828295865028
COnPOff_F,2875,0.6677703844197442
COnPOff_F,2876,0.7121728501245556
COnPOff_F,2877,0.7107146226430026
COnPOff_F,2878,0.7087858605137083
COnPOff_F,2879,0.7038937157395855
COnPOff_F,2880,0.6864127439415674
COnPOff_F,2881,0.7011824844758692
COnPOff_F,2882,0.6682176755206213
COnPOff_F,2883,0.6531779440279589
COnPOff_F,2884,0.7036885991390076
COnPOff_F,2885,0.6740259370025584
COnPOff_F,2886,0.6930488597108729
COnPOff_F,2887,0.7075735938546203
COnPOff_F,2888,0.6675166451234753
COnPOff_F,2889,0.6969340691913805
COnPOff_F,2890,0.6713658245534346
COnPOff_F,2891,0.6676602100164073
COnPOff_F,2892,0.6792306545925106
COnPOff_F,2893,0.6910539068170259
COnPOff_F,2894,0.6983726679072741
COnPOff_F,2895,0.7447527114219978
COnPOff_F,2896,0.6901715702391843
COnPOff_F,2897,0.6730741159203483
COnPOff_F,2898,0.7158495754088526
COnPOff_F,2899,0.6784591404799527
COnPOff_F,2900,0.6926434317626018
COnPOff_F,2901,0.6640507379165903
COnPOff_F,2902,0.7059230539682535
COnPOff_F,2903,0.6359915986573067
COnPOff_F,2904,0.6421867365532169
COnPOff_F,2905,0.649413383513181
COnPOff_F,2906,0.6746485514317492
COnPOff_F,2907,0.6972361606566705
COnPOff_F,2908,0.7022242663255945
COnPOff_F,2909,0.6802425206045536
COnPOff_F,2910,0.6974640333355017
COnPOff_F,2911,0.688654657937347
COnPOff_F,2912,0.722893955425558
COnPOff_F,2913,0.6795071549092563
COnPOff_F,2914,0.6697281355483294
COnPOff_F,2915,0.711873435098973
COnPOff_F,2916,0.6523656314028187
COnPOff_F,2917,0.674270547051254
COnPOff_F,2918,0.6473374210782006
COnPOff_F,2919,0.6967277208214732
COnPOff_F,2920,0.6951395773377191
COnPOff_F,2921,0.7010286915722763
COnPOff_F,2922,0.64772622460771
COnPOff_F,2923,0.6637355511940896
COnPOff_F,2924,0.6788657248441787
COnPOff_F,2925,0.6864861611220134
COnPOff_F,2926,0.7164491971968567
COnPOff_F,2927,0.6877434650323982
COnPOff_F,2928,0.6719757208002615
COnPOff_F,2929,0.691895724264735
COnPOff_F,2930,0.6972087158284617
COnPOff_F,2931,0.6349444059691711
COnPOff_F,2932,0.7022918332023703
COnPOff_F,2933,0.7298866944630747
COnPOff_F,2934,0.686568724616389
COnPOff_F,2935,0.6310089430538413
COnPOff_F,2936,0.6499154800104894
COnPOff_F,2937,0.6653045572387292
COnPOff_F,2938,0.715947562713893
COnPOff_F,2939,0.6875012881859313
COnPOff_F,2940,0.6789054022618013
COnPOff_F,2941,0.6894549684325547
COnPOff_F,2942,0.7028805055856817
COnPOff_F,2943,0.7247757044877181
COnPOff_F,2944,0.6893172844825899
COnPOff_F,2945,0.6711863171264131
COnPOff_F,2946,0.6800644777339336
COnPOff_F,2947,0.6840508559664745
COnPOff_F,2948,0.6564503101337369
COnPOff_F,2949,0.6853345806016473
COnPOff_F,2950,0.664203119907519
COnPOff_F,2951,0.7292256012190004
COnPOff_F,2952,0.6688465705395091
COnPOff_F,2953,0.6582570369712283
COnPOff_F,2954,0.6941076243323961
COnPOff_F,2955,0.6764512520597249
COnPOff_F,2956,0.6332736392356375
COnPOff_F,2957,0.6642948762333095
COnPOff_F,2958,0.6798856083988133
COnPOff_F,2959,0.66964390187661
COnPOff_F,2960,0.7007988791363452
COnPOff_F,2961,0.6674718599176759
COnPOff_F,2962,0.6587414963512194
COnPOff_F,2963,0.6755013950041177
COnPOff_F,2964,0.6898946936045517
COnPOff_F,2965,0.666158028069531
COnPOff_F,2966,0.6813438865585105
COnPOff_F,2967,0.6491085375220627
COnPOff_F,2968,0.6723258634093574
COnPOff_F,2969,0.6929459361922782
COnPOff_F,2970,0.6530373007367145
COnPOff_F,2971,0.6553201240703054
COnPOff_F,2972,0.6818970008063406
COnPOff_F,2973,0.6962244746255717
COnPOff_F,2974,0.6806446890858245
COnPOff_F,2975,0.6816906298663532
COnPOff_F,2976,0.7092662916053941
COnPOff_F,2977,0.6576631345337681
COnPOff_F,2978,0.7077328437008035
COnPOff_F,2979,0.7216956531536575
COnPOff_F,2980,0.7013381545860877
COnPOff_F,2981,0.6791527550649792
COnPOff_F,2982,0.6882809654711161
COnPOff_F,2983,0.6880497842762643
COnPOff_F,2984,0.6956588727572454
COnPOff_F,2985,0.6964903428613919
COnPOff_F,2986,0.685155484630651
COnPOff_F,2987,0.661281529503584
COnPOff_F,2988,0.6324536211841995
COnPOff_F,2989,0.7129342439127416
COnPOff_F,2990,0.6735898935081983
COnPOff_F,2991,0.6356873045789916
COnPOff_F,2992,0.686291427019578
COnPOff_F,2993,0.6690189781198548
COnPOff_F,2994,0.7214289532863617
COnPOff_F,2995,0.7062784904808865
COnPOff_F,2996,0.6963593827955558
COnPOff_F,2997,0.6799989908631332
COnPOff_F,2998,0.6930289337338721
COnPOff_F,2999,0.6854569447399506
COnPOff_F,3000,0.7107277530311584
COnPOff_F,3001,0.7003604187263076
COnPOff_F,3002,0.7020794323967271
COnPOff_F,3003,0.7160070812404363
COnPOff_F,3004,0.7123348325592894
COnPOff_F,3005,0.6528616254415086
COnPOff_F,3006,0.6593089862485942
COnPOff_F,3007,0.7144902894801959
COnPOff_F,3008,0.6672950570112075
COnPOff_F,3009,0.6794032658953939
COnPOff_F,3010,0.6640913666033533
COnPOff_F,3011,0.7275815804491044
COnPOff_F,3012,0.7068770860905346
COnPOff_F,3013,0.6745081098784032
COnPOff_F,3014,0.6593326034350135
COnPOff_F,3015,0.650112646461508
COnPOff_F,3016,0.6753942715411234
COnPOff_F,3017,0.7082372405427837
COnPOff_F,3018,0.6817067051418823
COnPOff_F,3019,0.669526942745799
COnPOff_F,3020,0.6944240150121562
COnPOff_F,3021,0.6653156175195961
COnPOff_F,3022,0.6848040341532275
COnPOff_F,3023,0.6751374191278989
COnPOff_F,3024,0.6754381630377122
COnPOff_F,3025,0.7175163768040279
COnPOff_F,3026,0.7321834876794956
COnPOff_F,3027,0.6869870889995564
COnPOff_F,3028,0.6876589708944825
COnPOff_F,3029,0.6555265161117712
COnPOff_F,3030,0.6654017092245182
COnPOff_F,3031,0.7048129524437128
COnPOff_F,3032,0.712604913375584
COnPOff_F,3033,0.6810003258121453
COnPOff_F,3034,0.6566627312559752
COnPOff_F,3035,0.6698264030766049
COnPOff_F,3036,0.6639102819372832
COnPOff_F,3037,0.6950536371110699
COnPOff_F,3038,0.6505283835455922
COnPOff_F,3039,0.6690199938866315
COnPOff_F,3040,0.6735554950396719
COnPOff_F,3041,0.6675376230794089
COnPOff_F,3042,0.6574393730632957
COnPOff_F,3043,0.7016461875855386
COnPOff_F,3044,0.7175701460388754
COnPOff_F,3045,0.7033270333624935
COnPOff_F,3046,0.6538283489840738
COnPOff_F,3047,0.6782067513074062
COnPOff_F,3048,0.687806492915657
COnPOff_F,3049,0.6939779281983184
COnPOff_F,3050,0.6827422627058101
COnPOff_F,3051,0.652512949489699
COnPOff_F,3052,0.6682696782844726
COnPOff_F,3053,0.6589729701639835
COnPOff_F,3054,0.7047249966164957
COnPOff_F,3055,0.6887317768998823
COnPOff_F,3056,0.6582348932921311
COnPOff_F,3057,0.6796060741967317
COnPOff_F,3058,0.6428556067163395
COnPOff_F,3059,0.6851074328894106
COnPOff_F,3060,0.6805111674749177
COnPOff_F,3061,0.6956608413469444
COnPOff_F,3062,0.7075671331822374
COnPOff_F,3063,0.6994219613081195
COnPOff_F,3064,0.7135672517710285
COnPOff_F,3065,0.7040591213479067
COnPOff_F,3066,0.6875962714402523
COnPOff_F,3067,0.6631427827713254
COnPOff_F,3068,0.6973675038600428
COnPOff_F,3069,0.7006587507878747
COnPOff_F,3070,0.6686345883966593
COnPOff_F,3071,0.6879812299505079
COnPOff_F,3072,0.678348987033265
COnPOff_F,3073,0.7126267677054132
COnPOff_F,3074,0.7103637602828242
COnPOff_F,3075,0.6781831653935947
COnPOff_F,3076,0.6846105998524142
COnPOff_F,3077,0.6819666582611724
COnPOff_F,3078,0.7046148825070031
COnPOff_F,3079,0.6596725848994576
COnPOff_F,3080,0.6538505520580572
COnPOff_F,3081,0.700974292384804
COnPOff_F,3082,0.7127715322733862
COnPOff_F,3083,0.6968153546054101
COnPOff_F,3084,0.6356998480885969
COnPOff_F,3085,0.6994073526336471
COnPOff_F,3086,0.7170738144152926
COnPOff_F,3087,0.6970372113144144
COnPOff_F,3088,0.676459606507208
COnPOff_F,3089,0.6607029007372297
COnPOff_F,3090,0.7076332128693571
COnPOff_F,3091,0.6658481445291847
COnPOff_F,3092,0.7020417091143428
COnPOff_F,3093,0.6966542379854702
COnPOff_F,3094,0.6554250167588894
COnPOff_F,3095,0.6876648471769325
COnPOff_F,3096,0.7034713324968893
COnPOff_F,3097,0.676025908794583
COnPOff_F,3098,0.6497492871737102
COnPOff_F,3099,0.7196950969194481
COnPOff_F,3100,0.6756951827312591
COnPOff_F,3101,0.6614716871660543
COnPOff_F,3102,0.6499363141580636
COnPOff_F,3103,0.6718800386715522
COnPOff_F,3104,0.6830556053169947
COnPOff_F,3105,0.6896142880208621
COnPOff_F,3106,0.7080628359098183
COnPOff_F,3107,0.6844947609651785
COnPOff_F,3108,0.6771551155432883
COnPOff_F,3109,0.6880648090171716
COnPOff_F,3110,0.7056403616716171
COnPOff_F,3111,0.6857480580696348
COnPOff_F,3112,0.710391658524147
COnPOff_F,3113,0.6885685030064745
COnPOff_F,3114,0.6913219873496075
COnPOff_F,3115,0.6651905762389487
COnPOff_F,3116,0.7122029182102831
COnPOff_F,3117,0.6850403479519465
COnPOff_F,3118,0.6668579317402299
COnPOff_F,3119,0.7049166479874807
COnPOff_F,3120,0.6946676713864649
COnPOff_F,3121,0.6891441711713596
COnPOff_F,3122,0.7004381791877562
COnPOff_F,3123,0.7049524111286063
COnPOff_F,3124,0.6815473935742462
COnPOff_F,3125,0.6865861549451011
COnPOff_F,3126,0.6563062395998963
COnPOff_F,3127,0.6947820573239977
COnPOff_F,3128,0.6478552055412145
COnPOff_F,3129,0.6864433860454519
COnPOff_F,3130,0.6786349919478367
COnPOff_F,3131,0.7082885593745145
COnPOff_F,3132,0.6621985059156884
COnPOff_F,3133,0.673662142050144
COnPOff_F,3134,0.6701418464803152
COnPOff_F,3135,0.6764073293799919
COnPOff_F,3136,0.6502004282027286
COnPOff_F,3137,0.6698613242254529
COnPOff_F,3138,0.6537197442093515
COnPOff_F,3139,0.6776369990279635
COnPOff_F,3140,0.688808920031082
COnPOff_F,3141,0.6605395404180694
COnPOff_F,3142,0.6639843868457715
COnPOff_F,3143,0.6863798534491048
COnPOff_F,3144,0.6866433266059828
COnPOff_F,3145,0.678378881220975
COnPOff_F,3146,0.6498636683128507
COnPOff_F,3147,0.6744766610305044
COnPOff_F,3148,0.7165152485570137
COnPOff_F,3149,0.720611255028814
COnPOff_F,3150,0.648853691198732
COnPOff_F,3151,0.6907128328933149
COnPOff_F,3152,0.6724304785157462
COnPOff_F,3153,0.6702806670857901
COnPOff_F,3154,0.7142549812793516
COnPOff_F,3155,0.6842180076815059
COnPOff_F,3156,0.6471076860051717
COnPOff_F,3157,0.6944524106055256
COnPOff_F,3158,0.7064368790547172
COnPOff_F,3159,0.7108975516557554
COnPOff_F,3160,0.6822641081618872
COnPOff_F,3161,0.6746123739629107
COnPOff_F,3162,0.653919762911636
COnPOff_F,3163,0.6665016609597479
COnPOff_F,3164,0.6830985093310583
COnPOff_F,3165,0.6658985568553666
COnPOff_F,3166,0.6444509119922166
COnPOff_F,3167,0.6786364304406598
COnPOff_F,3168,0.7006127609651134
COnPOff_F,3169,0.6851901737283628
COnPOff_F,3170,0.6818381501264862
COnPOff_F,3171,0.6725645577637314
COnPOff_F,3172,0.7160339787223166
COnPOff_F,3173,0.675661938247316
COnPOff_F,3174,0.6787006124268133
COnPOff_F,3175,0.6826987301374404
COnPOff_F,3176,0.6565096965681637
COnPOff_F,3177,0.6638953495993939
COnPOff_F,3178,0.7101948049770207
COnPOff_F,3179,0.6679979757128401
COnPOff_F,3180,0.6850910662902276
COnPOff_F,3181,0.6988002450467385
COnPOff_F,3182,0.7098923274929227
COnPOff_F,3183,0.7236810612143144
COnPOff_F,3184,0.6705018350870731
COnPOff_F,3185,0.7004974825271567
COnPOff_F,3186,0.6780540795185511
COnPOff_F,3187,0.6912978675017775
COnPOff_F,3188,0.6821717032861593
COnPOff_F,3189,0.6666995593963513
COnPOff_F,3190,0.6736569771989969
COnPOff_F,3191,0.7224447733613524
COnPOff_F,3192,0.6818811136332654
COnPOff_F,3193,0.7037854549751179
COnPOff_F,3194,0.658000905284379
COnPOff_F,3195,0.6759284223352511
COnPOff_F,3196,0.6645385376777085
COnPOff_F,3197,0.7410738499383215
COnPOff_F,3198,0.6705682013606058
COnPOff_F,3199,0.6848730271699965
COnPOff_F,3200,0.6989578659936744
COnPOff_F,3201,0.7007198503831346
COnPOff_F,3202,0.6856650911533096
COnPOff_F,3203,0.73539769624885
COnPOff_F,3204,0.6778853973871818
COnPOff_F,3205,0.6926597363433526
COnPOff_F,3206,0.7018868615465346
COnPOff_F,3207,0.6450149855851567
COnPOff_F,3208,0.7214324297610325
COnPOff_F,3209,0.698620461728529
COnPOff_F,3210,0.6610296088205945
COnPOff_F,3211,0.6659257649864516
COnPOff_F,3212,0.7024393939805408
COnPOff_F,3213,0.690183187679788
COnPOff_F,3214,0.7013864332689322
COnPOff_F,3215,0.6876362589585898
COnPOff_F,3216,0.6697354879848638
COnPOff_F,3217,0.7413862445922503
COnPOff_F,3218,0.6774680775096342
COnPOff_F,3219,0.6954501888232032
COnPOff_F,3220,0.6763276031018589
COnPOff_F,3221,0.6753691057167497
COnPOff_F,3222,0.6950436886820341
COnPOff_F,3223,0.6865842685230997
COnPOff_F,3224,0.6800414583307157
COnPOff_F,3225,0.6420735939170205
COnPOff_F,3226,0.6995745681411403
COnPOff_F,3227,0.6418487949035029
COnPOff_F,3228,0.6815191424538142
COnPOff_F,3229,0.671423278655834
COnPOff_F,3230,0.6949695238866308
COnPOff_F,3231,0.6739914890065387
COnPOff_F,3232,0.6763519035071555
COnPOff_F,3233,0.6964651295407032
COnPOff_F,3234,0.6710805572878003
COnPOff_F,3235,0.6486560733343666
COnPOff_F,3236,0.6432244806220663
COnPOff_F,3237,0.6906240877593484
COnPOff_F,3238,0.6738381204488565
COnPOff_F,3239,0.6862591440645825
COnPOff_F,3240,0.6648676226284617
COnPOff_F,3241,0.6703103884310223
COnPOff_F,3242,0.6773915074159039
COnPOff_F,3243,0.705275689850645
COnPOff_F,3244,0.6806042673439072
COnPOff_F,3245,0.7042692296652493
COnPOff_F,3246,0.6480892629612891
COnPOff_F,3247,0.6621957233064819
COnPOff_F,3248,0.6703294622689915
COnPOff_F,3249,0.6900384234124826
COnPOff_F,3250,0.689012125759048
COnPOff_F,3251,0.6916760481326015
COnPOff_F,3252,0.6943196314272275
COnPOff_F,3253,0.6367263939091471
COnPOff_F,3254,0.6569341044121424
COnPOff_F,3255,0.6917884412781082
COnPOff_F,3256,0.6890174593509095
COnPOff_F,3257,0.6763870546356004
COnPOff_F,3258,0.6930103695899223
COnPOff_F,3259,0.690774174364401
COnPOff_F,3260,0.6934583349144064
COnPOff_F,3261,0.6845218880114665
COnPOff_F,3262,0.7220028583089778
COnPOff_F,3263,0.7072018743017716
COnPOff_F,3264,0.6859192888940887
COnPOff_F,3265,0.6960101089611213
COnPOff_F,3266,0.6852327437646211
COnPOff_F,3267,0.6854362147123298
COnPOff_F,3268,0.6563410753307736
COnPOff_F,3269,0.706114880650118
COnPOff_F,3270,0.6986179644722683
COnPOff_F,3271,0.7093376725490085
COnPOff_F,3272,0.6775456134643758
COnPOff_F,3273,0.6740001317332611
COnPOff_F,3274,0.664786798203779
COnPOff_F,3275,0.7091062026723849
COnPOff_F,3276,0.6745951708290211
COnPOff_F,3277,0.6675716241554939
COnPOff_F,3278,0.6885103677454772
COnPOff_F,3279,0.6735717182995399
COnPOff_F,3280,0.6176581841290925
COnPOff_F,3281,0.7056581692361896
COnPOff_F,3282,0.693391638947081
COnPOff_F,3283,0.6684835412766846
COnPOff_F,3284,0.7105440116041825
COnPOff_F,3285,0.6913784109416391
COnPOff_F,3286,0.7056647781807169
COnPOff_F,3287,0.6630088568973626
COnPOff_F,3288,0.6743710457200359
COnPOff_F,3289,0.6910078841799323
COnPOff_F,3290,0.7123603229478085
COnPOff_F,3291,0.686964319552617
COnPOff_F,3292,0.6855661009412365
COnPOff_F,3293,0.6487669298403438
COnPOff_F,3294,0.6930669767744675
COnPOff_F,3295,0.6856475523995794
COnPOff_F,3296,0.7260430784388853
COnPOff_F,3297,0.673014632026623
COnPOff_F,3298,0.6815620059033449
COnPOff_F,3299,0.6878346090221199
COnPOff_F,3300,0.7119538383733213
COnPOff_F,3301,0.6875163205662713
COnPOff_F,3302,0.7036815723627696
COnPOff_F,3303,0.6895841305310123
COnPOff_F,3304,0.6648361917750766
COnPOff_F,3305,0.6922817616143231
COnPOff_F,3306,0.6778269007035252
COnPOff_F,3307,0.7025567232253546
COnPOff_F,3308,0.6806856710811857
COnPOff_F,3309,0.6991898506518373
COnPOff_F,3310,0.6591044831457392
COnPOff_F,3311,0.7050582156769499
COnPOff_F,3312,0.7021172778780437
COnPOff_F,3313,0.7020803562179194
COnPOff_F,3314,0.6834122956756934
COnPOff_F,3315,0.6998103457572241
COnPOff_F,3316,0.7204585167180309
COnPOff_F,3317,0.7102801899692588
COnPOff_F,3318,0.6700908938804971
COnPOff_F,3319,0.7001715724025533
COnPOff_F,3320,0.6850138250709336
COnPOff_F,3321,0.6781240144527678
COnPOff_F,3322,0.66362100440152
COnPOff_F,3323,0.6494566881394359
COnPOff_F,3324,0.7099523394509804
COnPOff_F,3325,0.6743802927262016
COnPOff_F,3326,0.6848207801932291
COnPOff_F,3327,0.6964508992241312
COnPOff_F,3328,0.6635022118534892
COnPOff_F,3329,0.6873803222514178
COnPOff_F,3330,0.6766367167883341
COnPOff_F,3331,0.6862154300974377
COnPOff_F,3332,0.6807562376861339
COnPOff_F,3333,0.6914899375678973
COnPOff_F,3334,0.6866201111808038
COnPOff_F,3335,0.7161048635435369
COnPOff_F,3336,0.6747520428109546
COnPOff_F,3337,0.6690181085672857
COnPOff_F,3338,0.6594174298357522
COnPOff_F,3339,0.7042341157661868
COnPOff_F,3340,0.7103254030826565
COnPOff_F,3341,0.6753764011676242
COnPOff_F,3342,0.7040960543945695
COnPOff_F,3343,0.665808276417246
COnPOff_F,3344,0.6769105413183607
COnPOff_F,3345,0.658865756663604
COnPOff_F,3346,0.705153338299219
COnPOff_F,3347,0.6759398156870849
COnPOff_F,3348,0.7278897401490954
COnPOff_F,3349,0.7224282932240965
COnPOff_F,3350,0.7303385182087819
COnPOff_F,3351,0.6956981992416872
COnPOff_F,3352,0.6827812865498014
COnPOff_F,3353,0.7145367871675201
COnPOff_F,3354,0.6873031730589299
COnPOff_F,3355,0.6458457604761293
COnPOff_F,3356,0.6767849850420639
COnPOff_F,3357,0.7266348773062126
COnPOff_F,3358,0.6500135125967116
COnPOff_F,3359,0.6641502491116839
COnPOff_F,3360,0.6790966641508751
COnPOff_F,3361,0.6919204934378753
COnPOff_F,3362,0.709166298374152
COnPOff_F,3363,0.7110947783324303
COnPOff_F,3364,0.6996521313747099
COnPOff_F,3365,0.7266179301751481
COnPOff_F,3366,0.6864733080870075
COnPOff_F,3367,0.6728323817179286
COnPOff_F,3368,0.6972459615527942
COnPOff_F,3369,0.6279480368145991
COnPOff_F,3370,0.6834770615724564
COnPOff_F,3371,0.6619923708405256
COnPOff_F,3372,0.6271066684246017
COnPOff_F,3373,0.6491553472352785
COnPOff_F,3374,0.6686414455846293
COnPOff_F,3375,0.6833849614834535
COnPOff_F,3376,0.6860389109924925
COnPOff_F,3377,0.6840531034307384
COnPOff_F,3378,0.684861796144931
COnPOff_F,3379,0.6912375801784844
COnPOff_F,3380,0.6809786918890736
COnPOff_F,3381,0.6843987012507028
COnPOff_F,3382,0.6774796948014091
COnPOff_F,3383,0.7151761502671488
COnPOff_F,3384,0.6710522924465971
COnPOff_F,3385,0.673097360953282
COnPOff_F,3386,0.679527219109353
COnPOff_F,3387,0.663895513608048
COnPOff_F,3388,0.7084007839741335
COnPOff_F,3389,0.7096779583974974
COnPOff_F,3390,0.6620346987554032
COnPOff_F,3391,0.6758635595401491
COnPOff_F,3392,0.6609223492085516
COnPOff_F,3393,0.6977527282239633
COnPOff_F,3394,0.7004080633365423
COnPOff_F,3395,0.6594937774465607
COnPOff_F,3396,0.7080259033131633
COnPOff_F,3397,0.6873733047224908
COnPOff_F,3398,0.7444320559323355
COnPOff_F,3399,0.7029208259099914
COnPOff_F,3400,0.6800281464476214
COnPOff_F,3401,0.6755227633853486
COnPOff_F,3402,0.6864694116315189
COnPOff_F,3403,0.6774641249051354
COnPOff_F,3404,0.6761152063551794
COnPOff_F,3405,0.7265248895796803
COnPOff_F,3406,0.6865834682454678
COnPOff_F,3407,0.6991168756786346
COnPOff_F,3408,0.6906378464998739
COnPOff_F,3409,0.700166036744936
COnPOff_F,3410,0.6596014662116434
COnPOff_F,3411,0.6750821488121321
COnPOff_F,3412,0.7242361448464637
COnPOff_F,3413,0.689148297609771
COnPOff_F,3414,0.7018372090710224
COnPOff_F,3415,0.7295153368090445
COnPOff_F,3416,0.677946090544008
COnPOff_F,3417,0.6608452329615424
COnPOff_F,3418,0.7145866753936732
COnPOff_F,3419,0.6852163658754243
COnPOff_F,3420,0.6601690978444152
COnPOff_F,3421,0.6807058857725105
COnPOff_F,3422,0.6805812967768688
COnPOff_F,3423,0.6955153268471054
COnPOff_F,3424,0.6801578052853114
COnPOff_F,3425,0.6690452276940796
COnPOff_F,3426,0.6563234680032178
COnPOff_F,3427,0.7008967265981149
COnPOff_F,3428,0.6651986320513633
COnPOff_F,3429,0.6803273438258838
COnPOff_F,3430,0.6381729945587494
COnPOff_F,3431,0.7104965907495179
COnPOff_F,3432,0.6993889447531274
COnPOff_F,3433,0.6516243871214389
COnPOff_F,3434,0.699493726926178
COnPOff_F,3435,0.6663225926740498
COnPOff_F,3436,0.7193060631594378
COnPOff_F,3437,0.6818622698180794
COnPOff_F,3438,0.6719540018034297
COnPOff_F,3439,0.7142956717599678
COnPOff_F,3440,0.7088797015748649
COnPOff_F,3441,0.65980181544899
COnPOff_F,3442,0.6824098996020095
COnPOff_F,3443,0.6796970495874026
COnPOff_F,3444,0.6796725069480288
COnPOff_F,3445,0.6853579540789021
COnPOff_F,3446,0.6953365978732122
COnPOff_F,3447,0.6888531553215461
COnPOff_F,3448,0.6852437478903994
COnPOff_F,3449,0.6795464222209635
COnPOff_F,3450,0.7037840410010796
COnPOff_F,3451,0.6757592733797368
COnPOff_F,3452,0.7200810169130534
COnPOff_F,3453,0.6730731909719815
COnPOff_F,3454,0.69895954919413
COnPOff_F,3455,0.685193456134354
COnPOff_F,3456,0.7037242046117095
COnPOff_F,3457,0.6777917198553338
COnPOff_F,3458,0.7068088030889844
COnPOff_F,3459,0.6707120134167122
COnPOff_F,3460,0.6863871627557657
COnPOff_F,3461,0.6709576918932589
COnPOff_F,3462,0.7068840753564491
COnPOff_F,3463,0.6961537857372341
COnPOff_F,3464,0.658506498808328
COnPOff_F,3465,0.6609107828719186
COnPOff_F,3466,0.6534942017874847
COnPOff_F,3467,0.6950094954220735
COnPOff_F,3468,0.6601637729074645
COnPOff_F,3469,0.698759749156778
COnPOff_F,3470,0.7126286398591999
COnPOff_F,3471,0.6903758842744406
COnPOff_F,3472,0.6676432147428016
COnPOff_F,3473,0.7102084533290319
COnPOff_F,3474,0.6686995468843244
COnPOff_F,3475,0.7099826648011746
COnPOff_F,3476,0.6797439668259349
COnPOff_F,3477,0.6613716717997747
COnPOff_F,3478,0.7026787553423727
COnPOff_F,3479,0.6876597258671373
COnPOff_F,3480,0.7023597280732821
COnPOff_F,3481,0.6679801392213831
COnPOff_F,3482,0.6934118696862568
COnPOff_F,3483,0.6999130786125156
COnPOff_F,3484,0.7088035590225821
COnPOff_F,3485,0.6602374182678967
COnPOff_F,3486,0.6870894900495541
COnPOff_F,3487,0.6692734872262219
COnPOff_F,3488,0.678033569845961
COnPOff_F,3489,0.6825552972688601
COnPOff_F,3490,0.7057854336206867
COnPOff_F,3491,0.6652409142607498
COnPOff_F,3492,0.7029183678292052
COnPOff_F,3493,0.667426266592725
COnPOff_F,3494,0.6869500834730311
COnPOff_F,3495,0.6658558735244753
COnPOff_F,3496,0.6727354964467988
COnPOff_F,3497,0.6914664012342012
COnPOff_F,3498,0.6989092524475156
COnPOff_F,3499,0.703376328850158
COnPOff_F,3500,0.6573290185452281
COnPOff_F,3501,0.6716075805659394
COnPOff_F,3502,0.7171355859586847
COnPOff_F,3503,0.6591854029788473
COnPOff_F,3504,0.6934345143538775
COnPOff_F,3505,0.6942744305901011
COnPOff_F,3506,0.7007429121692795
COnPOff_F,3507,0.6563410612689512
COnPOff_F,3508,0.6717919538937717
COnPOff_F,3509,0.7163256870561905
COnPOff_F,3510,0.7000007934263243
COnPOff_F,3511,0.6531518049450818
COnPOff_F,3512,0.7295389592735176
COnPOff_F,3513,0.6375845340452685
COnPOff_F,3514,0.6799296446710422
COnPOff_F,3515,0.6761682317024977
COnPOff_F,3516,0.7291466004295118
COnPOff_F,3517,0.6803980627131064
COnPOff_F,3518,0.6900026622147685
COnPOff_F,3519,0.6691675713014541
COnPOff_F,3520,0.7150732119746489
COnPOff_F,3521,0.6979777953793226
COnPOff_F,3522,0.7154507896605036
COnPOff_F,3523,0.673875907388836
COnPOff_F,3524,0.7078892949580886
COnPOff_F,3525,0.6987732383648529
COnPOff_F,3526,0.6785637006012937
COnPOff_F,3527,0.6936762298482443
COnPOff_F,3528,0.6665369448436154
COnPOff_F,3529,0.6659903182679047
COnPOff_F,3530,0.6869376216132107
COnPOff_F,3531,0.7300383251547974
COnPOff_F,3532,0.6639637078885472
COnPOff_F,3533,0.639192210652125
COnPOff_F,3534,0.6925371287303564
COnPOff_F,3535,0.6889193926095736
COnPOff_F,3536,0.6521269042765506
COnPOff_F,3537,0.7070528469331359
COnPOff_F,3538,0.6867832678379328
COnPOff_F,3539,0.6802075664086862
COnPOff_F,3540,0.6812381843695398
COnPOff_F,3541,0.6906476128957064
COnPOff_F,3542,0.6971580515310362
COnPOff_F,3543,0.685101702326164
COnPOff_F,3544,0.7113710713493149
COnPOff_F,3545,0.6821549400480648
COnPOff_F,3546,0.678297991572518
COnPOff_F,3547,0.6794591318233725
COnPOff_F,3548,0.6883411414297912
COnPOff_F,3549,0.6999924779949769
COnPOff_F,3550,0.6589264899165096
COnPOff_F,3551,0.6766209353766742
COnPOff_F,3552,0.6901049641672117
COnPOff_F,3553,0.677361086950793
COnPOff_F,3554,0.682515207857232
COnPOff_F,3555,0.69503540301264
COnPOff_F,3556,0.6933398941843766
COnPOff_F,3557,0.6548797470203805
COnPOff_F,3558,0.7337158367408625
COnPOff_F,3559,0.7111512698944055
COnPOff_F,3560,0.6868398865503429
COnPOff_F,3561,0.6873133615814496
COnPOff_F,3562,0.6490692940143852
COnPOff_F,3563,0.6829008091990499
COnPOff_F,3564,0.6776264730714391
COnPOff_F,3565,0.6676186055491354
COnPOff_F,3566,0.7096406357461639
COnPOff_F,3567,0.6747127617508437
COnPOff_F,3568,0.7030462048971236
COnPOff_F,3569,0.6463727926127923
COnPOff_F,3570,0.7037075110627337
COnPOff_F,3571,0.6965219730224895
COnPOff_F,3572,0.6944844272666512
COnPOff_F,3573,0.6987944212393734
COnPOff_F,3574,0.6999042776257026
COnPOff_F,3575,0.6579723690893113
COnPOff_F,3576,0.6553660153854728
COnPOff_F,3577,0.6980950793043545
COnPOff_F,3578,0.7017366911130964
COnPOff_F,3579,0.6415853935521934
COnPOff_F,3580,0.7119233032149743
COnPOff_F,3581,0.6938804166141135
COnPOff_F,3582,0.6759943209852495
COnPOff_F,3583,0.7248913418765143
COnPOff_F,3584,0.6786671469648781
COnPOff_F,3585,0.7014799723844296
COnPOff_F,3586,0.6996703232983021
COnPOff_F,3587,0.6524364400152668
COnPOff_F,3588,0.676251886863815
COnPOff_F,3589,0.7013565653293339
COnPOff_F,3590,0.6727700152341302
COnPOff_F,3591,0.6959336657728332
COnPOff_F,3592,0.6925611158673375
COnPOff_F,3593,0.666589944074898
COnPOff_F,3594,0.706086530414762
COnPOff_F,3595,0.6907183538743592
COnPOff_F,3596,0.6945440453875575
COnPOff_F,3597,0.690036510533003
COnPOff_F,3598,0.697468605900364
COnPOff_F,3599,0.6769737650925137
COnPOff_F,3600,0.6607197487927978
COnPOff_F,3601,0.6784027356859188
COnPOff_F,3602,0.6316671765487284
COnPOff_F,3603,0.7089627860851682
COnPOff_F,3604,0.741208542692389
COnPOff_F,3605,0.7133862609661076
COnPOff_F,3606,0.6827251504878016
COnPOff_F,3607,0.6729687240821738
COnPOff_F,3608,0.6851172905940516
COnPOff_F,3609,0.6845249959494474
COnPOff_F,3610,0.6513327429691382
COnPOff_F,3611,0.6811369993560987
COnPOff_F,3612,0.7098401184086025
COnPOff_F,3613,0.6652163443811481
COnPOff_F,3614,0.6552362464891847
COnPOff_F,3615,0.6583219541495255
COnPOff_F,3616,0.7031830230659605
COnPOff_F,3617,0.679042812191895
COnPOff_F,3618,0.7030948952615668
COnPOff_F,3619,0.6669326031530298
COnPOff_F,3620,0.6390986433739602
COnPOff_F,3621,0.6957666454427276
COnPOff_F,3622,0.6828433933454897
COnPOff_F,3623,0.669732554298577
COnPOff_F,3624,0.7068103370268152
COnPOff_F,3625,0.7015701806255839
COnPOff_F,3626,0.6489927053424674
COnPOff_F,3627,0.6845372692721632
COnPOff_F,3628,0.689947668374282
COnPOff_F,3629,0.6773728429081187
COnPOff_F,3630,0.6569480651245979
COnPOff_F,3631,0.701649066402223
COnPOff_F,3632,0.6968213492253877
COnPOff_F,3633,0.6890664219068804
COnPOff_F,3634,0.681053409609458
COnPOff_F,3635,0.6846451980094629
COnPOff_F,3636,0.6994290801986495
COnPOff_F,3637,0.6754477661712827
COnPOff_F,3638,0.6858350321846689
COnPOff_F,3639,0.6939997107478993
COnPOff_F,3640,0.7025046223809897
COnPOff_F,3641,0.6794932919754274
COnPOff_F,3642,0.7097653396288295
COnPOff_F,3643,0.6661933655997782
COnPOff_F,3644,0.7102471817768133
COnPOff_F,3645,0.6709989009319639
COnPOff_F,3646,0.6750023372306586
COnPOff_F,3647,0.7075331866664736
COnPOff_F,3648,0.6644628849435662
COnPOff_F,3649,0.6786503127262836
COnPOff_F,3650,0.6872545713473418
COnPOff_F,3651,0.694421793236479
COnPOff_F,3652,0.6900218256309766
COnPOff_F,3653,0.6930524971245964
COnPOff_F,3654,0.7247836879376098
COnPOff_F,3655,0.685314571252492
COnPOff_F,3656,0.6605981385902452
COnPOff_F,3657,0.6534818808826262
COnPOff_F,3658,0.707680831787674
COnPOff_F,3659,0.6776623467547365
COnPOff_F,3660,0.6953497469762634
COnPOff_F,3661,0.7169307634301113
COnPOff_F,3662,0.6771733611049462
COnPOff_F,3663,0.6708981125396939
COnPOff_F,3664,0.6612367656615783
COnPOff_F,3665,0.652954030129986
COnPOff_F,3666,0.6485092609011041
COnPOff_F,3667,0.716203586469091
COnPOff_F,3668,0.727958059481154
COnPOff_F,3669,0.6986103461618002
COnPOff_F,3670,0.7205465451678537
COnPOff_F,3671,0.664900432410156
COnPOff_F,3672,0.696534914026383
COnPOff_F,3673,0.6576544940110888
COnPOff_F,3674,0.6830685745845739
COnPOff_F,3675,0.6819130052982004
COnPOff_F,3676,0.7019540762583543
COnPOff_F,3677,0.6904778362992969
COnPOff_F,3678,0.6753128815558106
COnPOff_F,3679,0.6840221012348157
COnPOff_F,3680,0.6771780455535886
COnPOff_F,3681,0.6824556898426516
COnPOff_F,3682,0.6690325644423409
COnPOff_F,3683,0.6408930762350399
COnPOff_F,3684,0.6638251835860418
COnPOff_F,3685,0.6375741327397411
COnPOff_F,3686,0.7203512369311872
COnPOff_F,3687,0.6454612968732266
COnPOff_F,3688,0.6831661655049153
COnPOff_F,3689,0.7177237172617937
COnPOff_F,3690,0.69617494802039
COnPOff_F,3691,0.6648303089297214
COnPOff_F,3692,0.6627674977690375
COnPOff_F,3693,0.6638527472332391
COnPOff_F,3694,0.6796155760776775
COnPOff_F,3695,0.7269403663021674
COnPOff_F,3696,0.6598741629536817
COnPOff_F,3697,0.6850888041786152
COnPOff_F,3698,0.6911389869049213
COnPOff_F,3699,0.6778636244953047
COnPOff_F,3700,0.709020843064509
COnPOff_F,3701,0.6713168811443633
COnPOff_F,3702,0.7182675635202471
COnPOff_F,3703,0.6722270242207692
COnPOff_F,3704,0.6740905938010558
COnPOff_F,3705,0.7087722098197262
COnPOff_F,3706,0.7136225830595012
COnPOff_F,3707,0.688008996218408
COnPOff_F,3708,0.6959340290951846
COnPOff_F,3709,0.7005580283094325
COnPOff_F,3710,0.6944963246855271
COnPOff_F,3711,0.7068683463144306
COnPOff_F,3712,0.6964173515244222
COnPOff_F,3713,0.6802947893065582
COnPOff_F,3714,0.6805567470014176
COnPOff_F,3715,0.6873442142289371
COnPOff_F,3716,0.7020509350703794
COnPOff_F,3717,0.6761577264320798
COnPOff_F,3718,0.6553094996604701
COnPOff_F,3719,0.686535790251787
COnPOff_F,3720,0.6768699926641166
COnPOff_F,3721,0.6671905193162305
COnPOff_F,3722,0.689502391464916
COnPOff_F,3723,0.6867091282215687
COnPOff_F,3724,0.670715979123797
COnPOff_F,3725,0.6786439961683923
COnPOff_F,3726,0.6755465499217346
COnPOff_F,3727,0.7042684431003771
COnPOff_F,3728,0.6742821589801781
COnPOff_F,3729,0.7124971287646338
COnPOff_F,3730,0.7186561094072049
COnPOff_F,3731,0.6781178299479378
COnPOff_F,3732,0.7009601914053117
COnPOff_F,3733,0.734099588006339
COnPOff_F,3734,0.6601819107677962
COnPOff_F,3735,0.7189949892365046
COnPOff_F,3736,0.6574127239859521
COnPOff_F,3737,0.6940922557048034
COnPOff_F,3738,0.7025619796440593
COnPOff_F,3739,0.7009150792309368
COnPOff_F,3740,0.6617737557969533
COnPOff_F,3741,0.6838767102178586
COnPOff_F,3742,0.6502166209846829
COnPOff_F,3743,0.6574007397863005
COnPOff_F,3744,0.6842266090331727
COnPOff_F,3745,0.6675940235705236
COnPOff_F,3746,0.6624769415741948
COnPOff_F,3747,0.6730417307856601
COnPOff_F,3748,0.6929724083145468
COnPOff_F,3749,0.7139971595380371
COnPOff_F,3750,0.7099864552373372
COnPOff_F,3751,0.6553386336034607
COnPOff_F,3752,0.7014384599731379
COnPOff_F,3753,0.65980553645317
COnPOff_F,3754,0.7145835727694526
COnPOff_F,3755,0.6953558791479842
COnPOff_F,3756,0.6765066621831569
COnPOff_F,3757,0.6673790161585523
COnPOff_F,3758,0.7059681371208878
COnPOff_F,3759,0.7059007476354809
COnPOff_F,3760,0.6367290278706684
COnPOff_F,3761,0.6882527661498734
COnPOff_F,3762,0.6899083669232832
COnPOff_F,3763,0.6923747339597874
COnPOff_F,3764,0.6955340588289843
COnPOff_F,3765,0.6927659909070928
COnPOff_F,3766,0.6804180711713631
COnPOff_F,3767,0.6721371403377214
COnPOff_F,3768,0.7021868107319449
COnPOff_F,3769,0.6748872102675906
COnPOff_F,3770,0.6776114710143355
COnPOff_F,3771,0.6880097327016091
COnPOff_F,3772,0.6853107222887418
COnPOff_F,3773,0.6681183905469757
COnPOff_F,3774,0.6630559224697702
COnPOff_F,3775,0.6998154118015912
COnPOff_F,3776,0.6787961775555718
COnPOff_F,3777,0.6618771391784737
COnPOff_F,3778,0.6919218102108576
COnPOff_F,3779,0.6982561993601559
COnPOff_F,3780,0.6748502576284413
COnPOff_F,3781,0.6880112656546895
COnPOff_F,3782,0.6422080414356615
COnPOff_F,3783,0.6766767863406148
COnPOff_F,3784,0.6586032004171662
COnPOff_F,3785,0.656375058193865
COnPOff_F,3786,0.6907193711849097
COnPOff_F,3787,0.6867227995391774
COnPOff_F,3788,0.7045555605189054
COnPOff_F,3789,0.6886586627253614
COnPOff_F,3790,0.678734809165879
COnPOff_F,3791,0.6705625535589192
COnPOff_F,3792,0.6495450610711289
COnPOff_F,3793,0.6469067281464242
COnPOff_F,3794,0.6674983825253107
COnPOff_F,3795,0.6790215696953302
COnPOff_F,3796,0.6769052671357968
COnPOff_F,3797,0.6781426079813282
COnPOff_F,3798,0.7139692592951363
COnPOff_F,3799,0.6964130649182216
COnPOff_F,3800,0.7127842571069958
COnPOff_F,3801,0.679738690621325
COnPOff_F,3802,0.6696798631786361
COnPOff_F,3803,0.6592322986992469
COnPOff_F,3804,0.7159967774127676
COnPOff_F,3805,0.6675656046252861
COnPOff_F,3806,0.6849961719947782
COnPOff_F,3807,0.6906422411647517
COnPOff_F,3808,0.6454785216680542
COnPOff_F,3809,0.6518437653241628
COnPOff_F,3810,0.6540006913828202
COnPOff_F,3811,0.6813066085366546
COnPOff_F,3812,0.6855536613290885
COnPOff_F,3813,0.6796023809732438
COnPOff_F,3814,0.6901606226991168
COnPOff_F,3815,0.7025478809148179
COnPOff_F,3816,0.7121370229711236
COnPOff_F,3817,0.6701322823438296
COnPOff_F,3818,0.7068791555171623
COnPOff_F,3819,0.7114990285200421
COnPOff_F,3820,0.707500051023394
COnPOff_F,3821,0.696268052357112
COnPOff_F,3822,0.6968048983110721
COnPOff_F,3823,0.6847490686838609
COnPOff_F,3824,0.6810358815385068
COnPOff_F,3825,0.7392703138500591
COnPOff_F,3826,0.7026029649570439
COnPOff_F,3827,0.6721033819999102
COnPOff_F,3828,0.7205479944024746
COnPOff_F,3829,0.6732340058205912
COnPOff_F,3830,0.7364320749510518
COnPOff_F,3831,0.7182057085778841
COnPOff_F,3832,0.6340787785760242
COnPOff_F,3833,0.7014937044643998
COnPOff_F,3834,0.675225982792412
COnPOff_F,3835,0.7017730257039633
COnPOff_F,3836,0.7025368512733229
COnPOff_F,3837,0.6479482232357551
COnPOff_F,3838,0.6903638105315799
COnPOff_F,3839,0.6587662178533676
COnPOff_F,3840,0.6940903130466406
COnPOff_F,3841,0.6670157851747236
COnPOff_F,3842,0.694493075737458
COnPOff_F,3843,0.6443171395375713
COnPOff_F,3844,0.7250960656498664
COnPOff_F,3845,0.699360925939564
COnPOff_F,3846,0.7167785820287292
COnPOff_F,3847,0.6753641083260784
COnPOff_F,3848,0.6457986763466166
COnPOff_F,3849,0.6503726857294039
COnPOff_F,3850,0.712627480902579
COnPOff_F,3851,0.703311375775886
COnPOff_F,3852,0.6931909298280273
COnPOff_F,3853,0.6721126303713792
COnPOff_F,3854,0.6905763223699996
COnPOff_F,3855,0.690953342744165
COnPOff_F,3856,0.6852555658154376
COnPOff_F,3857,0.6437349722102421
COnPOff_F,3858,0.6486468811998314
COnPOff_F,3859,0.7039218531283946
COnPOff_F,3860,0.6636877056980602
COnPOff_F,3861,0.7013882091769132
COnPOff_F,3862,0.7160257440382282
COnPOff_F,3863,0.6728115228557657
COnPOff_F,3864,0.6948472739348152
COnPOff_F,3865,0.6645051390230887
COnPOff_F,3866,0.6796205951053981
COnPOff_F,3867,0.6826918368819042
COnPOff_F,3868,0.6871356579054357
COnPOff_F,3869,0.6875317953405066
COnPOff_F,3870,0.7255306250933763
COnPOff_F,3871,0.6958583774605145
COnPOff_F,3872,0.6888893352819565
COnPOff_F,3873,0.7145649746221656
COnPOff_F,3874,0.6862513899675567
COnPOff_F,3875,0.7021416116612569
COnPOff_F,3876,0.7034734973046021
COnPOff_F,3877,0.6690391622156598
COnPOff_F,3878,0.6857236325729046
COnPOff_F,3879,0.6865881500876716
COnPOff_F,3880,0.6740429700360606
COnPOff_F,3881,0.6857914883007831
COnPOff_F,3882,0.6481921213333665
COnPOff_F,3883,0.7052096123077725
COnPOff_F,3884,0.6374853214825782
COnPOff_F,3885,0.7110503669955733
COnPOff_F,3886,0.6604221759108871
COnPOff_F,3887,0.6826535713377128
COnPOff_F,3888,0.6778330189701369
COnPOff_F,3889,0.6486786817797224
COnPOff_F,3890,0.6471828446168928
COnPOff_F,3891,0.6898515986261148
COnPOff_F,3892,0.667729641315144
COnPOff_F,3893,0.692701550483527
COnPOff_F,3894,0.6711928559714908
COnPOff_F,3895,0.7054509913735046
COnPOff_F,3896,0.6591740752141327
COnPOff_F,3897,0.6817778723578155
COnPOff_F,3898,0.7091356397467476
COnPOff_F,3899,0.6946466181486037
COnPOff_F,3900,0.6979695529558861
COnPOff_F,3901,0.6589600820538163
COnPOff_F,3902,0.7049052216458113
COnPOff_F,3903,0.6890400747289555
COnPOff_F,3904,0.6662280084677414
COnPOff_F,3905,0.7028431095033031
COnPOff_F,3906,0.6918202824947651
COnPOff_F,3907,0.676590858386365
COnPOff_F,3908,0.6755912631951408
COnPOff_F,3909,0.6997265965907186
COnPOff_F,3910,0.69367741243501
COnPOff_F,3911,0.6426192916259198
COnPOff_F,3912,0.6722343368422752
COnPOff_F,3913,0.6852832701951082
COnPOff_F,3914,0.6518313518044653
COnPOff_F,3915,0.6981537197549588
COnPOff_F,3916,0.7063738818415574
COnPOff_F,3917,0.6543686560718013
COnPOff_F,3918,0.7291680983021434
COnPOff_F,3919,0.7044313619934516
COnPOff_F,3920,0.6862164512503787
COnPOff_F,3921,0.6711827865534392
COnPOff_F,3922,0.7019331258452727
COnPOff_F,3923,0.6890643301826657
COnPOff_F,3924,0.7112663748879587
COnPOff_F,3925,0.7063026689164807
COnPOff_F,3926,0.6841261587845895
COnPOff_F,3927,0.6573202047487096
COnPOff_F,3928,0.636921117962227
COnPOff_F,3929,0.688982145015554
COnPOff_F,3930,0.6633454943814429
COnPOff_F,3931,0.7255910150643706
COnPOff_F,3932,0.6982711840598552
COnPOff_F,3933,0.6724865527043746
COnPOff_F,3934,0.6622072697427018
COnPOff_F,3935,0.6746559979187472
COnPOff_F,3936,0.6695556193848112
COnPOff_F,3937,0.7037692458063574
COnPOff_F,3938,0.6929019311743088
COnPOff_F,3939,0.6952799390835926
COnPOff_F,3940,0.6580427197517954
COnPOff_F,3941,0.711016755615721
COnPOff_F,3942,0.6942338297845324
COnPOff_F,3943,0.703221464768995
COnPOff_F,3944,0.7081135338246698
COnPOff_F,3945,0.6878597331209608
COnPOff_F,3946,0.6677344942624677
COnPOff_F,3947,0.678668159405673
COnPOff_F,3948,0.6596006656662636
COnPOff_F,3949,0.6951820864760707
COnPOff_F,3950,0.7116759757744296
COnPOff_F,3951,0.7017713648985224
COnPOff_F,3952,0.6914292663909962
COnPOff_F,3953,0.7061644216722399
COnPOff_F,3954,0.6575982340531217
COnPOff_F,3955,0.6719533188678629
COnPOff_F,3956,0.663639382353415
COnPOff_F,3957,0.7225668712265777
COnPOff_F,3958,0.6921724187851485
COnPOff_F,3959,0.654675964410162
COnPOff_F,3960,0.6506347983092602
COnPOff_F,3961,0.7052886820357004
COnPOff_F,3962,0.7008775447126848
COnPOff_F,3963,0.6785477990827714
COnPOff_F,3964,0.6554883903513967
COnPOff_F,3965,0.6836070847096849
COnPOff_F,3966,0.7174923759237878
COnPOff_F,3967,0.6633761216407025
COnPOff_F,3968,0.6828983299654854
COnPOff_F,3969,0.7071360357781531
COnPOff_F,3970,0.6878009297943696
COnPOff_F,3971,0.6738480362835809
COnPOff_F,3972,0.6865720615607289
COnPOff_F,3973,0.6610363128856499
COnPOff_F,3974,0.6998409963667018
COnPOff_F,3975,0.6851344399614256
COnPOff_F,3976,0.7054508529467461
COnPOff_F,3977,0.6784945821772058
COnPOff_F,3978,0.7002971283160833
COnPOff_F,3979,0.6992275095171888
COnPOff_F,3980,0.7049595876324247
COnPOff_F,3981,0.7187497540947104
COnPOff_F,3982,0.6711752106280214
COnPOff_F,3983,0.673398735614095
COnPOff_F,3984,0.6497531256617346
COnPOff_F,3985,0.6488574684910964
COnPOff_F,3986,0.7095474011540693
COnPOff_F,3987,0.6947189063349269
COnPOff_F,3988,0.6587463808896233
COnPOff_F,3989,0.7222388327171142
COnPOff_F,3990,0.6437753348760977
COnPOff_F,3991,0.6826863377275408
COnPOff_F,3992,0.6637418094773494
COnPOff_F,3993,0.7029044751125669
COnPOff_F,3994,0.6888065571255528
COnPOff_F,3995,0.6507222448285773
COnPOff_F,3996,0.705115693720335
COnPOff_F,3997,0.6867303217361537
COnPOff_F,3998,0.6659649681701624
COnPOff_F,3999,0.6668525976936074
COnPOff_F,4000,0.6860476834893149
COnPOff_F,4001,0.7393797463499538
COnPOff_F,4002,0.6520984127866862
COnPOff_F,4003,0.6870704425013873
COnPOff_F,4004,0.7117164795080114
COnPOff_F,4005,0.6631625675794879
COnPOff_F,4006,0.6825693780585341
COnPOff_F,4007,0.6838739887389165
COnPOff_F,4008,0.7354756061714008
COnPOff_F,4009,0.6786698181733719
COnPOff_F,4010,0.6824888766246773
COnPOff_F,4011,0.6673357832823621
COnPOff_F,4012,0.6891516650079617
COnPOff_F,4013,0.6866810044083353
COnPOff_F,4014,0.690654146543546
COnPOff_F,4015,0.6560079857380735
COnPOff_F,4016,0.7072893735114735
COnPOff_F,4017,0.6737127086549795
COnPOff_F,4018,0.6730959590470509
COnPOff_F,4019,0.6487362217095225
COnPOff_F,4020,0.7034328521989099
COnPOff_F,4021,0.7027382866157236
COnPOff_F,4022,0.6906054314136117
COnPOff_F,4023,0.6584612854061158
COnPOff_F,4024,0.6768910806271448
COnPOff_F,4025,0.6892315559883079
COnPOff_F,4026,0.65378997250721
COnPOff_F,4027,0.7267517217073746
COnPOff_F,4028,0.6926063323956743
COnPOff_F,4029,0.6974028273625017
COnPOff_F,4030,0.6624239364440728
COnPOff_F,4031,0.7086906051463491
COnPOff_F,4032,0.6866561335010628
COnPOff_F,4033,0.670444990087645
COnPOff_F,4034,0.6912640174482961
COnPOff_F,4035,0.6913119769827936
COnPOff_F,4036,0.6647926517307632
COnPOff_F,4037,0.6836714191653611
COnPOff_F,4038,0.6912047921812801
COnPOff_F,4039,0.6842086878344343
COnPOff_F,4040,0.6884889642391598
COnPOff_F,4041,0.705633091494396
COnPOff_F,4042,0.6684006847167511
COnPOff_F,4043,0.6742738188909807
COnPOff_F,4044,0.6911702022067439
COnPOff_F,4045,0.6809234308512891
COnPOff_F,4046,0.6768617870183687
COnPOff_F,4047,0.6767536219090583
COnPOff_F,4048,0.6954760431947697
COnPOff_F,4049,0.6880134191118809
COnPOff_F,4050,0.6982771576664983
COnPOff_F,4051,0.677853062727686
COnPOff_F,4052,0.689230865538619
COnPOff_F,4053,0.7062395630041722
COnPOff_F,4054,0.7154355149314195
COnPOff_F,4055,0.6718143753093047
COnPOff_F,4056,0.677601520716304
COnPOff_F,4057,0.7190056700391478
COnPOff_F,4058,0.691205327802396
COnPOff_F,4059,0.6590324104528233
COnPOff_F,4060,0.7002534471116764
COnPOff_F,4061,0.6954842305025419
COnPOff_F,4062,0.6594107350241615
COnPOff_F,4063,0.6986597835614248
COnPOff_F,4064,0.6942257203025137
COnPOff_F,4065,0.6378656048499828
COnPOff_F,4066,0.6697114152342601
COnPOff_F,4067,0.6825257013823457
COnPOff_F,4068,0.6697194121753344
COnPOff_F,4069,0.6681774498828865
COnPOff_F,4070,0.6675089705029668
COnPOff_F,4071,0.6701690310578632
COnPOff_F,4072,0.6553063133091752
COnPOff_F,4073,0.6465842364178979
COnPOff_F,4074,0.6862420317939147
COnPOff_F,4075,0.6744767255460906
COnPOff_F,4076,0.6802692183451852
COnPOff_F,4077,0.6993257983181743
COnPOff_F,4078,0.6859603356073138
COnPOff_F,4079,0.6741704511539143
COnPOff_F,4080,0.6748967235192409
COnPOff_F,4081,0.680461024470128
COnPOff_F,4082,0.6576014396472447
COnPOff_F,4083,0.7282396549078991
COnPOff_F,4084,0.6968914974629515
COnPOff_F,4085,0.6704551349259313
COnPOff_F,4086,0.6558249979688405
COnPOff_F,4087,0.6896218099905633
COnPOff_F,4088,0.7018200943625081
COnPOff_F,4089,0.6765886033762087
COnPOff_F,4090,0.6819415795347882
COnPOff_F,4091,0.659434679234773
COnPOff_F,4092,0.6956870184442839
COnPOff_F,4093,0.6982600965504294
COnPOff_F,4094,0.682754298355848
COnPOff_F,4095,0.6940068159931956
COnPOff_F,4096,0.6848291169933071
COnPOff_F,4097,0.6749749080550482
COnPOff_F,4098,0.6943956461259596
COnPOff_F,4099,0.6540764557657456
COnPOff_F,4100,0.7068769067440076
COnPOff_F,4101,0.680026713165685
COnPOff_F,4102,0.7185488800398436
COnPOff_F,4103,0.7150329776069396
COnPOff_F,4104,0.6689962892685719
COnPOff_F,4105,0.6592350370122978
COnPOff_F,4106,0.6883143195811552
COnPOff_F,4107,0.6925463043128129
COnPOff_F,4108,0.6801862072924861
COnPOff_F,4109,0.7300576214820004
COnPOff_F,4110,0.6763891663028452
COnPOff_F,4111,0.661798998805709
COnPOff_F,4112,0.6904675299898986
COnPOff_F,4113,0.6905889576462032
COnPOff_F,4114,0.7035612223715372
COnPOff_F,4115,0.6913643321720091
COnPOff_F,4116,0.6849387764884941
COnPOff_F,4117,0.6810788569966464
COnPOff_F,4118,0.6643166623384753
COnPOff_F,4119,0.6616062425868942
COnPOff_F,4120,0.7032123993640997
COnPOff_F,4121,0.6696075540061368
COnPOff_F,4122,0.6921930096226371
COnPOff_F,4123,0.6960225391973127
COnPOff_F,4124,0.6614402072244958
COnPOff_F,4125,0.6654299157437848
COnPOff_F,4126,0.6917764301058622
COnPOff_F,4127,0.638640412942682
COnPOff_F,4128,0.6889625284308618
COnPOff_F,4129,0.6767446416608867
COnPOff_F,4130,0.6792776998437638
COnPOff_F,4131,0.7075486849957917
COnPOff_F,4132,0.6999737202395672
COnPOff_F,4133,0.6726132120388397
COnPOff_F,4134,0.6971397455145424
COnPOff_F,4135,0.6817911028737809
COnPOff_F,4136,0.6950848610441391
COnPOff_F,4137,0.6651730874394917
COnPOff_F,4138,0.6743769419672911
COnPOff_F,4139,0.7042858738865652
COnPOff_F,4140,0.6815749281016853
COnPOff_F,4141,0.6893358944632456
COnPOff_F,4142,0.7142211643579066
COnPOff_F,4143,0.6619568428427125
COnPOff_F,4144,0.6710189259834664
COnPOff_F,4145,0.6616511963150374
COnPOff_F,4146,0.6791121996608795
COnPOff_F,4147,0.6987395991144036
COnPOff_F,4148,0.6654011122719962
COnPOff_F,4149,0.6328814764142118
COnPOff_F,4150,0.6691989314755424
COnPOff_F,4151,0.667644803684562
COnPOff_F,4152,0.6769069774685251
COnPOff_F,4153,0.6603883479233357
COnPOff_F,4154,0.7065020482210963
COnPOff_F,4155,0.7036457223780674
COnPOff_F,4156,0.6961218156907738
COnPOff_F,4157,0.7171386268109154
COnPOff_F,4158,0.6469563535761852
COnPOff_F,4159,0.698721114069459
COnPOff_F,4160,0.6858511791855696
COnPOff_F,4161,0.6560329935980174
COnPOff_F,4162,0.7046976955529485
COnPOff_F,4163,0.703897150885703
COnPOff_F,4164,0.6835129149771211
COnPOff_F,4165,0.6926074384847576
COnPOff_F,4166,0.6713174516938023
COnPOff_F,4167,0.6774186849127984
COnPOff_F,4168,0.6888904747741894
COnPOff_F,4169,0.7121490967203825
COnPOff_F,4170,0.6925124902772075
COnPOff_F,4171,0.6799947456984208
COnPOff_F,4172,0.6752420620898849
COnPOff_F,4173,0.6625213459507776
COnPOff_F,4174,0.6845992535613691
COnPOff_F,4175,0.6808507558456307
COnPOff_F,4176,0.686375230786953
COnPOff_F,4177,0.6706941563517379
COnPOff_F,4178,0.6905285074269588
COnPOff_F,4179,0.6946777667472809
COnPOff_F,4180,0.6826221709730889
COnPOff_F,4181,0.6640329777160373
COnPOff_F,4182,0.6632687438270317
COnPOff_F,4183,0.6864331989453333
COnPOff_F,4184,0.6782632742170122
COnPOff_F,4185,0.6745943555087489
COnPOff_F,4186,0.698975240459832
COnPOff_F,4187,0.6968821065529577
COnPOff_F,4188,0.703376756567309
COnPOff_F,4189,0.668444767124923
COnPOff_F,4190,0.6367519818825772
COnPOff_F,4191,0.6870065846618549
COnPOff_F,4192,0.712541302286786
COnPOff_F,4193,0.660591990254011
COnPOff_F,4194,0.6576901169184385
COnPOff_F,4195,0.717259148198976
COnPOff_F,4196,0.69222442826484
COnPOff_F,4197,0.6941340344075881
COnPOff_F,4198,0.6740819119821244
COnPOff_F,4199,0.6494588362656115
COnPOff_F,4200,0.6710158125581831
COnPOff_F,4201,0.6945110145102731
COnPOff_F,4202,0.7354138108254369
COnPOff_F,4203,0.680262013771072
COnPOff_F,4204,0.7008717212894764
COnPOff_F,4205,0.674507827370132
COnPOff_F,4206,0.6738794886071013
COnPOff_F,4207,0.6589164047900813
COnPOff_F,4208,0.6947272547510203
COnPOff_F,4209,0.7260303658925968
COnPOff_F,4210,0.6931222709749429
COnPOff_F,4211,0.688924007668963
COnPOff_F,4212,0.6793687000696488
COnPOff_F,4213,0.6757237011236105
COnPOff_F,4214,0.6771666191461584
COnPOff_F,4215,0.6907196346655456
COnPOff_F,4216,0.680160780077173
COnPOff_F,4217,0.6517328694396959
COnPOff_F,4218,0.7179731537904156
COnPOff_F,4219,0.6426091932489617
COnPOff_F,4220,0.666313657895249
COnPOff_F,4221,0.6620662048933635
COnPOff_F,4222,0.7032718441482898
COnPOff_F,4223,0.7138048251897653
COnPOff_F,4224,0.6499110787963256
COnPOff_F,4225,0.679287389658235
COnPOff_F,4226,0.6871638568066736
COnPOff_F,4227,0.6763659645356251
COnPOff_F,4228,0.6934192788731925
COnPOff_F,4229,0.6765719139506914
COnPOff_F,4230,0.6741859857919716
COnPOff_F,4231,0.668826548632688
COnPOff_F,4232,0.7004936621312595
COnPOff_F,4233,0.7407450629202644
COnPOff_F,4234,0.6907759289479067
COnPOff_F,4235,0.6942301875490557
COnPOff_F,4236,0.6835317298949769
COnPOff_F,4237,0.715768504159698
COnPOff_F,4238,0.6980211217679161
COnPOff_F,4239,0.6727924620796312
COnPOff_F,4240,0.6924727071254356
COnPOff_F,4241,0.6487386294163672
COnPOff_F,4242,0.6970271431365935
COnPOff_F,4243,0.6597391229206718
COnPOff_F,4244,0.6887790795077106
COnPOff_F,4245,0.6476114135322026
COnPOff_F,4246,0.6788888625614057
COnPOff_F,4247,0.6540132188602273
COnPOff_F,4248,0.706881371707484
COnPOff_F,4249,0.6640460264696044
COnPOff_F,4250,0.6771401288873564
COnPOff_F,4251,0.6620852579110771
COnPOff_F,4252,0.6483045378820147
COnPOff_F,4253,0.7045586534726276
COnPOff_F,4254,0.691827534611961
COnPOff_F,4255,0.6519885600515215
COnPOff_F,4256,0.6577747096974282
COnPOff_F,4257,0.6707956004634753
COnPOff_F,4258,0.6503304633671103
COnPOff_F,4259,0.6690869669940469
COnPOff_F,4260,0.6940597880223798
COnPOff_F,4261,0.6687681329932332
COnPOff_F,4262,0.7086248217915566
COnPOff_F,4263,0.6828203357307489
COnPOff_F,4264,0.67044086394378
COnPOff_F,4265,0.6940555419283737
COnPOff_F,4266,0.7057950900070348
COnPOff_F,4267,0.6931372256184808
COnPOff_F,4268,0.6874935210176919
COnPOff_F,4269,0.6931468573122794
COnPOff_F,4270,0.6908106872993586
COnPOff_F,4271,0.6980193356907298
COnPOff_F,4272,0.6570179100140658
COnPOff_F,4273,0.6784231527139838
COnPOff_F,4274,0.7150214952048302
COnPOff_F,4275,0.7013201527169841
COnPOff_F,4276,0.6918951055378417
COnPOff_F,4277,0.6677643322977458
COnPOff_F,4278,0.6845039004891411
COnPOff_F,4279,0.7022010511424622
COnPOff_F,4280,0.7069497110827084
COnPOff_F,4281,0.7266068506546778
COnPOff_F,4282,0.6903163054773133
COnPOff_F,4283,0.6812867024886594
COnPOff_F,4284,0.673668093391549
COnPOff_F,4285,0.7109515757122162
COnPOff_F,4286,0.6749814066226253
COnPOff_F,4287,0.6978601246810845
COnPOff_F,4288,0.6905476789512095
COnPOff_F,4289,0.6959848656595103
COnPOff_F,4290,0.6844676517170644
COnPOff_F,4291,0.649281669680341
COnPOff_F,4292,0.6399140756425412
COnPOff_F,4293,0.6937766311521294
COnPOff_F,4294,0.6724847691298164
COnPOff_F,4295,0.6828529881138955
COnPOff_F,4296,0.6927561591420782
COnPOff_F,4297,0.6617281556552956
COnPOff_F,4298,0.6210365633428369
COnPOff_F,4299,0.6869173160465236
COnPOff_F,4300,0.6545829885278098
COnPOff_F,4301,0.6944530269748593
COnPOff_F,4302,0.6676475045343847
COnPOff_F,4303,0.7066025216622195
COnPOff_F,4304,0.6644645088407117
COnPOff_F,4305,0.6845863077578425
COnPOff_F,4306,0.6805625092489724
COnPOff_F,4307,0.6813607418903925
COnPOff_F,4308,0.7178650368848407
COnPOff_F,4309,0.6775475342921824
COnPOff_F,4310,0.6898488901925233
COnPOff_F,4311,0.69303900396599
COnPOff_F,4312,0.6943530276718965
COnPOff_F,4313,0.7065964445028114
COnPOff_F,4314,0.672934480932339
COnPOff_F,4315,0.7058067740126961
COnPOff_F,4316,0.66528438545525
COnPOff_F,4317,0.6814877025144215
COnPOff_F,4318,0.6753807286159796
COnPOff_F,4319,0.7014702326419413
COnPOff_F,4320,0.64829311334409
COnPOff_F,4321,0.6623890552446429
COnPOff_F,4322,0.6877991037282534
COnPOff_F,4323,0.684988062860421
COnPOff_F,4324,0.6930325521415627
COnPOff_F,4325,0.6685657752274867
COnPOff_F,4326,0.6753124966083247
COnPOff_F,4327,0.6618894051064909
COnPOff_F,4328,0.6666861595804695
COnPOff_F,4329,0.6444311002174017
COnPOff_F,4330,0.6909401806778348
COnPOff_F,4331,0.6806840970249975
COnPOff_F,4332,0.6670964624249457
COnPOff_F,4333,0.6851383895151507
COnPOff_F,4334,0.6500576149776723
COnPOff_F,4335,0.6701716701199473
COnPOff_F,4336,0.7013150000768631
COnPOff_F,4337,0.7253592961466536
COnPOff_F,4338,0.6765390692351269
COnPOff_F,4339,0.709744795259537
COnPOff_F,4340,0.6680680654801818
COnPOff_F,4341,0.7045722312860906
COnPOff_F,4342,0.6495789515832051
COnPOff_F,4343,0.6856608383768592
COnPOff_F,4344,0.7028794747469608
COnPOff_F,4345,0.662884027786706
COnPOff_F,4346,0.681065933453908
COnPOff_F,4347,0.6598266406456005
COnPOff_F,4348,0.683939153257775
COnPOff_F,4349,0.696289722700359
COnPOff_F,4350,0.6868662769109168
COnPOff_F,4351,0.673557027693664
COnPOff_F,4352,0.678396831676511
COnPOff_F,4353,0.6627705386793302
COnPOff_F,4354,0.7254151543061295
COnPOff_F,4355,0.719979959980367
COnPOff_F,4356,0.7065134560862736
COnPOff_F,4357,0.6875007060433121
COnPOff_F,4358,0.6893651352374606
COnPOff_F,4359,0.6961308333694417
COnPOff_F,4360,0.6954415565559912
COnPOff_F,4361,0.6592455013804536
COnPOff_F,4362,0.7215528445222986
COnPOff_F,4363,0.6860483374812966
COnPOff_F,4364,0.6648764033423129
COnPOff_F,4365,0.6769393133350095
COnPOff_F,4366,0.664614177132202
COnPOff_F,4367,0.6580775380679486
COnPOff_F,4368,0.6662388509328532
COnPOff_F,4369,0.6725895521011436
COnPOff_F,4370,0.6921410682308986
COnPOff_F,4371,0.7119176402836307
COnPOff_F,4372,0.6710366638733924
COnPOff_F,4373,0.6983946795053801
COnPOff_F,4374,0.6724831955565533
COnPOff_F,4375,0.6750243180463573
COnPOff_F,4376,0.7038931599757938
COnPOff_F,4377,0.6991678299099452
COnPOff_F,4378,0.7086801251626281
COnPOff_F,4379,0.7243709425108306
COnPOff_F,4380,0.6731037827903599
COnPOff_F,4381,0.6864331216383405
COnPOff_F,4382,0.6735910878792891
COnPOff_F,4383,0.6963627620030187
COnPOff_F,4384,0.6576616381498555
COnPOff_F,4385,0.6963886897210249
COnPOff_F,4386,0.6793617630730108
COnPOff_F,4387,0.6765208920704633
COnPOff_F,4388,0.7142065164455937
COnPOff_F,4389,0.670643945165528
COnPOff_F,4390,0.7022998873977023
COnPOff_F,4391,0.6962523789390241
COnPOff_F,4392,0.6854654968968182
COnPOff_F,4393,0.6568001718579243
COnPOff_F,4394,0.6839301117470122
COnPOff_F,4395,0.6934073221416722
COnPOff_F,4396,0.7009183050826567
COnPOff_F,4397,0.6655699861512389
COnPOff_F,4398,0.6824415128016748
COnPOff_F,4399,0.7168355592470298
COnPOff_F,4400,0.6646113688847053
COnPOff_F,4401,0.6862269623766348
COnPOff_F,4402,0.7038799854011885
COnPOff_F,4403,0.7105004084569834
COnPOff_F,4404,0.6876802535240379
COnPOff_F,4405,0.6413977540651528
COnPOff_F,4406,0.66172908046764
COnPOff_F,4407,0.7154345370876309
COnPOff_F,4408,0.6900475376194234
COnPOff_F,4409,0.6730628232615234
COnPOff_F,4410,0.6782130785398232
COnPOff_F,4411,0.6812309561571691
COnPOff_F,4412,0.7036653001755271
COnPOff_F,4413,0.6793893881706304
COnPOff_F,4414,0.6682343366506968
COnPOff_F,4415,0.7057933070407025
COnPOff_F,4416,0.7126295889476058
COnPOff_F,4417,0.6813704215587529
COnPOff_F,4418,0.6425348620203066
COnPOff_F,4419,0.6831202901402103
COnPOff_F,4420,0.6653643751090899
COnPOff_F,4421,0.6818322226772912
COnPOff_F,4422,0.6734000818837982
COnPOff_F,4423,0.728953383267097
COnPOff_F,4424,0.7063349728213761
COnPOff_F,4425,0.6803762253719526
COnPOff_F,4426,0.6939604517758083
COnPOff_F,4427,0.6814193728772129
COnPOff_F,4428,0.6533295501490071
COnPOff_F,4429,0.6984176944226503
COnPOff_F,4430,0.7054428430273796
COnPOff_F,4431,0.6931142643858784
COnPOff_F,4432,0.6810165125579408
COnPOff_F,4433,0.6873904692675206
COnPOff_F,4434,0.6682169043440629
COnPOff_F,4435,0.7144790683445796
COnPOff_F,4436,0.670887113605058
COnPOff_F,4437,0.6897532576845908
COnPOff_F,4438,0.7426861752810783
COnPOff_F,4439,0.6640118451223908
COnPOff_F,4440,0.6793912517417009
COnPOff_F,4441,0.6710478967197391
COnPOff_F,4442,0.7186873246108418
COnPOff_F,4443,0.6826834577548688
COnPOff_F,4444,0.7415697428094601
COnPOff_F,4445,0.7078873426718846
COnPOff_F,4446,0.6756976344250119
COnPOff_F,4447,0.6811241722476301
COnPOff_F,4448,0.7049606807215892
COnPOff_F,4449,0.6807677579241334
COnPOff_F,4450,0.6899687102278328
COnPOff_F,4451,0.6651805275226913
COnPOff_F,4452,0.6938549162488289
COnPOff_F,4453,0.6752642415068173
COnPOff_F,4454,0.6636005512344836
COnPOff_F,4455,0.6553918622007779
COnPOff_F,4456,0.7578730986468913
COnPOff_F,4457,0.6890798069413604
COnPOff_F,4458,0.7233945910497471
COnPOff_F,4459,0.6684692460493855
COnPOff_F,4460,0.6603368924948924
COnPOff_F,4461,0.6693196152064956
COnPOff_F,4462,0.6921030422540111
COnPOff_F,4463,0.6843507097279007
COnPOff_F,4464,0.680996292367575
COnPOff_F,4465,0.709078819018753
COnPOff_F,4466,0.6832446925425782
COnPOff_F,4467,0.7188903366182927
COnPOff_F,4468,0.6724380049047984
COnPOff_F,4469,0.6573934455688392
COnPOff_F,4470,0.7022842902736507
COnPOff_F,4471,0.6526425653140763
COnPOff_F,4472,0.6821494255548184
COnPOff_F,4473,0.6573530200222758
COnPOff_F,4474,0.6860041754845002
COnPOff_F,4475,0.702619582608608
COnPOff_F,4476,0.6745030803809577
COnPOff_F,4477,0.6731375073007868
COnPOff_F,4478,0.6869589215446927
COnPOff_F,4479,0.6918984914430145
COnPOff_F,4480,0.6927550103887029
COnPOff_F,4481,0.7027791715701094
COnPOff_F,4482,0.6706542100429415
COnPOff_F,4483,0.6943409363776247
COnPOff_F,4484,0.6908622782198484
COnPOff_F,4485,0.6783055018851831
COnPOff_F,4486,0.6720800994659493
COnPOff_F,4487,0.6660533796745349
COnPOff_F,4488,0.6691584113093918
COnPOff_F,4489,0.7213124976593627
COnPOff_F,4490,0.6779868863808233
COnPOff_F,4491,0.6954159981458855
COnPOff_F,4492,0.6583065169317157
COnPOff_F,4493,0.6479236295691795
COnPOff_F,4494,0.6825474728345261
COnPOff_F,4495,0.6773437710859755
COnPOff_F,4496,0.6477891185303031
COnPOff_F,4497,0.6561390135515248
COnPOff_F,4498,0.6899248332699264
COnPOff_F,4499,0.6990717921672663
COnPOff_F,4500,0.68830932142555
COnPOff_F,4501,0.7077545522300251
COnPOff_F,4502,0.6750048193244608
COnPOff_F,4503,0.6831722860018326
COnPOff_F,4504,0.6619390235520807
COnPOff_F,4505,0.6933709008713361
COnPOff_F,4506,0.6360462484545598
COnPOff_F,4507,0.6987632722819922
COnPOff_F,4508,0.652571914236066
COnPOff_F,4509,0.6802409809136853
COnPOff_F,4510,0.6852791891401286
COnPOff_F,4511,0.6643438482535343
COnPOff_F,4512,0.6788797935046175
COnPOff_F,4513,0.6864782538267827
COnPOff_F,4514,0.6902325772232473
COnPOff_F,4515,0.6946303440001355
COnPOff_F,4516,0.6616479421690533
COnPOff_F,4517,0.6664004270037265
COnPOff_F,4518,0.6770313606469454
COnPOff_F,4519,0.6546178716316472
COnPOff_F,4520,0.6758238724577885
COnPOff_F,4521,0.6879444120586881
COnPOff_F,4522,0.6910423985521204
COnPOff_F,4523,0.6825304516392396
COnPOff_F,4524,0.6984522287046779
COnPOff_F,4525,0.6920800668204494
COnPOff_F,4526,0.6887888136879072
COnPOff_F,4527,0.6698782963708109
COnPOff_F,4528,0.6814226476165066
COnPOff_F,4529,0.6783234093910631
COnPOff_F,4530,0.7102271847388306
COnPOff_F,4531,0.6879756392659447
COnPOff_F,4532,0.6618919179610055
COnPOff_F,4533,0.6842262893117749
COnPOff_F,4534,0.6674105265796539
COnPOff_F,4535,0.6900751454738394
COnPOff_F,4536,0.679011651385478
COnPOff_F,4537,0.6886960998009427
COnPOff_F,4538,0.6670937918622044
COnPOff_F,4539,0.661874290783388
COnPOff_F,4540,0.6741907388470342
COnPOff_F,4541,0.7088682315547313
COnPOff_F,4542,0.6748432193827614
COnPOff_F,4543,0.671420116971162
COnPOff_F,4544,0.6510393590023579
COnPOff_F,4545,0.7064815853684353
COnPOff_F,4546,0.6724408632116309
COnPOff_F,4547,0.6893347096406808
COnPOff_F,4548,0.6907781098535695
COnPOff_F,4549,0.6917756628051395
COnPOff_F,4550,0.6656095546890167
COnPOff_F,4551,0.6650248454900796
COnPOff_F,4552,0.6688448177859888
COnPOff_F,4553,0.6861572744621708
COnPOff_F,4554,0.7063009861862956
COnPOff_F,4555,0.6576668675224991
COnPOff_F,4556,0.6973165486890425
COnPOff_F,4557,0.689941589429739
COnPOff_F,4558,0.6887647199559754
COnPOff_F,4559,0.7033985442014176
COnPOff_F,4560,0.6808955600721464
COnPOff_F,4561,0.664423419022266
COnPOff_F,4562,0.6560545543086281
COnPOff_F,4563,0.692034979085272
COnPOff_F,4564,0.6725149902886159
COnPOff_F,4565,0.6684774413615885
COnPOff_F,4566,0.6644145704619903
COnPOff_F,4567,0.6747604985389613
COnPOff_F,4568,0.7043726123850029
COnPOff_F,4569,0.678131800392601
COnPOff_F,4570,0.6866183135594801
COnPOff_F,4571,0.7105734998353331
COnPOff_F,4572,0.6531272201962395
COnPOff_F,4573,0.7043027138516729
COnPOff_F,4574,0.6610649606767489
COnPOff_F,4575,0.6712294060354052
COnPOff_F,4576,0.6899838467259185
COnPOff_F,4577,0.6853776060182105
COnPOff_F,4578,0.6626092647022638
COnPOff_F,4579,0.659493523497732
COnPOff_F,4580,0.6580526531136935
COnPOff_F,4581,0.6868356251192169
COnPOff_F,4582,0.689872292701902
COnPOff_F,4583,0.6891004719090059
COnPOff_F,4584,0.6817657347720627
COnPOff_F,4585,0.6780878576515396
COnPOff_F,4586,0.7108332661447055
COnPOff_F,4587,0.6835456828758399
COnPOff_F,4588,0.7060112272338995
COnPOff_F,4589,0.6845846336636905
COnPOff_F,4590,0.6780831663024706
COnPOff_F,4591,0.6653073598291348
COnPOff_F,4592,0.698373946008276
COnPOff_F,4593,0.674969790660203
COnPOff_F,4594,0.688397280629333
COnPOff_F,4595,0.684232656046298
COnPOff_F,4596,0.6704954443671932
COnPOff_F,4597,0.6842952661200751
COnPOff_F,4598,0.6661935084109846
COnPOff_F,4599,0.6965219725802424
COnPOff_F,4600,0.7025986908807529
COnPOff_F,4601,0.7322735981744561
COnPOff_F,4602,0.6577384540239913
COnPOff_F,4603,0.6976203478632825
COnPOff_F,4604,0.7041816505459595
COnPOff_F,4605,0.6638671855211395
COnPOff_F,4606,0.6829193247107311
COnPOff_F,4607,0.6813103761682954
COnPOff_F,4608,0.6958705288206699
COnPOff_F,4609,0.689691771005653
COnPOff_F,4610,0.6821097088497335
COnPOff_F,4611,0.6764973038185164
COnPOff_F,4612,0.7186480113738248
COnPOff_F,4613,0.7009759672075995
COnPOff_F,4614,0.669030546552639
COnPOff_F,4615,0.6574508140652837
COnPOff_F,4616,0.6628138514481727
COnPOff_F,4617,0.6952630042341676
COnPOff_F,4618,0.6951579372295822
COnPOff_F,4619,0.6836121258949096
COnPOff_F,4620,0.6909058880145065
COnPOff_F,4621,0.6859829627720518
COnPOff_F,4622,0.7218259090638355
COnPOff_F,4623,0.6530992314905354
COnPOff_F,4624,0.677991021451585
COnPOff_F,4625,0.6560006300323215
COnPOff_F,4626,0.6616077255214646
COnPOff_F,4627,0.6973213517428604
COnPOff_F,4628,0.6478232850531995
COnPOff_F,4629,0.7053972319330338
COnPOff_F,4630,0.6723936544789426
COnPOff_F,4631,0.6649181525797432
COnPOff_F,4632,0.6838172739784811
COnPOff_F,4633,0.7016558093315876
COnPOff_F,4634,0.6611209778627316
COnPOff_F,4635,0.6633686808275269
COnPOff_F,4636,0.6985962864900718
COnPOff_F,4637,0.662966055104177
COnPOff_F,4638,0.6747708564890795
COnPOff_F,4639,0.6726620660806059
COnPOff_F,4640,0.678574613008841
COnPOff_F,4641,0.70319397104087
COnPOff_F,4642,0.6858399317519166
COnPOff_F,4643,0.7176466153341203
COnPOff_F,4644,0.7061332244905973
COnPOff_F,4645,0.7212083033869405
COnPOff_F,4646,0.6593996844025627
COnPOff_F,4647,0.7028658304464788
COnPOff_F,4648,0.7141508043329611
COnPOff_F,4649,0.6531212628183393
COnPOff_F,4650,0.7133284752940241
COnPOff_F,4651,0.699074119119767
COnPOff_F,4652,0.661633720380157
COnPOff_F,4653,0.6754965482898451
COnPOff_F,4654,0.7003806637308172
COnPOff_F,4655,0.7055094001483863
COnPOff_F,4656,0.6605169120963437
COnPOff_F,4657,0.7021200997131636
COnPOff_F,4658,0.7115411919415628
COnPOff_F,4659,0.6765922035673877
COnPOff_F,4660,0.7067076773311681
COnPOff_F,4661,0.6742653541014686
COnPOff_F,4662,0.6950222649334257
COnPOff_F,4663,0.6707623014387983
COnPOff_F,4664,0.6744738718391369
COnPOff_F,4665,0.6647326917594701
COnPOff_F,4666,0.7052285431630704
COnPOff_F,4667,0.683570352608427
COnPOff_F,4668,0.659951658612432
COnPOff_F,4669,0.7086634488054108
COnPOff_F,4670,0.7030502819875778
COnPOff_F,4671,0.6807631313462718
COnPOff_F,4672,0.715204444691696
COnPOff_F,4673,0.6695707054162232
COnPOff_F,4674,0.6799479024958185
COnPOff_F,4675,0.6665045219815559
COnPOff_F,4676,0.696787613397205
COnPOff_F,4677,0.6881954002025709
COnPOff_F,4678,0.7453508944503082
COnPOff_F,4679,0.6977611447227815
COnPOff_F,4680,0.6546483162229979
COnPOff_F,4681,0.6499562569622652
COnPOff_F,4682,0.66640023762074
COnPOff_F,4683,0.6691334555475658
COnPOff_F,4684,0.716464965421354
COnPOff_F,4685,0.7280663933244673
COnPOff_F,4686,0.7166701703853122
COnPOff_F,4687,0.6840788727586171
COnPOff_F,4688,0.6739985713736436
COnPOff_F,4689,0.6684453598350827
COnPOff_F,4690,0.6695672215529398
COnPOff_F,4691,0.7010100051017263
COnPOff_F,4692,0.7086428059611578
COnPOff_F,4693,0.6787057745463388
COnPOff_F,4694,0.6271232229542131
COnPOff_F,4695,0.702975222614857
COnPOff_F,4696,0.7009550218975081
COnPOff_F,4697,0.6729655591203229
COnPOff_F,4698,0.7051682862333419
COnPOff_F,4699,0.6669318230110776
COnPOff_F,4700,0.648043602445336
COnPOff_F,4701,0.7087525333508092
COnPOff_F,4702,0.6866505008759485
COnPOff_F,4703,0.6500608496138985
COnPOff_F,4704,0.6860848793103678
COnPOff_F,4705,0.6426776377902712
COnPOff_F,4706,0.6778402305319822
COnPOff_F,4707,0.7016741148864029
COnPOff_F,4708,0.6964202725600838
COnPOff_F,4709,0.7009385156920236
COnPOff_F,4710,0.6906071158021208
COnPOff_F,4711,0.6673144843096649
COnPOff_F,4712,0.6674611481443039
COnPOff_F,4713,0.7298995831234127
COnPOff_F,4714,0.6937334308107022
COnPOff_F,4715,0.6724629680896417
COnPOff_F,4716,0.6937667341265107
COnPOff_F,4717,0.7026445798265863
COnPOff_F,4718,0.7214770753167646
COnPOff_F,4719,0.6686649963415824
COnPOff_F,4720,0.6935594323456686
COnPOff_F,4721,0.6848365736111142
COnPOff_F,4722,0.6876304341773117
COnPOff_F,4723,0.6916551434929492
COnPOff_F,4724,0.6571308341944271
COnPOff_F,4725,0.6537941741042118
COnPOff_F,4726,0.6971410667488455
COnPOff_F,4727,0.7016996115793418
COnPOff_F,4728,0.6699961465317095
COnPOff_F,4729,0.6929379390445052
COnPOff_F,4730,0.7080042564895724
COnPOff_F,4731,0.7134864020540553
COnPOff_F,4732,0.6541839603943473
COnPOff_F,4733,0.6522042018531219
COnPOff_F,4734,0.7141457726248197
COnPOff_F,4735,0.7122130351368721
COnPOff_F,4736,0.7014394712340136
COnPOff_F,4737,0.685318415583166
COnPOff_F,4738,0.6585564823771431
COnPOff_F,4739,0.6886059613078557
COnPOff_F,4740,0.6730216684563807
COnPOff_F,4741,0.6737485517984477
COnPOff_F,4742,0.6829096635296421
COnPOff_F,4743,0.6760750615880363
COnPOff_F,4744,0.6787960099830367
COnPOff_F,4745,0.7309796888618034
COnPOff_F,4746,0.6842124127202265
COnPOff_F,4747,0.6408728909940925
COnPOff_F,4748,0.6816131246841244
COnPOff_F,4749,0.717441066450785
COnPOff_F,4750,0.6845204215520915
COnPOff_F,4751,0.6848300269792105
COnPOff_F,4752,0.6963380999610962
COnPOff_F,4753,0.6758785231674492
COnPOff_F,4754,0.6868518944751719
COnPOff_F,4755,0.689487807377813
COnPOff_F,4756,0.6388187558081774
COnPOff_F,4757,0.7027786855499017
COnPOff_F,4758,0.6482474418136728
COnPOff_F,4759,0.7021557208199756
COnPOff_F,4760,0.7315143499168265
COnPOff_F,4761,0.7291231466542278
COnPOff_F,4762,0.6598072794904003
COnPOff_F,4763,0.6734519170524964
COnPOff_F,4764,0.6992416032016603
COnPOff_F,4765,0.7076997860789112
COnPOff_F,4766,0.7039425486351503
COnPOff_F,4767,0.6725137850656435
COnPOff_F,4768,0.7231503779660191
COnPOff_F,4769,0.6478162921790884
COnPOff_F,4770,0.665799015776717
COnPOff_F,4771,0.6997357333379305
COnPOff_F,4772,0.6825350402646236
COnPOff_F,4773,0.6522680751520938
COnPOff_F,4774,0.6840009729767371
COnPOff_F,4775,0.6903038991041958
COnPOff_F,4776,0.6526115774353338
COnPOff_F,4777,0.6720784351011581
COnPOff_F,4778,0.68078275777534
COnPOff_F,4779,0.6287436857554065
COnPOff_F,4780,0.6640018359031895
COnPOff_F,4781,0.6852093504233846
COnPOff_F,4782,0.730499704532291
COnPOff_F,4783,0.7019573945877668
COnPOff_F,4784,0.7010566828349468
COnPOff_F,4785,0.6688612450761205
COnPOff_F,4786,0.6601690192880068
COnPOff_F,4787,0.6741280420338481
COnPOff_F,4788,0.6776637600476562
COnPOff_F,4789,0.6998123442031352
COnPOff_F,4790,0.671738789277767
COnPOff_F,4791,0.7332702607655388
COnPOff_F,4792,0.6800619099609854
COnPOff_F,4793,0.7160504269300239
COnPOff_F,4794,0.6700796751313551
COnPOff_F,4795,0.6851736048139303
COnPOff_F,4796,0.6672986698877604
COnPOff_F,4797,0.6779518762327587
COnPOff_F,4798,0.7274840762086685
COnPOff_F,4799,0.6871987208267772
COnPOff_F,4800,0.6922536697094033
COnPOff_F,4801,0.6889758617304016
COnPOff_F,4802,0.7087191959287966
COnPOff_F,4803,0.6502743546806664
COnPOff_F,4804,0.7318037082952856
COnPOff_F,4805,0.6844090461015132
COnPOff_F,4806,0.6427328521322595
COnPOff_F,4807,0.7023698367948451
COnPOff_F,4808,0.6802032984891845
COnPOff_F,4809,0.701361714249134
COnPOff_F,4810,0.6673750005450626
COnPOff_F,4811,0.698469481385726
COnPOff_F,4812,0.6882790516799955
COnPOff_F,4813,0.6936257991758753
COnPOff_F,4814,0.6980289453690282
COnPOff_F,4815,0.6973806785047825
COnPOff_F,4816,0.6916731858071589
COnPOff_F,4817,0.6977322776722993
COnPOff_F,4818,0.6807737488644806
COnPOff_F,4819,0.6802355208905642
COnPOff_F,4820,0.6565151989836148
COnPOff_F,4821,0.6859762727958262
COnPOff_F,4822,0.6733938215407796
COnPOff_F,4823,0.6993700329324838
COnPOff_F,4824,0.6962154409956035
COnPOff_F,4825,0.6638382572961209
COnPOff_F,4826,0.7082452930466154
COnPOff_F,4827,0.6989428371838513
COnPOff_F,4828,0.690677604431482
COnPOff_F,4829,0.7035394432937249
COnPOff_F,4830,0.6749696325732166
COnPOff_F,4831,0.7047947424895221
COnPOff_F,4832,0.6781361054568991
COnPOff_F,4833,0.6848063034684396
COnPOff_F,4834,0.6814967062404139
COnPOff_F,4835,0.7066154916738053
COnPOff_F,4836,0.6668647421457081
COnPOff_F,4837,0.7280615840122369
COnPOff_F,4838,0.6655458699651003
COnPOff_F,4839,0.6735415748416747
COnPOff_F,4840,0.7022808663653068
COnPOff_F,4841,0.6716614936210131
COnPOff_F,4842,0.693810755750934
COnPOff_F,4843,0.7010199170202083
COnPOff_F,4844,0.685779703661835
COnPOff_F,4845,0.6776814614876365
COnPOff_F,4846,0.6980192830131466
COnPOff_F,4847,0.688720195843854
COnPOff_F,4848,0.7156634611338837
COnPOff_F,4849,0.7017726110242318
COnPOff_F,4850,0.6912194255994097
COnPOff_F,4851,0.6738256274658245
COnPOff_F,4852,0.6969861752961575
COnPOff_F,4853,0.6949135396846436
COnPOff_F,4854,0.7151118427522285
COnPOff_F,4855,0.7253680264365991
COnPOff_F,4856,0.6901812303321936
COnPOff_F,4857,0.7257598946076258
COnPOff_F,4858,0.7036918852079098
COnPOff_F,4859,0.6621772484566124
COnPOff_F,4860,0.7132681231124309
COnPOff_F,4861,0.6975492235939682
COnPOff_F,4862,0.662298096431548
COnPOff_F,4863,0.7522002875619166
COnPOff_F,4864,0.6930935418803252
COnPOff_F,4865,0.6777531155201441
COnPOff_F,4866,0.688723171817391
COnPOff_F,4867,0.7093773146177154
COnPOff_F,4868,0.6363347477405694
COnPOff_F,4869,0.6685376766786919
COnPOff_F,4870,0.6928109720956893
COnPOff_F,4871,0.6855586936437011
COnPOff_F,4872,0.6814826661285585
COnPOff_F,4873,0.6651802010246941
COnPOff_F,4874,0.6957503144787536
COnPOff_F,4875,0.6835052713973234
COnPOff_F,4876,0.6901292730087979
COnPOff_F,4877,0.7080812308403938
COnPOff_F,4878,0.6803937897196408
COnPOff_F,4879,0.6667524106559659
COnPOff_F,4880,0.6638690847519109
COnPOff_F,4881,0.7112817200319126
COnPOff_F,4882,0.6989197068168934
COnPOff_F,4883,0.6958417777130859
COnPOff_F,4884,0.7156563628745359
COnPOff_F,4885,0.6524534601768455
COnPOff_F,4886,0.7352898127108215
COnPOff_F,4887,0.667245124473119
COnPOff_F,4888,0.6725382910950983
COnPOff_F,4889,0.6661254145088322
COnPOff_F,4890,0.6847228697238431
COnPOff_F,4891,0.6937205316512349
COnPOff_F,4892,0.6708122431143773
COnPOff_F,4893,0.6279510608580144
COnPOff_F,4894,0.7104488960169069
COnPOff_F,4895,0.7044602270983692
COnPOff_F,4896,0.662507676830552
COnPOff_F,4897,0.756413752848498
COnPOff_F,4898,0.6893582179868472
COnPOff_F,4899,0.706261035284497
COnPOff_F,4900,0.6967495348005959
COnPOff_F,4901,0.7130291543255375
COnPOff_F,4902,0.7133422367182728
COnPOff_F,4903,0.6934531354090157
COnPOff_F,4904,0.6948897238231527
COnPOff_F,4905,0.6948644093115928
COnPOff_F,4906,0.6944450812181246
COnPOff_F,4907,0.6904912604898962
COnPOff_F,4908,0.715724408059988
COnPOff_F,4909,0.7198752425605788
COnPOff_F,4910,0.6856620542624775
COnPOff_F,4911,0.6944801909682052
COnPOff_F,4912,0.71247491575764
COnPOff_F,4913,0.687398284330545
COnPOff_F,4914,0.708588294935253
COnPOff_F,4915,0.6692088186537202
COnPOff_F,4916,0.6848194615681893
COnPOff_F,4917,0.6790536349722133
COnPOff_F,4918,0.7214446050532797
COnPOff_F,4919,0.6675578817312295
COnPOff_F,4920,0.6799830083133509
COnPOff_F,4921,0.7069120787538954
COnPOff_F,4922,0.6787360250784584
COnPOff_F,4923,0.7161188000733585
COnPOff_F,4924,0.6879564503749489
COnPOff_F,4925,0.7277666892469129
COnPOff_F,4926,0.6477268145927715
COnPOff_F,4927,0.6974807479721283
COnPOff_F,4928,0.7077992210166141
COnPOff_F,4929,0.6921034338478433
COnPOff_F,4930,0.6677595962731889
COnPOff_F,4931,0.703813138113021
COnPOff_F,4932,0.6620179722720919
COnPOff_F,4933,0.688928325173081
COnPOff_F,4934,0.6553376077346589
COnPOff_F,4935,0.7271670196223914
COnPOff_F,4936,0.6958107380074839
COnPOff_F,4937,0.6768959304862481
COnPOff_F,4938,0.7228264209489699
COnPOff_F,4939,0.7043355765510176
COnPOff_F,4940,0.696765812453947
COnPOff_F,4941,0.6620991198895539
COnPOff_F,4942,0.7079649466959609
COnPOff_F,4943,0.6947333408190695
COnPOff_F,4944,0.6808694555774542
COnPOff_F,4945,0.6535362562575122
COnPOff_F,4946,0.6746180147730169
COnPOff_F,4947,0.6775066022359822
COnPOff_F,4948,0.7168631226498289
COnPOff_F,4949,0.6520928135274424
COnPOff_F,4950,0.6872093594920529
COnPOff_F,4951,0.65418455955077
COnPOff_F,4952,0.6665665456384505
COnPOff_F,4953,0.6818304108643819
COnPOff_F,4954,0.6782854821518518
COnPOff_F,4955,0.695954853134474
COnPOff_F,4956,0.6580524295883776
COnPOff_F,4957,0.7357129196709574
COnPOff_F,4958,0.6857703724267632
COnPOff_F,4959,0.6599041178907686
COnPOff_F,4960,0.6760009581646695
COnPOff_F,4961,0.695233662057512
COnPOff_F,4962,0.672089697379523
COnPOff_F,4963,0.7011330639509974
COnPOff_F,4964,0.7302279504855061
COnPOff_F,4965,0.7037162383788756
COnPOff_F,4966,0.6913941380032522
COnPOff_F,4967,0.697112033881465
COnPOff_F,4968,0.6861010016163633
COnPOff_F,4969,0.6395026279832545
COnPOff_F,4970,0.6637906989284265
COnPOff_F,4971,0.6673804106708557
COnPOff_F,4972,0.6877192976272625
COnPOff_F,4973,0.6852147302125615
COnPOff_F,4974,0.7017893771475543
COnPOff_F,4975,0.7020787333687704
COnPOff_F,4976,0.6674723293958812
COnPOff_F,4977,0.6591612778852275
COnPOff_F,4978,0.6796141088210309
COnPOff_F,4979,0.7206408934135083
COnPOff_F,4980,0.6709778545830547
COnPOff_F,4981,0.6919436712613715
COnPOff_F,4982,0.7158251898566794
COnPOff_F,4983,0.7045784520458909
COnPOff_F,4984,0.6853078136997653
COnPOff_F,4985,0.6603782582489232
COnPOff_F,4986,0.6805931911515203
COnPOff_F,4987,0.7083064359900509
COnPOff_F,4988,0.7009811060116998
COnPOff_F,4989,0.6706260341881031
COnPOff_F,4990,0.6751704376748685
COnPOff_F,4991,0.6633892172184638
COnPOff_F,4992,0.6844165932788343
COnPOff_F,4993,0.6931772593947328
COnPOff_F,4994,0.7278213947936066
COnPOff_F,4995,0.6860815001212949
COnPOff_F,4996,0.6894972006232535
COnPOff_F,4997,0.683192208649183
COnPOff_F,4998,0.6955840747335602
COnPOff_F,4999,0.6841233060803
COnPOff_F,5000,0.6899894903743228
COnPOff_F,5001,0.6752806997005187
COnPOff_F,5002,0.6708015262238455
COnPOff_F,5003,0.7049757998667601
COnPOff_F,5004,0.6543045311404592
COnPOff_F,5005,0.6885242505881748
COnPOff_F,5006,0.6763758772241104
COnPOff_F,5007,0.6935305633928209
COnPOff_F,5008,0.6944019037552663
COnPOff_F,5009,0.6989173793313711
COnPOff_F,5010,0.6988366268783218
COnPOff_F,5011,0.66572998743099
COnPOff_F,5012,0.6789858906899819
COnPOff_F,5013,0.70500053755666
COnPOff_F,5014,0.6621871782500751
COnPOff_F,5015,0.6852465910593402
COnPOff_F,5016,0.6845307373921311
COnPOff_F,5017,0.6501483500368722
COnPOff_F,5018,0.7207476665432746
COnPOff_F,5019,0.6687090372426866
COnPOff_F,5020,0.6622253280906621
COnPOff_F,5021,0.678169496169181
COnPOff_F,5022,0.685235058026364
COnPOff_F,5023,0.6917072601232822
COnPOff_F,5024,0.6867488497534151
COnPOff_F,5025,0.6951002453247052
COnPOff_F,5026,0.6455275618195153
COnPOff_F,5027,0.7160868116399459
COnPOff_F,5028,0.6896786947707776
COnPOff_F,5029,0.6914403702924815
COnPOff_F,5030,0.6851881619495437
COnPOff_F,5031,0.6786100653390682
COnPOff_F,5032,0.6992425182314473
COnPOff_F,5033,0.6859366788537521
COnPOff_F,5034,0.6864902866010557
COnPOff_F,5035,0.6680669750491888
COnPOff_F,5036,0.721109274511861
COnPOff_F,5037,0.7297652035064592
COnPOff_F,5038,0.6688720108789892
COnPOff_F,5039,0.6728285788785151
COnPOff_F,5040,0.7178681574711746
COnPOff_F,5041,0.7349358406912629
COnPOff_F,5042,0.6761568315979465
COnPOff_F,5043,0.7040798189646104
COnPOff_F,5044,0.6824486486720048
COnPOff_F,5045,0.6980884899899253
COnPOff_F,5046,0.6861914147132687
COnPOff_F,5047,0.7143766436369509
COnPOff_F,5048,0.6811012921888335
COnPOff_F,5049,0.6897509032938974
COnPOff_F,5050,0.692049795943135
COnPOff_F,5051,0.6330697270400772
COnPOff_F,5052,0.6908446724796007
COnPOff_F,5053,0.6663151377336477
COnPOff_F,5054,0.7134804598143812
COnPOff_F,5055,0.7073795060134064
COnPOff_F,5056,0.731198509755008
COnPOff_F,5057,0.6541352039153311
COnPOff_F,5058,0.6884952326481263
COnPOff_F,5059,0.657584024069607
COnPOff_F,5060,0.6632439153014008
COnPOff_F,5061,0.6586805040317245
COnPOff_F,5062,0.6651772387284417
COnPOff_F,5063,0.6713545024330964
COnPOff_F,5064,0.6700519484989895
COnPOff_F,5065,0.6825160613875366
COnPOff_F,5066,0.6561588158541228
COnPOff_F,5067,0.6776170558091813
COnPOff_F,5068,0.6370862997275735
COnPOff_F,5069,0.6851640918368246
COnPOff_F,5070,0.6894058777447432
COnPOff_F,5071,0.6704663441529711
COnPOff_F,5072,0.6825356080788648
COnPOff_F,5073,0.674223848752182
COnPOff_F,5074,0.6831577542241516
COnPOff_F,5075,0.716539675677106
COnPOff_F,5076,0.6786392371142964
COnPOff_F,5077,0.6699546085607136
COnPOff_F,5078,0.6808136115075962
COnPOff_F,5079,0.6850103763036048
COnPOff_F,5080,0.6593396299004967
COnPOff_F,5081,0.6869019130161291
COnPOff_F,5082,0.6671232742705393
COnPOff_F,5083,0.6509257157736307
COnPOff_F,5084,0.717701370953208
COnPOff_F,5085,0.7004721118188257
COnPOff_F,5086,0.6843540119475281
COnPOff_F,5087,0.6821343773812868
COnPOff_F,5088,0.6657098697007509
COnPOff_F,5089,0.6840565666315602
COnPOff_F,5090,0.6638597566761216
COnPOff_F,5091,0.6932332794362361
COnPOff_F,5092,0.6401962303694226
COnPOff_F,5093,0.7052872211324548
COnPOff_F,5094,0.6645751136726821
COnPOff_F,5095,0.6710106862979232
COnPOff_F,5096,0.6396275124830705
COnPOff_F,5097,0.6650563782770206
COnPOff_F,5098,0.6834126057003029
COnPOff_F,5099,0.6702194406174967
COnPOff_F,5100,0.6783110536404934
COnPOff_F,5101,0.6571546273682876
COnPOff_F,5102,0.6987404464605411
COnPOff_F,5103,0.6557509555326047
COnPOff_F,5104,0.6551340093118417
COnPOff_F,5105,0.7017585820889353
COnPOff_F,5106,0.6949241181335598
COnPOff_F,5107,0.70819610739804
COnPOff_F,5108,0.702422147612111
COnPOff_F,5109,0.7012963787811772
COnPOff_F,5110,0.6897234258792114
COnPOff_F,5111,0.6472592708414477
COnPOff_F,5112,0.6578602960748113
COnPOff_F,5113,0.6746048553835414
COnPOff_F,5114,0.6721263232092687
COnPOff_F,5115,0.6888091681004361
COnPOff_F,5116,0.6894655570881794
COnPOff_F,5117,0.6756645496749766
COnPOff_F,5118,0.7075708499502197
COnPOff_F,5119,0.6755282050778251
COnPOff_F,5120,0.6797247230857903
COnPOff_F,5121,0.6708672522540771
COnPOff_F,5122,0.659948173499179
COnPOff_F,5123,0.7107125588009215
COnPOff_F,5124,0.7401305686079516
COnPOff_F,5125,0.7070033170845126
COnPOff_F,5126,0.6568529686956973
COnPOff_F,5127,0.6636610820919389
COnPOff_F,5128,0.6782476228516193
COnPOff_F,5129,0.6964946508350546
COnPOff_F,5130,0.6795652586069248
COnPOff_F,5131,0.7017411832265297
COnPOff_F,5132,0.6975523020721092
COnPOff_F,5133,0.7063212093637949
COnPOff_F,5134,0.7398183432997236
COnPOff_F,5135,0.6624587509834946
COnPOff_F,5136,0.6939180473431469
COnPOff_F,5137,0.6764081360124873
COnPOff_F,5138,0.7188541180460954
COnPOff_F,5139,0.705534651530186
COnPOff_F,5140,0.6957450760073641
COnPOff_F,5141,0.6860653962758816
COnPOff_F,5142,0.6995234579442574
COnPOff_F,5143,0.6578757550852095
COnPOff_F,5144,0.6775470479948733
COnPOff_F,5145,0.6877068260543353
COnPOff_F,5146,0.7047964025363488
COnPOff_F,5147,0.6831131291817385
COnPOff_F,5148,0.6726017276733262
COnPOff_F,5149,0.7264734799649786
COnPOff_F,5150,0.6843351619750891
COnPOff_F,5151,0.671005824300235
COnPOff_F,5152,0.7314385113340363
COnPOff_F,5153,0.7179290150598829
COnPOff_F,5154,0.6848598185337847
COnPOff_F,5155,0.6847524561497247
COnPOff_F,5156,0.6588258358024183
COnPOff_F,5157,0.6896861364613526
COnPOff_F,5158,0.6830421214137856
COnPOff_F,5159,0.6616433520284445
COnPOff_F,5160,0.6426306756981905
COnPOff_F,5161,0.7076877460785447
COnPOff_F,5162,0.671531561155406
COnPOff_F,5163,0.6894846973300675
COnPOff_F,5164,0.6657954652112693
COnPOff_F,5165,0.6747108090575815
COnPOff_F,5166,0.6998013912212268
COnPOff_F,5167,0.6913601307543926
COnPOff_F,5168,0.6634628653434492
COnPOff_F,5169,0.681501942484876
COnPOff_F,5170,0.702722423512386
COnPOff_F,5171,0.7057133991222015
COnPOff_F,5172,0.7073591780019276
COnPOff_F,5173,0.680738530358051
COnPOff_F,5174,0.6843057521227851
COnPOff_F,5175,0.6749961590392081
COnPOff_F,5176,0.7370027106190636
COnPOff_F,5177,0.6563835718018693
COnPOff_F,5178,0.6845499291283573
COnPOff_F,5179,0.6819292988667754
COnPOff_F,5180,0.6693572725635935
COnPOff_F,5181,0.6459618002057541
COnPOff_F,5182,0.6919984244129596
COnPOff_F,5183,0.7024219786578851
COnPOff_F,5184,0.6826979544705414
COnPOff_F,5185,0.6594648212306305
COnPOff_F,5186,0.6922630008067198
COnPOff_F,5187,0.6581577646435012
COnPOff_F,5188,0.6566448258736783
COnPOff_F,5189,0.7131953007417895
COnPOff_F,5190,0.6652541932768689
COnPOff_F,5191,0.685940510985103
COnPOff_F,5192,0.654655570942467
COnPOff_F,5193,0.696460659021262
COnPOff_F,5194,0.7012688486264976
COnPOff_F,5195,0.6860466784660356
COnPOff_F,5196,0.6883317013565263
COnPOff_F,5197,0.6597701542231095
COnPOff_F,5198,0.6516707405938253
COnPOff_F,5199,0.684876255243203
COnPOff_F,5200,0.7201680686892598
COnPOff_F,5201,0.6625857213248121
COnPOff_F,5202,0.665675235360951
COnPOff_F,5203,0.6804682213775645
COnPOff_F,5204,0.690935940918394
COnPOff_F,5205,0.6915522266702839
COnPOff_F,5206,0.6602695653333388
COnPOff_F,5207,0.6845108610689018
COnPOff_F,5208,0.7210661393718304
COnPOff_F,5209,0.6740005125573488
COnPOff_F,5210,0.6486077420282141
COnPOff_F,5211,0.6627468058665411
COnPOff_F,5212,0.6784757557744082
COnPOff_F,5213,0.6697292470183529
COnPOff_F,5214,0.68777370026256
COnPOff_F,5215,0.6730941669587039
COnPOff_F,5216,0.6884260464669821
COnPOff_F,5217,0.7075067584740272
COnPOff_F,5218,0.681016677444822
COnPOff_F,5219,0.6862176797828399
COnPOff_F,5220,0.7067368223628271
COnPOff_F,5221,0.7120046605635637
COnPOff_F,5222,0.6478947256849821
COnPOff_F,5223,0.6525862300670213
COnPOff_F,5224,0.6331933463832339
COnPOff_F,5225,0.7091776672125962
COnPOff_F,5226,0.6648712246407701
COnPOff_F,5227,0.6794253705832959
COnPOff_F,5228,0.6907875183365735
COnPOff_F,5229,0.7006828113779543
COnPOff_F,5230,0.7063005060431664
COnPOff_F,5231,0.6647545637207137
COnPOff_F,5232,0.6849366175484018
COnPOff_F,5233,0.7200219820987597
COnPOff_F,5234,0.6687425470387268
COnPOff_F,5235,0.6753815480571161
COnPOff_F,5236,0.6829512485920199
COnPOff_F,5237,0.645913987256743
COnPOff_F,5238,0.6845488090220793
COnPOff_F,5239,0.7084136249660407
COnPOff_F,5240,0.6448618573232281
COnPOff_F,5241,0.659226188699396
COnPOff_F,5242,0.6655688983134416
COnPOff_F,5243,0.7266559010779857
COnPOff_F,5244,0.6468614927428235
COnPOff_F,5245,0.6704053252194441
COnPOff_F,5246,0.7130235762644034
COnPOff_F,5247,0.7035700778204199
COnPOff_F,5248,0.6970138282709505
COnPOff_F,5249,0.6916822404773688
COnPOff_F,5250,0.6618250548118139
COnPOff_F,5251,0.6723719285520812
COnPOff_F,5252,0.7138499024004418
COnPOff_F,5253,0.6589731946086667
COnPOff_F,5254,0.6776624745599636
COnPOff_F,5255,0.7016151367573331
COnPOff_F,5256,0.6930009742149367
COnPOff_F,5257,0.6892119670268695
COnPOff_F,5258,0.6734585217060439
COnPOff_F,5259,0.690086522039574
COnPOff_F,5260,0.72221526092724
COnPOff_F,5261,0.6720956989744583
COnPOff_F,5262,0.6867096640936315
COnPOff_F,5263,0.7027923130359361
COnPOff_F,5264,0.6705015811122855
COnPOff_F,5265,0.6917029837867482
COnPOff_F,5266,0.7052722917048871
COnPOff_F,5267,0.6735978477485013
COnPOff_F,5268,0.6905154891604798
COnPOff_F,5269,0.7219827785653388
COnPOff_F,5270,0.6709149673081147
COnPOff_F,5271,0.6788908992431885
COnPOff_F,5272,0.6939052912336648
COnPOff_F,5273,0.6892916071012207
COnPOff_F,5274,0.6692785683987093
COnPOff_F,5275,0.6840437477468264
COnPOff_F,5276,0.6963242701371564
COnPOff_F,5277,0.6669934310691441
COnPOff_F,5278,0.6590483850786197
COnPOff_F,5279,0.7005599055542578
COnPOff_F,5280,0.671781771445839
COnPOff_F,5281,0.6837018671241853
COnPOff_F,5282,0.6751460422662414
COnPOff_F,5283,0.679839966275558
COnPOff_F,5284,0.6568974063903115
COnPOff_F,5285,0.6937820761077212
COnPOff_F,5286,0.6710870877679058
COnPOff_F,5287,0.6725729192498867
COnPOff_F,5288,0.6963446860781823
COnPOff_F,5289,0.6656565885658191
COnPOff_F,5290,0.7025241341921107
COnPOff_F,5291,0.70080157269029
COnPOff_F,5292,0.6938214291544779
COnPOff_F,5293,0.6644494365937063
COnPOff_F,5294,0.7277947609617917
COnPOff_F,5295,0.7105264771623847
COnPOff_F,5296,0.6726812284229882
COnPOff_F,5297,0.6775081772557988
COnPOff_F,5298,0.713959469635946
COnPOff_F,5299,0.6907981952944586
COnPOff_F,5300,0.7201623002136689
COnPOff_F,5301,0.69781169963852
COnPOff_F,5302,0.6493070078500268
COnPOff_F,5303,0.6667025986123973
COnPOff_F,5304,0.7226509162983078
COnPOff_F,5305,0.6888577594221932
COnPOff_F,5306,0.7054018610589763
COnPOff_F,5307,0.673185244211532
COnPOff_F,5308,0.7082095499811017
COnPOff_F,5309,0.6956218433274358
COnPOff_F,5310,0.6672818712470524
COnPOff_F,5311,0.6959373483349136
COnPOff_F,5312,0.6881066767095314
COnPOff_F,5313,0.6645281757985543
COnPOff_F,5314,0.6731246456249769
COnPOff_F,5315,0.651609721696253
COnPOff_F,5316,0.6688381947842322
COnPOff_F,5317,0.6835013993683509
COnPOff_F,5318,0.679612388158484
COnPOff_F,5319,0.7166020452285263
COnPOff_F,5320,0.6613551576810552
COnPOff_F,5321,0.6620472640575555
COnPOff_F,5322,0.708509737880561
COnPOff_F,5323,0.6683351824331983
COnPOff_F,5324,0.6829531404567468
COnPOff_F,5325,0.6728063515226874
COnPOff_F,5326,0.6638858587082825
COnPOff_F,5327,0.6575730858690021
COnPOff_F,5328,0.6548374891870195
COnPOff_F,5329,0.6777878222872767
COnPOff_F,5330,0.6737060141774047
COnPOff_F,5331,0.6846497624156354
COnPOff_F,5332,0.6699096585340376
COnPOff_F,5333,0.703200876479632
COnPOff_F,5334,0.6672485104016035
COnPOff_F,5335,0.6644950161701277
COnPOff_F,5336,0.6805643996759393
COnPOff_F,5337,0.6863161120345156
COnPOff_F,5338,0.6580254490866267
COnPOff_F,5339,0.7022234059215614
COnPOff_F,5340,0.6666670979198817
COnPOff_F,5341,0.6867910378927273
COnPOff_F,5342,0.6824807112537861
COnPOff_F,5343,0.6965137762698363
COnPOff_F,5344,0.6856403534239036
COnPOff_F,5345,0.6461374971360406
COnPOff_F,5346,0.669856426002522
COnPOff_F,5347,0.6561812048945301
COnPOff_F,5348,0.7008987909092657
COnPOff_F,5349,0.6845527221234619
COnPOff_F,5350,0.7033110862294667
COnPOff_F,5351,0.6963777865205788
COnPOff_F,5352,0.6937900860972961
COnPOff_F,5353,0.6717937399638908
COnPOff_F,5354,0.6804045878562909
COnPOff_F,5355,0.6970551061212766
COnPOff_F,5356,0.689323551901842
COnPOff_F,5357,0.739810829566906
COnPOff_F,5358,0.6985728803389873
COnPOff_F,5359,0.7194420054576117
COnPOff_F,5360,0.6914616273100177
COnPOff_F,5361,0.6784727597117178
COnPOff_F,5362,0.6749317718571222
COnPOff_F,5363,0.6827077581638248
COnPOff_F,5364,0.6846445210667947
COnPOff_F,5365,0.6926421487626365
COnPOff_F,5366,0.694567088075663
COnPOff_F,5367,0.7090952195179441
COnPOff_F,5368,0.7106199220096224
COnPOff_F,5369,0.6586647952537997
COnPOff_F,5370,0.6730481260477484
COnPOff_F,5371,0.6759121681583489
COnPOff_F,5372,0.639128824075974
COnPOff_F,5373,0.7306255958313265
COnPOff_F,5374,0.6879158669340842
COnPOff_F,5375,0.7007174861378516
COnPOff_F,5376,0.6600618845451927
COnPOff_F,5377,0.7292585803552448
COnPOff_F,5378,0.6602284219787117
COnPOff_F,5379,0.7165862369694266
COnPOff_F,5380,0.6783678593820289
COnPOff_F,5381,0.7038978050856314
COnPOff_F,5382,0.6734932383665236
COnPOff_F,5383,0.6707505132976823
COnPOff_F,5384,0.6964367525469449
COnPOff_F,5385,0.7146909315940438
COnPOff_F,5386,0.69535396532831
COnPOff_F,5387,0.6622062275729242
COnPOff_F,5388,0.7033312888045344
COnPOff_F,5389,0.668158904070005
COnPOff_F,5390,0.6745620734685197
COnPOff_F,5391,0.6814587218690434
COnPOff_F,5392,0.6945195674381363
COnPOff_F,5393,0.6875108560929855
COnPOff_F,5394,0.693944525236989
COnPOff_F,5395,0.6759159282288904
COnPOff_F,5396,0.7073761121812278
COnPOff_F,5397,0.6967026556633014
COnPOff_F,5398,0.6628157311935269
COnPOff_F,5399,0.658084292776143
COnPOff_F,5400,0.7174830892639534
COnPOff_F,5401,0.6830157669352169
COnPOff_F,5402,0.6725696448413291
COnPOff_F,5403,0.6944857034040042
COnPOff_F,5404,0.6783404984761534
COnPOff_F,5405,0.7408146298958448
COnPOff_F,5406,0.6886542749538588
COnPOff_F,5407,0.6910499527221665
COnPOff_F,5408,0.724148306184713
COnPOff_F,5409,0.6956521874049315
COnPOff_F,5410,0.6946238265023683
COnPOff_F,5411,0.682959556096759
COnPOff_F,5412,0.6681917161038833
COnPOff_F,5413,0.7173021466941641
COnPOff_F,5414,0.6812655973436813
COnPOff_F,5415,0.6978736699654493
COnPOff_F,5416,0.684638746610554
COnPOff_F,5417,0.7177291145233264
COnPOff_F,5418,0.7164765611067178
COnPOff_F,5419,0.6760581538784827
COnPOff_F,5420,0.6345583145114388
COnPOff_F,5421,0.6681256059280797
COnPOff_F,5422,0.697042468758375
COnPOff_F,5423,0.6806509036054615
COnPOff_F,5424,0.6785200204604787
COnPOff_F,5425,0.6779305343519675
COnPOff_F,5426,0.6878137059051187
COnPOff_F,5427,0.6824697977940642
COnPOff_F,5428,0.6928298725310597
COnPOff_F,5429,0.6919888421505993
COnPOff_F,5430,0.7081290825558745
COnPOff_F,5431,0.6763400030846157
COnPOff_F,5432,0.6986057155469775
COnPOff_F,5433,0.6714518628036473
COnPOff_F,5434,0.7101305721152967
COnPOff_F,5435,0.7012761093686646
COnPOff_F,5436,0.6657690534297627
COnPOff_F,5437,0.6696060628898163
COnPOff_F,5438,0.6857505919167547
COnPOff_F,5439,0.6614680847104165
COnPOff_F,5440,0.6496732629782989
COnPOff_F,5441,0.6774325842283431
COnPOff_F,5442,0.6454466119747415
COnPOff_F,5443,0.669971775781414
COnPOff_F,5444,0.6540196104159576
COnPOff_F,5445,0.686766083667193
COnPOff_F,5446,0.7057758297031218
COnPOff_F,5447,0.7172652540490749
COnPOff_F,5448,0.6875075084275979
COnPOff_F,5449,0.6838832738267345
COnPOff_F,5450,0.6937150072119713
COnPOff_F,5451,0.6777267457273229
COnPOff_F,5452,0.6773817232756248
COnPOff_F,5453,0.6757298299254948
COnPOff_F,5454,0.6503801909428649
COnPOff_F,5455,0.6726585605257978
COnPOff_F,5456,0.706016799351966
COnPOff_F,5457,0.6679326204715791
COnPOff_F,5458,0.7105979998930912
COnPOff_F,5459,0.6841750241094654
COnPOff_F,5460,0.696993285413588
COnPOff_F,5461,0.6788957325565945
COnPOff_F,5462,0.6684536440047593
COnPOff_F,5463,0.6721628889794959
COnPOff_F,5464,0.686834742763943
COnPOff_F,5465,0.7039336541924792
COnPOff_F,5466,0.6850782990486453
COnPOff_F,5467,0.6945432843079898
COnPOff_F,5468,0.6601507182106564
COnPOff_F,5469,0.6803849524271421
COnPOff_F,5470,0.6924989796236847
COnPOff_F,5471,0.6982869701610749
COnPOff_F,5472,0.6828469168726802
COnPOff_F,5473,0.7042110769548104
COnPOff_F,5474,0.6761625093649389
COnPOff_F,5475,0.679204766741535
COnPOff_F,5476,0.6748227229003787
COnPOff_F,5477,0.7013575237077507
COnPOff_F,5478,0.6756473941048124
COnPOff_F,5479,0.6913221619689419
COnPOff_F,5480,0.6858470216134922
COnPOff_F,5481,0.6864529674391331
COnPOff_F,5482,0.6469897338322832
COnPOff_F,5483,0.69477033934655
COnPOff_F,5484,0.6717312062664853
COnPOff_F,5485,0.6742419760906911
COnPOff_F,5486,0.6885667452898937
COnPOff_F,5487,0.6895313104025697
COnPOff_F,5488,0.6579718250265333
COnPOff_F,5489,0.6767212060850349
COnPOff_F,5490,0.6672992155632853
COnPOff_F,5491,0.6570648695695095
COnPOff_F,5492,0.7181193240398716
COnPOff_F,5493,0.7344048371027129
COnPOff_F,5494,0.6973934998028031
COnPOff_F,5495,0.6490689560402926
COnPOff_F,5496,0.6558417111157882
COnPOff_F,5497,0.6868254981594252
COnPOff_F,5498,0.6786382256943079
COnPOff_F,5499,0.7097799610730802
COnPOff_F,5500,0.6792861423467512
COnPOff_F,5501,0.7118783004567822
COnPOff_F,5502,0.6874870968218457
COnPOff_F,5503,0.6820625824967794
COnPOff_F,5504,0.6381419113667635
COnPOff_F,5505,0.6841976318232103
COnPOff_F,5506,0.6814868696594865
COnPOff_F,5507,0.6663505983193193
COnPOff_F,5508,0.6766426685388958
COnPOff_F,5509,0.6999773961321565
COnPOff_F,5510,0.6823044482991018
COnPOff_F,5511,0.6817390563990998
COnPOff_F,5512,0.6677666556724913
COnPOff_F,5513,0.6497970936936219
COnPOff_F,5514,0.7127093986586488
COnPOff_F,5515,0.7163730669552463
COnPOff_F,5516,0.7102101895228611
COnPOff_F,5517,0.6958742044846562
COnPOff_F,5518,0.696521021420943
COnPOff_F,5519,0.6436184900024398
COnPOff_F,5520,0.677311399187253
COnPOff_F,5521,0.7003676464269756
COnPOff_F,5522,0.6721860774295971
COnPOff_F,5523,0.6449323223903389
COnPOff_F,5524,0.6823456660435178
COnPOff_F,5525,0.6868515778661106
COnPOff_F,5526,0.6879353271261407
COnPOff_F,5527,0.6781076720142073
COnPOff_F,5528,0.6814663806114057
COnPOff_F,5529,0.6749113997545407
COnPOff_F,5530,0.6631204657920069
COnPOff_F,5531,0.6822487926888047
COnPOff_F,5532,0.6408720359379001
COnPOff_F,5533,0.6700164939480555
COnPOff_F,5534,0.6858095992913276
COnPOff_F,5535,0.6905131019100388
COnPOff_F,5536,0.661409628268369
COnPOff_F,5537,0.685343292044517
COnPOff_F,5538,0.6707306466192255
COnPOff_F,5539,0.6781004381755192
COnPOff_F,5540,0.6954618983204734
COnPOff_F,5541,0.7065779900794888
COnPOff_F,5542,0.670771375634687
COnPOff_F,5543,0.7102978100644549
COnPOff_F,5544,0.688774204366736
COnPOff_F,5545,0.6963862766380825
COnPOff_F,5546,0.7072143419321172
COnPOff_F,5547,0.6458798926338304
COnPOff_F,5548,0.6801645997532803
COnPOff_F,5549,0.684130155802813
COnPOff_F,5550,0.7222054487712257
COnPOff_F,5551,0.6657113719207729
COnPOff_F,5552,0.6708051250736036
COnPOff_F,5553,0.6960417783566744
COnPOff_F,5554,0.6894208151364521
COnPOff_F,5555,0.6842320630289954
COnPOff_F,5556,0.6712734824965448
COnPOff_F,5557,0.6788263453620283
COnPOff_F,5558,0.6813687448306581
COnPOff_F,5559,0.6818381090260646
COnPOff_F,5560,0.7014634203869144
COnPOff_F,5561,0.6691654991299222
COnPOff_F,5562,0.6752557983233174
COnPOff_F,5563,0.6927358727790338
COnPOff_F,5564,0.6457324684288129
COnPOff_F,5565,0.6772970262594484
COnPOff_F,5566,0.6657535045569175
COnPOff_F,5567,0.7353364999328835
COnPOff_F,5568,0.7033079496420922
COnPOff_F,5569,0.7082846861601909
COnPOff_F,5570,0.6798171555379531
COnPOff_F,5571,0.6816589203790852
COnPOff_F,5572,0.675500362105811
COnPOff_F,5573,0.672874294357297
COnPOff_F,5574,0.7153020865126993
COnPOff_F,5575,0.6620018837710953
COnPOff_F,5576,0.67519332251286
COnPOff_F,5577,0.6863575102226562
COnPOff_F,5578,0.6832908332206459
COnPOff_F,5579,0.6885061343280817
COnPOff_F,5580,0.7057229405071699
COnPOff_F,5581,0.6809720031936607
COnPOff_F,5582,0.667654437494366
COnPOff_F,5583,0.7244768083724443
COnPOff_F,5584,0.6856920875043119
COnPOff_F,5585,0.6742367787249044
COnPOff_F,5586,0.6779892202023013
COnPOff_F,5587,0.7158516938263905
COnPOff_F,5588,0.6810473676474667
COnPOff_F,5589,0.6472686718123825
COnPOff_F,5590,0.7292814961522195
COnPOff_F,5591,0.6723654521071764
COnPOff_F,5592,0.6961631031796135
COnPOff_F,5593,0.7012592441843492
COnPOff_F,5594,0.6797623389033813
COnPOff_F,5595,0.6534489309958719
COnPOff_F,5596,0.7076429403878839
COnPOff_F,5597,0.6960922853421359
COnPOff_F,5598,0.7018273923596263
COnPOff_F,5599,0.7120642805206835
COnPOff_F,5600,0.6738502291784949
COnPOff_F,5601,0.6753370063848628
COnPOff_F,5602,0.6887269279893936
COnPOff_F,5603,0.6708342126039084
COnPOff_F,5604,0.7275535920860532
COnPOff_F,5605,0.6654540903062653
COnPOff_F,5606,0.6876867367249521
COnPOff_F,5607,0.7078316251907706
COnPOff_F,5608,0.6742932991259599
COnPOff_F,5609,0.6828102841309089
COnPOff_F,5610,0.6840948674639465
COnPOff_F,5611,0.6826299977350141
COnPOff_F,5612,0.6746582067640317
COnPOff_F,5613,0.6932888791241302
COnPOff_F,5614,0.6622980543177104
COnPOff_F,5615,0.6530200552527716
COnPOff_F,5616,0.6452548195177461
COnPOff_F,5617,0.7026759425713645
COnPOff_F,5618,0.6886887394616391
COnPOff_F,5619,0.6967904912473112
COnPOff_F,5620,0.698745711266528
COnPOff_F,5621,0.6790533707826094
COnPOff_F,5622,0.6799104011515668
COnPOff_F,5623,0.7132160423397689
COnPOff_F,5624,0.6813216124567857
COnPOff_F,5625,0.6712091237993169
COnPOff_F,5626,0.6885755303555176
COnPOff_F,5627,0.707860808877162
COnPOff_F,5628,0.6779176242686491
COnPOff_F,5629,0.6708367503219062
COnPOff_F,5630,0.6680178613547195
COnPOff_F,5631,0.7046371573227684
COnPOff_F,5632,0.7185066631403599
COnPOff_F,5633,0.6568816569799453
COnPOff_F,5634,0.7063221461586008
COnPOff_F,5635,0.653834412771456
COnPOff_F,5636,0.6959546938707287
COnPOff_F,5637,0.6937482351642195
COnPOff_F,5638,0.6726928857751834
COnPOff_F,5639,0.7085335487737497
COnPOff_F,5640,0.694435608467301
COnPOff_F,5641,0.7018684623908559
COnPOff_F,5642,0.6900640437887787
COnPOff_F,5643,0.6875620150959932
COnPOff_F,5644,0.6883013402318973
COnPOff_F,5645,0.672892532157878
COnPOff_F,5646,0.6309474149504418
COnPOff_F,5647,0.6578490025096644
COnPOff_F,5648,0.6862589813096227
COnPOff_F,5649,0.6868270983005503
COnPOff_F,5650,0.6633756737060061
COnPOff_F,5651,0.6835852919166476
COnPOff_F,5652,0.6836244760928989
COnPOff_F,5653,0.6778844351066017
COnPOff_F,5654,0.6904767567404254
COnPOff_F,5655,0.6740759421579959
COnPOff_F,5656,0.6723000807431166
COnPOff_F,5657,0.6808930870426733
COnPOff_F,5658,0.6973580256251874
COnPOff_F,5659,0.6851032428537135
COnPOff_F,5660,0.6732207658111421
COnPOff_F,5661,0.7061536463892695
COnPOff_F,5662,0.6940908497900381
COnPOff_F,5663,0.6448079837781059
COnPOff_F,5664,0.6818686259796906
COnPOff_F,5665,0.6662390200066411
COnPOff_F,5666,0.6802383158937967
COnPOff_F,5667,0.6546357674417314
COnPOff_F,5668,0.6723953621578767
COnPOff_F,5669,0.6964866331121726
COnPOff_F,5670,0.7102192265182383
COnPOff_F,5671,0.693499540146023
COnPOff_F,5672,0.6592053586794513
COnPOff_F,5673,0.7045382968958647
COnPOff_F,5674,0.6587910022902278
COnPOff_F,5675,0.6566645712258777
COnPOff_F,5676,0.6705962819140961
COnPOff_F,5677,0.6391379397727895
COnPOff_F,5678,0.6954442701254623
COnPOff_F,5679,0.6941063976906015
COnPOff_F,5680,0.6653892054765219
COnPOff_F,5681,0.636234645443962
COnPOff_F,5682,0.6950070390341877
COnPOff_F,5683,0.6873480967291289
COnPOff_F,5684,0.6730300177027273
COnPOff_F,5685,0.7094296601593593
COnPOff_F,5686,0.6784813762381539
COnPOff_F,5687,0.6902605651070921
COnPOff_F,5688,0.6983309069254343
COnPOff_F,5689,0.6868275294920633
COnPOff_F,5690,0.6770797767492557
COnPOff_F,5691,0.7281794895641518
COnPOff_F,5692,0.7247642990146453
COnPOff_F,5693,0.7286052016967787
COnPOff_F,5694,0.6970684457384884
COnPOff_F,5695,0.6976364790720936
COnPOff_F,5696,0.7187600198199057
COnPOff_F,5697,0.645880400341426
COnPOff_F,5698,0.7166864502308589
COnPOff_F,5699,0.664442360871716
COnPOff_F,5700,0.7121390631511413
COnPOff_F,5701,0.6927395852593816
COnPOff_F,5702,0.6734418803557201
COnPOff_F,5703,0.6769003203422715
COnPOff_F,5704,0.7006924420876456
COnPOff_F,5705,0.6711439638920956
COnPOff_F,5706,0.6705721478082983
COnPOff_F,5707,0.703121468970153
COnPOff_F,5708,0.6684615000666776
COnPOff_F,5709,0.6807614841075205
COnPOff_F,5710,0.6822163064659992
COnPOff_F,5711,0.655174045687378
COnPOff_F,5712,0.7024220202396846
COnPOff_F,5713,0.696760137601998
COnPOff_F,5714,0.6864515116972543
COnPOff_F,5715,0.6944239470883539
COnPOff_F,5716,0.7131219730102597
COnPOff_F,5717,0.6373670728953799
COnPOff_F,5718,0.6978791290296213
COnPOff_F,5719,0.65939801491612
COnPOff_F,5720,0.6731484018912631
COnPOff_F,5721,0.6988748533572942
COnPOff_F,5722,0.6600675701372735
COnPOff_F,5723,0.6531344384511724
COnPOff_F,5724,0.6967693859532725
COnPOff_F,5725,0.6743461678027485
COnPOff_F,5726,0.6667603751074666
COnPOff_F,5727,0.686269784145656
COnPOff_F,5728,0.6843173409225334
COnPOff_F,5729,0.6490420719543734
COnPOff_F,5730,0.6597506911174055
COnPOff_F,5731,0.7141729344108564
COnPOff_F,5732,0.669352381616963
COnPOff_F,5733,0.6876248408143187
COnPOff_F,5734,0.7124332163746798
COnPOff_F,5735,0.683704465922984
COnPOff_F,5736,0.683386351709698
COnPOff_F,5737,0.7161239210422425
COnPOff_F,5738,0.7170142176057394
COnPOff_F,5739,0.6756354022713439
COnPOff_F,5740,0.6840798693549349
COnPOff_F,5741,0.6819783973464099
COnPOff_F,5742,0.6830506292972721
COnPOff_F,5743,0.7049137072161993
COnPOff_F,5744,0.6861447708830897
COnPOff_F,5745,0.6864486697360205
COnPOff_F,5746,0.649760323899926
COnPOff_F,5747,0.6806413587147797
COnPOff_F,5748,0.6552124923377175
COnPOff_F,5749,0.6747517411955419
COnPOff_F,5750,0.6750446955407469
COnPOff_F,5751,0.6677635489828592
COnPOff_F,5752,0.6564740593531511
COnPOff_F,5753,0.6744794587107391
COnPOff_F,5754,0.6588445609746646
COnPOff_F,5755,0.6956217705998058
COnPOff_F,5756,0.6736878801767863
COnPOff_F,5757,0.7210207300175933
COnPOff_F,5758,0.6857984858924283
COnPOff_F,5759,0.6843242755623425
COnPOff_F,5760,0.6907839381148378
COnPOff_F,5761,0.6623442553436755
COnPOff_F,5762,0.6689945608002145
COnPOff_F,5763,0.6918545408059782
COnPOff_F,5764,0.6938003308282524
COnPOff_F,5765,0.6639129055442187
COnPOff_F,5766,0.6966360665940708
COnPOff_F,5767,0.6905018771533057
COnPOff_F,5768,0.6710130892520638
COnPOff_F,5769,0.6790653784577058
COnPOff_F,5770,0.6774636636619974
COnPOff_F,5771,0.6961820601167158
COnPOff_F,5772,0.6575778784206993
COnPOff_F,5773,0.632382334629137
COnPOff_F,5774,0.6783421280732497
COnPOff_F,5775,0.6427782693445332
COnPOff_F,5776,0.6459007889477685
COnPOff_F,5777,0.6935039447170311
COnPOff_F,5778,0.6659136505824603
COnPOff_F,5779,0.6774546190757741
COnPOff_F,5780,0.7045707565398938
COnPOff_F,5781,0.6841737006428844
COnPOff_F,5782,0.6970541855327511
COnPOff_F,5783,0.7017861736247099
COnPOff_F,5784,0.6701266519105088
COnPOff_F,5785,0.6540962222997283
COnPOff_F,5786,0.6919129461785167
COnPOff_F,5787,0.7092360765210489
COnPOff_F,5788,0.6946751432443611
COnPOff_F,5789,0.6634092653957174
COnPOff_F,5790,0.7067811980362974
COnPOff_F,5791,0.7002590219705371
COnPOff_F,5792,0.7132027894528754
COnPOff_F,5793,0.6715899848390283
COnPOff_F,5794,0.6916354858106516
COnPOff_F,5795,0.6729410445449812
COnPOff_F,5796,0.6850802287260087
COnPOff_F,5797,0.6828045172974297
COnPOff_F,5798,0.67467426468637
COnPOff_F,5799,0.7201712523676701
COnPOff_F,5800,0.6862588099017181
COnPOff_F,5801,0.7214931263337885
COnPOff_F,5802,0.6794872384323764
COnPOff_F,5803,0.6952185811526629
COnPOff_F,5804,0.7055147946308844
COnPOff_F,5805,0.7095077876191639
COnPOff_F,5806,0.6809803217023616
COnPOff_F,5807,0.6951226311080873
COnPOff_F,5808,0.7033533745012077
COnPOff_F,5809,0.707504572886596
COnPOff_F,5810,0.6958039641872363
COnPOff_F,5811,0.6962582680251107
COnPOff_F,5812,0.6680146550931026
COnPOff_F,5813,0.646613177028983
COnPOff_F,5814,0.6649478868207246
COnPOff_F,5815,0.6692207177261938
COnPOff_F,5816,0.6936878157979416
COnPOff_F,5817,0.6862974508915326
COnPOff_F,5818,0.6815564433018386
COnPOff_F,5819,0.686019645119336
COnPOff_F,5820,0.6789550854934777
COnPOff_F,5821,0.6846343152248525
COnPOff_F,5822,0.6992216605201036
COnPOff_F,5823,0.6669762169257809
COnPOff_F,5824,0.7138330553177784
COnPOff_F,5825,0.6760046451275334
COnPOff_F,5826,0.6857722604859962
COnPOff_F,5827,0.6933405031803112
COnPOff_F,5828,0.6948019052190727
COnPOff_F,5829,0.6948933038641932
COnPOff_F,5830,0.6428605839627552
COnPOff_F,5831,0.6882745204053582
COnPOff_F,5832,0.7052799932194574
COnPOff_F,5833,0.6595514012648033
COnPOff_F,5834,0.670769552638074
COnPOff_F,5835,0.713833739249035
COnPOff_F,5836,0.663650531673642
COnPOff_F,5837,0.6669181470402319
COnPOff_F,5838,0.6996972353396206
COnPOff_F,5839,0.685779916364778
COnPOff_F,5840,0.6781913708657232
COnPOff_F,5841,0.7027696600324974
COnPOff_F,5842,0.6859452908168304
COnPOff_F,5843,0.7130524560970369
COnPOff_F,5844,0.6687712709302649
COnPOff_F,5845,0.6794732959917921
COnPOff_F,5846,0.6792489288476187
COnPOff_F,5847,0.6691524645729354
COnPOff_F,5848,0.6993205535404616
COnPOff_F,5849,0.6832372421464518
COnPOff_F,5850,0.6862076199017301
COnPOff_F,5851,0.7090438101068355
COnPOff_F,5852,0.6994450603933806
COnPOff_F,5853,0.6661879870757568
COnPOff_F,5854,0.6723506162632804
COnPOff_F,5855,0.677420021737629
COnPOff_F,5856,0.7278883633136763
COnPOff_F,5857,0.7272914616860409
COnPOff_F,5858,0.69387380856996
COnPOff_F,5859,0.7095836512748865
COnPOff_F,5860,0.7079712630742727
COnPOff_F,5861,0.6754862300712832
COnPOff_F,5862,0.663132951256633
COnPOff_F,5863,0.6403989274655961
COnPOff_F,5864,0.7058126028679539
COnPOff_F,5865,0.6854407141524282
COnPOff_F,5866,0.7071738865525793
COnPOff_F,5867,0.6736365590685779
COnPOff_F,5868,0.7169158941972205
COnPOff_F,5869,0.689829314794862
COnPOff_F,5870,0.6878970016195458
COnPOff_F,5871,0.6754382636512003
COnPOff_F,5872,0.6862082956964031
COnPOff_F,5873,0.6744786088008888
COnPOff_F,5874,0.6512131760717965
COnPOff_F,5875,0.6598010415269765
COnPOff_F,5876,0.717087320731312
COnPOff_F,5877,0.6783852743061022
COnPOff_F,5878,0.6781036180427045
COnPOff_F,5879,0.6656113084168663
COnPOff_F,5880,0.674027902807288
COnPOff_F,5881,0.724728662294211
COnPOff_F,5882,0.6994526666485816
COnPOff_F,5883,0.6672468027108208
COnPOff_F,5884,0.6693079842597518
COnPOff_F,5885,0.6769674055914303
COnPOff_F,5886,0.6967252636545087
COnPOff_F,5887,0.6942156962717382
COnPOff_F,5888,0.6679056964736746
COnPOff_F,5889,0.6785600449447704
COnPOff_F,5890,0.6945338270653165
COnPOff_F,5891,0.6393255242592533
COnPOff_F,5892,0.6785247521206041
COnPOff_F,5893,0.6817378874961189
COnPOff_F,5894,0.678016957044945
COnPOff_F,5895,0.6483766767953195
COnPOff_F,5896,0.6608650134105286
COnPOff_F,5897,0.7073474053151246
COnPOff_F,5898,0.7124174818976315
COnPOff_F,5899,0.6851511101894697
COnPOff_F,5900,0.6890016501407603
COnPOff_F,5901,0.6749091261344512
COnPOff_F,5902,0.6938086069105706
COnPOff_F,5903,0.6965927786269912
COnPOff_F,5904,0.6529009961401275
COnPOff_F,5905,0.679263844812486
COnPOff_F,5906,0.6496982842052004
COnPOff_F,5907,0.7088265134490799
COnPOff_F,5908,0.67593303196281
COnPOff_F,5909,0.6326914690769424
COnPOff_F,5910,0.6534942527800872
COnPOff_F,5911,0.6647056938823436
COnPOff_F,5912,0.6728866848860849
COnPOff_F,5913,0.692280209655804
COnPOff_F,5914,0.6721888740279983
COnPOff_F,5915,0.6682500136885304
COnPOff_F,5916,0.6775930479856358
COnPOff_F,5917,0.647907899835428
COnPOff_F,5918,0.6908631926064815
COnPOff_F,5919,0.6709008514732676
COnPOff_F,5920,0.6923554750358053
COnPOff_F,5921,0.6942412469917245
COnPOff_F,5922,0.6647100927714763
COnPOff_F,5923,0.6936063612968633
COnPOff_F,5924,0.6936906830771561
COnPOff_F,5925,0.6432193658147698
COnPOff_F,5926,0.7037970593833536
COnPOff_F,5927,0.6545362497374899
COnPOff_F,5928,0.6949553627215503
COnPOff_F,5929,0.6526474218778079
COnPOff_F,5930,0.6960382126387371
COnPOff_F,5931,0.6791290300246701
COnPOff_F,5932,0.6940593330226836
COnPOff_F,5933,0.6790644804483366
COnPOff_F,5934,0.6686838104995956
COnPOff_F,5935,0.665329784355159
COnPOff_F,5936,0.6688789174405633
COnPOff_F,5937,0.7030329740771016
COnPOff_F,5938,0.6516991282288112
COnPOff_F,5939,0.6649061460301624
COnPOff_F,5940,0.6867346941834058
COnPOff_F,5941,0.6828514706362977
COnPOff_F,5942,0.684998934156425
COnPOff_F,5943,0.70409339166554
COnPOff_F,5944,0.6892188352581856
COnPOff_F,5945,0.685901219275506
COnPOff_F,5946,0.6816650500541903
COnPOff_F,5947,0.7242183931794492
COnPOff_F,5948,0.6720469932242213
COnPOff_F,5949,0.6716891860091243
COnPOff_F,5950,0.6992227455633419
COnPOff_F,5951,0.7034312996582777
COnPOff_F,5952,0.6859743946619762
COnPOff_F,5953,0.6403124846684698
COnPOff_F,5954,0.6761407134472823
COnPOff_F,5955,0.6772116087053613
COnPOff_F,5956,0.7396455645191565
COnPOff_F,5957,0.6431493282233389
COnPOff_F,5958,0.6922098347218785
COnPOff_F,5959,0.6935837057780602
COnPOff_F,5960,0.711648479093447
COnPOff_F,5961,0.6677854872864911
COnPOff_F,5962,0.6935885757970373
COnPOff_F,5963,0.6748659618948555
COnPOff_F,5964,0.7039390598691847
COnPOff_F,5965,0.672904613276884
COnPOff_F,5966,0.6766675220349064
COnPOff_F,5967,0.6879255259658602
COnPOff_F,5968,0.6926108785631895
COnPOff_F,5969,0.6778623778577376
COnPOff_F,5970,0.6805041679896426
COnPOff_F,5971,0.6693651186905898
COnPOff_F,5972,0.6903022009855216
COnPOff_F,5973,0.6675099341793943
COnPOff_F,5974,0.7044463925031401
COnPOff_F,5975,0.6943584730035173
COnPOff_F,5976,0.7077690781924728
COnPOff_F,5977,0.7005745113637755
COnPOff_F,5978,0.7146562439952223
COnPOff_F,5979,0.686551048071042
COnPOff_F,5980,0.6710720381877745
COnPOff_F,5981,0.6826441020935992
COnPOff_F,5982,0.7115094724280038
COnPOff_F,5983,0.678331229541182
COnPOff_F,5984,0.6865003693106503
COnPOff_F,5985,0.7425630763611322
COnPOff_F,5986,0.6242919946277314
COnPOff_F,5987,0.6506192606915444
COnPOff_F,5988,0.7248312763938474
COnPOff_F,5989,0.7232974932409997
COnPOff_F,5990,0.7193735828265023
COnPOff_F,5991,0.7206338887217104
COnPOff_F,5992,0.69487018008716
COnPOff_F,5993,0.6766022446580815
COnPOff_F,5994,0.6716093859688772
COnPOff_F,5995,0.6901935963365583
COnPOff_F,5996,0.6808188180516173
COnPOff_F,5997,0.6823224714791976
COnPOff_F,5998,0.6936199774890679
COnPOff_F,5999,0.7058578359790201
COnPOff_F,6000,0.6320471268809893
COnPOff_F,6001,0.719301680170335
COnPOff_F,6002,0.7030389366974941
COnPOff_F,6003,0.6614501921050155
COnPOff_F,6004,0.6939022746031849
COnPOff_F,6005,0.675882389182373
COnPOff_F,6006,0.6486580785311713
COnPOff_F,6007,0.6866866785546211
COnPOff_F,6008,0.690518582653918
COnPOff_F,6009,0.6590751641022143
COnPOff_F,6010,0.6736390369191836
COnPOff_F,6011,0.6972135970930748
COnPOff_F,6012,0.6873688406069758
COnPOff_F,6013,0.6735772003613735
COnPOff_F,6014,0.6778430296954351
COnPOff_F,6015,0.7138902136538745
COnPOff_F,6016,0.6942523313981731
COnPOff_F,6017,0.7187502132856532
COnPOff_F,6018,0.6774218940509021
COnPOff_F,6019,0.6894771267494941
COnPOff_F,6020,0.7106382458597725
COnPOff_F,6021,0.6712607432226178
COnPOff_F,6022,0.6632967801000699
COnPOff_F,6023,0.6666086675466021
COnPOff_F,6024,0.646809314573522
COnPOff_F,6025,0.6681463040419491
COnPOff_F,6026,0.6774443205943029
COnPOff_F,6027,0.7004212029929995
COnPOff_F,6028,0.6856598026444227
COnPOff_F,6029,0.6830056879544906
COnPOff_F,6030,0.7037694974097269
COnPOff_F,6031,0.6711083702900853
COnPOff_F,6032,0.6988369131611102
COnPOff_F,6033,0.6889290787829165
COnPOff_F,6034,0.7098452369651195
COnPOff_F,6035,0.6783863217610139
COnPOff_F,6036,0.6533378774069981
COnPOff_F,6037,0.7107348723120415
COnPOff_F,6038,0.6971066103293672
COnPOff_F,6039,0.6537433122859769
COnPOff_F,6040,0.7083120310441723
COnPOff_F,6041,0.6926765637921629
COnPOff_F,6042,0.6981108581557455
COnPOff_F,6043,0.6928558347275083
COnPOff_F,6044,0.667571832723467
COnPOff_F,6045,0.7137948084079774
COnPOff_F,6046,0.7215909874352603
COnPOff_F,6047,0.6742719340896824
COnPOff_F,6048,0.6660964728970157
COnPOff_F,6049,0.6750622135284623
COnPOff_F,6050,0.673100061013124
COnPOff_F,6051,0.6831681360931352
COnPOff_F,6052,0.6757218932249319
COnPOff_F,6053,0.6561130562925882
COnPOff_F,6054,0.6910050410818108
COnPOff_F,6055,0.6785725602796246
COnPOff_F,6056,0.6417991518540843
COnPOff_F,6057,0.665906732196145
COnPOff_F,6058,0.6923657356518843
COnPOff_F,6059,0.6660350139612834
COnPOff_F,6060,0.6896845735296083
COnPOff_F,6061,0.7027910948158285
COnPOff_F,6062,0.6738620142600911
COnPOff_F,6063,0.6822096968110415
COnPOff_F,6064,0.7128921407762652
COnPOff_F,6065,0.6937605207603587
COnPOff_F,6066,0.7280141594125324
COnPOff_F,6067,0.677836451167777
COnPOff_F,6068,0.6710186098426361
COnPOff_F,6069,0.6682840968652484
COnPOff_F,6070,0.694612531825065
COnPOff_F,6071,0.6569723298969791
COnPOff_F,6072,0.6638524945040268
COnPOff_F,6073,0.6713652193575791
COnPOff_F,6074,0.7108283448596159
COnPOff_F,6075,0.7137717662869306
COnPOff_F,6076,0.6988762065255237
COnPOff_F,6077,0.688178031127948
COnPOff_F,6078,0.7000986215502462
COnPOff_F,6079,0.6409710998156392
COnPOff_F,6080,0.6779705108209862
COnPOff_F,6081,0.6825599350878917
COnPOff_F,6082,0.6955921780969877
COnPOff_F,6083,0.6708299122259153
COnPOff_F,6084,0.6798423205044929
COnPOff_F,6085,0.6455461318651653
COnPOff_F,6086,0.6788721306934145
COnPOff_F,6087,0.6528887242397804
COnPOff_F,6088,0.6595081973049165
COnPOff_F,6089,0.7327303580304693
COnPOff_F,6090,0.7159681236531079
COnPOff_F,6091,0.7288515696027997
COnPOff_F,6092,0.6970543535946451
COnPOff_F,6093,0.6696993422578109
COnPOff_F,6094,0.6777165142727425
COnPOff_F,6095,0.6643280643040476
COnPOff_F,6096,0.6785777527494488
COnPOff_F,6097,0.6933610876780755
COnPOff_F,6098,0.7239825661755522
COnPOff_F,6099,0.7031569574748812
COnPOff_F,6100,0.7451481381943367
COnPOff_F,6101,0.6973733368843158
COnPOff_F,6102,0.704760107194711
COnPOff_F,6103,0.7311357031776177
COnPOff_F,6104,0.6549962750580487
COnPOff_F,6105,0.7086086505538807
COnPOff_F,6106,0.6951887204181973
COnPOff_F,6107,0.7096330922625596
COnPOff_F,6108,0.7002243306476267
COnPOff_F,6109,0.6693546633916668
COnPOff_F,6110,0.7036039278427468
COnPOff_F,6111,0.6788691760932124
COnPOff_F,6112,0.69287874049181
COnPOff_F,6113,0.6941667443383297
COnPOff_F,6114,0.6920464548072411
COnPOff_F,6115,0.7104324158260223
COnPOff_F,6116,0.673806333067623
COnPOff_F,6117,0.6792855514967886
COnPOff_F,6118,0.7105533277607773
COnPOff_F,6119,0.6447463508553458
COnPOff_F,6120,0.6816480860422243
COnPOff_F,6121,0.6941151560495025
COnPOff_F,6122,0.673943761448332
COnPOff_F,6123,0.6877617128370845
COnPOff_F,6124,0.6949361265458759
COnPOff_F,6125,0.6739121529689166
COnPOff_F,6126,0.681097906288834
COnPOff_F,6127,0.6771626972446444
COnPOff_F,6128,0.7038611331688286
COnPOff_F,6129,0.6852433989181094
COnPOff_F,6130,0.6677124308273172
COnPOff_F,6131,0.6993302137300017
COnPOff_F,6132,0.6903718389171196
COnPOff_F,6133,0.673104941594402
COnPOff_F,6134,0.7246761978084993
COnPOff_F,6135,0.6650164899490897
COnPOff_F,6136,0.6955459556329866
COnPOff_F,6137,0.715686016813757
COnPOff_F,6138,0.6960966156074784
COnPOff_F,6139,0.6999677958652543
COnPOff_F,6140,0.6993554297287791
COnPOff_F,6141,0.6683862634868308
COnPOff_F,6142,0.6548406902895353
COnPOff_F,6143,0.6946042810912502
COnPOff_F,6144,0.6727251762487426
COnPOff_F,6145,0.6905057473500422
COnPOff_F,6146,0.6816169358828182
COnPOff_F,6147,0.6874859154860239
COnPOff_F,6148,0.688801476238595
COnPOff_F,6149,0.7169218673186905
COnPOff_F,6150,0.6842110248974069
COnPOff_F,6151,0.6805123939233042
COnPOff_F,6152,0.6921899037654997
COnPOff_F,6153,0.6361329036501218
COnPOff_F,6154,0.7149741667601907
COnPOff_F,6155,0.7264931602875132
COnPOff_F,6156,0.6937682333110391
COnPOff_F,6157,0.7055782975554404
COnPOff_F,6158,0.6669749319187946
COnPOff_F,6159,0.7053367151758758
COnPOff_F,6160,0.6775586504547677
COnPOff_F,6161,0.679244934544728
COnPOff_F,6162,0.6883283727784634
COnPOff_F,6163,0.6874194715938836
COnPOff_F,6164,0.6974576643958295
COnPOff_F,6165,0.6934876564245742
COnPOff_F,6166,0.6725692093547426
COnPOff_F,6167,0.6880465902583696
COnPOff_F,6168,0.7031974638738081
COnPOff_F,6169,0.6920046411379989
COnPOff_F,6170,0.6819555864711733
COnPOff_F,6171,0.6934721170577446
COnPOff_F,6172,0.7564833845380817
COnPOff_F,6173,0.6604590310977817
COnPOff_F,6174,0.7181500075686562
COnPOff_F,6175,0.6987228359900781
COnPOff_F,6176,0.6827064741548121
COnPOff_F,6177,0.6714070401078227
COnPOff_F,6178,0.6572051129583827
COnPOff_F,6179,0.6727282915471351
COnPOff_F,6180,0.6559877275745418
COnPOff_F,6181,0.7410462333349198
COnPOff_F,6182,0.6789104885533753
COnPOff_F,6183,0.6627891209994733
COnPOff_F,6184,0.687479945358441
COnPOff_F,6185,0.669557254101431
COnPOff_F,6186,0.7117816321321285
COnPOff_F,6187,0.6806167396324131
COnPOff_F,6188,0.664582744761705
COnPOff_F,6189,0.6768292154172996
COnPOff_F,6190,0.7331043357762441
COnPOff_F,6191,0.6713219927405522
COnPOff_F,6192,0.7094852095356563
COnPOff_F,6193,0.6811787290950008
COnPOff_F,6194,0.6565631179997145
COnPOff_F,6195,0.7247933898751097
COnPOff_F,6196,0.6804738544928978
COnPOff_F,6197,0.6301804435560395
COnPOff_F,6198,0.6631387141750927
COnPOff_F,6199,0.7075173312368976
COnPOff_F,6200,0.6829882312577142
COnPOff_F,6201,0.7069176794358559
COnPOff_F,6202,0.7052001160490141
COnPOff_F,6203,0.6870169530478286
COnPOff_F,6204,0.69290479107697
COnPOff_F,6205,0.6589706843048765
COnPOff_F,6206,0.6759409968396938
COnPOff_F,6207,0.6855820595450606
COnPOff_F,6208,0.6742993051729076
COnPOff_F,6209,0.6902640031421107
COnPOff_F,6210,0.6719401254510657
COnPOff_F,6211,0.6501538993753911
COnPOff_F,6212,0.6929418384653246
COnPOff_F,6213,0.7056833083273015
COnPOff_F,6214,0.6969287920841969
COnPOff_F,6215,0.6738114227595643
COnPOff_F,6216,0.6812488625643677
COnPOff_F,6217,0.655858206954515
COnPOff_F,6218,0.687772159996547
COnPOff_F,6219,0.6845470021883518
COnPOff_F,6220,0.6745981614991984
COnPOff_F,6221,0.6760995860890716
COnPOff_F,6222,0.6833050840111121
COnPOff_F,6223,0.7003725590212241
COnPOff_F,6224,0.7139581711196441
COnPOff_F,6225,0.6574483917012524
COnPOff_F,6226,0.7304525796577047
COnPOff_F,6227,0.6600457298721598
COnPOff_F,6228,0.6845767985027174
COnPOff_F,6229,0.6683523153507628
COnPOff_F,6230,0.7039591594090799
COnPOff_F,6231,0.6750109236804874
COnPOff_F,6232,0.6671185553694882
COnPOff_F,6233,0.6812524592964653
COnPOff_F,6234,0.6672897292279568
COnPOff_F,6235,0.6672781270869801
COnPOff_F,6236,0.7041688980529556
COnPOff_F,6237,0.6989944649276291
COnPOff_F,6238,0.6740708671821566
COnPOff_F,6239,0.7179185169398793
COnPOff_F,6240,0.7194065440138038
COnPOff_F,6241,0.6979335031506485
COnPOff_F,6242,0.6995461185721312
COnPOff_F,6243,0.665556879110547
COnPOff_F,6244,0.6734993767239281
COnPOff_F,6245,0.7030256710375036
COnPOff_F,6246,0.6732354553534883
COnPOff_F,6247,0.7069974103833175
COnPOff_F,6248,0.6722194016459738
COnPOff_F,6249,0.6658731079120797
COnPOff_F,6250,0.7114809865791916
COnPOff_F,6251,0.6907818027796563
COnPOff_F,6252,0.6989635018775926
COnPOff_F,6253,0.6925718732455632
COnPOff_F,6254,0.7055918343522931
COnPOff_F,6255,0.6770546172780169
COnPOff_F,6256,0.707704883594706
COnPOff_F,6257,0.694069676848572
COnPOff_F,6258,0.6823763972943635
COnPOff_F,6259,0.6840586749982127
COnPOff_F,6260,0.718607305269784
COnPOff_F,6261,0.6849025579313855
COnPOff_F,6262,0.6834519660664637
COnPOff_F,6263,0.7339981873624316
COnPOff_F,6264,0.6618287163414912
COnPOff_F,6265,0.689820784073866
COnPOff_F,6266,0.6892163976155995
COnPOff_F,6267,0.7097481995869666
COnPOff_F,6268,0.6738542526332757
COnPOff_F,6269,0.6808086965878646
COnPOff_F,6270,0.7152824602961406
COnPOff_F,6271,0.7004302716527339
COnPOff_F,6272,0.7067193866119729
COnPOff_F,6273,0.6605868974922215
COnPOff_F,6274,0.6780447125783586
COnPOff_F,6275,0.6791679120287025
COnPOff_F,6276,0.7077306273362721
COnPOff_F,6277,0.708871719935442
COnPOff_F,6278,0.7282454268756631
COnPOff_F,6279,0.6188719073482946
COnPOff_F,6280,0.6859392416140203
COnPOff_F,6281,0.6994500728003112
COnPOff_F,6282,0.6949275345881529
COnPOff_F,6283,0.6915820661199398
COnPOff_F,6284,0.6551612493656706
COnPOff_F,6285,0.6948520644074496
COnPOff_F,6286,0.7110409159744867
COnPOff_F,6287,0.6745025424567377
COnPOff_F,6288,0.6881117786110087
COnPOff_F,6289,0.6210983365965298
COnPOff_F,6290,0.6758258591121139
COnPOff_F,6291,0.6810128598130102
COnPOff_F,6292,0.6999450323287075
COnPOff_F,6293,0.6477028795341659
COnPOff_F,6294,0.6519915925104719
COnPOff_F,6295,0.6714485486793009
COnPOff_F,6296,0.6738071377402916
COnPOff_F,6297,0.6825940392603301
COnPOff_F,6298,0.6709771750480209
COnPOff_F,6299,0.6730541863222153
COnPOff_F,6300,0.681439650609796
COnPOff_F,6301,0.6622777746448884
COnPOff_F,6302,0.7120593786082944
COnPOff_F,6303,0.6579607043463348
COnPOff_F,6304,0.7161343760247781
COnPOff_F,6305,0.6149363931753277
COnPOff_F,6306,0.6670172249772806
COnPOff_F,6307,0.680921308945289
COnPOff_F,6308,0.6789005108927282
COnPOff_F,6309,0.6745263740659967
COnPOff_F,6310,0.6710574632191644
COnPOff_F,6311,0.693807282880344
COnPOff_F,6312,0.6801517485419006
COnPOff_F,6313,0.6996261624950101
COnPOff_F,6314,0.6982557645202876
COnPOff_F,6315,0.6863680057515665
COnPOff_F,6316,0.6948577850320181
COnPOff_F,6317,0.6737275011196904
COnPOff_F,6318,0.6964041152482106
COnPOff_F,6319,0.6766915484300402
COnPOff_F,6320,0.6688526069426408
COnPOff_F,6321,0.6935195806707987
COnPOff_F,6322,0.6992548093993683
COnPOff_F,6323,0.6538412427297536
COnPOff_F,6324,0.6790224849588413
COnPOff_F,6325,0.6865810115873943
COnPOff_F,6326,0.6934826718069119
COnPOff_F,6327,0.6658528815000553
COnPOff_F,6328,0.7035813607740259
COnPOff_F,6329,0.6834523256237883
COnPOff_F,6330,0.634283569780554
COnPOff_F,6331,0.6944626378939665
COnPOff_F,6332,0.718562849543552
COnPOff_F,6333,0.677028304819619
COnPOff_F,6334,0.7214916220275568
COnPOff_F,6335,0.7135907177878634
COnPOff_F,6336,0.7070720387877311
COnPOff_F,6337,0.7056998281492618
COnPOff_F,6338,0.6878636072164646
COnPOff_F,6339,0.6835942494307975
COnPOff_F,6340,0.723089443794651
COnPOff_F,6341,0.6972581526762531
COnPOff_F,6342,0.673728372359474
COnPOff_F,6343,0.668334242376971
COnPOff_F,6344,0.7211168857629031
COnPOff_F,6345,0.6822417948763088
COnPOff_F,6346,0.699994151023345
COnPOff_F,6347,0.6859170416737748
COnPOff_F,6348,0.6547487135754809
COnPOff_F,6349,0.6790557363558629
COnPOff_F,6350,0.7237060977617652
COnPOff_F,6351,0.6699103716372948
COnPOff_F,6352,0.698129571934018
COnPOff_F,6353,0.6481377019499387
COnPOff_F,6354,0.6806563309101571
COnPOff_F,6355,0.7082070819133266
COnPOff_F,6356,0.6860656474847816
COnPOff_F,6357,0.6774469624432182
COnPOff_F,6358,0.7071557489124808
COnPOff_F,6359,0.6664332048411908
COnPOff_F,6360,0.6467689360051512
COnPOff_F,6361,0.6756106795310359
COnPOff_F,6362,0.7032268843423015
COnPOff_F,6363,0.6652226968244483
COnPOff_F,6364,0.667491777973731
COnPOff_F,6365,0.7065521345323712
COnPOff_F,6366,0.6991248851708342
COnPOff_F,6367,0.6867270851043742
COnPOff_F,6368,0.6898507384300384
COnPOff_F,6369,0.7143075330800833
COnPOff_F,6370,0.678807643198728
COnPOff_F,6371,0.6904284583967014
COnPOff_F,6372,0.6806203092995997
COnPOff_F,6373,0.6606289087121867
COnPOff_F,6374,0.7009341900295547
COnPOff_F,6375,0.6671943283549586
COnPOff_F,6376,0.7128925655160492
COnPOff_F,6377,0.6401608506201736
COnPOff_F,6378,0.6927118672875978
COnPOff_F,6379,0.6478776942940186
COnPOff_F,6380,0.703275765365462
COnPOff_F,6381,0.7121769418177197
COnPOff_F,6382,0.6863838946355386
COnPOff_F,6383,0.684415946000035
COnPOff_F,6384,0.6926165414190596
COnPOff_F,6385,0.6975199002656652
COnPOff_F,6386,0.6492372841272553
COnPOff_F,6387,0.6867888344585239
COnPOff_F,6388,0.6725657321336548
COnPOff_F,6389,0.6762795568947988
COnPOff_F,6390,0.7147692448176804
COnPOff_F,6391,0.6605571488177274
COnPOff_F,6392,0.6869687283237365
COnPOff_F,6393,0.6762260197748873
COnPOff_F,6394,0.6890259639907195
COnPOff_F,6395,0.6868709569498871
COnPOff_F,6396,0.6800366030531173
COnPOff_F,6397,0.6876939342135348
COnPOff_F,6398,0.658069848868353
COnPOff_F,6399,0.6698237728409037
COnPOff_F,6400,0.6505495800522487
COnPOff_F,6401,0.6790198157424789
COnPOff_F,6402,0.6521625304019348
COnPOff_F,6403,0.7008430679719019
COnPOff_F,6404,0.6791044105932995
COnPOff_F,6405,0.7168409115610498
COnPOff_F,6406,0.6756820657971927
COnPOff_F,6407,0.6649821113464057
COnPOff_F,6408,0.6988016856069116
COnPOff_F,6409,0.6979657798118055
COnPOff_F,6410,0.6530820812328236
COnPOff_F,6411,0.7062677506302262
COnPOff_F,6412,0.6793846952198591
COnPOff_F,6413,0.7163496862062618
COnPOff_F,6414,0.6798675178936395
COnPOff_F,6415,0.6889337959999262
COnPOff_F,6416,0.6488497791270729
COnPOff_F,6417,0.7094493704919371
COnPOff_F,6418,0.6669305221048594
COnPOff_F,6419,0.6866983652410831
COnPOff_F,6420,0.6865521995909006
COnPOff_F,6421,0.703863861388052
COnPOff_F,6422,0.6808782444805059
COnPOff_F,6423,0.674308834215946
COnPOff_F,6424,0.7196437960318611
COnPOff_F,6425,0.6676633019357384
COnPOff_F,6426,0.695757203959295
COnPOff_F,6427,0.6856761083771484
COnPOff_F,6428,0.6885972505860923
COnPOff_F,6429,0.664447879696302
COnPOff_F,6430,0.7529113059719678
COnPOff_F,6431,0.698438973009909
COnPOff_F,6432,0.7229714812694339
COnPOff_F,6433,0.7021342866300074
COnPOff_F,6434,0.6697332530100057
COnPOff_F,6435,0.7120677118552589
COnPOff_F,6436,0.6951449840719209
COnPOff_F,6437,0.6535118629407602
COnPOff_F,6438,0.6808359388961058
COnPOff_F,6439,0.7478142559827831
COnPOff_F,6440,0.6813740179681672
COnPOff_F,6441,0.7092392072809252
COnPOff_F,6442,0.6906815055213912
COnPOff_F,6443,0.6914694228116552
COnPOff_F,6444,0.6928526607461751
COnPOff_F,6445,0.6603324966212526
COnPOff_F,6446,0.6969505364955916
COnPOff_F,6447,0.6865340342760708
COnPOff_F,6448,0.663412041029525
COnPOff_F,6449,0.6779699547091184
COnPOff_F,6450,0.6944023510994838
COnPOff_F,6451,0.6659278901502476
COnPOff_F,6452,0.6715289015241094
COnPOff_F,6453,0.6870816429051285
COnPOff_F,6454,0.6510932142553116
COnPOff_F,6455,0.6897397906355186
COnPOff_F,6456,0.7118715002976896
COnPOff_F,6457,0.6660245712041521
COnPOff_F,6458,0.6931429312169218
COnPOff_F,6459,0.6859812546293287
COnPOff_F,6460,0.6399278498196064
COnPOff_F,6461,0.6941086061479138
COnPOff_F,6462,0.7032654492584346
COnPOff_F,6463,0.6778023862745549
COnPOff_F,6464,0.7352316421464202
COnPOff_F,6465,0.6918583846860884
COnPOff_F,6466,0.6910440110156288
COnPOff_F,6467,0.694192107316418
COnPOff_F,6468,0.6813663447834347
COnPOff_F,6469,0.6764628594530467
COnPOff_F,6470,0.6852956002747638
COnPOff_F,6471,0.6846796526402232
COnPOff_F,6472,0.6936995386442945
COnPOff_F,6473,0.6742371804658425
COnPOff_F,6474,0.6844676104286025
COnPOff_F,6475,0.6808145796080737
COnPOff_F,6476,0.6763355414625819
COnPOff_F,6477,0.6420103845703795
COnPOff_F,6478,0.7016882431910857
COnPOff_F,6479,0.6648266766858848
COnPOff_F,6480,0.6872474485630748
COnPOff_F,6481,0.7046312416859761
COnPOff_F,6482,0.7062327315370912
COnPOff_F,6483,0.6476668785902745
COnPOff_F,6484,0.6870839318332412
COnPOff_F,6485,0.6924273703927024
COnPOff_F,6486,0.6768549009072415
COnPOff_F,6487,0.6892737106356857
COnPOff_F,6488,0.6879477759347653
COnPOff_F,6489,0.6805891531116997
COnPOff_F,6490,0.6836439812357475
COnPOff_F,6491,0.664952239712784
COnPOff_F,6492,0.6264849467574203
COnPOff_F,6493,0.6554224817181765
COnPOff_F,6494,0.6859802755066426
COnPOff_F,6495,0.6699301697005989
COnPOff_F,6496,0.6772217494532518
COnPOff_F,6497,0.6818551710099366
COnPOff_F,6498,0.6624383899107292
COnPOff_F,6499,0.6893484765933174
COnPOff_F,6500,0.705161688394078
COnPOff_F,6501,0.6971900150458094
COnPOff_F,6502,0.6599024070037248
COnPOff_F,6503,0.6920356852995653
COnPOff_F,6504,0.6859080821424798
COnPOff_F,6505,0.6908151204777517
COnPOff_F,6506,0.6819280937160703
COnPOff_F,6507,0.6975669582083499
COnPOff_F,6508,0.6828582582699368
COnPOff_F,6509,0.6640230639251138
COnPOff_F,6510,0.6975239175975391
COnPOff_F,6511,0.6777872384740824
COnPOff_F,6512,0.7259667062261445
COnPOff_F,6513,0.6883415904597738
COnPOff_F,6514,0.7160698881986562
COnPOff_F,6515,0.7285153114682872
COnPOff_F,6516,0.7300079023675483
COnPOff_F,6517,0.6421961007090682
COnPOff_F,6518,0.6925695017514657
COnPOff_F,6519,0.689265432075596
COnPOff_F,6520,0.6551866814745809
COnPOff_F,6521,0.681702373171011
COnPOff_F,6522,0.6760840651126425
COnPOff_F,6523,0.6726995826334902
COnPOff_F,6524,0.682027792444054
COnPOff_F,6525,0.61529395721208
COnPOff_F,6526,0.6840483639273788
COnPOff_F,6527,0.6650544250272762
COnPOff_F,6528,0.708746104011687
COnPOff_F,6529,0.659643308979396
COnPOff_F,6530,0.6584971271830782
COnPOff_F,6531,0.6956550462148074
COnPOff_F,6532,0.696910886468341
COnPOff_F,6533,0.6584028647161846
COnPOff_F,6534,0.6731483048136567
COnPOff_F,6535,0.6800841190719421
COnPOff_F,6536,0.7333727838033399
COnPOff_F,6537,0.686064520962835
COnPOff_F,6538,0.6762010371862708
COnPOff_F,6539,0.7074179078399668
COnPOff_F,6540,0.6908716457264085
COnPOff_F,6541,0.7004727995208916
COnPOff_F,6542,0.7027008878235681
COnPOff_F,6543,0.6870929733267457
COnPOff_F,6544,0.6383295990893547
COnPOff_F,6545,0.6740923098731452
COnPOff_F,6546,0.6949047068782112
COnPOff_F,6547,0.6881834421721842
COnPOff_F,6548,0.7312058372306826
COnPOff_F,6549,0.6755614108391708
COnPOff_F,6550,0.7082123455843693
COnPOff_F,6551,0.6770365179928559
COnPOff_F,6552,0.6970645431497094
COnPOff_F,6553,0.6648463035030083
COnPOff_F,6554,0.6820117136206074
COnPOff_F,6555,0.7107500471201419
COnPOff_F,6556,0.6470414551376681
COnPOff_F,6557,0.6550427895905779
COnPOff_F,6558,0.6498339754191355
COnPOff_F,6559,0.6989255268431066
COnPOff_F,6560,0.6345953243219022
COnPOff_F,6561,0.6680911668698616
COnPOff_F,6562,0.6820495854002427
COnPOff_F,6563,0.6860829506730796
COnPOff_F,6564,0.6530747285642007
COnPOff_F,6565,0.6882437560692203
COnPOff_F,6566,0.6872492105310471
COnPOff_F,6567,0.699926297084843
COnPOff_F,6568,0.6716653207395291
COnPOff_F,6569,0.6593624568537468
COnPOff_F,6570,0.7189223963602182
COnPOff_F,6571,0.7012247085418719
COnPOff_F,6572,0.6702143563486155
COnPOff_F,6573,0.6397533053840612
COnPOff_F,6574,0.6732664542553356
COnPOff_F,6575,0.6906552279148738
COnPOff_F,6576,0.6960871952277331
COnPOff_F,6577,0.6977071483036876
COnPOff_F,6578,0.6896618511228745
COnPOff_F,6579,0.696297612524074
COnPOff_F,6580,0.6601276225312055
COnPOff_F,6581,0.6607818292694508
COnPOff_F,6582,0.6974792133545747
COnPOff_F,6583,0.6999527312007462
COnPOff_F,6584,0.6989677698938113
COnPOff_F,6585,0.6937683210536753
COnPOff_F,6586,0.6992775517523505
COnPOff_F,6587,0.7129697433422018
COnPOff_F,6588,0.6676595883315359
COnPOff_F,6589,0.6893732083664044
COnPOff_F,6590,0.6935430322398052
COnPOff_F,6591,0.6902507270953604
COnPOff_F,6592,0.6819847666451134
COnPOff_F,6593,0.6593032855016189
COnPOff_F,6594,0.6917565272966144
COnPOff_F,6595,0.6900264985379491
COnPOff_F,6596,0.6717417635370786
COnPOff_F,6597,0.6858151968816683
COnPOff_F,6598,0.674762843844935
COnPOff_F,6599,0.7051211046785424
COnPOff_F,6600,0.6910612894316593
COnPOff_F,6601,0.6898374668127791
COnPOff_F,6602,0.6803210348839402
COnPOff_F,6603,0.7066033730046074
COnPOff_F,6604,0.6565489130997088
COnPOff_F,6605,0.6986445435963969
COnPOff_F,6606,0.6850739765128989
COnPOff_F,6607,0.7205075353857652
COnPOff_F,6608,0.7136853361157708
COnPOff_F,6609,0.6504881554574741
COnPOff_F,6610,0.6585670077431525
COnPOff_F,6611,0.7329479101168401
COnPOff_F,6612,0.6981835093602736
COnPOff_F,6613,0.7131198309155861
COnPOff_F,6614,0.7025006388385593
COnPOff_F,6615,0.6840156164501289
COnPOff_F,6616,0.6894391357532647
COnPOff_F,6617,0.6943094923471479
COnPOff_F,6618,0.6800654764836528
COnPOff_F,6619,0.6793242743447943
COnPOff_F,6620,0.6550187014239836
COnPOff_F,6621,0.6969147096728578
COnPOff_F,6622,0.6973967551336617
COnPOff_F,6623,0.7133202136189368
COnPOff_F,6624,0.695597952218787
COnPOff_F,6625,0.6867925192784126
COnPOff_F,6626,0.6547529045422461
COnPOff_F,6627,0.6641565398022218
COnPOff_F,6628,0.6939358201936517
COnPOff_F,6629,0.6992753382451374
COnPOff_F,6630,0.6953016229641048
COnPOff_F,6631,0.7066396853293949
COnPOff_F,6632,0.6834884686411312
COnPOff_F,6633,0.6775810141908685
COnPOff_F,6634,0.6726862330271781
COnPOff_F,6635,0.688705582838015
COnPOff_F,6636,0.68520321250807
COnPOff_F,6637,0.674904996700204
COnPOff_F,6638,0.6944172790523817
COnPOff_F,6639,0.6723812766907113
COnPOff_F,6640,0.6752162145356425
COnPOff_F,6641,0.6518673115179362
COnPOff_F,6642,0.7054187672341794
COnPOff_F,6643,0.7014433573296244
COnPOff_F,6644,0.679110431013761
COnPOff_F,6645,0.6921944613216294
COnPOff_F,6646,0.7021223439930828
COnPOff_F,6647,0.6759877227996247
COnPOff_F,6648,0.7004333357468604
COnPOff_F,6649,0.6962529276207793
COnPOff_F,6650,0.6907677398940961
COnPOff_F,6651,0.6394587009000466
COnPOff_F,6652,0.666306173779007
COnPOff_F,6653,0.661347547555395
COnPOff_F,6654,0.6718984877823847
COnPOff_F,6655,0.6919635284374097
COnPOff_F,6656,0.668203070454206
COnPOff_F,6657,0.7157403105230804
COnPOff_F,6658,0.6735973787607982
COnPOff_F,6659,0.6629250397157801
COnPOff_F,6660,0.7017117760896414
COnPOff_F,6661,0.6314226693710229
COnPOff_F,6662,0.7004372055983998
COnPOff_F,6663,0.6929414091724341
COnPOff_F,6664,0.6853108460254994
COnPOff_F,6665,0.6942417172246413
COnPOff_F,6666,0.6533660025663913
COnPOff_F,6667,0.6871759740843891
COnPOff_F,6668,0.6568511584371652
COnPOff_F,6669,0.6581307735756523
COnPOff_F,6670,0.6903398214022668
COnPOff_F,6671,0.6718199279830513
COnPOff_F,6672,0.6945374143459846
COnPOff_F,6673,0.682873339946821
COnPOff_F,6674,0.6778483634570955
COnPOff_F,6675,0.6959939254816409
COnPOff_F,6676,0.6699084680486115
COnPOff_F,6677,0.6799847287585677
COnPOff_F,6678,0.6753257984094945
COnPOff_F,6679,0.6980420257405786
COnPOff_F,6680,0.6397270201194629
COnPOff_F,6681,0.6778931102356756
COnPOff_F,6682,0.6851622117778523
COnPOff_F,6683,0.6680109412995746
COnPOff_F,6684,0.6731586206140271
COnPOff_F,6685,0.7157999855488875
COnPOff_F,6686,0.7177435266192659
COnPOff_F,6687,0.6631575178819542
COnPOff_F,6688,0.7055143523715044
COnPOff_F,6689,0.6440571985911102
COnPOff_F,6690,0.7012478690627968
COnPOff_F,6691,0.7138940650178027
COnPOff_F,6692,0.6608448831548038
COnPOff_F,6693,0.6548863506739145
COnPOff_F,6694,0.683232610583772
COnPOff_F,6695,0.674365771239328
COnPOff_F,6696,0.7156042197572119
COnPOff_F,6697,0.6692527046562964
COnPOff_F,6698,0.6814791971649635
COnPOff_F,6699,0.6739026507870236
COnPOff_F,6700,0.6418221064286311
COnPOff_F,6701,0.6409627442181268
COnPOff_F,6702,0.7079609018393607
COnPOff_F,6703,0.6984744410119851
COnPOff_F,6704,0.6811764067699617
COnPOff_F,6705,0.7058411725827021
COnPOff_F,6706,0.6999273966173147
COnPOff_F,6707,0.6730712016269086
COnPOff_F,6708,0.6943974316455248
COnPOff_F,6709,0.6723998066649305
COnPOff_F,6710,0.7151900617029023
COnPOff_F,6711,0.6956559362270714
COnPOff_F,6712,0.6691192626390106
COnPOff_F,6713,0.689472390974303
COnPOff_F,6714,0.7064865404779123
COnPOff_F,6715,0.6638550990773776
COnPOff_F,6716,0.7047528630274443
COnPOff_F,6717,0.7135631170064372
COnPOff_F,6718,0.6738477985607384
COnPOff_F,6719,0.6783450199422315
COnPOff_F,6720,0.6940832334399359
COnPOff_F,6721,0.712709579877009
COnPOff_F,6722,0.6766227460784355
COnPOff_F,6723,0.6623847563603725
COnPOff_F,6724,0.6874624642411509
COnPOff_F,6725,0.6784528815328897
COnPOff_F,6726,0.6839024207868495
COnPOff_F,6727,0.6268586002446886
COnPOff_F,6728,0.6759915881540933
COnPOff_F,6729,0.7190573384191553
COnPOff_F,6730,0.6773514736931857
COnPOff_F,6731,0.7186009991535918
COnPOff_F,6732,0.7111083753663591
COnPOff_F,6733,0.6710701723424829
COnPOff_F,6734,0.6633017132628384
COnPOff_F,6735,0.7057899317876042
COnPOff_F,6736,0.6900585416594273
COnPOff_F,6737,0.6901319175909465
COnPOff_F,6738,0.6921926362354971
COnPOff_F,6739,0.6683331549548086
COnPOff_F,6740,0.6568583484515875
COnPOff_F,6741,0.6776058644972157
COnPOff_F,6742,0.6305777414196949
COnPOff_F,6743,0.6819326288751395
COnPOff_F,6744,0.6612302602985529
COnPOff_F,6745,0.6942733572183513
COnPOff_F,6746,0.6630630510144779
COnPOff_F,6747,0.7303107087298195
COnPOff_F,6748,0.6686220881935594
COnPOff_F,6749,0.6909408481740466
COnPOff_F,6750,0.6905035630220699
COnPOff_F,6751,0.6841009460998222
COnPOff_F,6752,0.6887777097706071
COnPOff_F,6753,0.6574011052631809
COnPOff_F,6754,0.6638039651566595
COnPOff_F,6755,0.7061250118593969
COnPOff_F,6756,0.6834095861318454
COnPOff_F,6757,0.6882118992449954
COnPOff_F,6758,0.6878360361025976
COnPOff_F,6759,0.6953666677259214
COnPOff_F,6760,0.7005797355651143
COnPOff_F,6761,0.6757972054788393
COnPOff_F,6762,0.6961028361988004
COnPOff_F,6763,0.6388162783904962
COnPOff_F,6764,0.6141915497983904
COnPOff_F,6765,0.6851856861271197
COnPOff_F,6766,0.6696329459791747
COnPOff_F,6767,0.6598863015879324
COnPOff_F,6768,0.7017567850398665
COnPOff_F,6769,0.6949402839329182
COnPOff_F,6770,0.693741984920684
COnPOff_F,6771,0.6627582384606745
COnPOff_F,6772,0.7089222667595622
COnPOff_F,6773,0.6951183981024837
COnPOff_F,6774,0.6662136009203613
COnPOff_F,6775,0.681072986964971
COnPOff_F,6776,0.6952374975431251
COnPOff_F,6777,0.6788708883023984
COnPOff_F,6778,0.7123218851262183
COnPOff_F,6779,0.6755286027410713
COnPOff_F,6780,0.7129746134853143
COnPOff_F,6781,0.6704950511470718
COnPOff_F,6782,0.7140088306482099
COnPOff_F,6783,0.6923705258263381
COnPOff_F,6784,0.6674640701777449
COnPOff_F,6785,0.678754934339908
COnPOff_F,6786,0.6813833469038204
COnPOff_F,6787,0.7264113014561996
COnPOff_F,6788,0.678291937023114
COnPOff_F,6789,0.6831358216056977
COnPOff_F,6790,0.6814839808470053
COnPOff_F,6791,0.7063332992141587
COnPOff_F,6792,0.6758769303495104
COnPOff_F,6793,0.6939281125004996
COnPOff_F,6794,0.7192692884507182
COnPOff_F,6795,0.6631309986217185
COnPOff_F,6796,0.6780710964382768
COnPOff_F,6797,0.6664315483550668
COnPOff_F,6798,0.657429311606942
COnPOff_F,6799,0.6922914681150775
COnPOff_F,6800,0.7019969755170973
COnPOff_F,6801,0.6949252627725419
COnPOff_F,6802,0.6877622262693542
COnPOff_F,6803,0.6974725679254847
COnPOff_F,6804,0.7007374680035129
COnPOff_F,6805,0.6684266603354033
COnPOff_F,6806,0.6554093056731736
COnPOff_F,6807,0.6815955363898523
COnPOff_F,6808,0.7014752246012673
COnPOff_F,6809,0.6960128530280502
COnPOff_F,6810,0.6848104961588397
COnPOff_F,6811,0.7218342337237376
COnPOff_F,6812,0.7219300081065615
COnPOff_F,6813,0.6738613856243735
COnPOff_F,6814,0.68000627119001
COnPOff_F,6815,0.6964877409245931
COnPOff_F,6816,0.6566801207251128
COnPOff_F,6817,0.7082718579132259
COnPOff_F,6818,0.6597196094253289
COnPOff_F,6819,0.6726123664450857
COnPOff_F,6820,0.658539678630901
COnPOff_F,6821,0.6965343218899145
COnPOff_F,6822,0.6888908716031525
COnPOff_F,6823,0.6972649618723039
COnPOff_F,6824,0.7047295349754282
COnPOff_F,6825,0.6511512278915653
COnPOff_F,6826,0.6884489565025098
COnPOff_F,6827,0.6637648652193116
COnPOff_F,6828,0.702251361823397
COnPOff_F,6829,0.6597670420429089
COnPOff_F,6830,0.67648790974349
COnPOff_F,6831,0.6762711008097069
COnPOff_F,6832,0.710095184817101
COnPOff_F,6833,0.6892066046788421
COnPOff_F,6834,0.7205223267219454
COnPOff_F,6835,0.6964801677458679
COnPOff_F,6836,0.6974249875302728
COnPOff_F,6837,0.7177741979950141
COnPOff_F,6838,0.6920914070893961
COnPOff_F,6839,0.6940710470887526
COnPOff_F,6840,0.6553925750223454
COnPOff_F,6841,0.6961915516176288
COnPOff_F,6842,0.6755303470176978
COnPOff_F,6843,0.6732216152631852
COnPOff_F,6844,0.6641512579689403
COnPOff_F,6845,0.6874755812898944
COnPOff_F,6846,0.690692094927089
COnPOff_F,6847,0.6880418587081507
COnPOff_F,6848,0.7041345358395809
COnPOff_F,6849,0.6711946332819686
COnPOff_F,6850,0.7076990732467938
COnPOff_F,6851,0.6650528415270124
COnPOff_F,6852,0.6945770251149046
COnPOff_F,6853,0.7016894441146507
COnPOff_F,6854,0.6998676338530448
COnPOff_F,6855,0.6570344088552004
COnPOff_F,6856,0.681029868210714
COnPOff_F,6857,0.6698586981401586
COnPOff_F,6858,0.6586322182807229
COnPOff_F,6859,0.6751319238084483
COnPOff_F,6860,0.6995606057467268
COnPOff_F,6861,0.680755812762564
COnPOff_F,6862,0.6894370367240339
COnPOff_F,6863,0.6943884364362664
COnPOff_F,6864,0.683222214234782
COnPOff_F,6865,0.7136325037356359
COnPOff_F,6866,0.6937266136483321
COnPOff_F,6867,0.7026390030016465
COnPOff_F,6868,0.6850467648281867
COnPOff_F,6869,0.7052564267886375
COnPOff_F,6870,0.7201991544446746
COnPOff_F,6871,0.7030504004071233
COnPOff_F,6872,0.6804516660614242
COnPOff_F,6873,0.7097403152085571
COnPOff_F,6874,0.6944886408344304
COnPOff_F,6875,0.6943973845008372
COnPOff_F,6876,0.6802836157263552
COnPOff_F,6877,0.6663370173668103
COnPOff_F,6878,0.6853059384461466
COnPOff_F,6879,0.6788600707648563
COnPOff_F,6880,0.7133994229629024
COnPOff_F,6881,0.6477372396464306
COnPOff_F,6882,0.6864865047958548
COnPOff_F,6883,0.6826575504907034
COnPOff_F,6884,0.6792621394356054
COnPOff_F,6885,0.6927908812842576
COnPOff_F,6886,0.6735107609980487
COnPOff_F,6887,0.6612428707612077
COnPOff_F,6888,0.7013269443198108
COnPOff_F,6889,0.6573011459278496
COnPOff_F,6890,0.6798309402068817
COnPOff_F,6891,0.6727251696625078
COnPOff_F,6892,0.6876426606974163
COnPOff_F,6893,0.7198110784597453
COnPOff_F,6894,0.6198905755337247
COnPOff_F,6895,0.7115338729261529
COnPOff_F,6896,0.7203711805099605
COnPOff_F,6897,0.7009570685356564
COnPOff_F,6898,0.6951876352507544
COnPOff_F,6899,0.7075842927954202
COnPOff_F,6900,0.6912037622797298
COnPOff_F,6901,0.6745623501092637
COnPOff_F,6902,0.7009994059258865
COnPOff_F,6903,0.6996466720434978
COnPOff_F,6904,0.6684497050485081
COnPOff_F,6905,0.6578753881371571
COnPOff_F,6906,0.7005910104506574
COnPOff_F,6907,0.7181571088212481
COnPOff_F,6908,0.6870050247791736
COnPOff_F,6909,0.6981597776792425
COnPOff_F,6910,0.7050320574342965
COnPOff_F,6911,0.7403353416559625
COnPOff_F,6912,0.7096182541759669
COnPOff_F,6913,0.6392750322792952
COnPOff_F,6914,0.6811958536267172
COnPOff_F,6915,0.6643936356266744
COnPOff_F,6916,0.6892905632989063
COnPOff_F,6917,0.6722136736338
COnPOff_F,6918,0.6778995895365171
COnPOff_F,6919,0.6818832249843378
COnPOff_F,6920,0.6748482488710021
COnPOff_F,6921,0.6643995813594809
COnPOff_F,6922,0.6697708460008048
COnPOff_F,6923,0.6562111899341146
COnPOff_F,6924,0.6783366427868677
COnPOff_F,6925,0.6705951820698787
COnPOff_F,6926,0.664321275036817
COnPOff_F,6927,0.6787521438423819
COnPOff_F,6928,0.7163290457531705
COnPOff_F,6929,0.679348791848364
COnPOff_F,6930,0.6937120746838752
COnPOff_F,6931,0.730595040905001
COnPOff_F,6932,0.6412102180240421
COnPOff_F,6933,0.6780394008800846
COnPOff_F,6934,0.6618610885640925
COnPOff_F,6935,0.6934633182613998
COnPOff_F,6936,0.6907727510242424
COnPOff_F,6937,0.665736108347378
COnPOff_F,6938,0.6812519957643316
COnPOff_F,6939,0.6770281929413552
COnPOff_F,6940,0.6673474535885214
COnPOff_F,6941,0.6726248510742252
COnPOff_F,6942,0.6981427859027372
COnPOff_F,6943,0.6992313863603264
COnPOff_F,6944,0.6836665293039697
COnPOff_F,6945,0.6634768055709825
COnPOff_F,6946,0.7216917569001189
COnPOff_F,6947,0.6738023593591951
COnPOff_F,6948,0.6845411304943327
COnPOff_F,6949,0.6788970296893279
COnPOff_F,6950,0.674060554152807
COnPOff_F,6951,0.6998244137566639
COnPOff_F,6952,0.6583916270762389
COnPOff_F,6953,0.6922333159997655
COnPOff_F,6954,0.6555945066674038
COnPOff_F,6955,0.6424478432645776
COnPOff_F,6956,0.6873431735630793
COnPOff_F,6957,0.6868238942438669
COnPOff_F,6958,0.6875844478316635
COnPOff_F,6959,0.6836981381875029
COnPOff_F,6960,0.6932777696482436
COnPOff_F,6961,0.6827043588521184
COnPOff_F,6962,0.7033283623950227
COnPOff_F,6963,0.687370694770379
COnPOff_F,6964,0.7031115082077752
COnPOff_F,6965,0.6877272893125731
COnPOff_F,6966,0.6986482869194541
COnPOff_F,6967,0.6400913401842326
COnPOff_F,6968,0.6634363936078845
COnPOff_F,6969,0.6854390015548056
COnPOff_F,6970,0.675986612628266
COnPOff_F,6971,0.6997715872713074
COnPOff_F,6972,0.6783681006894217
COnPOff_F,6973,0.6506314631208829
COnPOff_F,6974,0.6967659328030316
COnPOff_F,6975,0.6818505783192045
COnPOff_F,6976,0.6973022505891219
COnPOff_F,6977,0.722395240101321
COnPOff_F,6978,0.6961952613195659
COnPOff_F,6979,0.6729721836278942
COnPOff_F,6980,0.668818678494748
COnPOff_F,6981,0.7109796883856397
COnPOff_F,6982,0.6648261671436492
COnPOff_F,6983,0.6776973710905595
COnPOff_F,6984,0.6946572953146134
COnPOff_F,6985,0.6855310030779329
COnPOff_F,6986,0.7016221348350102
COnPOff_F,6987,0.6930392619368672
COnPOff_F,6988,0.6671568395949825
COnPOff_F,6989,0.6849124916314805
COnPOff_F,6990,0.6683391889613864
COnPOff_F,6991,0.6691551911229157
COnPOff_F,6992,0.7176788485336004
COnPOff_F,6993,0.6618134808422343
COnPOff_F,6994,0.7039831116683819
COnPOff_F,6995,0.6821970514488651
COnPOff_F,6996,0.6435364315036515
COnPOff_F,6997,0.6953566267662056
COnPOff_F,6998,0.650195316687704
COnPOff_F,6999,0.6813992936016827
COnPOff_F,7000,0.6881208334639249
COnPOff_F,7001,0.7408618082818353
COnPOff_F,7002,0.6909820590807261
COnPOff_F,7003,0.6512944793816975
COnPOff_F,7004,0.6821119821001764
COnPOff_F,7005,0.6791265702195259
COnPOff_F,7006,0.686994752398852
COnPOff_F,7007,0.6892429906538982
COnPOff_F,7008,0.6861096964079266
COnPOff_F,7009,0.6857711524874963
COnPOff_F,7010,0.7353154580368336
COnPOff_F,7011,0.6646038799723417
COnPOff_F,7012,0.6819640757083782
COnPOff_F,7013,0.6598200698779477
COnPOff_F,7014,0.682640051907567
COnPOff_F,7015,0.6857634779109278
COnPOff_F,7016,0.6734605111304599
COnPOff_F,7017,0.7154364722616042
COnPOff_F,7018,0.6547822246142079
COnPOff_F,7019,0.6465115079340699
COnPOff_F,7020,0.6499655395535423
COnPOff_F,7021,0.6716294550101424
COnPOff_F,7022,0.7018289001408732
COnPOff_F,7023,0.6752405690245443
COnPOff_F,7024,0.6890836138489815
COnPOff_F,7025,0.6999711604040396
COnPOff_F,7026,0.6751991097452382
COnPOff_F,7027,0.6906448606182294
COnPOff_F,7028,0.677967307657573
COnPOff_F,7029,0.6700992068744526
COnPOff_F,7030,0.6895724088295992
COnPOff_F,7031,0.7029438808156948
COnPOff_F,7032,0.6377221871214747
COnPOff_F,7033,0.6997263078542721
COnPOff_F,7034,0.7013354734466386
COnPOff_F,7035,0.7115389090876482
COnPOff_F,7036,0.708047896689721
COnPOff_F,7037,0.6900573909289204
COnPOff_F,7038,0.7084087189882685
COnPOff_F,7039,0.709544401598972
COnPOff_F,7040,0.6922708211550761
COnPOff_F,7041,0.6783874343533077
COnPOff_F,7042,0.6903641148855174
COnPOff_F,7043,0.710960327000366
COnPOff_F,7044,0.6791900242106541
COnPOff_F,7045,0.7079011375915558
COnPOff_F,7046,0.7202004220032715
COnPOff_F,7047,0.712525372437146
COnPOff_F,7048,0.6940625155692635
COnPOff_F,7049,0.675450816477519
COnPOff_F,7050,0.6765117422260145
COnPOff_F,7051,0.673204888957306
COnPOff_F,7052,0.6662012686739613
COnPOff_F,7053,0.7148840339441155
COnPOff_F,7054,0.6957238382482823
COnPOff_F,7055,0.6624267043853507
COnPOff_F,7056,0.7064384202040408
COnPOff_F,7057,0.6734634592098214
COnPOff_F,7058,0.7236803684442963
COnPOff_F,7059,0.6787061852131688
COnPOff_F,7060,0.6923851298674716
COnPOff_F,7061,0.6932653297922966
COnPOff_F,7062,0.7013305210090851
COnPOff_F,7063,0.6743284978726952
COnPOff_F,7064,0.6892824941245305
COnPOff_F,7065,0.6860976364502751
COnPOff_F,7066,0.6956078423349807
COnPOff_F,7067,0.700933735296429
COnPOff_F,7068,0.6498739287364571
COnPOff_F,7069,0.7034031046236889
COnPOff_F,7070,0.6833622609127906
COnPOff_F,7071,0.7540491707112295
COnPOff_F,7072,0.6985384504319887
COnPOff_F,7073,0.7230773410978317
COnPOff_F,7074,0.6685151790813759
COnPOff_F,7075,0.7013856824800054
COnPOff_F,7076,0.7151377225952151
COnPOff_F,7077,0.70320526788261
COnPOff_F,7078,0.7089547669917603
COnPOff_F,7079,0.6922986401067429
COnPOff_F,7080,0.654293277425686
COnPOff_F,7081,0.6719608652709163
COnPOff_F,7082,0.6930168774294895
COnPOff_F,7083,0.6794141462547745
COnPOff_F,7084,0.6734046057931394
COnPOff_F,7085,0.6801879810871149
COnPOff_F,7086,0.6587602337189039
COnPOff_F,7087,0.6846175827630172
COnPOff_F,7088,0.6607556705398302
COnPOff_F,7089,0.6815248997382003
COnPOff_F,7090,0.6721649972856455
COnPOff_F,7091,0.7224097175671801
COnPOff_F,7092,0.6793525733241732
COnPOff_F,7093,0.7186357986254815
COnPOff_F,7094,0.661443553470001
COnPOff_F,7095,0.6927046985509379
COnPOff_F,7096,0.6907316151467318
COnPOff_F,7097,0.6474794089392784
COnPOff_F,7098,0.678949939766964
COnPOff_F,7099,0.688230470975805
COnPOff_F,7100,0.6887977938518625
COnPOff_F,7101,0.6642715435905748
COnPOff_F,7102,0.6855328762950426
COnPOff_F,7103,0.6910034322821274
COnPOff_F,7104,0.692245685633137
COnPOff_F,7105,0.7107093500367275
COnPOff_F,7106,0.6778282285333332
COnPOff_F,7107,0.6643661943615818
COnPOff_F,7108,0.6757834396215632
COnPOff_F,7109,0.6711113351421932
COnPOff_F,7110,0.7195196560436683
COnPOff_F,7111,0.6900900074289639
COnPOff_F,7112,0.6437089386676288
COnPOff_F,7113,0.701695430713918
COnPOff_F,7114,0.6533494002206529
COnPOff_F,7115,0.6635408695225781
COnPOff_F,7116,0.6641285834209295
COnPOff_F,7117,0.6304859059844445
COnPOff_F,7118,0.6926376634099372
COnPOff_F,7119,0.6950398067105169
COnPOff_F,7120,0.6966219725505683
COnPOff_F,7121,0.6866437025492664
COnPOff_F,7122,0.6596397055561245
COnPOff_F,7123,0.6950713422262385
COnPOff_F,7124,0.677417118640819
COnPOff_F,7125,0.6706965602501138
COnPOff_F,7126,0.6579448127409699
COnPOff_F,7127,0.6840138627499416
COnPOff_F,7128,0.6999134096730033
COnPOff_F,7129,0.6915889981849591
COnPOff_F,7130,0.6694155767560507
COnPOff_F,7131,0.6766690492861553
COnPOff_F,7132,0.6385816075316699
COnPOff_F,7133,0.7437318374246016
COnPOff_F,7134,0.6925402192737163
COnPOff_F,7135,0.6771869513307204
COnPOff_F,7136,0.6654519570510127
COnPOff_F,7137,0.7135454879990488
COnPOff_F,7138,0.6940296569409276
COnPOff_F,7139,0.672963155309293
COnPOff_F,7140,0.6613058347767063
COnPOff_F,7141,0.656711721464444
COnPOff_F,7142,0.6912738489744177
COnPOff_F,7143,0.6909669700455943
COnPOff_F,7144,0.7144175050428897
COnPOff_F,7145,0.7137117683707661
COnPOff_F,7146,0.6959540345852325
COnPOff_F,7147,0.7062880835841493
COnPOff_F,7148,0.6753084264861534
COnPOff_F,7149,0.6825420456096043
COnPOff_F,7150,0.6881202442742925
COnPOff_F,7151,0.6789983233829749
COnPOff_F,7152,0.6713379524483859
COnPOff_F,7153,0.683227768296501
COnPOff_F,7154,0.6731716840771713
COnPOff_F,7155,0.6562581278369661
COnPOff_F,7156,0.6845213680491193
COnPOff_F,7157,0.6704301371968207
COnPOff_F,7158,0.682944876148096
COnPOff_F,7159,0.6809134822813312
COnPOff_F,7160,0.6803595307625242
COnPOff_F,7161,0.6863751710296923
COnPOff_F,7162,0.6801414026549727
COnPOff_F,7163,0.7095733887892224
COnPOff_F,7164,0.6917242345362766
COnPOff_F,7165,0.6480793719132502
COnPOff_F,7166,0.6589678136746947
COnPOff_F,7167,0.6706615456105728
COnPOff_F,7168,0.6914200535151087
COnPOff_F,7169,0.6464613107164588
COnPOff_F,7170,0.6877060849922167
COnPOff_F,7171,0.676623870514775
COnPOff_F,7172,0.7420352529127663
COnPOff_F,7173,0.6811096381743995
COnPOff_F,7174,0.6854320264546355
COnPOff_F,7175,0.6842964367463036
COnPOff_F,7176,0.6784723774227206
COnPOff_F,7177,0.6393640666226394
COnPOff_F,7178,0.6776247079332182
COnPOff_F,7179,0.6848469870963887
COnPOff_F,7180,0.6604102035393571
COnPOff_F,7181,0.6677276942726875
COnPOff_F,7182,0.6470576064059733
COnPOff_F,7183,0.7149345003494934
COnPOff_F,7184,0.6934326740180043
COnPOff_F,7185,0.6780169597501136
COnPOff_F,7186,0.6802429781412908
COnPOff_F,7187,0.6947896945031766
COnPOff_F,7188,0.6688482123410115
COnPOff_F,7189,0.7212330687880082
COnPOff_F,7190,0.6716705475467307
COnPOff_F,7191,0.7187345832151671
COnPOff_F,7192,0.6309520779138591
COnPOff_F,7193,0.6929635138054774
COnPOff_F,7194,0.6677783681736352
COnPOff_F,7195,0.7020788189813254
COnPOff_F,7196,0.696144295510739
COnPOff_F,7197,0.6701313843008571
COnPOff_F,7198,0.6839866123827133
COnPOff_F,7199,0.6735138818867166
COnPOff_F,7200,0.6382570700287373
COnPOff_F,7201,0.6829872771416208
COnPOff_F,7202,0.672611489953957
COnPOff_F,7203,0.6917581316557213
COnPOff_F,7204,0.713927390076883
COnPOff_F,7205,0.6581219646476374
COnPOff_F,7206,0.6678333249170147
COnPOff_F,7207,0.6759330835066669
COnPOff_F,7208,0.6796239741577802
COnPOff_F,7209,0.6865140294544716
COnPOff_F,7210,0.6510809484130681
COnPOff_F,7211,0.6823182490242686
COnPOff_F,7212,0.728116898729591
COnPOff_F,7213,0.6768778965888809
COnPOff_F,7214,0.7107745809657305
COnPOff_F,7215,0.6966570309794432
COnPOff_F,7216,0.6665197787591449
COnPOff_F,7217,0.6689483685196873
COnPOff_F,7218,0.6768093246294661
COnPOff_F,7219,0.710946451196981
COnPOff_F,7220,0.6885709973713574
COnPOff_F,7221,0.673557795425715
COnPOff_F,7222,0.6995488462428153
COnPOff_F,7223,0.6960876625225572
COnPOff_F,7224,0.6705314236057838
COnPOff_F,7225,0.6724011323746142
COnPOff_F,7226,0.7056560469056341
COnPOff_F,7227,0.7230578508139183
COnPOff_F,7228,0.6800005737266117
COnPOff_F,7229,0.6899741939061057
COnPOff_F,7230,0.6733730844441053
COnPOff_F,7231,0.6691685850002763
COnPOff_F,7232,0.7176462496811505
COnPOff_F,7233,0.6829071533513237
COnPOff_F,7234,0.6789273915110952
COnPOff_F,7235,0.6780240107388449
COnPOff_F,7236,0.6631201719711919
COnPOff_F,7237,0.6971691934523838
COnPOff_F,7238,0.6360204922600103
COnPOff_F,7239,0.7011981687370558
COnPOff_F,7240,0.6667520475406308
COnPOff_F,7241,0.7057277007559876
COnPOff_F,7242,0.682247182945584
COnPOff_F,7243,0.666845110876988
COnPOff_F,7244,0.6732708737276475
COnPOff_F,7245,0.6792705277886286
COnPOff_F,7246,0.683813921286182
COnPOff_F,7247,0.7154321361234672
COnPOff_F,7248,0.6650830206682006
COnPOff_F,7249,0.6442156492774829
COnPOff_F,7250,0.6695162796569594
COnPOff_F,7251,0.6857099028030095
COnPOff_F,7252,0.7099623763165835
COnPOff_F,7253,0.6172903418375655
COnPOff_F,7254,0.716625883165811
COnPOff_F,7255,0.7052291646692406
COnPOff_F,7256,0.6580164718826267
COnPOff_F,7257,0.6991185512611799
COnPOff_F,7258,0.7186495996725663
COnPOff_F,7259,0.7173777884717215
COnPOff_F,7260,0.6599821422953559
COnPOff_F,7261,0.7254643813525613
COnPOff_F,7262,0.6638682904938861
COnPOff_F,7263,0.7091594082519682
COnPOff_F,7264,0.6523194080841759
COnPOff_F,7265,0.7007839969857153
COnPOff_F,7266,0.6905183505240937
COnPOff_F,7267,0.7322105344348734
COnPOff_F,7268,0.67545852002545
COnPOff_F,7269,0.6633927198356984
COnPOff_F,7270,0.6945130889544346
COnPOff_F,7271,0.6515013563997211
COnPOff_F,7272,0.6600487279348906
COnPOff_F,7273,0.6655632818656952
COnPOff_F,7274,0.6841260874893031
COnPOff_F,7275,0.6806134418783516
COnPOff_F,7276,0.6801888050010731
COnPOff_F,7277,0.6975417518118688
COnPOff_F,7278,0.6983590018659014
COnPOff_F,7279,0.7339376075099192
COnPOff_F,7280,0.6820890796386934
COnPOff_F,7281,0.6707929745307586
COnPOff_F,7282,0.6967417267532764
COnPOff_F,7283,0.7307757425302818
COnPOff_F,7284,0.6729564900643905
COnPOff_F,7285,0.7031484864790961
COnPOff_F,7286,0.6965438562484542
COnPOff_F,7287,0.7029901263400294
COnPOff_F,7288,0.7198827724022643
COnPOff_F,7289,0.6708671881419251
COnPOff_F,7290,0.7211704607516894
COnPOff_F,7291,0.6467644609536173
COnPOff_F,7292,0.7144274510134956
COnPOff_F,7293,0.6687699318433108
COnPOff_F,7294,0.6531708209565409
COnPOff_F,7295,0.6866030394958904
COnPOff_F,7296,0.664811734758317
COnPOff_F,7297,0.6840723952993958
COnPOff_F,7298,0.7184594581365271
COnPOff_F,7299,0.7027155001700262
COnPOff_F,7300,0.7055766106041418
COnPOff_F,7301,0.7254821032331745
COnPOff_F,7302,0.6469652864991529
COnPOff_F,7303,0.6747927357952509
COnPOff_F,7304,0.6672023132873003
COnPOff_F,7305,0.6862863032347895
COnPOff_F,7306,0.6963655596794832
COnPOff_F,7307,0.6966134137001435
COnPOff_F,7308,0.6612777222084446
COnPOff_F,7309,0.6887584916604252
COnPOff_F,7310,0.6797814511344565
COnPOff_F,7311,0.6871923377197509
COnPOff_F,7312,0.6618663339832975
COnPOff_F,7313,0.7164051342823213
COnPOff_F,7314,0.6964339863191044
COnPOff_F,7315,0.6930738300153315
COnPOff_F,7316,0.7181807122443157
COnPOff_F,7317,0.7044955158455096
COnPOff_F,7318,0.6687156990459637
COnPOff_F,7319,0.6881888645283721
COnPOff_F,7320,0.7104809758904529
COnPOff_F,7321,0.7210376201824465
COnPOff_F,7322,0.6767727817256539
COnPOff_F,7323,0.6881754136689305
COnPOff_F,7324,0.6426405019814366
COnPOff_F,7325,0.6377016345505441
COnPOff_F,7326,0.6998203125200361
COnPOff_F,7327,0.7125937867946719
COnPOff_F,7328,0.6484149333846134
COnPOff_F,7329,0.6855567065365286
COnPOff_F,7330,0.6771715025178345
COnPOff_F,7331,0.6900082644771067
COnPOff_F,7332,0.6891596116764699
COnPOff_F,7333,0.7130417887297122
COnPOff_F,7334,0.6817491440272891
COnPOff_F,7335,0.6708980847844778
COnPOff_F,7336,0.673579246613646
COnPOff_F,7337,0.6875283622968228
COnPOff_F,7338,0.6642662575891436
COnPOff_F,7339,0.7013225045934902
COnPOff_F,7340,0.679628836749005
COnPOff_F,7341,0.6733994190814926
COnPOff_F,7342,0.7073284227094341
COnPOff_F,7343,0.6744267092884005
COnPOff_F,7344,0.656727544727489
COnPOff_F,7345,0.6949684511577985
COnPOff_F,7346,0.6770216713440571
COnPOff_F,7347,0.6825692707001693
COnPOff_F,7348,0.6658651357757935
COnPOff_F,7349,0.6854238985932359
COnPOff_F,7350,0.6901137977598261
COnPOff_F,7351,0.6985926601284635
COnPOff_F,7352,0.6753794918028362
COnPOff_F,7353,0.7221811268728613
COnPOff_F,7354,0.6796881755822075
COnPOff_F,7355,0.6700059657138749
COnPOff_F,7356,0.696021866511966
COnPOff_F,7357,0.682880785252236
COnPOff_F,7358,0.716407131429033
COnPOff_F,7359,0.7327667692166034
COnPOff_F,7360,0.677178816374791
COnPOff_F,7361,0.7086479067337961
COnPOff_F,7362,0.6546291864227151
COnPOff_F,7363,0.7143284973230241
COnPOff_F,7364,0.6867701685563441
COnPOff_F,7365,0.7182573470244501
COnPOff_F,7366,0.6970073159328315
COnPOff_F,7367,0.6817960793690019
COnPOff_F,7368,0.7026631563649084
COnPOff_F,7369,0.6783861059571886
COnPOff_F,7370,0.7011284266476965
COnPOff_F,7371,0.689334790609124
COnPOff_F,7372,0.7032659839859218
COnPOff_F,7373,0.6925741927713588
COnPOff_F,7374,0.6711665690681198
COnPOff_F,7375,0.7052535302980176
COnPOff_F,7376,0.6653244066380347
COnPOff_F,7377,0.6538954245972488
COnPOff_F,7378,0.722248978762303
COnPOff_F,7379,0.672107099341726
COnPOff_F,7380,0.7036291015472413
COnPOff_F,7381,0.6684120906717861
COnPOff_F,7382,0.712326292259543
COnPOff_F,7383,0.6817084744988353
COnPOff_F,7384,0.6792963633324236
COnPOff_F,7385,0.6625233331889646
COnPOff_F,7386,0.6845299985119935
COnPOff_F,7387,0.6549679706274791
COnPOff_F,7388,0.6925792131885258
COnPOff_F,7389,0.6505460885391113
COnPOff_F,7390,0.6839406672461972
COnPOff_F,7391,0.6786043589094815
COnPOff_F,7392,0.7041647244992962
COnPOff_F,7393,0.6773340669617155
COnPOff_F,7394,0.6933574556134383
COnPOff_F,7395,0.6823195132725285
COnPOff_F,7396,0.6936620576740099
COnPOff_F,7397,0.7242044296265309
COnPOff_F,7398,0.6935059295308241
COnPOff_F,7399,0.6742054878033392
COnPOff_F,7400,0.7003461401929392
COnPOff_F,7401,0.7009303411129759
COnPOff_F,7402,0.6693744315411134
COnPOff_F,7403,0.7046644926593754
COnPOff_F,7404,0.6632953609320236
COnPOff_F,7405,0.6800792847933109
COnPOff_F,7406,0.6703845002682542
COnPOff_F,7407,0.6496854138575164
COnPOff_F,7408,0.7000026099362553
COnPOff_F,7409,0.66454982993901
COnPOff_F,7410,0.641707948595467
COnPOff_F,7411,0.6902402728212358
COnPOff_F,7412,0.6910833083229102
COnPOff_F,7413,0.6763596458673437
COnPOff_F,7414,0.7019367701986753
COnPOff_F,7415,0.7022516374821082
COnPOff_F,7416,0.661935017411021
COnPOff_F,7417,0.7025859911844177
COnPOff_F,7418,0.6509283403661378
COnPOff_F,7419,0.6908078857571691
COnPOff_F,7420,0.6995188927029681
COnPOff_F,7421,0.668427119350666
COnPOff_F,7422,0.674614095182848
COnPOff_F,7423,0.688728633210944
COnPOff_F,7424,0.7236627949391782
COnPOff_F,7425,0.673647579396087
COnPOff_F,7426,0.6724937091578781
COnPOff_F,7427,0.7007220657197092
COnPOff_F,7428,0.666118541978632
COnPOff_F,7429,0.6538458170448703
COnPOff_F,7430,0.7198157005943845
COnPOff_F,7431,0.6946005467356706
COnPOff_F,7432,0.6928206864549113
COnPOff_F,7433,0.6471241947757748
COnPOff_F,7434,0.6792426502192788
COnPOff_F,7435,0.6458178131406961
COnPOff_F,7436,0.667209622174661
COnPOff_F,7437,0.6392856249758773
COnPOff_F,7438,0.6958859493082793
COnPOff_F,7439,0.6201333101291615
COnPOff_F,7440,0.6875526365489897
COnPOff_F,7441,0.6405750482042833
COnPOff_F,7442,0.66081475031017
COnPOff_F,7443,0.7336619693938204
COnPOff_F,7444,0.7133455451834424
COnPOff_F,7445,0.6761738413288305
COnPOff_F,7446,0.6783681990858899
COnPOff_F,7447,0.7294549744956395
COnPOff_F,7448,0.6591094061236893
COnPOff_F,7449,0.6741008783255709
COnPOff_F,7450,0.6695295871247752
COnPOff_F,7451,0.6942715465336399
COnPOff_F,7452,0.7126586576145623
COnPOff_F,7453,0.6793076184265495
COnPOff_F,7454,0.6857670650367448
COnPOff_F,7455,0.6929028103228282
COnPOff_F,7456,0.6681111802972431
COnPOff_F,7457,0.7009681829728719
COnPOff_F,7458,0.7129096565028887
COnPOff_F,7459,0.6851778668729208
COnPOff_F,7460,0.7092485837317026
COnPOff_F,7461,0.7111149686730158
COnPOff_F,7462,0.69708549207717
COnPOff_F,7463,0.7034522360384944
COnPOff_F,7464,0.678290796634476
COnPOff_F,7465,0.6694808564340576
COnPOff_F,7466,0.6849940734311136
COnPOff_F,7467,0.6857422747682564
COnPOff_F,7468,0.7046620579437878
COnPOff_F,7469,0.697101906252264
COnPOff_F,7470,0.6679650582478297
COnPOff_F,7471,0.686675123951225
COnPOff_F,7472,0.68923985675643
COnPOff_F,7473,0.6651372276506025
COnPOff_F,7474,0.6572557290242046
COnPOff_F,7475,0.7138312470950953
COnPOff_F,7476,0.6831479495514836
COnPOff_F,7477,0.679140626974366
COnPOff_F,7478,0.6918570236379395
COnPOff_F,7479,0.7224233277395374
COnPOff_F,7480,0.6703511642394243
COnPOff_F,7481,0.6608358368296667
COnPOff_F,7482,0.6862064535285639
COnPOff_F,7483,0.6619019708264032
COnPOff_F,7484,0.6830469265352026
COnPOff_F,7485,0.7017737935089068
COnPOff_F,7486,0.6889035979054069
COnPOff_F,7487,0.6845692471783998
COnPOff_F,7488,0.6762952752229122
COnPOff_F,7489,0.6967630040426303
COnPOff_F,7490,0.6901230560581924
COnPOff_F,7491,0.6774630711270679
COnPOff_F,7492,0.7052175408391927
COnPOff_F,7493,0.6759411717391713
COnPOff_F,7494,0.6934662710619864
COnPOff_F,7495,0.6695101664474306
COnPOff_F,7496,0.7104063536408722
COnPOff_F,7497,0.7017987614563893
COnPOff_F,7498,0.6448870999107985
COnPOff_F,7499,0.6479287596993357
COnPOff_F,7500,0.6731135963984989
COnPOff_F,7501,0.710755079319522
COnPOff_F,7502,0.7201512407293129
COnPOff_F,7503,0.726400015079976
COnPOff_F,7504,0.6992306281287268
COnPOff_F,7505,0.6952998363377012
COnPOff_F,7506,0.6813732931617992
COnPOff_F,7507,0.6910862001986244
COnPOff_F,7508,0.7183964713285461
COnPOff_F,7509,0.7213310609474098
COnPOff_F,7510,0.669914945349316
COnPOff_F,7511,0.6890340948915255
COnPOff_F,7512,0.6781440948150206
COnPOff_F,7513,0.6418651710525928
COnPOff_F,7514,0.6966912057738545
COnPOff_F,7515,0.6891544052377495
COnPOff_F,7516,0.6784698877365756
COnPOff_F,7517,0.6757033186555489
COnPOff_F,7518,0.6402888067692358
COnPOff_F,7519,0.6908331208120062
COnPOff_F,7520,0.7124537557896348
COnPOff_F,7521,0.6910841205641504
COnPOff_F,7522,0.7049246497868233
COnPOff_F,7523,0.6886708804658896
COnPOff_F,7524,0.6451308805122035
COnPOff_F,7525,0.6921462125365331
COnPOff_F,7526,0.6955331157683728
COnPOff_F,7527,0.671008786080853
COnPOff_F,7528,0.6811185648263884
COnPOff_F,7529,0.7310698067794403
COnPOff_F,7530,0.6986450050746618
COnPOff_F,7531,0.6875587454796137
COnPOff_F,7532,0.6410615898732228
COnPOff_F,7533,0.7124454985043854
COnPOff_F,7534,0.6873198938420931
COnPOff_F,7535,0.6552907743166139
COnPOff_F,7536,0.6968884645377198
COnPOff_F,7537,0.6971712881352365
COnPOff_F,7538,0.6793760399594057
COnPOff_F,7539,0.6880113252683423
COnPOff_F,7540,0.6502304309215726
COnPOff_F,7541,0.6703345050971501
COnPOff_F,7542,0.6725371188006571
COnPOff_F,7543,0.6901102213052159
COnPOff_F,7544,0.662972602810071
COnPOff_F,7545,0.7041067145592037
COnPOff_F,7546,0.7149129426083557
COnPOff_F,7547,0.6912209493479162
COnPOff_F,7548,0.642520334224579
COnPOff_F,7549,0.6722088401954904
COnPOff_F,7550,0.6893821274065829
COnPOff_F,7551,0.7105533243229976
COnPOff_F,7552,0.696344127729987
COnPOff_F,7553,0.7391227993759543
COnPOff_F,7554,0.7005289284623807
COnPOff_F,7555,0.6667980768455328
COnPOff_F,7556,0.6847349173367488
COnPOff_F,7557,0.6768618472548635
COnPOff_F,7558,0.6747940867263026
COnPOff_F,7559,0.6503978010268028
COnPOff_F,7560,0.7140629193794545
COnPOff_F,7561,0.6571060942213404
COnPOff_F,7562,0.6719382175556424
COnPOff_F,7563,0.6678837063356061
COnPOff_F,7564,0.697213951964491
COnPOff_F,7565,0.6979740124339306
COnPOff_F,7566,0.711821339515167
COnPOff_F,7567,0.6557765326996593
COnPOff_F,7568,0.6678467086168678
COnPOff_F,7569,0.6599309878651569
COnPOff_F,7570,0.6652928559359115
COnPOff_F,7571,0.6508706677081825
COnPOff_F,7572,0.6411303734216864
COnPOff_F,7573,0.690907220614582
COnPOff_F,7574,0.6909109217180811
COnPOff_F,7575,0.6519763318778217
COnPOff_F,7576,0.6791873281830444
COnPOff_F,7577,0.6774950917888777
COnPOff_F,7578,0.6843444863934731
COnPOff_F,7579,0.6798821370467618
COnPOff_F,7580,0.6764576221382136
COnPOff_F,7581,0.6956037066742483
COnPOff_F,7582,0.6742374806816641
COnPOff_F,7583,0.7136997822417507
COnPOff_F,7584,0.6282154718361116
COnPOff_F,7585,0.6518751317322933
COnPOff_F,7586,0.7122672878453308
COnPOff_F,7587,0.6709160335791527
COnPOff_F,7588,0.6898679219305086
COnPOff_F,7589,0.6866651475858276
COnPOff_F,7590,0.6908820872396043
COnPOff_F,7591,0.7071874327055314
COnPOff_F,7592,0.6625315860672943
COnPOff_F,7593,0.6969246071667422
COnPOff_F,7594,0.6847479282632237
COnPOff_F,7595,0.6645006218039752
COnPOff_F,7596,0.6709045264879291
COnPOff_F,7597,0.6760803163112423
COnPOff_F,7598,0.6674363657954215
COnPOff_F,7599,0.643666998981022
COnPOff_F,7600,0.6991179601478041
COnPOff_F,7601,0.6632191225930723
COnPOff_F,7602,0.7179775032026158
COnPOff_F,7603,0.6826345189430485
COnPOff_F,7604,0.6877493225158421
COnPOff_F,7605,0.6897953535806928
COnPOff_F,7606,0.675067258617585
COnPOff_F,7607,0.6736539408238194
COnPOff_F,7608,0.7062574107566814
COnPOff_F,7609,0.6745919898792516
COnPOff_F,7610,0.6945401576231423
COnPOff_F,7611,0.6725638836847443
COnPOff_F,7612,0.6944376494518569
COnPOff_F,7613,0.6656900863450097
COnPOff_F,7614,0.6768466878545119
COnPOff_F,7615,0.669030747547003
COnPOff_F,7616,0.6769774341196284
COnPOff_F,7617,0.6439253000950965
COnPOff_F,7618,0.682132069862204
COnPOff_F,7619,0.699295101588141
COnPOff_F,7620,0.6881158625492542
COnPOff_F,7621,0.6856487366731422
COnPOff_F,7622,0.6773270794457112
COnPOff_F,7623,0.7122826599398904
COnPOff_F,7624,0.6541164337156063
COnPOff_F,7625,0.6821102742593079
COnPOff_F,7626,0.7109438825016859
COnPOff_F,7627,0.7205309627835053
COnPOff_F,7628,0.6666662597453366
COnPOff_F,7629,0.6961711288621961
COnPOff_F,7630,0.6734243881746872
COnPOff_F,7631,0.68934486883192
COnPOff_F,7632,0.6918680242727525
COnPOff_F,7633,0.6829481392014122
COnPOff_F,7634,0.6645348913036129
COnPOff_F,7635,0.688295313449036
COnPOff_F,7636,0.706281711232981
COnPOff_F,7637,0.7110641950540082
COnPOff_F,7638,0.6666394280062405
COnPOff_F,7639,0.6566649879240942
COnPOff_F,7640,0.6537259459473743
COnPOff_F,7641,0.7224546304182949
COnPOff_F,7642,0.6840903289279519
COnPOff_F,7643,0.6862652986937985
COnPOff_F,7644,0.705568785249999
COnPOff_F,7645,0.6933259036023032
COnPOff_F,7646,0.7355188291730151
COnPOff_F,7647,0.6724689406559804
COnPOff_F,7648,0.6696132241124184
COnPOff_F,7649,0.7065513251500452
COnPOff_F,7650,0.667210265156654
COnPOff_F,7651,0.6980478265070446
COnPOff_F,7652,0.6751656222586686
COnPOff_F,7653,0.6693989517841517
COnPOff_F,7654,0.6938849328365259
COnPOff_F,7655,0.6762151067782067
COnPOff_F,7656,0.7117374780037294
COnPOff_F,7657,0.6853200308052408
COnPOff_F,7658,0.7247970006367934
COnPOff_F,7659,0.6934742458489558
COnPOff_F,7660,0.6984687004344249
COnPOff_F,7661,0.7081194865947577
COnPOff_F,7662,0.6593658797682528
COnPOff_F,7663,0.6545139345036517
COnPOff_F,7664,0.6794115123679385
COnPOff_F,7665,0.6486772027862555
COnPOff_F,7666,0.6709910465333625
COnPOff_F,7667,0.6763226793397012
COnPOff_F,7668,0.708742188225734
COnPOff_F,7669,0.6713866422474062
COnPOff_F,7670,0.6872577711061378
COnPOff_F,7671,0.6533889472435335
COnPOff_F,7672,0.69420250270118
COnPOff_F,7673,0.7202257858498555
COnPOff_F,7674,0.6944942852365187
COnPOff_F,7675,0.7266655132870735
COnPOff_F,7676,0.6461213936564908
COnPOff_F,7677,0.6942476531797195
COnPOff_F,7678,0.6861436279938824
COnPOff_F,7679,0.6798872660322296
COnPOff_F,7680,0.678980085851512
COnPOff_F,7681,0.6747030831493344
COnPOff_F,7682,0.6818998221977745
COnPOff_F,7683,0.6715512283669786
COnPOff_F,7684,0.6710733875281442
COnPOff_F,7685,0.7063523180594082
COnPOff_F,7686,0.7057742282348972
COnPOff_F,7687,0.6843785686794371
COnPOff_F,7688,0.6824314158388372
COnPOff_F,7689,0.7342619662016712
COnPOff_F,7690,0.6837323513965429
COnPOff_F,7691,0.67789539518426
COnPOff_F,7692,0.655409761509239
COnPOff_F,7693,0.7026076656000497
COnPOff_F,7694,0.6793364677176615
COnPOff_F,7695,0.6763293696606234
COnPOff_F,7696,0.6565285424887853
COnPOff_F,7697,0.6551660260534208
COnPOff_F,7698,0.6622264019713435
COnPOff_F,7699,0.7079209841994004
COnPOff_F,7700,0.692012507956792
COnPOff_F,7701,0.6868634710667352
COnPOff_F,7702,0.6641380809101541
COnPOff_F,7703,0.7021442446725845
COnPOff_F,7704,0.6495563338330433
COnPOff_F,7705,0.6374055779777801
COnPOff_F,7706,0.6988363722936795
COnPOff_F,7707,0.6779698763315097
COnPOff_F,7708,0.6879059528205067
COnPOff_F,7709,0.6620127554345172
COnPOff_F,7710,0.6899534236989328
COnPOff_F,7711,0.6700623602425402
COnPOff_F,7712,0.704503764398716
COnPOff_F,7713,0.6587152477315286
COnPOff_F,7714,0.7046563417457709
COnPOff_F,7715,0.693802181304239
COnPOff_F,7716,0.6943692342010997
COnPOff_F,7717,0.6532913910000572
COnPOff_F,7718,0.6697557943620327
COnPOff_F,7719,0.6647158855339835
COnPOff_F,7720,0.7169624241490802
COnPOff_F,7721,0.6921708270136201
COnPOff_F,7722,0.7101299944147377
COnPOff_F,7723,0.665081487855276
COnPOff_F,7724,0.6863043988336057
COnPOff_F,7725,0.6725105118518998
COnPOff_F,7726,0.6737649941222656
COnPOff_F,7727,0.6874231005066813
COnPOff_F,7728,0.6694865994615024
COnPOff_F,7729,0.7053555606432473
COnPOff_F,7730,0.6946624299206885
COnPOff_F,7731,0.6979811392310734
COnPOff_F,7732,0.6496085501992148
COnPOff_F,7733,0.6776390115726263
COnPOff_F,7734,0.6917057396071471
COnPOff_F,7735,0.6806556882069148
COnPOff_F,7736,0.7135158567617167
COnPOff_F,7737,0.6825101297816545
COnPOff_F,7738,0.6527666286192385
COnPOff_F,7739,0.6773373237237831
COnPOff_F,7740,0.6830625059132021
COnPOff_F,7741,0.7014409293918001
COnPOff_F,7742,0.6976952606306248
COnPOff_F,7743,0.6993697293024282
COnPOff_F,7744,0.6856852794219075
COnPOff_F,7745,0.6853782574532549
COnPOff_F,7746,0.6685635407605605
COnPOff_F,7747,0.7276683349231329
COnPOff_F,7748,0.6813215558018156
COnPOff_F,7749,0.6548845101736255
COnPOff_F,7750,0.7268840642977037
COnPOff_F,7751,0.6322428722588375
COnPOff_F,7752,0.704092253809814
COnPOff_F,7753,0.688312496359649
COnPOff_F,7754,0.6999171779916515
COnPOff_F,7755,0.6718689320578825
COnPOff_F,7756,0.7047069473506073
COnPOff_F,7757,0.6842341484927642
COnPOff_F,7758,0.6596126989760865
COnPOff_F,7759,0.6822750942231771
COnPOff_F,7760,0.7228908731126338
COnPOff_F,7761,0.725874139159095
COnPOff_F,7762,0.7082597265154486
COnPOff_F,7763,0.7077250040643797
COnPOff_F,7764,0.6772442130491532
COnPOff_F,7765,0.685212848828427
COnPOff_F,7766,0.6706124160202375
COnPOff_F,7767,0.6689039873550712
COnPOff_F,7768,0.6627735116548832
COnPOff_F,7769,0.6789845644580845
COnPOff_F,7770,0.6699688619177419
COnPOff_F,7771,0.7217611216321085
COnPOff_F,7772,0.6962025696122834
COnPOff_F,7773,0.6915445773887017
COnPOff_F,7774,0.6779456953015358
COnPOff_F,7775,0.7139148948392106
COnPOff_F,7776,0.6843900733799446
COnPOff_F,7777,0.7121126930401701
COnPOff_F,7778,0.6746454597890127
COnPOff_F,7779,0.714001659567479
COnPOff_F,7780,0.6646635483629074
COnPOff_F,7781,0.702411157297188
COnPOff_F,7782,0.692246054215629
COnPOff_F,7783,0.6622560775276499
COnPOff_F,7784,0.7042740711863116
COnPOff_F,7785,0.7044357424595674
COnPOff_F,7786,0.7111480121491989
COnPOff_F,7787,0.6708007031397402
COnPOff_F,7788,0.6769826010349876
COnPOff_F,7789,0.6970408305694861
COnPOff_F,7790,0.6759252291064601
COnPOff_F,7791,0.699050241682291
COnPOff_F,7792,0.6596484546005692
COnPOff_F,7793,0.6683181474867281
COnPOff_F,7794,0.649880406689968
COnPOff_F,7795,0.6655735606980316
COnPOff_F,7796,0.6663501927502419
COnPOff_F,7797,0.7210298497794863
COnPOff_F,7798,0.7002477721567333
COnPOff_F,7799,0.6742211947516425
COnPOff_F,7800,0.6907014402555699
COnPOff_F,7801,0.6891344642350168
COnPOff_F,7802,0.7060938266200438
COnPOff_F,7803,0.6919908561103104
COnPOff_F,7804,0.6666496165772353
COnPOff_F,7805,0.677632683684689
COnPOff_F,7806,0.7025495404376665
COnPOff_F,7807,0.6951576767476206
COnPOff_F,7808,0.7169649557695483
COnPOff_F,7809,0.7049326953400078
COnPOff_F,7810,0.6348225205782466
COnPOff_F,7811,0.6873972757180551
COnPOff_F,7812,0.696837964640427
COnPOff_F,7813,0.697361712734227
COnPOff_F,7814,0.7127680143069978
COnPOff_F,7815,0.6950340178454003
COnPOff_F,7816,0.6719810483844214
COnPOff_F,7817,0.675466624350204
COnPOff_F,7818,0.7221284381953741
COnPOff_F,7819,0.6713429831654165
COnPOff_F,7820,0.6449767429897647
COnPOff_F,7821,0.6700994516222852
COnPOff_F,7822,0.6944431185338967
COnPOff_F,7823,0.6809500220205442
COnPOff_F,7824,0.6575444805875947
COnPOff_F,7825,0.6771960155442031
COnPOff_F,7826,0.6635723466226303
COnPOff_F,7827,0.682997795483591
COnPOff_F,7828,0.6811838880135979
COnPOff_F,7829,0.7063752751093615
COnPOff_F,7830,0.6926961677847402
COnPOff_F,7831,0.7162019694285776
COnPOff_F,7832,0.6620897806912341
COnPOff_F,7833,0.6922221601156062
COnPOff_F,7834,0.678008842936987
COnPOff_F,7835,0.7196568475764878
COnPOff_F,7836,0.6634059198173808
COnPOff_F,7837,0.7365481370961678
COnPOff_F,7838,0.6686763904290111
COnPOff_F,7839,0.6737638787460591
COnPOff_F,7840,0.6650900004186336
COnPOff_F,7841,0.6565522567533546
COnPOff_F,7842,0.682694274895187
COnPOff_F,7843,0.6879461239812654
COnPOff_F,7844,0.6958782186086999
COnPOff_F,7845,0.6868931637308606
COnPOff_F,7846,0.6952701038093035
COnPOff_F,7847,0.65659175739146
COnPOff_F,7848,0.7011193633678788
COnPOff_F,7849,0.67253386278305
COnPOff_F,7850,0.6659602911923468
COnPOff_F,7851,0.725936920240796
COnPOff_F,7852,0.7256027940334766
COnPOff_F,7853,0.6802571270486716
COnPOff_F,7854,0.6894023673040163
COnPOff_F,7855,0.6972266288477955
COnPOff_F,7856,0.6877809092861314
COnPOff_F,7857,0.6885742018188129
COnPOff_F,7858,0.6783595846685287
COnPOff_F,7859,0.7026200324066254
COnPOff_F,7860,0.699397777677178
COnPOff_F,7861,0.6794752909056412
COnPOff_F,7862,0.6871482097265507
COnPOff_F,7863,0.6847997924773787
COnPOff_F,7864,0.6554561899489822
COnPOff_F,7865,0.6952789233083958
COnPOff_F,7866,0.7039080627534232
COnPOff_F,7867,0.6690615295622907
COnPOff_F,7868,0.6866324086554493
COnPOff_F,7869,0.6954648236426783
COnPOff_F,7870,0.6794415108941886
COnPOff_F,7871,0.6798285224063993
COnPOff_F,7872,0.6608370793234714
COnPOff_F,7873,0.6931092708070349
COnPOff_F,7874,0.7176682031712704
COnPOff_F,7875,0.6713768187192228
COnPOff_F,7876,0.7003843612868114
COnPOff_F,7877,0.7166930460712116
COnPOff_F,7878,0.6880227243481375
COnPOff_F,7879,0.7061706500058071
COnPOff_F,7880,0.6946069998566122
COnPOff_F,7881,0.6810658411528577
COnPOff_F,7882,0.7080892176414446
COnPOff_F,7883,0.7015828853886228
COnPOff_F,7884,0.6969393797256083
COnPOff_F,7885,0.6233343129879195
COnPOff_F,7886,0.6961382736939454
COnPOff_F,7887,0.6923986804766459
COnPOff_F,7888,0.7267648653910491
COnPOff_F,7889,0.715968239963031
COnPOff_F,7890,0.6597970718082382
COnPOff_F,7891,0.6677257152632602
COnPOff_F,7892,0.6993330600038911
COnPOff_F,7893,0.6558150726296038
COnPOff_F,7894,0.7038724560246432
COnPOff_F,7895,0.6824444761424046
COnPOff_F,7896,0.7110125815957591
COnPOff_F,7897,0.6978607563544286
COnPOff_F,7898,0.6460446239483337
COnPOff_F,7899,0.6878066236545272
COnPOff_F,7900,0.6797731778259684
COnPOff_F,7901,0.6593161251059496
COnPOff_F,7902,0.6958945926880713
COnPOff_F,7903,0.6656404876386615
COnPOff_F,7904,0.6847731537782019
COnPOff_F,7905,0.672819429808476
COnPOff_F,7906,0.7133332410427656
COnPOff_F,7907,0.699513252592441
COnPOff_F,7908,0.6708618170768349
COnPOff_F,7909,0.6645506472712912
COnPOff_F,7910,0.6923240404547727
COnPOff_F,7911,0.6903873365279418
COnPOff_F,7912,0.6725040108742895
COnPOff_F,7913,0.6995558765171814
COnPOff_F,7914,0.6842116555739958
COnPOff_F,7915,0.6659255229960467
COnPOff_F,7916,0.7156639204126121
COnPOff_F,7917,0.6702218214874368
COnPOff_F,7918,0.6755010514332199
COnPOff_F,7919,0.6983769270504444
COnPOff_F,7920,0.7147786981111759
COnPOff_F,7921,0.6408476289930775
COnPOff_F,7922,0.6520397533387016
COnPOff_F,7923,0.6832517509136806
COnPOff_F,7924,0.681409736211086
COnPOff_F,7925,0.7019218901880173
COnPOff_F,7926,0.6477165056915339
COnPOff_F,7927,0.6906483912933069
COnPOff_F,7928,0.6560673849357134
COnPOff_F,7929,0.6843727981879671
COnPOff_F,7930,0.6797711473614606
COnPOff_F,7931,0.6754295869642681
COnPOff_F,7932,0.6547725387615442
COnPOff_F,7933,0.7048766855200529
COnPOff_F,7934,0.6561969242373463
COnPOff_F,7935,0.6710206341856032
COnPOff_F,7936,0.6493667331581535
COnPOff_F,7937,0.6909157165419305
COnPOff_F,7938,0.7092687378944873
COnPOff_F,7939,0.7103385251762047
COnPOff_F,7940,0.6867859206155732
COnPOff_F,7941,0.7061867217211987
COnPOff_F,7942,0.6836561630247562
COnPOff_F,7943,0.6629356644782596
COnPOff_F,7944,0.7121615917102928
COnPOff_F,7945,0.7145165177170192
COnPOff_F,7946,0.662584429280361
COnPOff_F,7947,0.6866679646429145
COnPOff_F,7948,0.704526038323268
COnPOff_F,7949,0.685124744508181
COnPOff_F,7950,0.6509610253977871
COnPOff_F,7951,0.6914176885614587
COnPOff_F,7952,0.6883531063844841
COnPOff_F,7953,0.6690458971198385
COnPOff_F,7954,0.7305379538450293
COnPOff_F,7955,0.6539428295521441
COnPOff_F,7956,0.6815784928999596
COnPOff_F,7957,0.6576701205265021
COnPOff_F,7958,0.703142599891789
COnPOff_F,7959,0.6486007018105061
COnPOff_F,7960,0.6828431432595353
COnPOff_F,7961,0.6814059780194918
COnPOff_F,7962,0.7157532249910287
COnPOff_F,7963,0.6495848422076569
COnPOff_F,7964,0.7281034745470922
COnPOff_F,7965,0.7104827671395316
COnPOff_F,7966,0.6902102061656589
COnPOff_F,7967,0.6943359626192201
COnPOff_F,7968,0.7107846757628081
COnPOff_F,7969,0.6750859810677342
COnPOff_F,7970,0.6580018109672392
COnPOff_F,7971,0.6716920216710763
COnPOff_F,7972,0.7015349175246351
COnPOff_F,7973,0.730665496405325
COnPOff_F,7974,0.6568612318393703
COnPOff_F,7975,0.6657974452929087
COnPOff_F,7976,0.6716651637686042
COnPOff_F,7977,0.6790388215680828
COnPOff_F,7978,0.6943626568922192
COnPOff_F,7979,0.6784213108040317
COnPOff_F,7980,0.6901171958005589
COnPOff_F,7981,0.6900458428965606
COnPOff_F,7982,0.6784071602401496
COnPOff_F,7983,0.6888854909960185
COnPOff_F,7984,0.7230008224944161
COnPOff_F,7985,0.6983318985455275
COnPOff_F,7986,0.6934432098396819
COnPOff_F,7987,0.7211870123207468
COnPOff_F,7988,0.6826311704013452
COnPOff_F,7989,0.7027535865980161
COnPOff_F,7990,0.6649653360546686
COnPOff_F,7991,0.6955687210933799
COnPOff_F,7992,0.6649983221129269
COnPOff_F,7993,0.6791523138955116
COnPOff_F,7994,0.6777868666762332
COnPOff_F,7995,0.6557261093753773
COnPOff_F,7996,0.6935959536833276
COnPOff_F,7997,0.687777201779785
COnPOff_F,7998,0.696750275375782
COnPOff_F,7999,0.7176845901472667
COnPOff_F,8000,0.6850829181180927
COnPOff_F,8001,0.677698312692749
COnPOff_F,8002,0.6942594183574681
COnPOff_F,8003,0.6649642101151155
COnPOff_F,8004,0.7039558495805571
COnPOff_F,8005,0.7010681189824901
COnPOff_F,8006,0.6751166622377768
COnPOff_F,8007,0.6836553388009525
COnPOff_F,8008,0.6812081320364564
COnPOff_F,8009,0.6900710656496015
COnPOff_F,8010,0.6683629536147112
COnPOff_F,8011,0.6480803363711045
COnPOff_F,8012,0.688429974862737
COnPOff_F,8013,0.7089807125799803
COnPOff_F,8014,0.6729307747355427
COnPOff_F,8015,0.6545862915228151
COnPOff_F,8016,0.678789255164468
COnPOff_F,8017,0.6977824464261381
COnPOff_F,8018,0.6606917321766542
COnPOff_F,8019,0.716891931058716
COnPOff_F,8020,0.697956297083906
COnPOff_F,8021,0.7073445913942907
COnPOff_F,8022,0.6529571918414717
COnPOff_F,8023,0.6728476856002481
COnPOff_F,8024,0.6991106423540174
COnPOff_F,8025,0.700429981534799
COnPOff_F,8026,0.6693291751683179
COnPOff_F,8027,0.656720757591257
COnPOff_F,8028,0.6876518343817881
COnPOff_F,8029,0.7346298516686293
COnPOff_F,8030,0.6900308443041605
COnPOff_F,8031,0.6955641858765234
COnPOff_F,8032,0.6535180055031681
COnPOff_F,8033,0.6724582996140336
COnPOff_F,8034,0.7152519028965546
COnPOff_F,8035,0.7007602643592019
COnPOff_F,8036,0.6960838743034414
COnPOff_F,8037,0.6844065354087313
COnPOff_F,8038,0.7157032176521623
COnPOff_F,8039,0.7144701863105319
COnPOff_F,8040,0.6767118999210302
COnPOff_F,8041,0.6728224570916034
COnPOff_F,8042,0.6496527754884962
COnPOff_F,8043,0.6856277572110873
COnPOff_F,8044,0.7025618498543448
COnPOff_F,8045,0.7369003925098723
COnPOff_F,8046,0.7077366561195598
COnPOff_F,8047,0.6845721565880201
COnPOff_F,8048,0.6727918737856385
COnPOff_F,8049,0.6955686251933417
COnPOff_F,8050,0.6734722593775245
COnPOff_F,8051,0.6780374676859566
COnPOff_F,8052,0.7028933246776411
COnPOff_F,8053,0.6863398492242951
COnPOff_F,8054,0.6972259456036745
COnPOff_F,8055,0.6694869111464445
COnPOff_F,8056,0.6550853445306672
COnPOff_F,8057,0.6891725947318585
COnPOff_F,8058,0.6935399667093568
COnPOff_F,8059,0.6950580487536672
COnPOff_F,8060,0.6841976010022102
COnPOff_F,8061,0.6854303388011249
COnPOff_F,8062,0.6905845936707792
COnPOff_F,8063,0.6992130743840547
COnPOff_F,8064,0.7071311838964881
COnPOff_F,8065,0.6856369121325931
COnPOff_F,8066,0.6563815157475174
COnPOff_F,8067,0.7079193843479892
COnPOff_F,8068,0.6761996577532758
COnPOff_F,8069,0.7159825135771021
COnPOff_F,8070,0.6997073401005027
COnPOff_F,8071,0.6941251392694873
COnPOff_F,8072,0.6617890163732059
COnPOff_F,8073,0.6899934030822195
COnPOff_F,8074,0.7235652996000037
COnPOff_F,8075,0.6567599818208703
COnPOff_F,8076,0.6471790233232636
COnPOff_F,8077,0.6808138122802013
COnPOff_F,8078,0.7153242945053754
COnPOff_F,8079,0.6945491092822076
COnPOff_F,8080,0.6988762883033783
COnPOff_F,8081,0.651535791425723
COnPOff_F,8082,0.7433334031304416
COnPOff_F,8083,0.7159699364637115
COnPOff_F,8084,0.7291329504566835
COnPOff_F,8085,0.6742415857313958
COnPOff_F,8086,0.6804771727855902
COnPOff_F,8087,0.656425224744468
COnPOff_F,8088,0.6713560018744964
COnPOff_F,8089,0.6772201317060622
COnPOff_F,8090,0.6559486937431444
COnPOff_F,8091,0.6769105156555935
COnPOff_F,8092,0.6965939000351613
COnPOff_F,8093,0.7148619158687923
COnPOff_F,8094,0.6762724718010562
COnPOff_F,8095,0.7132684205154314
COnPOff_F,8096,0.6978163335526061
COnPOff_F,8097,0.6854374255665031
COnPOff_F,8098,0.6723847434815661
COnPOff_F,8099,0.6410225051868497
COnPOff_F,8100,0.6956151957613911
COnPOff_F,8101,0.6891919047025286
COnPOff_F,8102,0.687849824072658
COnPOff_F,8103,0.707186172536555
COnPOff_F,8104,0.6611970448098491
COnPOff_F,8105,0.6916319146031126
COnPOff_F,8106,0.6996694440079362
COnPOff_F,8107,0.6866504556714396
COnPOff_F,8108,0.6552293768172002
COnPOff_F,8109,0.6890967151635993
COnPOff_F,8110,0.699177619020247
COnPOff_F,8111,0.7112097743831837
COnPOff_F,8112,0.695439425722678
COnPOff_F,8113,0.6979147725577303
COnPOff_F,8114,0.6894405904231724
COnPOff_F,8115,0.7199143552631718
COnPOff_F,8116,0.6519260666382101
COnPOff_F,8117,0.7026490121704384
COnPOff_F,8118,0.6578949974147555
COnPOff_F,8119,0.6528692885399622
COnPOff_F,8120,0.6898925104519033
COnPOff_F,8121,0.7256759922105234
COnPOff_F,8122,0.6654778409889528
COnPOff_F,8123,0.6919005833349031
COnPOff_F,8124,0.6916880936557308
COnPOff_F,8125,0.7040119636014508
COnPOff_F,8126,0.7003910233855981
COnPOff_F,8127,0.6855430812400792
COnPOff_F,8128,0.7158412807030473
COnPOff_F,8129,0.6708756110810199
COnPOff_F,8130,0.6768375440245668
COnPOff_F,8131,0.6570827027678182
COnPOff_F,8132,0.69963077649889
COnPOff_F,8133,0.6834841901803319
COnPOff_F,8134,0.6871241521543734
COnPOff_F,8135,0.685414123164618
COnPOff_F,8136,0.6965720335153195
COnPOff_F,8137,0.7120745466163586
COnPOff_F,8138,0.6681640334742086
COnPOff_F,8139,0.703337119136534
COnPOff_F,8140,0.6883476214539468
COnPOff_F,8141,0.6851697178399924
COnPOff_F,8142,0.6701268485917896
COnPOff_F,8143,0.6986757994206453
COnPOff_F,8144,0.6781058594847722
COnPOff_F,8145,0.6653562757498332
COnPOff_F,8146,0.6653108463667536
COnPOff_F,8147,0.675172644087286
COnPOff_F,8148,0.6900282844667156
COnPOff_F,8149,0.6817835777894541
COnPOff_F,8150,0.6514363921705052
COnPOff_F,8151,0.705374612314906
COnPOff_F,8152,0.6881275705105915
COnPOff_F,8153,0.7209772635292575
COnPOff_F,8154,0.7069525014176519
COnPOff_F,8155,0.682495976226951
COnPOff_F,8156,0.7080168689213014
COnPOff_F,8157,0.7136445601897877
COnPOff_F,8158,0.7056678266521619
COnPOff_F,8159,0.6660933199376787
COnPOff_F,8160,0.6995276322707538
COnPOff_F,8161,0.7159862524975785
COnPOff_F,8162,0.6825615231810592
COnPOff_F,8163,0.663766779346017
COnPOff_F,8164,0.6527068198224689
COnPOff_F,8165,0.6790955941058383
COnPOff_F,8166,0.6794038003996363
COnPOff_F,8167,0.6735366426975449
COnPOff_F,8168,0.7214455161365418
COnPOff_F,8169,0.730044659976449
COnPOff_F,8170,0.6746598835783889
COnPOff_F,8171,0.634535788020208
COnPOff_F,8172,0.6669281622387601
COnPOff_F,8173,0.7238206166592436
COnPOff_F,8174,0.6146061858194022
COnPOff_F,8175,0.661321084632455
COnPOff_F,8176,0.6796320001959127
COnPOff_F,8177,0.7352618306043983
COnPOff_F,8178,0.6394379824732553
COnPOff_F,8179,0.6867705379116334
COnPOff_F,8180,0.6586507423378365
COnPOff_F,8181,0.6681000055442524
COnPOff_F,8182,0.6791911025157343
COnPOff_F,8183,0.7084458222870147
COnPOff_F,8184,0.710107348537409
COnPOff_F,8185,0.6726261936622536
COnPOff_F,8186,0.6673268250696056
COnPOff_F,8187,0.655404023709206
COnPOff_F,8188,0.6871198550554973
COnPOff_F,8189,0.6785665772769107
COnPOff_F,8190,0.6668056999774797
COnPOff_F,8191,0.7204971958463364
COnPOff_F,8192,0.6408522950821492
COnPOff_F,8193,0.7035284069854841
COnPOff_F,8194,0.6973946067008663
COnPOff_F,8195,0.6794055083968072
COnPOff_F,8196,0.6568689261752481
COnPOff_F,8197,0.7219736615666251
COnPOff_F,8198,0.7158195626874109
COnPOff_F,8199,0.6730370621040527
COnPOff_F,8200,0.6997618748166508
COnPOff_F,8201,0.7113892011671957
COnPOff_F,8202,0.6877130762917494
COnPOff_F,8203,0.6588692489788096
COnPOff_F,8204,0.6887157691452311
COnPOff_F,8205,0.7238461445221361
COnPOff_F,8206,0.6768003098520448
COnPOff_F,8207,0.6857844696417684
COnPOff_F,8208,0.6864041606097887
COnPOff_F,8209,0.6764942969011225
COnPOff_F,8210,0.6654878538487855
COnPOff_F,8211,0.6771682743345238
COnPOff_F,8212,0.6912371890241618
COnPOff_F,8213,0.6967381697461915
COnPOff_F,8214,0.6634539716750852
COnPOff_F,8215,0.6796929428566569
COnPOff_F,8216,0.6801030979692777
COnPOff_F,8217,0.7018287193190208
COnPOff_F,8218,0.6631355021354421
COnPOff_F,8219,0.7210680645018204
COnPOff_F,8220,0.6341241819975486
COnPOff_F,8221,0.7077538966076562
COnPOff_F,8222,0.6978589777621017
COnPOff_F,8223,0.7336777338089546
COnPOff_F,8224,0.6914370581124355
COnPOff_F,8225,0.7088436149661566
COnPOff_F,8226,0.6992850953287818
COnPOff_F,8227,0.6945709711931155
COnPOff_F,8228,0.6778561439469769
COnPOff_F,8229,0.6799028418382906
COnPOff_F,8230,0.6957648485741057
COnPOff_F,8231,0.7146628479429904
COnPOff_F,8232,0.6776145405015545
COnPOff_F,8233,0.6841232702599549
COnPOff_F,8234,0.6709837321653938
COnPOff_F,8235,0.7225320622909197
COnPOff_F,8236,0.7239767712856985
COnPOff_F,8237,0.6703673910052045
COnPOff_F,8238,0.6622202791095076
COnPOff_F,8239,0.6822604087388008
COnPOff_F,8240,0.6847891557081008
COnPOff_F,8241,0.6985890223262404
COnPOff_F,8242,0.6860463159396635
COnPOff_F,8243,0.6879710634112081
COnPOff_F,8244,0.6884773292837715
COnPOff_F,8245,0.6756416229824618
COnPOff_F,8246,0.6616470546770984
COnPOff_F,8247,0.6689269833102914
COnPOff_F,8248,0.6672735734742411
COnPOff_F,8249,0.6623289148258202
COnPOff_F,8250,0.6847814016488136
COnPOff_F,8251,0.6672126693113468
COnPOff_F,8252,0.6554431425894247
COnPOff_F,8253,0.7124056471491449
COnPOff_F,8254,0.6910590923543399
COnPOff_F,8255,0.6534978064686866
COnPOff_F,8256,0.67851625742697
COnPOff_F,8257,0.6769576887333745
COnPOff_F,8258,0.6828153903233046
COnPOff_F,8259,0.6256646621626257
COnPOff_F,8260,0.664852444000202
COnPOff_F,8261,0.6708753877060515
COnPOff_F,8262,0.6901229507659219
COnPOff_F,8263,0.6467208293622685
COnPOff_F,8264,0.6770306985754422
COnPOff_F,8265,0.6790907581596144
COnPOff_F,8266,0.6753813592805763
COnPOff_F,8267,0.6583184862334863
COnPOff_F,8268,0.7075003873364206
COnPOff_F,8269,0.7041220605442359
COnPOff_F,8270,0.6831391862436527
COnPOff_F,8271,0.6443501815668478
COnPOff_F,8272,0.7150614137025135
COnPOff_F,8273,0.706664685226745
COnPOff_F,8274,0.6806276009052745
COnPOff_F,8275,0.6863714263694362
COnPOff_F,8276,0.684884987190571
COnPOff_F,8277,0.7089250862195305
COnPOff_F,8278,0.6713533250354671
COnPOff_F,8279,0.7110376571844553
COnPOff_F,8280,0.6659767748062438
COnPOff_F,8281,0.6602543793558884
COnPOff_F,8282,0.6339818475727992
COnPOff_F,8283,0.6867840725240901
COnPOff_F,8284,0.7210441261586782
COnPOff_F,8285,0.6943193710391952
COnPOff_F,8286,0.727628524000292
COnPOff_F,8287,0.7110073650265951
COnPOff_F,8288,0.7132673416288611
COnPOff_F,8289,0.7163596541903726
COnPOff_F,8290,0.6903135231618781
COnPOff_F,8291,0.7040616933291554
COnPOff_F,8292,0.7111910692379084
COnPOff_F,8293,0.7033143212584052
COnPOff_F,8294,0.7127003008321818
COnPOff_F,8295,0.6482631600068101
COnPOff_F,8296,0.682712010532854
COnPOff_F,8297,0.6723240572779091
COnPOff_F,8298,0.6837621188878479
COnPOff_F,8299,0.6536173246186928
COnPOff_F,8300,0.657466688282843
COnPOff_F,8301,0.7270896506189566
COnPOff_F,8302,0.6684145182758038
COnPOff_F,8303,0.6850659779811308
COnPOff_F,8304,0.7068281125401513
COnPOff_F,8305,0.6785147224744315
COnPOff_F,8306,0.692853853426467
COnPOff_F,8307,0.6956111432950998
COnPOff_F,8308,0.6371457817251877
COnPOff_F,8309,0.6652904667446808
COnPOff_F,8310,0.670608064813862
COnPOff_F,8311,0.6581189195516223
COnPOff_F,8312,0.6896532771458768
COnPOff_F,8313,0.7323994084549001
COnPOff_F,8314,0.6657451711299317
COnPOff_F,8315,0.6775797091510166
COnPOff_F,8316,0.6966845148680019
COnPOff_F,8317,0.695642051991882
COnPOff_F,8318,0.6604305103811973
COnPOff_F,8319,0.672707170628168
COnPOff_F,8320,0.6944634134862264
COnPOff_F,8321,0.6951409614589822
COnPOff_F,8322,0.7050873568848853
COnPOff_F,8323,0.7073991197045632
COnPOff_F,8324,0.6706843788628595
COnPOff_F,8325,0.689286987024107
COnPOff_F,8326,0.6817111419689311
COnPOff_F,8327,0.6685004379025564
COnPOff_F,8328,0.6825180637089566
COnPOff_F,8329,0.6766879523436287
COnPOff_F,8330,0.6833207640253047
COnPOff_F,8331,0.7063905215181289
COnPOff_F,8332,0.671592108554271
COnPOff_F,8333,0.6888472129502158
COnPOff_F,8334,0.6846952122324701
COnPOff_F,8335,0.6610637711956061
COnPOff_F,8336,0.6852868870714488
COnPOff_F,8337,0.664222706928015
COnPOff_F,8338,0.6803866848988708
COnPOff_F,8339,0.6991339660837794
COnPOff_F,8340,0.6597517258419137
COnPOff_F,8341,0.6961367439472675
COnPOff_F,8342,0.6806437049290518
COnPOff_F,8343,0.6650559268312833
COnPOff_F,8344,0.6995599049968696
COnPOff_F,8345,0.6654968425969566
COnPOff_F,8346,0.6868840433583826
COnPOff_F,8347,0.6784163362970228
COnPOff_F,8348,0.6705926143619664
COnPOff_F,8349,0.6862990346094994
COnPOff_F,8350,0.7022925383241009
COnPOff_F,8351,0.6370953437025031
COnPOff_F,8352,0.6673301489932234
COnPOff_F,8353,0.6975968947480097
COnPOff_F,8354,0.7302167598552955
COnPOff_F,8355,0.685987533798775
COnPOff_F,8356,0.6677216646326155
COnPOff_F,8357,0.6684063180534214
COnPOff_F,8358,0.7150640630799486
COnPOff_F,8359,0.7036278026029764
COnPOff_F,8360,0.7011087683623821
COnPOff_F,8361,0.6785489278347598
COnPOff_F,8362,0.6785785457423258
COnPOff_F,8363,0.711227199741654
COnPOff_F,8364,0.7090845709134641
COnPOff_F,8365,0.6806449199782778
COnPOff_F,8366,0.6593862221495556
COnPOff_F,8367,0.6311770419048233
COnPOff_F,8368,0.6523554462245356
COnPOff_F,8369,0.6779947683644811
COnPOff_F,8370,0.6934947461567925
COnPOff_F,8371,0.7124306991184349
COnPOff_F,8372,0.6648074840530959
COnPOff_F,8373,0.6760411003578236
COnPOff_F,8374,0.6874447427266153
COnPOff_F,8375,0.689714327918111
COnPOff_F,8376,0.7352569857620583
COnPOff_F,8377,0.7018955859033302
COnPOff_F,8378,0.6816633067219989
COnPOff_F,8379,0.6776627648353866
COnPOff_F,8380,0.6862679340377941
COnPOff_F,8381,0.6770142891505136
COnPOff_F,8382,0.6630074517114416
COnPOff_F,8383,0.6705805000345226
COnPOff_F,8384,0.6942593482450764
COnPOff_F,8385,0.7446706140818125
COnPOff_F,8386,0.6453920474404589
COnPOff_F,8387,0.6783556614849235
COnPOff_F,8388,0.7366182429315099
COnPOff_F,8389,0.711129601205963
COnPOff_F,8390,0.7261418087393454
COnPOff_F,8391,0.6658592758201007
COnPOff_F,8392,0.693723256472174
COnPOff_F,8393,0.7009726187970048
COnPOff_F,8394,0.7235822244715086
COnPOff_F,8395,0.6946439417979635
COnPOff_F,8396,0.6771190049394749
COnPOff_F,8397,0.727337552873648
COnPOff_F,8398,0.6815646010084969
COnPOff_F,8399,0.6955789512184127
COnPOff_F,8400,0.6537980482013153
COnPOff_F,8401,0.6580002690930262
COnPOff_F,8402,0.6971325379911142
COnPOff_F,8403,0.6632340422094424
COnPOff_F,8404,0.6664600794553666
COnPOff_F,8405,0.6738747382416929
COnPOff_F,8406,0.6839660864961099
COnPOff_F,8407,0.6840915237964535
COnPOff_F,8408,0.6529864364695822
COnPOff_F,8409,0.6917468514859128
COnPOff_F,8410,0.7258876594863338
COnPOff_F,8411,0.7023794175341856
COnPOff_F,8412,0.6921968813295475
COnPOff_F,8413,0.6794694492095745
COnPOff_F,8414,0.6785053539791984
COnPOff_F,8415,0.6838603386674901
COnPOff_F,8416,0.7124306196900477
COnPOff_F,8417,0.7109401417829819
COnPOff_F,8418,0.6822617550912813
COnPOff_F,8419,0.6811728924703884
COnPOff_F,8420,0.680791646381452
COnPOff_F,8421,0.7152097233728569
COnPOff_F,8422,0.7014836876235461
COnPOff_F,8423,0.7104060421497993
COnPOff_F,8424,0.6759075687744867
COnPOff_F,8425,0.6854411954805321
COnPOff_F,8426,0.710550345597419
COnPOff_F,8427,0.706344981658625
COnPOff_F,8428,0.6901645691889193
COnPOff_F,8429,0.6599717555696513
COnPOff_F,8430,0.6977994405384521
COnPOff_F,8431,0.7204754220763139
COnPOff_F,8432,0.663016957728356
COnPOff_F,8433,0.6686166161371968
COnPOff_F,8434,0.680684772449238
COnPOff_F,8435,0.6622779454991029
COnPOff_F,8436,0.6620258778791054
COnPOff_F,8437,0.6686180440247496
COnPOff_F,8438,0.6987822432154274
COnPOff_F,8439,0.6792444317724027
COnPOff_F,8440,0.6965042437199419
COnPOff_F,8441,0.6871030125807907
COnPOff_F,8442,0.6611302970962895
COnPOff_F,8443,0.6727982317369636
COnPOff_F,8444,0.6423067523736212
COnPOff_F,8445,0.6778228889542955
COnPOff_F,8446,0.6378429007316262
COnPOff_F,8447,0.6811574384728021
COnPOff_F,8448,0.6920416756886072
COnPOff_F,8449,0.673064319988181
COnPOff_F,8450,0.6470687316904993
COnPOff_F,8451,0.6829265200985997
COnPOff_F,8452,0.6885382645762322
COnPOff_F,8453,0.6473565070323322
COnPOff_F,8454,0.6972000796638761
COnPOff_F,8455,0.650730442863007
COnPOff_F,8456,0.6909158778925932
COnPOff_F,8457,0.6846598935604968
COnPOff_F,8458,0.6356257601324924
COnPOff_F,8459,0.6967814044638182
COnPOff_F,8460,0.710224242619089
COnPOff_F,8461,0.7085699051429074
COnPOff_F,8462,0.7171646335763411
COnPOff_F,8463,0.7081479661987984
COnPOff_F,8464,0.6858149984760931
COnPOff_F,8465,0.6580729347021839
COnPOff_F,8466,0.6885814754472347
COnPOff_F,8467,0.6275462708039174
COnPOff_F,8468,0.7036372698788165
COnPOff_F,8469,0.6895675160539901
COnPOff_F,8470,0.693680969239121
COnPOff_F,8471,0.7055591165520734
COnPOff_F,8472,0.7051014588348604
COnPOff_F,8473,0.6764154579612449
COnPOff_F,8474,0.723859874641161
COnPOff_F,8475,0.6362038252709444
COnPOff_F,8476,0.7070093205505731
COnPOff_F,8477,0.6732454099125658
COnPOff_F,8478,0.6592560784948256
COnPOff_F,8479,0.7024063543727542
COnPOff_F,8480,0.6845030200809082
COnPOff_F,8481,0.733670220169646
COnPOff_F,8482,0.6812246157154678
COnPOff_F,8483,0.6511747722572145
COnPOff_F,8484,0.6961533092159333
COnPOff_F,8485,0.6695908436140272
COnPOff_F,8486,0.6815319943534878
COnPOff_F,8487,0.6509820126518333
COnPOff_F,8488,0.7060885685180155
COnPOff_F,8489,0.7068448656206586
COnPOff_F,8490,0.7021640065109769
COnPOff_F,8491,0.6782864568142897
COnPOff_F,8492,0.644967194662808
COnPOff_F,8493,0.7172743342746635
COnPOff_F,8494,0.6919146940111053
COnPOff_F,8495,0.7199847669224315
COnPOff_F,8496,0.6335585089315534
COnPOff_F,8497,0.7217035373434526
COnPOff_F,8498,0.6898288187423984
COnPOff_F,8499,0.6956363354663532
COnPOff_F,8500,0.693594415952371
COnPOff_F,8501,0.7122284540992949
COnPOff_F,8502,0.6767958617437716
COnPOff_F,8503,0.6982088830055315
COnPOff_F,8504,0.7008853655616044
COnPOff_F,8505,0.6977510830510248
COnPOff_F,8506,0.6804515490031019
COnPOff_F,8507,0.6368570826828072
COnPOff_F,8508,0.6698174761897281
COnPOff_F,8509,0.6765950300329507
COnPOff_F,8510,0.6723297200541734
COnPOff_F,8511,0.648463508612112
COnPOff_F,8512,0.6698621729001621
COnPOff_F,8513,0.691549003644119
COnPOff_F,8514,0.6782780510946833
COnPOff_F,8515,0.6748928862749216
COnPOff_F,8516,0.7058796835207638
COnPOff_F,8517,0.6820238267872624
COnPOff_F,8518,0.6590113616855365
COnPOff_F,8519,0.6701970744609481
COnPOff_F,8520,0.6582225412895111
COnPOff_F,8521,0.685693617652975
COnPOff_F,8522,0.6996902692737279
COnPOff_F,8523,0.6571709089804092
COnPOff_F,8524,0.7151307434960906
COnPOff_F,8525,0.665844584157693
COnPOff_F,8526,0.6907005391370473
COnPOff_F,8527,0.6830844200932132
COnPOff_F,8528,0.6889169879722741
COnPOff_F,8529,0.6932420435816182
COnPOff_F,8530,0.7197730461591342
COnPOff_F,8531,0.7267009225057015
COnPOff_F,8532,0.6762875586272572
COnPOff_F,8533,0.7004557194290072
COnPOff_F,8534,0.6666511716397507
COnPOff_F,8535,0.6836971705197863
COnPOff_F,8536,0.7030663670758556
COnPOff_F,8537,0.6942688396828439
COnPOff_F,8538,0.6763703984963153
COnPOff_F,8539,0.6923571579621555
COnPOff_F,8540,0.6760152045091717
COnPOff_F,8541,0.6736236233582583
COnPOff_F,8542,0.6625291142778671
COnPOff_F,8543,0.6869859032923791
COnPOff_F,8544,0.6858995885453683
COnPOff_F,8545,0.7107680107194143
COnPOff_F,8546,0.7194231255453492
COnPOff_F,8547,0.7082970407942648
COnPOff_F,8548,0.6769798772887836
COnPOff_F,8549,0.681634950392015
COnPOff_F,8550,0.7224538749348822
COnPOff_F,8551,0.7204903829481979
COnPOff_F,8552,0.6868354445222258
COnPOff_F,8553,0.6647792330180214
COnPOff_F,8554,0.718325557578271
COnPOff_F,8555,0.6597006868512875
COnPOff_F,8556,0.6898816414913541
COnPOff_F,8557,0.7098380961263174
COnPOff_F,8558,0.7154517723925601
COnPOff_F,8559,0.6721031733000521
COnPOff_F,8560,0.6784361628580102
COnPOff_F,8561,0.6895084030073224
COnPOff_F,8562,0.717407482202275
COnPOff_F,8563,0.6870928237868362
COnPOff_F,8564,0.6443948816999103
COnPOff_F,8565,0.6951225833256198
COnPOff_F,8566,0.6908828170415052
COnPOff_F,8567,0.663588827122683
COnPOff_F,8568,0.6790821531257653
COnPOff_F,8569,0.6690220179071693
COnPOff_F,8570,0.6793062005069641
COnPOff_F,8571,0.6524814550970323
COnPOff_F,8572,0.6816175747623716
COnPOff_F,8573,0.6827067920107087
COnPOff_F,8574,0.6821783365725859
COnPOff_F,8575,0.6798155972197267
COnPOff_F,8576,0.6826094884839264
COnPOff_F,8577,0.688499515928032
COnPOff_F,8578,0.6720161794566182
COnPOff_F,8579,0.6504005495786697
COnPOff_F,8580,0.6668460943774518
COnPOff_F,8581,0.7152408506255393
COnPOff_F,8582,0.6664861564447966
COnPOff_F,8583,0.6929227953048331
COnPOff_F,8584,0.6723624892304907
COnPOff_F,8585,0.7153706049942719
COnPOff_F,8586,0.6778493437813231
COnPOff_F,8587,0.6465298219659266
COnPOff_F,8588,0.6969449901125099
COnPOff_F,8589,0.6583666733997365
COnPOff_F,8590,0.666621714919654
COnPOff_F,8591,0.7174398896691848
COnPOff_F,8592,0.6540869024237379
COnPOff_F,8593,0.6990591063440917
COnPOff_F,8594,0.6889724052635849
COnPOff_F,8595,0.6894466638506622
COnPOff_F,8596,0.678852480848486
COnPOff_F,8597,0.6938087319950622
COnPOff_F,8598,0.6865299466763396
COnPOff_F,8599,0.6861975246607513
COnPOff_F,8600,0.7038835518331416
COnPOff_F,8601,0.6824140837682519
COnPOff_F,8602,0.7093589299202835
COnPOff_F,8603,0.727877592190472
COnPOff_F,8604,0.6611977240055722
COnPOff_F,8605,0.7098558210668929
COnPOff_F,8606,0.6816208517461343
COnPOff_F,8607,0.7035723188135274
COnPOff_F,8608,0.6860039734695432
COnPOff_F,8609,0.667200595309108
COnPOff_F,8610,0.6912300476471722
COnPOff_F,8611,0.6419386058037123
COnPOff_F,8612,0.6780100183576498
COnPOff_F,8613,0.6708664258561468
COnPOff_F,8614,0.6857733200377659
COnPOff_F,8615,0.6489811681739801
COnPOff_F,8616,0.6668568620359732
COnPOff_F,8617,0.6903559092471375
COnPOff_F,8618,0.6613199754440952
COnPOff_F,8619,0.7123682650410494
COnPOff_F,8620,0.7010615005573143
COnPOff_F,8621,0.7018809451885929
COnPOff_F,8622,0.6895618718914532
COnPOff_F,8623,0.6718753069389516
COnPOff_F,8624,0.6861373953841953
COnPOff_F,8625,0.6605056373106023
COnPOff_F,8626,0.6614548001739528
COnPOff_F,8627,0.6784457838720874
COnPOff_F,8628,0.7243519134468526
COnPOff_F,8629,0.7107623658529052
COnPOff_F,8630,0.7380684769854594
COnPOff_F,8631,0.7422993008198014
COnPOff_F,8632,0.6570774725966987
COnPOff_F,8633,0.6803587434525594
COnPOff_F,8634,0.6815300013781559
COnPOff_F,8635,0.6712458768198719
COnPOff_F,8636,0.706753378913409
COnPOff_F,8637,0.668025398864771
COnPOff_F,8638,0.6800187383300195
COnPOff_F,8639,0.7064309895753431
COnPOff_F,8640,0.675583744576647
COnPOff_F,8641,0.7265656390016787
COnPOff_F,8642,0.6396100909944491
COnPOff_F,8643,0.7038932194984774
COnPOff_F,8644,0.691039069599376
COnPOff_F,8645,0.6806329034911976
COnPOff_F,8646,0.6738045199958449
COnPOff_F,8647,0.7204043752060791
COnPOff_F,8648,0.6831256125972156
COnPOff_F,8649,0.6932592689322726
COnPOff_F,8650,0.701104038792164
COnPOff_F,8651,0.6563471628757115
COnPOff_F,8652,0.6869799587505678
COnPOff_F,8653,0.7137920891885501
COnPOff_F,8654,0.7076174319109048
COnPOff_F,8655,0.7061474737185393
COnPOff_F,8656,0.6917336236062844
COnPOff_F,8657,0.6939149991303901
COnPOff_F,8658,0.6858443115632087
COnPOff_F,8659,0.6857636604694073
COnPOff_F,8660,0.6944752361075217
COnPOff_F,8661,0.7117822825082104
COnPOff_F,8662,0.6954863910628842
COnPOff_F,8663,0.7109956678888615
COnPOff_F,8664,0.6956303928405525
COnPOff_F,8665,0.7016074599996642
COnPOff_F,8666,0.659211377551984
COnPOff_F,8667,0.6539618293061965
COnPOff_F,8668,0.6729833906019549
COnPOff_F,8669,0.6852168444457218
COnPOff_F,8670,0.7203533478322047
COnPOff_F,8671,0.6574181980137126
COnPOff_F,8672,0.7120658339894551
COnPOff_F,8673,0.6973650754498814
COnPOff_F,8674,0.6871404400622562
COnPOff_F,8675,0.6660355868980702
COnPOff_F,8676,0.6732202091654237
COnPOff_F,8677,0.70971335812504
COnPOff_F,8678,0.6882069580196594
COnPOff_F,8679,0.6909551239148904
COnPOff_F,8680,0.6848566439906745
COnPOff_F,8681,0.715323659478187
COnPOff_F,8682,0.6933667204805075
COnPOff_F,8683,0.6650483205545868
COnPOff_F,8684,0.6949932228477297
COnPOff_F,8685,0.6552593808479974
COnPOff_F,8686,0.6992798799955612
COnPOff_F,8687,0.6995189701834201
COnPOff_F,8688,0.6889339717969312
COnPOff_F,8689,0.7293166306325617
COnPOff_F,8690,0.7295704401212307
COnPOff_F,8691,0.6782432584605549
COnPOff_F,8692,0.695663590735043
COnPOff_F,8693,0.6966381725400033
COnPOff_F,8694,0.644624572705836
COnPOff_F,8695,0.68666247050635
COnPOff_F,8696,0.6829431363854971
COnPOff_F,8697,0.6617413101668065
COnPOff_F,8698,0.6902184303949234
COnPOff_F,8699,0.6520668303479039
COnPOff_F,8700,0.7058426979608906
COnPOff_F,8701,0.7156400459685984
COnPOff_F,8702,0.6817397661047279
COnPOff_F,8703,0.6743842302132981
COnPOff_F,8704,0.7137525830176404
COnPOff_F,8705,0.6596046877518668
COnPOff_F,8706,0.6761914290669913
COnPOff_F,8707,0.6498492600379634
COnPOff_F,8708,0.6674874734243766
COnPOff_F,8709,0.6726721456708158
COnPOff_F,8710,0.652873921357773
COnPOff_F,8711,0.6790374486626511
COnPOff_F,8712,0.7299072753701568
COnPOff_F,8713,0.6986496058162824
COnPOff_F,8714,0.6965005721869088
COnPOff_F,8715,0.7084890623172809
COnPOff_F,8716,0.701777483984856
COnPOff_F,8717,0.6542225381148006
COnPOff_F,8718,0.6949849042676229
COnPOff_F,8719,0.6964779332440127
COnPOff_F,8720,0.6892996647440494
COnPOff_F,8721,0.6985150104392366
COnPOff_F,8722,0.7123489675277636
COnPOff_F,8723,0.6891414554876333
COnPOff_F,8724,0.718507579390724
COnPOff_F,8725,0.6458046973791683
COnPOff_F,8726,0.6584454917785667
COnPOff_F,8727,0.7073473085049913
COnPOff_F,8728,0.7205432122152985
COnPOff_F,8729,0.667111228697005
COnPOff_F,8730,0.6524372253913543
COnPOff_F,8731,0.69411362488942
COnPOff_F,8732,0.7214027739168865
COnPOff_F,8733,0.6665780611116113
COnPOff_F,8734,0.6630629316715059
COnPOff_F,8735,0.6774615135808214
COnPOff_F,8736,0.6899909351135721
COnPOff_F,8737,0.6799528458809071
COnPOff_F,8738,0.7029902837588194
COnPOff_F,8739,0.6785065349466566
COnPOff_F,8740,0.6433412302016904
COnPOff_F,8741,0.6373987505777247
COnPOff_F,8742,0.7014351653509611
COnPOff_F,8743,0.6935396658703396
COnPOff_F,8744,0.695086567664292
COnPOff_F,8745,0.7070646278443808
COnPOff_F,8746,0.6786645870790391
COnPOff_F,8747,0.6565680016701843
COnPOff_F,8748,0.6851999422262094
COnPOff_F,8749,0.6674844293227653
COnPOff_F,8750,0.6475445488064601
COnPOff_F,8751,0.7282149111250843
COnPOff_F,8752,0.7146873885394491
COnPOff_F,8753,0.6733238206049328
COnPOff_F,8754,0.7076286919143702
COnPOff_F,8755,0.6842253628009164
COnPOff_F,8756,0.6594564094135099
COnPOff_F,8757,0.658248580059231
COnPOff_F,8758,0.6706879966368768
COnPOff_F,8759,0.6477839920800347
COnPOff_F,8760,0.6811702593551694
COnPOff_F,8761,0.6661018149147985
COnPOff_F,8762,0.6935341004955886
COnPOff_F,8763,0.7290768020168457
COnPOff_F,8764,0.6808301391276037
COnPOff_F,8765,0.6917538884695301
COnPOff_F,8766,0.6727909106424764
COnPOff_F,8767,0.6655037117112728
COnPOff_F,8768,0.6473857046008237
COnPOff_F,8769,0.6991286525648254
COnPOff_F,8770,0.6891470662293319
COnPOff_F,8771,0.6742609432876656
COnPOff_F,8772,0.6682536629028174
COnPOff_F,8773,0.7026134145801544
COnPOff_F,8774,0.6980274734997665
COnPOff_F,8775,0.7241428730114992
COnPOff_F,8776,0.7047705691025662
COnPOff_F,8777,0.6932827323663586
COnPOff_F,8778,0.7094873024855997
COnPOff_F,8779,0.717408533855794
COnPOff_F,8780,0.6819618124543826
COnPOff_F,8781,0.6984310963439961
COnPOff_F,8782,0.6985375885267627
COnPOff_F,8783,0.6746848886296773
COnPOff_F,8784,0.7120556820415938
COnPOff_F,8785,0.6905038669784139
COnPOff_F,8786,0.7107593454474113
COnPOff_F,8787,0.6910364946030734
COnPOff_F,8788,0.6519756835410594
COnPOff_F,8789,0.6500285422437441
COnPOff_F,8790,0.6774775838149242
COnPOff_F,8791,0.7021010544605629
COnPOff_F,8792,0.680306114258901
COnPOff_F,8793,0.6942452839177607
COnPOff_F,8794,0.6848312918706615
COnPOff_F,8795,0.6615890015817235
COnPOff_F,8796,0.6658326661158198
COnPOff_F,8797,0.6724762431464102
COnPOff_F,8798,0.6663152650487066
COnPOff_F,8799,0.7103130181192804
COnPOff_F,8800,0.6767883885871757
COnPOff_F,8801,0.6597137095397227
COnPOff_F,8802,0.6874417467108911
COnPOff_F,8803,0.6610260883349469
COnPOff_F,8804,0.6490757775113516
COnPOff_F,8805,0.6625781922004699
COnPOff_F,8806,0.6726500333259215
COnPOff_F,8807,0.6606743833084971
COnPOff_F,8808,0.684119586947075
COnPOff_F,8809,0.7208858573393965
COnPOff_F,8810,0.6923353668848682
COnPOff_F,8811,0.6884025194212807
COnPOff_F,8812,0.6782493588823806
COnPOff_F,8813,0.7113616446638092
COnPOff_F,8814,0.723418477178673
COnPOff_F,8815,0.6685169408797843
COnPOff_F,8816,0.6708990185517952
COnPOff_F,8817,0.7027499614959365
COnPOff_F,8818,0.6719914368620872
COnPOff_F,8819,0.7050908152590718
COnPOff_F,8820,0.6779853257298597
COnPOff_F,8821,0.7070042874133379
COnPOff_F,8822,0.6601093904356741
COnPOff_F,8823,0.7089804603137326
COnPOff_F,8824,0.6881144503848045
COnPOff_F,8825,0.6694733202884157
COnPOff_F,8826,0.655859863518638
COnPOff_F,8827,0.6804527477162337
COnPOff_F,8828,0.6820422080279789
COnPOff_F,8829,0.6852535502167063
COnPOff_F,8830,0.669637166971824
COnPOff_F,8831,0.6620783369508881
COnPOff_F,8832,0.6622288304535221
COnPOff_F,8833,0.6983170334645112
COnPOff_F,8834,0.6735549240795344
COnPOff_F,8835,0.6689925292394381
COnPOff_F,8836,0.6386325902651319
COnPOff_F,8837,0.6773715291575039
COnPOff_F,8838,0.6891092861894311
COnPOff_F,8839,0.6826217543694805
COnPOff_F,8840,0.6564340867933801
COnPOff_F,8841,0.7336257054146609
COnPOff_F,8842,0.687403959123141
COnPOff_F,8843,0.7197203211479312
COnPOff_F,8844,0.6711400348198527
COnPOff_F,8845,0.6492367791081237
COnPOff_F,8846,0.6933172836199999
COnPOff_F,8847,0.6466545321465611
COnPOff_F,8848,0.682085246506508
COnPOff_F,8849,0.6514833482133143
COnPOff_F,8850,0.6665814313084951
COnPOff_F,8851,0.6745474998148266
COnPOff_F,8852,0.7034266758289297
COnPOff_F,8853,0.6506737576770989
COnPOff_F,8854,0.6607955469531653
COnPOff_F,8855,0.6748744241693291
COnPOff_F,8856,0.7134245475722747
COnPOff_F,8857,0.6755330184902218
COnPOff_F,8858,0.6875293140220267
COnPOff_F,8859,0.6736143347056741
COnPOff_F,8860,0.7265320192552587
COnPOff_F,8861,0.6689110940054108
COnPOff_F,8862,0.7017419738310243
COnPOff_F,8863,0.6870318806077369
COnPOff_F,8864,0.6780559656582675
COnPOff_F,8865,0.6862926798225898
COnPOff_F,8866,0.7030393751470049
COnPOff_F,8867,0.6712379133093086
COnPOff_F,8868,0.6475084557324028
COnPOff_F,8869,0.7259244608296735
COnPOff_F,8870,0.6691643439840633
COnPOff_F,8871,0.6835432426461928
COnPOff_F,8872,0.680659639041895
COnPOff_F,8873,0.6940984886495767
COnPOff_F,8874,0.683420195610854
COnPOff_F,8875,0.6939101194446489
COnPOff_F,8876,0.6962081177562236
COnPOff_F,8877,0.6828287201713854
COnPOff_F,8878,0.6853630209419391
COnPOff_F,8879,0.697990074746709
COnPOff_F,8880,0.7276438700736515
COnPOff_F,8881,0.7027508414127438
COnPOff_F,8882,0.6942881923261404
COnPOff_F,8883,0.6902749730886854
COnPOff_F,8884,0.704484093144304
COnPOff_F,8885,0.7042120352062679
COnPOff_F,8886,0.6832423071358842
COnPOff_F,8887,0.669446398111768
COnPOff_F,8888,0.6796562029177243
COnPOff_F,8889,0.6946698101688947
COnPOff_F,8890,0.709940873060241
COnPOff_F,8891,0.6843628044696589
COnPOff_F,8892,0.622335612733023
COnPOff_F,8893,0.688105806530049
COnPOff_F,8894,0.6770863471168619
COnPOff_F,8895,0.7443338367034099
COnPOff_F,8896,0.7097633982636004
COnPOff_F,8897,0.6603703941054303
COnPOff_F,8898,0.687677860890153
COnPOff_F,8899,0.6509043876553688
COnPOff_F,8900,0.6953721056103872
COnPOff_F,8901,0.6898389351055212
COnPOff_F,8902,0.7219742107314326
COnPOff_F,8903,0.7237192702119095
COnPOff_F,8904,0.6805961992171627
COnPOff_F,8905,0.668333888619179
COnPOff_F,8906,0.667924604696938
COnPOff_F,8907,0.6805934667297763
COnPOff_F,8908,0.6696643826484616
COnPOff_F,8909,0.6662128394550739
COnPOff_F,8910,0.6938365727801125
COnPOff_F,8911,0.676445045255016
COnPOff_F,8912,0.6758503865878381
COnPOff_F,8913,0.6567262013214868
COnPOff_F,8914,0.7262542695506307
COnPOff_F,8915,0.6971905175409683
COnPOff_F,8916,0.6753015720390476
COnPOff_F,8917,0.6677683261692365
COnPOff_F,8918,0.6659832880801173
COnPOff_F,8919,0.7223764668968967
COnPOff_F,8920,0.6993933362801332
COnPOff_F,8921,0.7000494966468054
COnPOff_F,8922,0.6855963393226211
COnPOff_F,8923,0.6695672309629422
COnPOff_F,8924,0.7113194926430197
COnPOff_F,8925,0.6693125229771247
COnPOff_F,8926,0.707316158366882
COnPOff_F,8927,0.7275826323677681
COnPOff_F,8928,0.6801318354675127
COnPOff_F,8929,0.6892721821697413
COnPOff_F,8930,0.7361766557060218
COnPOff_F,8931,0.650779424902063
COnPOff_F,8932,0.6733469162004445
COnPOff_F,8933,0.6435294662026362
COnPOff_F,8934,0.6893640711901983
COnPOff_F,8935,0.6709887562141189
COnPOff_F,8936,0.7041269309143972
COnPOff_F,8937,0.6718691208280749
COnPOff_F,8938,0.6964258894569673
COnPOff_F,8939,0.6578791492934596
COnPOff_F,8940,0.6567827827510085
COnPOff_F,8941,0.6794968497910334
COnPOff_F,8942,0.6876843439945133
COnPOff_F,8943,0.6819991828188606
COnPOff_F,8944,0.6701279823112251
COnPOff_F,8945,0.6860340596314721
COnPOff_F,8946,0.6948590670845202
COnPOff_F,8947,0.7098039733272644
COnPOff_F,8948,0.7004448490237181
COnPOff_F,8949,0.7008083184307772
COnPOff_F,8950,0.672424555034432
COnPOff_F,8951,0.6914282696943705
COnPOff_F,8952,0.6856784314218696
COnPOff_F,8953,0.6625919983300658
COnPOff_F,8954,0.6998481875989053
COnPOff_F,8955,0.698173686866019
COnPOff_F,8956,0.695347420670604
COnPOff_F,8957,0.675173194045444
COnPOff_F,8958,0.6562556095291964
COnPOff_F,8959,0.6991104292202166
COnPOff_F,8960,0.6764602739613522
COnPOff_F,8961,0.7075800151201829
COnPOff_F,8962,0.7211065268398053
COnPOff_F,8963,0.6873380787994096
COnPOff_F,8964,0.6992387219932694
COnPOff_F,8965,0.695180394994806
COnPOff_F,8966,0.6854017182058685
COnPOff_F,8967,0.6927849726371882
COnPOff_F,8968,0.6985603937463051
COnPOff_F,8969,0.6882855547538276
COnPOff_F,8970,0.6795979406112108
COnPOff_F,8971,0.6746521432387851
COnPOff_F,8972,0.6647010409455335
COnPOff_F,8973,0.6598781504600185
COnPOff_F,8974,0.7422309007200809
COnPOff_F,8975,0.7092711829616033
COnPOff_F,8976,0.6786296406232818
COnPOff_F,8977,0.6996604859166895
COnPOff_F,8978,0.6869329037213092
COnPOff_F,8979,0.6828515969524857
COnPOff_F,8980,0.6553318885388438
COnPOff_F,8981,0.6969876634518685
COnPOff_F,8982,0.6498509863721861
COnPOff_F,8983,0.6365963170402453
COnPOff_F,8984,0.714147324236399
COnPOff_F,8985,0.7085955954750324
COnPOff_F,8986,0.6976198063224457
COnPOff_F,8987,0.6756774831090107
COnPOff_F,8988,0.6946475371640809
COnPOff_F,8989,0.6881297462368888
COnPOff_F,8990,0.7423090296106232
COnPOff_F,8991,0.6767022730653613
COnPOff_F,8992,0.7179072092575719
COnPOff_F,8993,0.6790531755554005
COnPOff_F,8994,0.6914324493416613
COnPOff_F,8995,0.6956633811665934
COnPOff_F,8996,0.6739152068950452
COnPOff_F,8997,0.6847017118619958
COnPOff_F,8998,0.6609125846011874
COnPOff_F,8999,0.6534258501295007
COnPOff_F,9000,0.7074972777808681
COnPOff_F,9001,0.7055284794747518
COnPOff_F,9002,0.6614066099947121
COnPOff_F,9003,0.7030345367758989
COnPOff_F,9004,0.7183417439377476
COnPOff_F,9005,0.6929952725575926
COnPOff_F,9006,0.7277176566467303
COnPOff_F,9007,0.6584335305755427
COnPOff_F,9008,0.7022787075024092
COnPOff_F,9009,0.6429566086743987
COnPOff_F,9010,0.694404514600838
COnPOff_F,9011,0.6271553682010204
COnPOff_F,9012,0.6925224876308851
COnPOff_F,9013,0.7391798738834537
COnPOff_F,9014,0.7113045139748344
COnPOff_F,9015,0.6983604611420369
COnPOff_F,9016,0.7114699417793916
COnPOff_F,9017,0.6717711561013119
COnPOff_F,9018,0.6956116292979222
COnPOff_F,9019,0.660352457921142
COnPOff_F,9020,0.7300033244332143
COnPOff_F,9021,0.711408928108539
COnPOff_F,9022,0.7161181199859515
COnPOff_F,9023,0.6832528088871619
COnPOff_F,9024,0.6799423251450145
COnPOff_F,9025,0.6886224318651349
COnPOff_F,9026,0.6909089349407218
COnPOff_F,9027,0.6707133351216498
COnPOff_F,9028,0.6780829134423638
COnPOff_F,9029,0.7132239146295027
COnPOff_F,9030,0.6662585264605367
COnPOff_F,9031,0.6727950434097034
COnPOff_F,9032,0.6718413890108617
COnPOff_F,9033,0.6807364248646038
COnPOff_F,9034,0.7054132262021136
COnPOff_F,9035,0.6638437707127268
COnPOff_F,9036,0.7165896380692108
COnPOff_F,9037,0.6722399007550923
COnPOff_F,9038,0.673783273776474
COnPOff_F,9039,0.6983217565694023
COnPOff_F,9040,0.6824763111105125
COnPOff_F,9041,0.6850708982960533
COnPOff_F,9042,0.702251138553748
COnPOff_F,9043,0.7037349103161941
COnPOff_F,9044,0.6902866068098193
COnPOff_F,9045,0.6932614093217397
COnPOff_F,9046,0.70511066407342
COnPOff_F,9047,0.6438795225094264
COnPOff_F,9048,0.6480721757729114
COnPOff_F,9049,0.6757874955356376
COnPOff_F,9050,0.6923664365042416
COnPOff_F,9051,0.6748516057203611
COnPOff_F,9052,0.6869137440128934
COnPOff_F,9053,0.6674082336325206
COnPOff_F,9054,0.7114410513459541
COnPOff_F,9055,0.7132988438711327
COnPOff_F,9056,0.687605943710911
COnPOff_F,9057,0.66905698313678
COnPOff_F,9058,0.6547484719019311
COnPOff_F,9059,0.6751474285049145
COnPOff_F,9060,0.6925287293766087
COnPOff_F,9061,0.6735292058465076
COnPOff_F,9062,0.6923871860092831
COnPOff_F,9063,0.7053143099552194
COnPOff_F,9064,0.6892919897910635
COnPOff_F,9065,0.7263481224206635
COnPOff_F,9066,0.6706876790843347
COnPOff_F,9067,0.6700069503779212
COnPOff_F,9068,0.6936716704999193
COnPOff_F,9069,0.6793611963848758
COnPOff_F,9070,0.7066156524863422
COnPOff_F,9071,0.7016172437925948
COnPOff_F,9072,0.63513459199712
COnPOff_F,9073,0.7067415707704806
COnPOff_F,9074,0.7038449858763611
COnPOff_F,9075,0.7215906042124572
COnPOff_F,9076,0.7031757703831755
COnPOff_F,9077,0.7084709936325388
COnPOff_F,9078,0.6398646464920786
COnPOff_F,9079,0.7109973876987695
COnPOff_F,9080,0.6577056924157066
COnPOff_F,9081,0.7059236001309243
COnPOff_F,9082,0.6725519950666421
COnPOff_F,9083,0.6967768470778346
COnPOff_F,9084,0.6949798069191976
COnPOff_F,9085,0.7029952921690353
COnPOff_F,9086,0.6724858241177283
COnPOff_F,9087,0.6741444997351167
COnPOff_F,9088,0.6756336016042509
COnPOff_F,9089,0.6829077728643471
COnPOff_F,9090,0.6663872669169167
COnPOff_F,9091,0.6837947889463021
COnPOff_F,9092,0.7318637148544903
COnPOff_F,9093,0.6634501295209656
COnPOff_F,9094,0.6694201354491952
COnPOff_F,9095,0.6463094878846359
COnPOff_F,9096,0.6808807168132612
COnPOff_F,9097,0.6891916856141694
COnPOff_F,9098,0.7156418529213642
COnPOff_F,9099,0.6410892356195546
COnPOff_F,9100,0.6910249450848527
COnPOff_F,9101,0.6704881814634527
COnPOff_F,9102,0.6630224437446617
COnPOff_F,9103,0.6893293239463703
COnPOff_F,9104,0.72514154774816
COnPOff_F,9105,0.6843789086334099
COnPOff_F,9106,0.6769592482270601
COnPOff_F,9107,0.6597382607009149
COnPOff_F,9108,0.6885008661970692
COnPOff_F,9109,0.6816468525753789
COnPOff_F,9110,0.6613441623398569
COnPOff_F,9111,0.7082687564914221
COnPOff_F,9112,0.6822358726144515
COnPOff_F,9113,0.6641472705146437
COnPOff_F,9114,0.6704516171867131
COnPOff_F,9115,0.708300760924083
COnPOff_F,9116,0.6598610642775382
COnPOff_F,9117,0.7033109985180941
COnPOff_F,9118,0.7111623666465277
COnPOff_F,9119,0.6783504195463342
COnPOff_F,9120,0.6793539241111414
COnPOff_F,9121,0.7082438408926361
COnPOff_F,9122,0.6866424291333115
COnPOff_F,9123,0.6588070951250455
COnPOff_F,9124,0.7186384064692384
COnPOff_F,9125,0.7199279153555147
COnPOff_F,9126,0.6707564810984278
COnPOff_F,9127,0.696316827375671
COnPOff_F,9128,0.6665480554226931
COnPOff_F,9129,0.6726563110683234
COnPOff_F,9130,0.6897576405208659
COnPOff_F,9131,0.6708741901995032
COnPOff_F,9132,0.6865129840197144
COnPOff_F,9133,0.6790632293488708
COnPOff_F,9134,0.696510116310141
COnPOff_F,9135,0.6962493759014611
COnPOff_F,9136,0.6427774240118366
COnPOff_F,9137,0.6817076683506063
COnPOff_F,9138,0.6990459638948114
COnPOff_F,9139,0.7113753163398374
COnPOff_F,9140,0.7044234193436939
COnPOff_F,9141,0.6967761157018834
COnPOff_F,9142,0.6748000255422505
COnPOff_F,9143,0.7012910171133133
COnPOff_F,9144,0.6938273099701199
COnPOff_F,9145,0.6998777069594563
COnPOff_F,9146,0.6666253162504726
COnPOff_F,9147,0.6548245935047229
COnPOff_F,9148,0.6806318151366637
COnPOff_F,9149,0.7049927834651908
COnPOff_F,9150,0.7086936449593028
COnPOff_F,9151,0.6850600396321659
COnPOff_F,9152,0.7175589110102338
COnPOff_F,9153,0.6884563361422448
COnPOff_F,9154,0.6943177479125858
COnPOff_F,9155,0.7164668047039018
COnPOff_F,9156,0.6725954418131452
COnPOff_F,9157,0.6576783988567787
COnPOff_F,9158,0.7247305870450805
COnPOff_F,9159,0.6716458735144026
COnPOff_F,9160,0.6675790026799084
COnPOff_F,9161,0.6837749945589556
COnPOff_F,9162,0.6880094125961226
COnPOff_F,9163,0.6963201404321337
COnPOff_F,9164,0.6533842140376134
COnPOff_F,9165,0.6975053205150138
COnPOff_F,9166,0.6863643017387278
COnPOff_F,9167,0.6673096826424819
COnPOff_F,9168,0.6737791356838579
COnPOff_F,9169,0.7261564370615181
COnPOff_F,9170,0.6621140822844542
COnPOff_F,9171,0.6836674323849099
COnPOff_F,9172,0.6589348096526461
COnPOff_F,9173,0.693568892004639
COnPOff_F,9174,0.7094986877990929
COnPOff_F,9175,0.6832297485503183
COnPOff_F,9176,0.6678085316529705
COnPOff_F,9177,0.6800451992520072
COnPOff_F,9178,0.6745652047246462
COnPOff_F,9179,0.6892687786857192
COnPOff_F,9180,0.6712196518301848
COnPOff_F,9181,0.6851932966484322
COnPOff_F,9182,0.6961755380329824
COnPOff_F,9183,0.6642717837696297
COnPOff_F,9184,0.6945534070583063
COnPOff_F,9185,0.6954625527752395
COnPOff_F,9186,0.6652164688150981
COnPOff_F,9187,0.6452321265968071
COnPOff_F,9188,0.6905471484554893
COnPOff_F,9189,0.6956069942046313
COnPOff_F,9190,0.7133071790442628
COnPOff_F,9191,0.6868548251819023
COnPOff_F,9192,0.7103691748805
COnPOff_F,9193,0.6441389750113153
COnPOff_F,9194,0.6660679052981241
COnPOff_F,9195,0.7111764087430693
COnPOff_F,9196,0.6989214121073155
COnPOff_F,9197,0.65158292232285
COnPOff_F,9198,0.6750707255530454
COnPOff_F,9199,0.639182311128665
COnPOff_F,9200,0.6840681775384084
COnPOff_F,9201,0.6700245307919818
COnPOff_F,9202,0.6713434426727796
COnPOff_F,9203,0.7182554974513549
COnPOff_F,9204,0.7335389899421312
COnPOff_F,9205,0.7131820637854354
COnPOff_F,9206,0.6566259261970832
COnPOff_F,9207,0.6994380522241809
COnPOff_F,9208,0.7025926029567301
COnPOff_F,9209,0.7076663550881999
COnPOff_F,9210,0.6773741528609557
COnPOff_F,9211,0.6968644082282439
COnPOff_F,9212,0.6723308688108324
COnPOff_F,9213,0.6585670345799921
COnPOff_F,9214,0.6928980110365575
COnPOff_F,9215,0.6633607241488336
COnPOff_F,9216,0.69817703050355
COnPOff_F,9217,0.6631578265081896
COnPOff_F,9218,0.6636675964544292
COnPOff_F,9219,0.6746214936001922
COnPOff_F,9220,0.6568869819990655
COnPOff_F,9221,0.6575583750098289
COnPOff_F,9222,0.6511745581457679
COnPOff_F,9223,0.701892279583416
COnPOff_F,9224,0.6994344629335129
COnPOff_F,9225,0.6450735813210678
COnPOff_F,9226,0.6712757337909235
COnPOff_F,9227,0.6963306452266419
COnPOff_F,9228,0.6845577972883959
COnPOff_F,9229,0.6823646755996466
COnPOff_F,9230,0.6721983976336642
COnPOff_F,9231,0.7140998262094982
COnPOff_F,9232,0.6947062852778965
COnPOff_F,9233,0.7075246826465801
COnPOff_F,9234,0.7018151478288616
COnPOff_F,9235,0.7150204638444078
COnPOff_F,9236,0.6907659310950105
COnPOff_F,9237,0.7093998816624257
COnPOff_F,9238,0.6774614585565637
COnPOff_F,9239,0.6813286327628433
COnPOff_F,9240,0.7090138879014326
COnPOff_F,9241,0.7090041719897038
COnPOff_F,9242,0.6482069978310373
COnPOff_F,9243,0.6619808904719068
COnPOff_F,9244,0.6735977941617367
COnPOff_F,9245,0.6763418612905499
COnPOff_F,9246,0.7048612484608333
COnPOff_F,9247,0.6960906102463129
COnPOff_F,9248,0.6822070233235076
COnPOff_F,9249,0.7072247882847186
COnPOff_F,9250,0.6697930373511446
COnPOff_F,9251,0.6595669595713336
COnPOff_F,9252,0.6527334975659688
COnPOff_F,9253,0.6790049618779883
COnPOff_F,9254,0.7096032604512753
COnPOff_F,9255,0.7070507265612298
COnPOff_F,9256,0.6893544165050502
COnPOff_F,9257,0.6597839672878593
COnPOff_F,9258,0.6410260953884943
COnPOff_F,9259,0.6701692159039376
COnPOff_F,9260,0.6609641571578015
COnPOff_F,9261,0.6880839786346886
COnPOff_F,9262,0.6636277069531946
COnPOff_F,9263,0.7388950875166913
COnPOff_F,9264,0.708369851527102
COnPOff_F,9265,0.7070858890903008
COnPOff_F,9266,0.6753690806665283
COnPOff_F,9267,0.7000778115535407
COnPOff_F,9268,0.7032518357730577
COnPOff_F,9269,0.6578743839994271
COnPOff_F,9270,0.6841589745142078
COnPOff_F,9271,0.665390169278387
COnPOff_F,9272,0.7127864514444934
COnPOff_F,9273,0.70482053479748
COnPOff_F,9274,0.6977807886692262
COnPOff_F,9275,0.7111473567645352
COnPOff_F,9276,0.6680574652791267
COnPOff_F,9277,0.6523090701519488
COnPOff_F,9278,0.7132256887690464
COnPOff_F,9279,0.7018498997863234
COnPOff_F,9280,0.7070045359537925
COnPOff_F,9281,0.6667861414339805
COnPOff_F,9282,0.6879173623940553
COnPOff_F,9283,0.6958691902157481
COnPOff_F,9284,0.6973562085346163
COnPOff_F,9285,0.6559980704944539
COnPOff_F,9286,0.6627273537415315
COnPOff_F,9287,0.6677611944735421
COnPOff_F,9288,0.6675063511401976
COnPOff_F,9289,0.686909001737144
COnPOff_F,9290,0.721360865877444
COnPOff_F,9291,0.6812346613437764
COnPOff_F,9292,0.6733976062871614
COnPOff_F,9293,0.6932238029252854
COnPOff_F,9294,0.6771444476310394
COnPOff_F,9295,0.6830443082095007
COnPOff_F,9296,0.7043428042565407
COnPOff_F,9297,0.654166917093822
COnPOff_F,9298,0.6647817793453301
COnPOff_F,9299,0.6913451027297804
COnPOff_F,9300,0.6568208017663664
COnPOff_F,9301,0.6998215218877482
COnPOff_F,9302,0.6922024797357328
COnPOff_F,9303,0.6819967675350591
COnPOff_F,9304,0.6875634958748398
COnPOff_F,9305,0.6835060081155939
COnPOff_F,9306,0.6981898031817568
COnPOff_F,9307,0.6910512736369633
COnPOff_F,9308,0.6662415205779467
COnPOff_F,9309,0.6877469736363558
COnPOff_F,9310,0.677770508395322
COnPOff_F,9311,0.7069287078538392
COnPOff_F,9312,0.663923377335677
COnPOff_F,9313,0.6467561885118186
COnPOff_F,9314,0.6562911765334247
COnPOff_F,9315,0.6711977213777999
COnPOff_F,9316,0.6569336292179626
COnPOff_F,9317,0.6948587712641244
COnPOff_F,9318,0.6865083616058187
COnPOff_F,9319,0.6628981322655761
COnPOff_F,9320,0.661755504910045
COnPOff_F,9321,0.6647090455378631
COnPOff_F,9322,0.7140402004480727
COnPOff_F,9323,0.6656958237593767
COnPOff_F,9324,0.6701938419080761
COnPOff_F,9325,0.6957174431060777
COnPOff_F,9326,0.7327359556249462
COnPOff_F,9327,0.6914871008697134
COnPOff_F,9328,0.6729594611981167
COnPOff_F,9329,0.6600332250188419
COnPOff_F,9330,0.6849750477557246
COnPOff_F,9331,0.7036495485451203
COnPOff_F,9332,0.6882030313803775
COnPOff_F,9333,0.6917696446042766
COnPOff_F,9334,0.6403127018705962
COnPOff_F,9335,0.639499299282897
COnPOff_F,9336,0.7064201846490598
COnPOff_F,9337,0.7007879269448544
COnPOff_F,9338,0.65584241086683
COnPOff_F,9339,0.6891250597953815
COnPOff_F,9340,0.6771546161376685
COnPOff_F,9341,0.6394833362515089
COnPOff_F,9342,0.7193409896171021
COnPOff_F,9343,0.6796067752753269
COnPOff_F,9344,0.6726375342726046
COnPOff_F,9345,0.6941948951984048
COnPOff_F,9346,0.6471357320307869
COnPOff_F,9347,0.6956809417435351
COnPOff_F,9348,0.6883576308853362
COnPOff_F,9349,0.6780566973979816
COnPOff_F,9350,0.686818234226412
COnPOff_F,9351,0.7016312896241101
COnPOff_F,9352,0.6492525373886874
COnPOff_F,9353,0.6841411600570907
COnPOff_F,9354,0.6636333190252198
COnPOff_F,9355,0.6649336030516934
COnPOff_F,9356,0.6792076067574139
COnPOff_F,9357,0.6920819795647365
COnPOff_F,9358,0.6523875597444596
COnPOff_F,9359,0.662214597279017
COnPOff_F,9360,0.716391684951594
COnPOff_F,9361,0.6753425876339086
COnPOff_F,9362,0.6968533619058698
COnPOff_F,9363,0.6747911563603318
COnPOff_F,9364,0.6785277139379865
COnPOff_F,9365,0.6940000800127427
COnPOff_F,9366,0.6926341728991712
COnPOff_F,9367,0.6900692312847124
COnPOff_F,9368,0.6848391651893762
COnPOff_F,9369,0.6805878433825667
COnPOff_F,9370,0.6426844530231524
COnPOff_F,9371,0.6698036835974773
COnPOff_F,9372,0.6943450373213634
COnPOff_F,9373,0.6674899454601436
COnPOff_F,9374,0.6909456757173639
COnPOff_F,9375,0.7087652103164807
COnPOff_F,9376,0.6786717979808258
COnPOff_F,9377,0.7029937059661188
COnPOff_F,9378,0.7105083364116067
COnPOff_F,9379,0.7093064283683267
COnPOff_F,9380,0.7046088654391527
COnPOff_F,9381,0.6417498169562144
COnPOff_F,9382,0.7065004690984725
COnPOff_F,9383,0.6758749835547027
COnPOff_F,9384,0.672874859536822
COnPOff_F,9385,0.6776050576477988
COnPOff_F,9386,0.6780386434818757
COnPOff_F,9387,0.6923079018884857
COnPOff_F,9388,0.6787573533877819
COnPOff_F,9389,0.6889901509426865
COnPOff_F,9390,0.6724885842037577
COnPOff_F,9391,0.710102764513102
COnPOff_F,9392,0.703322967346726
COnPOff_F,9393,0.6689307403692768
COnPOff_F,9394,0.672144095506321
COnPOff_F,9395,0.6891249763411967
COnPOff_F,9396,0.7102666308957173
COnPOff_F,9397,0.67169901047459
COnPOff_F,9398,0.6925623278736932
COnPOff_F,9399,0.6629082874428568
COnPOff_F,9400,0.6813141132462994
COnPOff_F,9401,0.6987701041631965
COnPOff_F,9402,0.7040219055248055
COnPOff_F,9403,0.6895001121591648
COnPOff_F,9404,0.6798021258027106
COnPOff_F,9405,0.703252245182734
COnPOff_F,9406,0.7036403536916387
COnPOff_F,9407,0.6463587319446557
COnPOff_F,9408,0.6741556143929692
COnPOff_F,9409,0.6781202429096952
COnPOff_F,9410,0.708366467120307
COnPOff_F,9411,0.6621488068161238
COnPOff_F,9412,0.6903209111745345
COnPOff_F,9413,0.6921560627128485
COnPOff_F,9414,0.6846377036804387
COnPOff_F,9415,0.6608222362053077
COnPOff_F,9416,0.6889924632913829
COnPOff_F,9417,0.736395356359891
COnPOff_F,9418,0.702180027279736
COnPOff_F,9419,0.7206649127010369
COnPOff_F,9420,0.693050591080492
COnPOff_F,9421,0.6734149257632287
COnPOff_F,9422,0.6744214299975276
COnPOff_F,9423,0.6684175285825933
COnPOff_F,9424,0.7183980570851729
COnPOff_F,9425,0.7108680055625224
COnPOff_F,9426,0.6990992122915433
COnPOff_F,9427,0.6991096283993206
COnPOff_F,9428,0.6916022044403671
COnPOff_F,9429,0.6539119842771152
COnPOff_F,9430,0.6477345018516186
COnPOff_F,9431,0.6934953824936269
COnPOff_F,9432,0.6890320637308093
COnPOff_F,9433,0.6475953476981607
COnPOff_F,9434,0.6929075240437547
COnPOff_F,9435,0.7072063061245623
COnPOff_F,9436,0.6787710636524389
COnPOff_F,9437,0.6997660150922568
COnPOff_F,9438,0.6729187553175053
COnPOff_F,9439,0.674860087101378
COnPOff_F,9440,0.6906374991281793
COnPOff_F,9441,0.6569469391647993
COnPOff_F,9442,0.6817845858966111
COnPOff_F,9443,0.6915784360195232
COnPOff_F,9444,0.7120236392712326
COnPOff_F,9445,0.6633639957163545
COnPOff_F,9446,0.6754167915250138
COnPOff_F,9447,0.6836583880347982
COnPOff_F,9448,0.6938287701474638
COnPOff_F,9449,0.6789798890451836
COnPOff_F,9450,0.6632281062613132
COnPOff_F,9451,0.66859276079008
COnPOff_F,9452,0.6378372067693839
COnPOff_F,9453,0.6896883654858188
COnPOff_F,9454,0.7032934082182741
COnPOff_F,9455,0.6843344883183216
COnPOff_F,9456,0.6658414433541203
COnPOff_F,9457,0.6906477522742761
COnPOff_F,9458,0.7022967723222695
COnPOff_F,9459,0.6800673382833046
COnPOff_F,9460,0.713100310514585
COnPOff_F,9461,0.71786272305804
COnPOff_F,9462,0.6609944037622425
COnPOff_F,9463,0.7079274974333668
COnPOff_F,9464,0.6928617653010146
COnPOff_F,9465,0.6813926435698434
COnPOff_F,9466,0.6738423718252997
COnPOff_F,9467,0.6956806635818084
COnPOff_F,9468,0.7148527595629062
COnPOff_F,9469,0.6928979165259392
COnPOff_F,9470,0.7029619003767292
COnPOff_F,9471,0.6744000651733527
COnPOff_F,9472,0.6921506673244694
COnPOff_F,9473,0.6795583002708296
COnPOff_F,9474,0.6653328238551256
COnPOff_F,9475,0.716889654070211
COnPOff_F,9476,0.6672239183538425
COnPOff_F,9477,0.7123389395477941
COnPOff_F,9478,0.6837339226744659
COnPOff_F,9479,0.6883068841463347
COnPOff_F,9480,0.668113996635058
COnPOff_F,9481,0.7017959855507158
COnPOff_F,9482,0.6971948403781704
COnPOff_F,9483,0.6887696219149837
COnPOff_F,9484,0.6967635943472241
COnPOff_F,9485,0.66770307417803
COnPOff_F,9486,0.6958469413376536
COnPOff_F,9487,0.6843311253020218
COnPOff_F,9488,0.6692594478518464
COnPOff_F,9489,0.6817637370446272
COnPOff_F,9490,0.6894065905314407
COnPOff_F,9491,0.7184334192055173
COnPOff_F,9492,0.6768285463980408
COnPOff_F,9493,0.7151549334652781
COnPOff_F,9494,0.7070183548997903
COnPOff_F,9495,0.6919264163027764
COnPOff_F,9496,0.6826259764281384
COnPOff_F,9497,0.6755141994618143
COnPOff_F,9498,0.6792705146386802
COnPOff_F,9499,0.6977709308241581
COnPOff_F,9500,0.6690942874681088
COnPOff_F,9501,0.6614413392339513
COnPOff_F,9502,0.6936145804300627
COnPOff_F,9503,0.7403803072460085
COnPOff_F,9504,0.7026413721727124
COnPOff_F,9505,0.7079517265743052
COnPOff_F,9506,0.6829566648406974
COnPOff_F,9507,0.674903819081495
COnPOff_F,9508,0.7081493052585875
COnPOff_F,9509,0.7112522359591479
COnPOff_F,9510,0.7107617249066172
COnPOff_F,9511,0.7066042620640904
COnPOff_F,9512,0.6652984644948426
COnPOff_F,9513,0.7011019359737913
COnPOff_F,9514,0.6591588964076204
COnPOff_F,9515,0.6967567247724984
COnPOff_F,9516,0.6873937332918223
COnPOff_F,9517,0.6935178895563707
COnPOff_F,9518,0.672186382804133
COnPOff_F,9519,0.6847999125633635
COnPOff_F,9520,0.6606409459697266
COnPOff_F,9521,0.6787444674415999
COnPOff_F,9522,0.6770316652004215
COnPOff_F,9523,0.6930138476660024
COnPOff_F,9524,0.727869057468061
COnPOff_F,9525,0.6672281388926137
COnPOff_F,9526,0.7211027229205829
COnPOff_F,9527,0.6568125755443842
COnPOff_F,9528,0.6712554569929293
COnPOff_F,9529,0.6870320933392996
COnPOff_F,9530,0.6925424155250566
COnPOff_F,9531,0.6524940431617614
COnPOff_F,9532,0.6931679924682531
COnPOff_F,9533,0.6859129477716321
COnPOff_F,9534,0.6608369619591363
COnPOff_F,9535,0.6558014008272423
COnPOff_F,9536,0.7119606573380338
COnPOff_F,9537,0.7255173142721008
COnPOff_F,9538,0.6658372027684072
COnPOff_F,9539,0.7167932053778788
COnPOff_F,9540,0.7331825923512149
COnPOff_F,9541,0.7114626425962903
COnPOff_F,9542,0.6886377832981541
COnPOff_F,9543,0.6984775513713228
COnPOff_F,9544,0.6819997163417647
COnPOff_F,9545,0.6502247919045996
COnPOff_F,9546,0.6557965246277495
COnPOff_F,9547,0.690656271333873
COnPOff_F,9548,0.6759239398951371
COnPOff_F,9549,0.699929973522736
COnPOff_F,9550,0.6615649286999156
COnPOff_F,9551,0.6569397620295677
COnPOff_F,9552,0.6764032302899667
COnPOff_F,9553,0.7007080580191535
COnPOff_F,9554,0.65672809345679
COnPOff_F,9555,0.7071097709855433
COnPOff_F,9556,0.6610489561637314
COnPOff_F,9557,0.6964052674662702
COnPOff_F,9558,0.6336502571608584
COnPOff_F,9559,0.662015673620557
COnPOff_F,9560,0.6533478311853395
COnPOff_F,9561,0.6740566746176522
COnPOff_F,9562,0.6932979867463321
COnPOff_F,9563,0.6933892186006898
COnPOff_F,9564,0.7212530752560607
COnPOff_F,9565,0.6714499309570438
COnPOff_F,9566,0.6730648728238502
COnPOff_F,9567,0.6908001630080163
COnPOff_F,9568,0.7004874251391554
COnPOff_F,9569,0.7051622997024127
COnPOff_F,9570,0.7073225684687622
COnPOff_F,9571,0.6867466639377412
COnPOff_F,9572,0.69145989973705
COnPOff_F,9573,0.6759923402671417
COnPOff_F,9574,0.6547533332140241
COnPOff_F,9575,0.697699301192667
COnPOff_F,9576,0.7083361855622532
COnPOff_F,9577,0.6981850504435798
COnPOff_F,9578,0.6780948392435279
COnPOff_F,9579,0.6721241091398283
COnPOff_F,9580,0.6789340051053196
COnPOff_F,9581,0.6888131797889482
COnPOff_F,9582,0.6939513299639413
COnPOff_F,9583,0.6930171245615981
COnPOff_F,9584,0.6839933513365424
COnPOff_F,9585,0.6606330798629393
COnPOff_F,9586,0.651626864322419
COnPOff_F,9587,0.7043349354579856
COnPOff_F,9588,0.6921659661191061
COnPOff_F,9589,0.6995326689744065
COnPOff_F,9590,0.6777398269906735
COnPOff_F,9591,0.6949512294864434
COnPOff_F,9592,0.6804115314355382
COnPOff_F,9593,0.6851487932368107
COnPOff_F,9594,0.6905086803752107
COnPOff_F,9595,0.6624563327446841
COnPOff_F,9596,0.6799810186564085
COnPOff_F,9597,0.6882419069638616
COnPOff_F,9598,0.6677993947624238
COnPOff_F,9599,0.7058818705215945
COnPOff_F,9600,0.7316548095662787
COnPOff_F,9601,0.7431906579809653
COnPOff_F,9602,0.7038894435015898
COnPOff_F,9603,0.6841625016995172
COnPOff_F,9604,0.6793261240286906
COnPOff_F,9605,0.6843035295954739
COnPOff_F,9606,0.6768062216557124
COnPOff_F,9607,0.6981998408220099
COnPOff_F,9608,0.6893907748209971
COnPOff_F,9609,0.7084741844715344
COnPOff_F,9610,0.6615056180571396
COnPOff_F,9611,0.6675426172993696
COnPOff_F,9612,0.672571501712021
COnPOff_F,9613,0.6897442530158863
COnPOff_F,9614,0.6747402605708521
COnPOff_F,9615,0.6678515480675409
COnPOff_F,9616,0.6977098530344303
COnPOff_F,9617,0.6990295699649272
COnPOff_F,9618,0.6975325364005706
COnPOff_F,9619,0.6606449988952344
COnPOff_F,9620,0.7101497373396619
COnPOff_F,9621,0.7180723974650287
COnPOff_F,9622,0.6917744492928269
COnPOff_F,9623,0.6898513782736339
COnPOff_F,9624,0.6879292896385683
COnPOff_F,9625,0.6489139680298117
COnPOff_F,9626,0.7056136469895293
COnPOff_F,9627,0.6676038766169621
COnPOff_F,9628,0.6879370870940583
COnPOff_F,9629,0.6594831059751308
COnPOff_F,9630,0.6811626093404884
COnPOff_F,9631,0.6745626642824185
COnPOff_F,9632,0.6822504110301945
COnPOff_F,9633,0.6988602850897533
COnPOff_F,9634,0.6824237927980041
COnPOff_F,9635,0.689792262810895
COnPOff_F,9636,0.68167372728163
COnPOff_F,9637,0.66911543527397
COnPOff_F,9638,0.6697271978743501
COnPOff_F,9639,0.6993559599896744
COnPOff_F,9640,0.6718675993495689
COnPOff_F,9641,0.6921731371795732
COnPOff_F,9642,0.6656913873251938
COnPOff_F,9643,0.6860761870780425
COnPOff_F,9644,0.6534568603818013
COnPOff_F,9645,0.6826868623498253
COnPOff_F,9646,0.6498710896590971
COnPOff_F,9647,0.6770210545884517
COnPOff_F,9648,0.6916279283459813
COnPOff_F,9649,0.7077570187564586
COnPOff_F,9650,0.6973852074371081
COnPOff_F,9651,0.7186810146584972
COnPOff_F,9652,0.7156852284649294
COnPOff_F,9653,0.6862398354986278
COnPOff_F,9654,0.6669404939366672
COnPOff_F,9655,0.6742886056012152
COnPOff_F,9656,0.6685291350376954
COnPOff_F,9657,0.7031253890778416
COnPOff_F,9658,0.7154122630073457
COnPOff_F,9659,0.7012751242677543
COnPOff_F,9660,0.681587492883351
COnPOff_F,9661,0.6673431925070588
COnPOff_F,9662,0.6688786325365632
COnPOff_F,9663,0.6776993943502689
COnPOff_F,9664,0.6710656397936924
COnPOff_F,9665,0.6861264516029827
COnPOff_F,9666,0.6457738445379808
COnPOff_F,9667,0.6832748304577735
COnPOff_F,9668,0.6780748040982986
COnPOff_F,9669,0.6791129803167263
COnPOff_F,9670,0.6708701747662
COnPOff_F,9671,0.6687931855515394
COnPOff_F,9672,0.6679859106428002
COnPOff_F,9673,0.6590208972580102
COnPOff_F,9674,0.6219539368281961
COnPOff_F,9675,0.6759769739323712
COnPOff_F,9676,0.69005738165552
COnPOff_F,9677,0.6307538774872844
COnPOff_F,9678,0.6782181662909338
COnPOff_F,9679,0.6696205554427879
COnPOff_F,9680,0.6793587506144093
COnPOff_F,9681,0.6732709152869623
COnPOff_F,9682,0.7238694406321133
COnPOff_F,9683,0.6747420115199784
COnPOff_F,9684,0.7171392533770282
COnPOff_F,9685,0.6883033614973851
COnPOff_F,9686,0.6762834035008746
COnPOff_F,9687,0.6412846739423482
COnPOff_F,9688,0.6593749255910372
COnPOff_F,9689,0.6590080046913739
COnPOff_F,9690,0.6830276665108914
COnPOff_F,9691,0.6666617205026505
COnPOff_F,9692,0.7012029239142293
COnPOff_F,9693,0.6722047713885777
COnPOff_F,9694,0.6706472408512504
COnPOff_F,9695,0.6672278707894419
COnPOff_F,9696,0.6812921613379664
COnPOff_F,9697,0.6945867528658823
COnPOff_F,9698,0.6890318946128274
COnPOff_F,9699,0.6908050245608045
COnPOff_F,9700,0.6754427770329147
COnPOff_F,9701,0.6874935991723584
COnPOff_F,9702,0.6821899972152161
COnPOff_F,9703,0.681897264038446
COnPOff_F,9704,0.7214267501534222
COnPOff_F,9705,0.7082215916766068
COnPOff_F,9706,0.701248569054472
COnPOff_F,9707,0.7006333439849467
COnPOff_F,9708,0.6959726058245558
COnPOff_F,9709,0.683451428637937
COnPOff_F,9710,0.6477410759683482
COnPOff_F,9711,0.6500614396311466
COnPOff_F,9712,0.6740026072850354
COnPOff_F,9713,0.697044080852143
COnPOff_F,9714,0.678304161850576
COnPOff_F,9715,0.6656380554816499
COnPOff_F,9716,0.6742095844988535
COnPOff_F,9717,0.6791241315345793
COnPOff_F,9718,0.7133180785386861
COnPOff_F,9719,0.7029100614495847
COnPOff_F,9720,0.688852047005634
COnPOff_F,9721,0.6729562878153762
COnPOff_F,9722,0.6881027563386644
COnPOff_F,9723,0.6808918651035546
COnPOff_F,9724,0.6933165855700092
COnPOff_F,9725,0.6638621551354484
COnPOff_F,9726,0.699923564493049
COnPOff_F,9727,0.6837332136276385
COnPOff_F,9728,0.6824718052979225
COnPOff_F,9729,0.6594748459206251
COnPOff_F,9730,0.6969942553005865
COnPOff_F,9731,0.6658590110137117
COnPOff_F,9732,0.6874277658513026
COnPOff_F,9733,0.6695382017060872
COnPOff_F,9734,0.681882240716871
COnPOff_F,9735,0.6977150128735371
COnPOff_F,9736,0.7128479272276783
COnPOff_F,9737,0.671742952848949
COnPOff_F,9738,0.6966026908320645
COnPOff_F,9739,0.7085786817155239
COnPOff_F,9740,0.7102311992585145
COnPOff_F,9741,0.7011386432653269
COnPOff_F,9742,0.6523976864363026
COnPOff_F,9743,0.655235512701877
COnPOff_F,9744,0.6703496724467503
COnPOff_F,9745,0.6810457568801093
COnPOff_F,9746,0.6738771445552039
COnPOff_F,9747,0.6998587057562077
COnPOff_F,9748,0.6934543229435863
COnPOff_F,9749,0.6823832069352138
COnPOff_F,9750,0.6876211755701707
COnPOff_F,9751,0.7244090269803672
COnPOff_F,9752,0.6800844113509517
COnPOff_F,9753,0.6507677344277493
COnPOff_F,9754,0.7013822808777301
COnPOff_F,9755,0.7002740368727323
COnPOff_F,9756,0.693766954780086
COnPOff_F,9757,0.698411198580958
COnPOff_F,9758,0.6788439486737744
COnPOff_F,9759,0.6928204608816153
COnPOff_F,9760,0.667852341986292
COnPOff_F,9761,0.667912085891564
COnPOff_F,9762,0.6562147259930442
COnPOff_F,9763,0.6779303845788264
COnPOff_F,9764,0.704221344314928
COnPOff_F,9765,0.6785436775430158
COnPOff_F,9766,0.6919676949701059
COnPOff_F,9767,0.6811855813637369
COnPOff_F,9768,0.6603140340544057
COnPOff_F,9769,0.7020227406656011
COnPOff_F,9770,0.6701652652495402
COnPOff_F,9771,0.6763331382393609
COnPOff_F,9772,0.6977149831263162
COnPOff_F,9773,0.6428281077087767
COnPOff_F,9774,0.6736085633483966
COnPOff_F,9775,0.6646833573290851
COnPOff_F,9776,0.7015083292939106
COnPOff_F,9777,0.6797572466959556
COnPOff_F,9778,0.6506407965659364
COnPOff_F,9779,0.6898277124484012
COnPOff_F,9780,0.6927346439256911
COnPOff_F,9781,0.6600817858133708
COnPOff_F,9782,0.6782255077943773
COnPOff_F,9783,0.6796049393934357
COnPOff_F,9784,0.6912989809080744
COnPOff_F,9785,0.6351367246605389
COnPOff_F,9786,0.6588818845500765
COnPOff_F,9787,0.7037097610216028
COnPOff_F,9788,0.7332368945038011
COnPOff_F,9789,0.6898273025792003
COnPOff_F,9790,0.6637449306604167
COnPOff_F,9791,0.6897241990254049
COnPOff_F,9792,0.6377749384242878
COnPOff_F,9793,0.6915740570926365
COnPOff_F,9794,0.7001900447920899
COnPOff_F,9795,0.6991966187234301
COnPOff_F,9796,0.6733470481525218
COnPOff_F,9797,0.7122813737577822
COnPOff_F,9798,0.7047124931763934
COnPOff_F,9799,0.6686819863720572
COnPOff_F,9800,0.6588387780780274
COnPOff_F,9801,0.6622961963567682
COnPOff_F,9802,0.6891880071913734
COnPOff_F,9803,0.7156401783793407
COnPOff_F,9804,0.7054630998233982
COnPOff_F,9805,0.6853770482121022
COnPOff_F,9806,0.6889940600100324
COnPOff_F,9807,0.6567249906823022
COnPOff_F,9808,0.7069302574756902
COnPOff_F,9809,0.6709472499861203
COnPOff_F,9810,0.6597706406582102
COnPOff_F,9811,0.6981734044296498
COnPOff_F,9812,0.6956971537955629
COnPOff_F,9813,0.6840823289646248
COnPOff_F,9814,0.6397680799650832
COnPOff_F,9815,0.6740460476468757
COnPOff_F,9816,0.6905560875092952
COnPOff_F,9817,0.6641352393504626
COnPOff_F,9818,0.6780059114812914
COnPOff_F,9819,0.6474598788247254
COnPOff_F,9820,0.6612495262512949
COnPOff_F,9821,0.6407433592549217
COnPOff_F,9822,0.6796315425060345
COnPOff_F,9823,0.6411553873700984
COnPOff_F,9824,0.7089387587086103
COnPOff_F,9825,0.7564318068633625
COnPOff_F,9826,0.700985843953638
COnPOff_F,9827,0.7222645762289794
COnPOff_F,9828,0.7021641284727069
COnPOff_F,9829,0.7317960968428021
COnPOff_F,9830,0.6858923967417937
COnPOff_F,9831,0.6458321356414771
COnPOff_F,9832,0.7103348033453202
COnPOff_F,9833,0.6926686408236398
COnPOff_F,9834,0.669822809548346
COnPOff_F,9835,0.6384632659461772
COnPOff_F,9836,0.6718432168492913
COnPOff_F,9837,0.6655184563587963
COnPOff_F,9838,0.682114433153853
COnPOff_F,9839,0.6771967711413985
COnPOff_F,9840,0.6688977387043551
COnPOff_F,9841,0.6985740341668812
COnPOff_F,9842,0.6686213383908928
COnPOff_F,9843,0.6980536272559863
COnPOff_F,9844,0.6240211569105777
COnPOff_F,9845,0.6782348010593025
COnPOff_F,9846,0.6714891401901791
COnPOff_F,9847,0.6617351369221873
COnPOff_F,9848,0.6742114151308127
COnPOff_F,9849,0.7073466465563957
COnPOff_F,9850,0.687555835964397
COnPOff_F,9851,0.6716706046680206
COnPOff_F,9852,0.6620502008397648
COnPOff_F,9853,0.7000499715683932
COnPOff_F,9854,0.6860021148602056
COnPOff_F,9855,0.6925072639194905
COnPOff_F,9856,0.7093362418757502
COnPOff_F,9857,0.6597570788897645
COnPOff_F,9858,0.6615291358842523
COnPOff_F,9859,0.6971639568299577
COnPOff_F,9860,0.6859462169252197
COnPOff_F,9861,0.7032556859211282
COnPOff_F,9862,0.6691497155586805
COnPOff_F,9863,0.7096614170070779
COnPOff_F,9864,0.6716453536639441
COnPOff_F,9865,0.6874363295887559
COnPOff_F,9866,0.6924748432807658
COnPOff_F,9867,0.6632905804038599
COnPOff_F,9868,0.6675227789737351
COnPOff_F,9869,0.7045244061332351
COnPOff_F,9870,0.6992020133396615
COnPOff_F,9871,0.7346228535967111
COnPOff_F,9872,0.7244863790907957
COnPOff_F,9873,0.6919871113521744
COnPOff_F,9874,0.6540448656939181
COnPOff_F,9875,0.6771192075533727
COnPOff_F,9876,0.7143525459658222
COnPOff_F,9877,0.7013449231624432
COnPOff_F,9878,0.6864845887793305
COnPOff_F,9879,0.6502779909661193
COnPOff_F,9880,0.7016860189215395
COnPOff_F,9881,0.691912085371175
COnPOff_F,9882,0.6739596813635661
COnPOff_F,9883,0.6899797488234105
COnPOff_F,9884,0.678128865920861
COnPOff_F,9885,0.6741920444056158
COnPOff_F,9886,0.6941406227041756
COnPOff_F,9887,0.683602485510162
COnPOff_F,9888,0.6264021636422805
COnPOff_F,9889,0.665508270582736
COnPOff_F,9890,0.6565637372424515
COnPOff_F,9891,0.6593050691003771
COnPOff_F,9892,0.6926137244108289
COnPOff_F,9893,0.6820494376189953
COnPOff_F,9894,0.689968781526374
COnPOff_F,9895,0.7060557988995492
COnPOff_F,9896,0.6623352707738122
COnPOff_F,9897,0.6740323483447589
COnPOff_F,9898,0.6951504044712196
COnPOff_F,9899,0.6616196817633624
COnPOff_F,9900,0.6604488979545297
COnPOff_F,9901,0.6855179527062865
COnPOff_F,9902,0.7197802197615394
COnPOff_F,9903,0.6884151468857992
COnPOff_F,9904,0.6671866893426278
COnPOff_F,9905,0.6319381176070898
COnPOff_F,9906,0.7012918743770172
COnPOff_F,9907,0.6741771822961581
COnPOff_F,9908,0.6769056460232161
COnPOff_F,9909,0.7022984543075804
COnPOff_F,9910,0.7032831924829946
COnPOff_F,9911,0.6732277918974587
COnPOff_F,9912,0.7045999378550003
COnPOff_F,9913,0.6753080125492843
COnPOff_F,9914,0.7022805941511008
COnPOff_F,9915,0.6764440446169235
COnPOff_F,9916,0.6838344940438545
COnPOff_F,9917,0.6745251742456146
COnPOff_F,9918,0.6790794496926447
COnPOff_F,9919,0.665966701074138
COnPOff_F,9920,0.6620533731834355
COnPOff_F,9921,0.6509799333169979
COnPOff_F,9922,0.6685902850660562
COnPOff_F,9923,0.6703696645750999
COnPOff_F,9924,0.6543978549361467
COnPOff_F,9925,0.671202448098714
COnPOff_F,9926,0.6694834711733442
COnPOff_F,9927,0.6839473867887831
COnPOff_F,9928,0.6702595946781147
COnPOff_F,9929,0.6775018369172979
COnPOff_F,9930,0.6742403622176143
COnPOff_F,9931,0.6882810097041732
COnPOff_F,9932,0.7028752929822498
COnPOff_F,9933,0.689040509614642
COnPOff_F,9934,0.6581800982127509
COnPOff_F,9935,0.6475140466722537
COnPOff_F,9936,0.7249903589440404
COnPOff_F,9937,0.702384717019012
COnPOff_F,9938,0.6849842833766738
COnPOff_F,9939,0.7054165316903243
COnPOff_F,9940,0.6622353006085316
COnPOff_F,9941,0.7381126263500344
COnPOff_F,9942,0.683505206916204
COnPOff_F,9943,0.7067816402874169
COnPOff_F,9944,0.6801355100133059
COnPOff_F,9945,0.666958204644006
COnPOff_F,9946,0.7025256697003561
COnPOff_F,9947,0.6836615758192931
COnPOff_F,9948,0.6865984536980376
COnPOff_F,9949,0.6533540738792801
COnPOff_F,9950,0.6400591884976322
COnPOff_F,9951,0.6656133764165952
COnPOff_F,9952,0.6889658778831207
COnPOff_F,9953,0.6903290897140033
COnPOff_F,9954,0.6972716166351179
COnPOff_F,9955,0.7255475734402743
COnPOff_F,9956,0.6808218541781571
COnPOff_F,9957,0.649702459628175
COnPOff_F,9958,0.6679907524328157
COnPOff_F,9959,0.6854992409145781
COnPOff_F,9960,0.6656584638357431
COnPOff_F,9961,0.7175482844121054
COnPOff_F,9962,0.6989149738517404
COnPOff_F,9963,0.6921553209256432
COnPOff_F,9964,0.6950161048706472
COnPOff_F,9965,0.6868391694466887
COnPOff_F,9966,0.6847082908765826
COnPOff_F,9967,0.6691159811528727
COnPOff_F,9968,0.6492385059652686
COnPOff_F,9969,0.6878429925063682
COnPOff_F,9970,0.687663951083893
COnPOff_F,9971,0.6700889108700943
COnPOff_F,9972,0.6685070662299852
COnPOff_F,9973,0.7454837886981626
COnPOff_F,9974,0.708539749973023
COnPOff_F,9975,0.6704355265970523
COnPOff_F,9976,0.6646155894170076
COnPOff_F,9977,0.7070116421071585
COnPOff_F,9978,0.7281127471308302
COnPOff_F,9979,0.6755485491808725
COnPOff_F,9980,0.6898127761729205
COnPOff_F,9981,0.6774107544378354
COnPOff_F,9982,0.6982985173960174
COnPOff_F,9983,0.6746421934189971
COnPOff_F,9984,0.628873080043023
COnPOff_F,9985,0.6929501590245557
COnPOff_F,9986,0.6981801044257503
COnPOff_F,9987,0.7081657796603105
COnPOff_F,9988,0.6562404782168801
COnPOff_F,9989,0.6946353823738484
COnPOff_F,9990,0.7205588640739203
COnPOff_F,9991,0.7278360846302003
COnPOff_F,9992,0.6998930972349072
COnPOff_F,9993,0.7052977573568269
COnPOff_F,9994,0.7112070904141727
COnPOff_F,9995,0.6897796597122522
COnPOff_F,9996,0.7006455874560654
COnPOff_F,9997,0.6982015818720607
COnPOff_F,9998,0.6718259194116263
COnPOff_F,9999,0.6803321899690922
COnP_F,0,0.8558731393324357
COnP_F,1,0.8387953899616329
COnP_F,2,0.8464925749536765
COnP_F,3,0.812561052918978
COnP_F,4,0.8576763632490881
COnP_F,5,0.8469881689487572
COnP_F,6,0.8550716217039774
COnP_F,7,0.8250011105771035
COnP_F,8,0.8141368421802511
COnP_F,9,0.8628303174850541
COnP_F,10,0.8259790545532574
COnP_F,11,0.8448222649757121
COnP_F,12,0.8500417525632354
COnP_F,13,0.8170007307937084
COnP_F,14,0.8482895420401865
COnP_F,15,0.842551954522169
COnP_F,16,0.837690963119004
COnP_F,17,0.8688927370706274
COnP_F,18,0.8621952934971641
COnP_F,19,0.8643436720216394
COnP_F,20,0.8412738734895564
COnP_F,21,0.8167363487280039
COnP_F,22,0.8632679828081237
COnP_F,23,0.8204201072549363
COnP_F,24,0.8388880805106037
COnP_F,25,0.8039522220190998
COnP_F,26,0.8259458099606132
COnP_F,27,0.8368593422762188
COnP_F,28,0.856233310403374
COnP_F,29,0.8143744993425069
COnP_F,30,0.8694360049682165
COnP_F,31,0.8445065039128307
COnP_F,32,0.8288035502830606
COnP_F,33,0.8250419568173053
COnP_F,34,0.8226383820453373
COnP_F,35,0.7847961685406526
COnP_F,36,0.8349097351583327
COnP_F,37,0.8163300788299862
COnP_F,38,0.8281011663821566
COnP_F,39,0.8440270732200778
COnP_F,40,0.8662734389763822
COnP_F,41,0.8350279563594616
COnP_F,42,0.8331116338440517
COnP_F,43,0.8204040985869742
COnP_F,44,0.8354672026839475
COnP_F,45,0.8525297251326315
COnP_F,46,0.8495150619031332
COnP_F,47,0.8357892951779082
COnP_F,48,0.8181596392738848
COnP_F,49,0.8281722638130278
COnP_F,50,0.7993954827482834
COnP_F,51,0.8381003297856452
COnP_F,52,0.8172094297926961
COnP_F,53,0.8575499945582322
COnP_F,54,0.8349527225508409
COnP_F,55,0.8545855148033252
COnP_F,56,0.8429298325797538
COnP_F,57,0.8622970871356271
COnP_F,58,0.8457576948726185
COnP_F,59,0.8298994359872367
COnP_F,60,0.8511495435813297
COnP_F,61,0.8308564638991074
COnP_F,62,0.8368630789052577
COnP_F,63,0.7971259993171067
COnP_F,64,0.8227423494695921
COnP_F,65,0.8457325492908854
COnP_F,66,0.8470064104867973
COnP_F,67,0.8230386102081049
COnP_F,68,0.8388247632120609
COnP_F,69,0.8432824383285924
COnP_F,70,0.8348617910099395
COnP_F,71,0.8377709833017508
COnP_F,72,0.8157116873531937
COnP_F,73,0.8345162999338862
COnP_F,74,0.8498065298724226
COnP_F,75,0.8529276496382323
COnP_F,76,0.8394256238694361
COnP_F,77,0.8379520933365309
COnP_F,78,0.8292219021970189
COnP_F,79,0.8243523580705779
COnP_F,80,0.8354819128999654
COnP_F,81,0.8482583725132743
COnP_F,82,0.8541452357123916
COnP_F,83,0.8356589043936794
COnP_F,84,0.8351179939561435
COnP_F,85,0.8352684340918959
COnP_F,86,0.8332584439408287
COnP_F,87,0.8490475699171576
COnP_F,88,0.8674199391112919
COnP_F,89,0.8217563145688397
COnP_F,90,0.8315788924379022
COnP_F,91,0.8440455290960377
COnP_F,92,0.8531282155227051
COnP_F,93,0.8422004193570704
COnP_F,94,0.839785024203345
COnP_F,95,0.8429782963235705
COnP_F,96,0.8422838384067053
COnP_F,97,0.8462067750120308
COnP_F,98,0.8440025092951173
COnP_F,99,0.8404743763565549
COnP_F,100,0.8496833670222749
COnP_F,101,0.8419042399554154
COnP_F,102,0.8348751095201614
COnP_F,103,0.878233370032844
COnP_F,104,0.8414620515008421
COnP_F,105,0.8156815436860012
COnP_F,106,0.8411856043236381
COnP_F,107,0.8358993129495843
COnP_F,108,0.8226727508393633
COnP_F,109,0.8427983406264216
COnP_F,110,0.85969765914621
COnP_F,111,0.830354595545089
COnP_F,112,0.8351732582566506
COnP_F,113,0.8314489439438374
COnP_F,114,0.849318336223899
COnP_F,115,0.8388126439058594
COnP_F,116,0.8055019788376964
COnP_F,117,0.8300657382497711
COnP_F,118,0.819487880046243
COnP_F,119,0.8553590047451151
COnP_F,120,0.8212319706288613
COnP_F,121,0.8175229880756186
COnP_F,122,0.8496254242185741
COnP_F,123,0.8356670362832749
COnP_F,124,0.8543160823926655
COnP_F,125,0.8203230410991493
COnP_F,126,0.8534155781082995
COnP_F,127,0.8483502951867535
COnP_F,128,0.837239698893273
COnP_F,129,0.8034280192860684
COnP_F,130,0.8471032383832489
COnP_F,131,0.8409029776499244
COnP_F,132,0.8266520748729028
COnP_F,133,0.8442876502407293
COnP_F,134,0.8449296119819936
COnP_F,135,0.8240649604123566
COnP_F,136,0.848773606894994
COnP_F,137,0.8256009056999767
COnP_F,138,0.8178422173612473
COnP_F,139,0.8465713253399796
COnP_F,140,0.8104484680033367
COnP_F,141,0.8496693820715893
COnP_F,142,0.8188939829056447
COnP_F,143,0.8351185951013752
COnP_F,144,0.8408346839157699
COnP_F,145,0.8535141558235245
COnP_F,146,0.8346316337621741
COnP_F,147,0.8342941051361253
COnP_F,148,0.8599134193101684
COnP_F,149,0.850419171639621
COnP_F,150,0.8557910081792123
COnP_F,151,0.8243905337136489
COnP_F,152,0.8185321709268386
COnP_F,153,0.8166526232418146
COnP_F,154,0.8456005931512891
COnP_F,155,0.8474309424746367
COnP_F,156,0.8101480203051864
COnP_F,157,0.8287675604427858
COnP_F,158,0.832764704284039
COnP_F,159,0.8248614984993793
COnP_F,160,0.8452899837533817
COnP_F,161,0.839907485544476
COnP_F,162,0.812872263212781
COnP_F,163,0.854658331020913
COnP_F,164,0.841041945268322
COnP_F,165,0.8175235975115351
COnP_F,166,0.8290078176999351
COnP_F,167,0.8119336890451545
COnP_F,168,0.8130447361695974
COnP_F,169,0.8211982282428506
COnP_F,170,0.8550256221455992
COnP_F,171,0.8218064217644918
COnP_F,172,0.8366484510533305
COnP_F,173,0.8355567861063792
COnP_F,174,0.8351713993157869
COnP_F,175,0.8166847399688353
COnP_F,176,0.8327111653092193
COnP_F,177,0.8620616487321507
COnP_F,178,0.8026003308735
COnP_F,179,0.7981921217419526
COnP_F,180,0.8373592093551708
COnP_F,181,0.8252757435155735
COnP_F,182,0.8493534395599245
COnP_F,183,0.8099982345888062
COnP_F,184,0.8236354275811408
COnP_F,185,0.8370544730559333
COnP_F,186,0.8486947222239192
COnP_F,187,0.8423796897044522
COnP_F,188,0.8366428864092136
COnP_F,189,0.7972093677414817
COnP_F,190,0.8441561872211643
COnP_F,191,0.8042147904099938
COnP_F,192,0.8205460270293428
COnP_F,193,0.8262559859687407
COnP_F,194,0.8472217397171568
COnP_F,195,0.8252612193977891
COnP_F,196,0.8461826808161753
COnP_F,197,0.8080886043731246
COnP_F,198,0.8534399801249051
COnP_F,199,0.83354424141133
COnP_F,200,0.8554579648006888
COnP_F,201,0.8215050716793585
COnP_F,202,0.8218429665263883
COnP_F,203,0.8103328411703952
COnP_F,204,0.8348479295182389
COnP_F,205,0.8145894743563646
COnP_F,206,0.8375253288822907
COnP_F,207,0.8734308333266506
COnP_F,208,0.8407901127951429
COnP_F,209,0.8290438536658858
COnP_F,210,0.8091744455778688
COnP_F,211,0.8474209246901973
COnP_F,212,0.8580167583354185
COnP_F,213,0.8410467802602348
COnP_F,214,0.8507542050443963
COnP_F,215,0.8440254607682727
COnP_F,216,0.825906762706146
COnP_F,217,0.8360721460181398
COnP_F,218,0.8353502539899808
COnP_F,219,0.8131328349012131
COnP_F,220,0.804733287696636
COnP_F,221,0.8560107184152846
COnP_F,222,0.8251115274891282
COnP_F,223,0.8271626966883637
COnP_F,224,0.8312857255521938
COnP_F,225,0.8389675835719319
COnP_F,226,0.8482728094620676
COnP_F,227,0.8495016179780827
COnP_F,228,0.8323349829658917
COnP_F,229,0.8362744492656443
COnP_F,230,0.8188549881375393
COnP_F,231,0.8160434555281588
COnP_F,232,0.8131681656896719
COnP_F,233,0.8222449625284707
COnP_F,234,0.8401059878441554
COnP_F,235,0.8410916163208023
COnP_F,236,0.8408585623811851
COnP_F,237,0.8193176973772104
COnP_F,238,0.8501270949394535
COnP_F,239,0.8550155528088594
COnP_F,240,0.8235223766768122
COnP_F,241,0.8492901527940567
COnP_F,242,0.846823643454768
COnP_F,243,0.7953746922593478
COnP_F,244,0.8148772312677006
COnP_F,245,0.8472700224680433
COnP_F,246,0.8031832122860286
COnP_F,247,0.8257802711348227
COnP_F,248,0.8166924673648677
COnP_F,249,0.8432495006333497
COnP_F,250,0.8577286640384166
COnP_F,251,0.8390824082885823
COnP_F,252,0.835014985707362
COnP_F,253,0.8367448725128461
COnP_F,254,0.8675568238368531
COnP_F,255,0.8416503290025056
COnP_F,256,0.8078869233502811
COnP_F,257,0.8448188387883534
COnP_F,258,0.8420342906299711
COnP_F,259,0.8414938467123938
COnP_F,260,0.829545861890565
COnP_F,261,0.8448012018767056
COnP_F,262,0.8237014321413538
COnP_F,263,0.8311795220017772
COnP_F,264,0.8561391391013958
COnP_F,265,0.8335790583192977
COnP_F,266,0.8499657727308624
COnP_F,267,0.8315615737354205
COnP_F,268,0.8499540048596338
COnP_F,269,0.8345422798074829
COnP_F,270,0.8404258987621978
COnP_F,271,0.8270976795006374
COnP_F,272,0.8378752760408104
COnP_F,273,0.8205473015737431
COnP_F,274,0.8475182534253529
COnP_F,275,0.8588042612848705
COnP_F,276,0.8147462627199592
COnP_F,277,0.8197110931999648
COnP_F,278,0.8440875796502062
COnP_F,279,0.8300105686947078
COnP_F,280,0.8674593691382483
COnP_F,281,0.817632883579371
COnP_F,282,0.842401625180236
COnP_F,283,0.827659641603605
COnP_F,284,0.8343294439219573
COnP_F,285,0.8616204583679888
COnP_F,286,0.8129993600823769
COnP_F,287,0.810274052770711
COnP_F,288,0.8505499463321002
COnP_F,289,0.8244477287456929
COnP_F,290,0.8000694600014855
COnP_F,291,0.8334958482240488
COnP_F,292,0.8116271138641563
COnP_F,293,0.8722371765343728
COnP_F,294,0.8423446819938993
COnP_F,295,0.8383613601044834
COnP_F,296,0.8576219194199205
COnP_F,297,0.867849326236559
COnP_F,298,0.8535983156337058
COnP_F,299,0.8081404240541742
COnP_F,300,0.8618596027391103
COnP_F,301,0.8501370957224234
COnP_F,302,0.8283227618124429
COnP_F,303,0.8528199017450108
COnP_F,304,0.8361915772677204
COnP_F,305,0.8473948880782135
COnP_F,306,0.8232893599436738
COnP_F,307,0.8549376244804984
COnP_F,308,0.8001570180661733
COnP_F,309,0.8452651852556442
COnP_F,310,0.8321874982179207
COnP_F,311,0.8214096945798142
COnP_F,312,0.8541204616956323
COnP_F,313,0.8367329979362995
COnP_F,314,0.851491023095153
COnP_F,315,0.8329603013244853
COnP_F,316,0.8696518967025316
COnP_F,317,0.8187559227186444
COnP_F,318,0.8107759285525978
COnP_F,319,0.8342952911932429
COnP_F,320,0.8148508450127842
COnP_F,321,0.8514500506828705
COnP_F,322,0.8338039089710655
COnP_F,323,0.8325106209249573
COnP_F,324,0.8268817128725238
COnP_F,325,0.8557732185425649
COnP_F,326,0.8391980956302145
COnP_F,327,0.8769894996200602
COnP_F,328,0.8406857331009633
COnP_F,329,0.8576860692421351
COnP_F,330,0.8349554142088244
COnP_F,331,0.8356122170235228
COnP_F,332,0.8261996265169752
COnP_F,333,0.823918603872685
COnP_F,334,0.8581542936282032
COnP_F,335,0.8125252673481569
COnP_F,336,0.8493307136720255
COnP_F,337,0.8320279872871246
COnP_F,338,0.8255685227967087
COnP_F,339,0.8101052818370678
COnP_F,340,0.8368514278329207
COnP_F,341,0.8631638160747982
COnP_F,342,0.8289742249451572
COnP_F,343,0.8441114106050023
COnP_F,344,0.8405773292845861
COnP_F,345,0.8409853496062892
COnP_F,346,0.8089626264649092
COnP_F,347,0.831336461255143
COnP_F,348,0.8481992967580426
COnP_F,349,0.8462231685145376
COnP_F,350,0.8479149531253821
COnP_F,351,0.8146055390262634
COnP_F,352,0.8169577969087133
COnP_F,353,0.8424982921543378
COnP_F,354,0.8217635892690182
COnP_F,355,0.8205113318950031
COnP_F,356,0.8169884428137106
COnP_F,357,0.8121178970613897
COnP_F,358,0.833398173647661
COnP_F,359,0.8377227269065978
COnP_F,360,0.8568400296822795
COnP_F,361,0.8293419822871412
COnP_F,362,0.8296711676594789
COnP_F,363,0.8174985365805744
COnP_F,364,0.8280663096779491
COnP_F,365,0.8517187591833056
COnP_F,366,0.8483951346022521
COnP_F,367,0.8257347409559083
COnP_F,368,0.8570710337351507
COnP_F,369,0.8414942146249192
COnP_F,370,0.8345906108143062
COnP_F,371,0.8320529997985432
COnP_F,372,0.831676539518252
COnP_F,373,0.8252599458033153
COnP_F,374,0.8592888273053729
COnP_F,375,0.8222069940154891
COnP_F,376,0.8272006801471373
COnP_F,377,0.8123482400038081
COnP_F,378,0.8350193872071292
COnP_F,379,0.8196161419819937
COnP_F,380,0.839939466729255
COnP_F,381,0.8178992363245651
COnP_F,382,0.8399856620787846
COnP_F,383,0.8237367960152571
COnP_F,384,0.834751842859158
COnP_F,385,0.8452919011621979
COnP_F,386,0.8579854963420497
COnP_F,387,0.8213421309858838
COnP_F,388,0.832400275575968
COnP_F,389,0.8410419540481254
COnP_F,390,0.8344612218280505
COnP_F,391,0.8100400323004711
COnP_F,392,0.8332095105789354
COnP_F,393,0.8672741977956547
COnP_F,394,0.8432286730181865
COnP_F,395,0.8041084671826326
COnP_F,396,0.8373427274412616
COnP_F,397,0.8436337021887986
COnP_F,398,0.8214085012454059
COnP_F,399,0.8265504568233372
COnP_F,400,0.8250774168354051
COnP_F,401,0.8694187096231785
COnP_F,402,0.8345134940627625
COnP_F,403,0.8279846936521446
COnP_F,404,0.8369337102980846
COnP_F,405,0.8372273858705428
COnP_F,406,0.8043307617284179
COnP_F,407,0.8388830160471599
COnP_F,408,0.8309250814971669
COnP_F,409,0.8315547566286878
COnP_F,410,0.8403344355772573
COnP_F,411,0.8251045203139226
COnP_F,412,0.8376653169000349
COnP_F,413,0.828794831258551
COnP_F,414,0.8217660144802968
COnP_F,415,0.8290876187658862
COnP_F,416,0.8610310688728937
COnP_F,417,0.8321644827206759
COnP_F,418,0.8319731224918259
COnP_F,419,0.8406729620724414
COnP_F,420,0.8299425645907572
COnP_F,421,0.8511807937552307
COnP_F,422,0.8518224843576407
COnP_F,423,0.8239165700171919
COnP_F,424,0.8289985197054924
COnP_F,425,0.834699340034996
COnP_F,426,0.8166111399246022
COnP_F,427,0.84648793539272
COnP_F,428,0.840715502835334
COnP_F,429,0.8141230868813616
COnP_F,430,0.8441093214754833
COnP_F,431,0.8297757339835539
COnP_F,432,0.8398856556270996
COnP_F,433,0.8384890263399317
COnP_F,434,0.8412394121490718
COnP_F,435,0.8428350295591013
COnP_F,436,0.8207106610475674
COnP_F,437,0.8628610396123273
COnP_F,438,0.8396275594542498
COnP_F,439,0.8503049146056009
COnP_F,440,0.8093667631001887
COnP_F,441,0.8392072084184443
COnP_F,442,0.8356599608410212
COnP_F,443,0.8240641973378718
COnP_F,444,0.8476105390009671
COnP_F,445,0.8208865011902774
COnP_F,446,0.8107945911284007
COnP_F,447,0.8315177967003765
COnP_F,448,0.8393875431953554
COnP_F,449,0.8463891891224453
COnP_F,450,0.8378751944822093
COnP_F,451,0.8179439958711686
COnP_F,452,0.8396730745088834
COnP_F,453,0.8192466225958495
COnP_F,454,0.8656688673414367
COnP_F,455,0.8004390425940917
COnP_F,456,0.8436017291557218
COnP_F,457,0.8128112656051157
COnP_F,458,0.8438097877463254
COnP_F,459,0.7921212423276254
COnP_F,460,0.8670451217634585
COnP_F,461,0.8279266790564597
COnP_F,462,0.8352759056165867
COnP_F,463,0.8271197725691612
COnP_F,464,0.8117813437283827
COnP_F,465,0.8355067759031222
COnP_F,466,0.8333287049656853
COnP_F,467,0.85448554746407
COnP_F,468,0.8245856446843353
COnP_F,469,0.8320195197903126
COnP_F,470,0.8301366556623194
COnP_F,471,0.8505948895403378
COnP_F,472,0.8410022651743612
COnP_F,473,0.840507056400849
COnP_F,474,0.8388739036673535
COnP_F,475,0.8332933071717046
COnP_F,476,0.8509464511376584
COnP_F,477,0.8309044820448576
COnP_F,478,0.8069187983018926
COnP_F,479,0.8335716218590301
COnP_F,480,0.8478935674661516
COnP_F,481,0.8527495408640323
COnP_F,482,0.8045271808469666
COnP_F,483,0.8673848430287819
COnP_F,484,0.8355522876345933
COnP_F,485,0.8561108218384978
COnP_F,486,0.8343680714738368
COnP_F,487,0.8186960149165663
COnP_F,488,0.8297406393905097
COnP_F,489,0.8379968202271745
COnP_F,490,0.836952068734035
COnP_F,491,0.8440305458852385
COnP_F,492,0.8735302591048255
COnP_F,493,0.8579174810128867
COnP_F,494,0.8340413588544006
COnP_F,495,0.8527330715580083
COnP_F,496,0.8423754669884059
COnP_F,497,0.8099172614860713
COnP_F,498,0.8376045742739632
COnP_F,499,0.826424681305773
COnP_F,500,0.8233013473508363
COnP_F,501,0.8464556541858739
COnP_F,502,0.8356897800876232
COnP_F,503,0.8021138145878921
COnP_F,504,0.8236909826824299
COnP_F,505,0.859244879178947
COnP_F,506,0.8260762140809161
COnP_F,507,0.8619551840758707
COnP_F,508,0.8444298854411246
COnP_F,509,0.8368367993931737
COnP_F,510,0.8670252880130389
COnP_F,511,0.8316515945937654
COnP_F,512,0.851709294500597
COnP_F,513,0.8383109466044295
COnP_F,514,0.8389035057248102
COnP_F,515,0.8302295906029583
COnP_F,516,0.8540936002670346
COnP_F,517,0.8176305960759883
COnP_F,518,0.8156337279455954
COnP_F,519,0.8390241578819461
COnP_F,520,0.814516440972345
COnP_F,521,0.8385876745952775
COnP_F,522,0.8350075567065388
COnP_F,523,0.8520745534835122
COnP_F,524,0.8464680388671056
COnP_F,525,0.8125752108791048
COnP_F,526,0.8379556311505577
COnP_F,527,0.8243176296222071
COnP_F,528,0.8104511031220802
COnP_F,529,0.8134299788351396
COnP_F,530,0.828066922244194
COnP_F,531,0.8189231907973351
COnP_F,532,0.8632859631700206
COnP_F,533,0.8242789231235688
COnP_F,534,0.8236646970954351
COnP_F,535,0.8302929439644684
COnP_F,536,0.8337560592813636
COnP_F,537,0.8600778225436394
COnP_F,538,0.8732384657835092
COnP_F,539,0.8364571242473453
COnP_F,540,0.8186437611750816
COnP_F,541,0.8735438817386653
COnP_F,542,0.83019861888531
COnP_F,543,0.8368916285669316
COnP_F,544,0.8709171350717566
COnP_F,545,0.8467321879347879
COnP_F,546,0.8124028833653424
COnP_F,547,0.826808118107642
COnP_F,548,0.8408694470206882
COnP_F,549,0.8458619096370853
COnP_F,550,0.8616199723038781
COnP_F,551,0.8459518836945704
COnP_F,552,0.8402756156259407
COnP_F,553,0.8192479457914074
COnP_F,554,0.8316836591253145
COnP_F,555,0.826816294812778
COnP_F,556,0.8806510703231271
COnP_F,557,0.8101369680618262
COnP_F,558,0.8548115321526337
COnP_F,559,0.8393679184581865
COnP_F,560,0.8736951002941284
COnP_F,561,0.8568975434212476
COnP_F,562,0.8631377633164267
COnP_F,563,0.8530381129328328
COnP_F,564,0.8583089917091001
COnP_F,565,0.8345039766571336
COnP_F,566,0.817965107240408
COnP_F,567,0.8286192502721275
COnP_F,568,0.8381774272962951
COnP_F,569,0.8447357598062173
COnP_F,570,0.8304041612144516
COnP_F,571,0.8418851886957002
COnP_F,572,0.8478164088121461
COnP_F,573,0.8216350563696008
COnP_F,574,0.8302426842508122
COnP_F,575,0.8391421583243542
COnP_F,576,0.8406189245930041
COnP_F,577,0.8169750485978506
COnP_F,578,0.8422926736253417
COnP_F,579,0.8209111739385053
COnP_F,580,0.8165628281588816
COnP_F,581,0.8317041852190542
COnP_F,582,0.8418319251699957
COnP_F,583,0.837811861962167
COnP_F,584,0.8403036642995296
COnP_F,585,0.8280388271951321
COnP_F,586,0.8455558284047813
COnP_F,587,0.8542195176299224
COnP_F,588,0.8292277825137909
COnP_F,589,0.8495423373736342
COnP_F,590,0.8498597635088954
COnP_F,591,0.8748261625365389
COnP_F,592,0.8121901490217057
COnP_F,593,0.8461198375180806
COnP_F,594,0.836431722798389
COnP_F,595,0.8158857989661595
COnP_F,596,0.8193694760938107
COnP_F,597,0.8228732587911438
COnP_F,598,0.8429160668736393
COnP_F,599,0.8042099939344854
COnP_F,600,0.8315073551828099
COnP_F,601,0.8289574125017797
COnP_F,602,0.8049535992171546
COnP_F,603,0.8378578911415717
COnP_F,604,0.8290826178877984
COnP_F,605,0.8632802559499634
COnP_F,606,0.834009192018444
COnP_F,607,0.8233997963495945
COnP_F,608,0.8196080920113521
COnP_F,609,0.8315561241482116
COnP_F,610,0.8550250031060664
COnP_F,611,0.8129581143917509
COnP_F,612,0.8217639771956098
COnP_F,613,0.8225933178894489
COnP_F,614,0.8290497514438558
COnP_F,615,0.8315482317558902
COnP_F,616,0.8348142812740128
COnP_F,617,0.8343097290561695
COnP_F,618,0.8253963813645658
COnP_F,619,0.8439836307200594
COnP_F,620,0.828666782100273
COnP_F,621,0.8328806510496752
COnP_F,622,0.8390675797008509
COnP_F,623,0.8228488062739706
COnP_F,624,0.82159381931857
COnP_F,625,0.8430670460624173
COnP_F,626,0.8315269829170697
COnP_F,627,0.8150398095545146
COnP_F,628,0.8135483102309016
COnP_F,629,0.8281137097907253
COnP_F,630,0.8130129415775662
COnP_F,631,0.8254083781490523
COnP_F,632,0.8431880632026255
COnP_F,633,0.8252482740689725
COnP_F,634,0.8480249028197505
COnP_F,635,0.8396246119002564
COnP_F,636,0.8434748820389284
COnP_F,637,0.8300229806115461
COnP_F,638,0.8389314003871854
COnP_F,639,0.8038711284322432
COnP_F,640,0.8231472452707672
COnP_F,641,0.8119564798067044
COnP_F,642,0.8328999537336402
COnP_F,643,0.8458168435642885
COnP_F,644,0.8169118159280789
COnP_F,645,0.8487227756315191
COnP_F,646,0.8237092683432367
COnP_F,647,0.8369465235222742
COnP_F,648,0.8416653910382562
COnP_F,649,0.8377882386121843
COnP_F,650,0.8504130510842348
COnP_F,651,0.831882316741688
COnP_F,652,0.8137340188697795
COnP_F,653,0.8216838435118712
COnP_F,654,0.8425849529253295
COnP_F,655,0.840490278817876
COnP_F,656,0.8260583551041495
COnP_F,657,0.8306180278885272
COnP_F,658,0.8436863367368623
COnP_F,659,0.8403902972392484
COnP_F,660,0.8528591642885018
COnP_F,661,0.8339727177141603
COnP_F,662,0.8541245847185536
COnP_F,663,0.8558328620213587
COnP_F,664,0.8414974788708212
COnP_F,665,0.8401151909699905
COnP_F,666,0.8549225948748839
COnP_F,667,0.8435616582517159
COnP_F,668,0.8219571122644664
COnP_F,669,0.8452909907895462
COnP_F,670,0.8811978506327455
COnP_F,671,0.8519371927330569
COnP_F,672,0.8422339823545847
COnP_F,673,0.8281374642076225
COnP_F,674,0.8316553677550281
COnP_F,675,0.838420293947328
COnP_F,676,0.8387202862711005
COnP_F,677,0.8148662153879205
COnP_F,678,0.8333905762917126
COnP_F,679,0.8511853824750646
COnP_F,680,0.8275395294201632
COnP_F,681,0.869396274284243
COnP_F,682,0.8230463617614903
COnP_F,683,0.8124325238788774
COnP_F,684,0.8484031704794902
COnP_F,685,0.8260886007277399
COnP_F,686,0.8362932461553026
COnP_F,687,0.8168817171523438
COnP_F,688,0.8293485769581037
COnP_F,689,0.8670002720416705
COnP_F,690,0.806045691326553
COnP_F,691,0.8451251252238425
COnP_F,692,0.836895578644134
COnP_F,693,0.8438037518264295
COnP_F,694,0.8571497074723863
COnP_F,695,0.8206166899566616
COnP_F,696,0.8246513024686003
COnP_F,697,0.8632058956895936
COnP_F,698,0.868971116268193
COnP_F,699,0.8467151243107625
COnP_F,700,0.8495773559797538
COnP_F,701,0.8246958156652661
COnP_F,702,0.8488452216415426
COnP_F,703,0.8247457763142642
COnP_F,704,0.849235448832674
COnP_F,705,0.8321252481062661
COnP_F,706,0.8289227720236308
COnP_F,707,0.842014568792713
COnP_F,708,0.823153324774744
COnP_F,709,0.8196529788565722
COnP_F,710,0.831236078832465
COnP_F,711,0.8058919375662257
COnP_F,712,0.8224930035958268
COnP_F,713,0.8219598938507523
COnP_F,714,0.8377572214668706
COnP_F,715,0.843157090554167
COnP_F,716,0.8547179805339239
COnP_F,717,0.8245230096485742
COnP_F,718,0.8498001480458758
COnP_F,719,0.8288387379377855
COnP_F,720,0.8293219881104076
COnP_F,721,0.8460932473023227
COnP_F,722,0.8450418870164643
COnP_F,723,0.8379488102792249
COnP_F,724,0.8398271575277371
COnP_F,725,0.8202578982635867
COnP_F,726,0.8092635752665052
COnP_F,727,0.847583725327971
COnP_F,728,0.8182308928184674
COnP_F,729,0.8295197225896321
COnP_F,730,0.853325447126533
COnP_F,731,0.8399313424395661
COnP_F,732,0.8150913230695768
COnP_F,733,0.8352941322747685
COnP_F,734,0.8453052001866302
COnP_F,735,0.8417033005593101
COnP_F,736,0.8394179689559772
COnP_F,737,0.8362041968623707
COnP_F,738,0.8266320442636861
COnP_F,739,0.8439854622453987
COnP_F,740,0.825343669548052
COnP_F,741,0.858440239400435
COnP_F,742,0.815777404230089
COnP_F,743,0.828656448141178
COnP_F,744,0.8226709841362512
COnP_F,745,0.8227536307957214
COnP_F,746,0.8483351244884847
COnP_F,747,0.8352652957082755
COnP_F,748,0.8325596273966155
COnP_F,749,0.8628962160260155
COnP_F,750,0.8258461911862707
COnP_F,751,0.8467033165154625
COnP_F,752,0.8252197697999947
COnP_F,753,0.85596270463475
COnP_F,754,0.810895708368647
COnP_F,755,0.8392071132871702
COnP_F,756,0.8113722103904394
COnP_F,757,0.8421893828738899
COnP_F,758,0.8460822454126266
COnP_F,759,0.814095865114995
COnP_F,760,0.8442479905877668
COnP_F,761,0.8429676402989735
COnP_F,762,0.838736707567444
COnP_F,763,0.8551932410516692
COnP_F,764,0.8575950210225509
COnP_F,765,0.8497078665945405
COnP_F,766,0.8351808368593773
COnP_F,767,0.8496683992330436
COnP_F,768,0.8325332103831302
COnP_F,769,0.8358668746612816
COnP_F,770,0.8427847723149077
COnP_F,771,0.8651097877383699
COnP_F,772,0.8290276271596725
COnP_F,773,0.8342552573544554
COnP_F,774,0.830244835489547
COnP_F,775,0.8280904291035571
COnP_F,776,0.8318937189939822
COnP_F,777,0.8327567521362124
COnP_F,778,0.8370621495329744
COnP_F,779,0.8271333342543874
COnP_F,780,0.8298654951185425
COnP_F,781,0.8252403821616815
COnP_F,782,0.8648019915889822
COnP_F,783,0.8427831315255391
COnP_F,784,0.8395788178288848
COnP_F,785,0.8020051980450041
COnP_F,786,0.8505163113070625
COnP_F,787,0.8491070521957047
COnP_F,788,0.8490645895705377
COnP_F,789,0.8345127632164042
COnP_F,790,0.841938673065127
COnP_F,791,0.8546227000419397
COnP_F,792,0.8210934891339751
COnP_F,793,0.8395486415948262
COnP_F,794,0.8548937522984044
COnP_F,795,0.8276561516441387
COnP_F,796,0.8186280249725982
COnP_F,797,0.8252123800807541
COnP_F,798,0.853361616454308
COnP_F,799,0.8410592123896482
COnP_F,800,0.8618186545270394
COnP_F,801,0.8244109926584616
COnP_F,802,0.8371326936920872
COnP_F,803,0.8232126036659821
COnP_F,804,0.8403395400608438
COnP_F,805,0.8628286381663578
COnP_F,806,0.8067309383346297
COnP_F,807,0.8145360329385475
COnP_F,808,0.8535669160871819
COnP_F,809,0.8500363685333694
COnP_F,810,0.8592366486837516
COnP_F,811,0.8459322175890402
COnP_F,812,0.8301050711570067
COnP_F,813,0.8315201572241759
COnP_F,814,0.8291945689629797
COnP_F,815,0.8463047674170776
COnP_F,816,0.8296876976132918
COnP_F,817,0.8163932384000314
COnP_F,818,0.8386690342460367
COnP_F,819,0.8762863065145904
COnP_F,820,0.8341446590059092
COnP_F,821,0.827817302172417
COnP_F,822,0.838840692687101
COnP_F,823,0.8468924971780735
COnP_F,824,0.8369571928251364
COnP_F,825,0.8483394257703459
COnP_F,826,0.8449522605581654
COnP_F,827,0.8271565698994618
COnP_F,828,0.8505835075794019
COnP_F,829,0.8441936332074763
COnP_F,830,0.8591481111047777
COnP_F,831,0.8399878361509102
COnP_F,832,0.8636188638218547
COnP_F,833,0.8256985157512481
COnP_F,834,0.8353170103012144
COnP_F,835,0.8376593209923164
COnP_F,836,0.8359850594210908
COnP_F,837,0.850474500330623
COnP_F,838,0.8312138935401713
COnP_F,839,0.8378931271079658
COnP_F,840,0.8309726897198424
COnP_F,841,0.7922909420564493
COnP_F,842,0.8728764782855037
COnP_F,843,0.8137881901982089
COnP_F,844,0.8093806849089791
COnP_F,845,0.8289747226599868
COnP_F,846,0.8421768799791106
COnP_F,847,0.8334072833114565
COnP_F,848,0.8490580268117354
COnP_F,849,0.8513323057930503
COnP_F,850,0.8288839369195165
COnP_F,851,0.8399933970804053
COnP_F,852,0.8155996028661207
COnP_F,853,0.8216430173128363
COnP_F,854,0.8637346769979114
COnP_F,855,0.8433925876749383
COnP_F,856,0.8485360094162168
COnP_F,857,0.8326394022754189
COnP_F,858,0.8158314903804378
COnP_F,859,0.8155196923892657
COnP_F,860,0.8324179857780281
COnP_F,861,0.8240345149596632
COnP_F,862,0.8115469757334555
COnP_F,863,0.8340982153433395
COnP_F,864,0.8264266047841057
COnP_F,865,0.8631013042451116
COnP_F,866,0.8478541784764385
COnP_F,867,0.8484719554754218
COnP_F,868,0.8283603353871509
COnP_F,869,0.8656912354210519
COnP_F,870,0.8331467100478559
COnP_F,871,0.8321143530968808
COnP_F,872,0.8329034047605655
COnP_F,873,0.8336347912007892
COnP_F,874,0.858808706390582
COnP_F,875,0.8726633592401564
COnP_F,876,0.8416757719527483
COnP_F,877,0.8472999100947586
COnP_F,878,0.8623504307061146
COnP_F,879,0.8675943896214072
COnP_F,880,0.7954581272871145
COnP_F,881,0.8568494662557822
COnP_F,882,0.8166727003447922
COnP_F,883,0.8376247884323169
COnP_F,884,0.8519017248921802
COnP_F,885,0.8235870287433812
COnP_F,886,0.8153544414220237
COnP_F,887,0.8432480232081416
COnP_F,888,0.8270716608366075
COnP_F,889,0.8227200325987089
COnP_F,890,0.853096054043008
COnP_F,891,0.8226072908892866
COnP_F,892,0.814406538529127
COnP_F,893,0.846645839581745
COnP_F,894,0.8530272413750516
COnP_F,895,0.8409266668931084
COnP_F,896,0.8275529327278295
COnP_F,897,0.8398094908338101
COnP_F,898,0.8496985732530764
COnP_F,899,0.8216738136863805
COnP_F,900,0.8533839626809815
COnP_F,901,0.8198612708783938
COnP_F,902,0.833037009048028
COnP_F,903,0.7843701177986283
COnP_F,904,0.8651682465902638
COnP_F,905,0.8338110365944481
COnP_F,906,0.8393367063471845
COnP_F,907,0.8645931507055092
COnP_F,908,0.8543551359085746
COnP_F,909,0.8560219516744013
COnP_F,910,0.7825489726786596
COnP_F,911,0.846554097262802
COnP_F,912,0.8502887187172606
COnP_F,913,0.8541903592034854
COnP_F,914,0.8531621186854627
COnP_F,915,0.8482160180994454
COnP_F,916,0.8190239872788839
COnP_F,917,0.7989748335757303
COnP_F,918,0.8427905149893385
COnP_F,919,0.8664818912852817
COnP_F,920,0.8667855880831711
COnP_F,921,0.8479132736340959
COnP_F,922,0.8370025957044301
COnP_F,923,0.8465467542678602
COnP_F,924,0.8296018283988924
COnP_F,925,0.8281134544248241
COnP_F,926,0.8419385586696195
COnP_F,927,0.8179172578259832
COnP_F,928,0.8316239461207635
COnP_F,929,0.837824751725006
COnP_F,930,0.8494460894538873
COnP_F,931,0.837042172992449
COnP_F,932,0.8543373867912436
COnP_F,933,0.8443197871327323
COnP_F,934,0.8274597223561883
COnP_F,935,0.8284594732398795
COnP_F,936,0.8189875412138362
COnP_F,937,0.8252769541351218
COnP_F,938,0.8288256704258018
COnP_F,939,0.8415395454883532
COnP_F,940,0.8207808501594605
COnP_F,941,0.8540484353082419
COnP_F,942,0.8316887749982101
COnP_F,943,0.8194184508965298
COnP_F,944,0.8582676048835228
COnP_F,945,0.8480521826557962
COnP_F,946,0.8241934804346823
COnP_F,947,0.8373969558122155
COnP_F,948,0.8376895001416432
COnP_F,949,0.8424913877923761
COnP_F,950,0.8723334916859401
COnP_F,951,0.8411545875467471
COnP_F,952,0.8550497401203391
COnP_F,953,0.8188423650762731
COnP_F,954,0.8474163698323692
COnP_F,955,0.810502061346793
COnP_F,956,0.8651049776033803
COnP_F,957,0.8061908539060219
COnP_F,958,0.8344904920896663
COnP_F,959,0.8414471571995766
COnP_F,960,0.8523167408830076
COnP_F,961,0.8601866452648018
COnP_F,962,0.831379290861786
COnP_F,963,0.8717257582030028
COnP_F,964,0.8233035806170917
COnP_F,965,0.849502257228006
COnP_F,966,0.7955272380311557
COnP_F,967,0.8426747922907775
COnP_F,968,0.8219019781264298
COnP_F,969,0.8366534555189572
COnP_F,970,0.8365488944375367
COnP_F,971,0.831519377517932
COnP_F,972,0.84163318684861
COnP_F,973,0.8229024216619175
COnP_F,974,0.8537769507938282
COnP_F,975,0.8502301706042201
COnP_F,976,0.8158654944144605
COnP_F,977,0.8477322622581946
COnP_F,978,0.8369434032120681
COnP_F,979,0.8240036089267483
COnP_F,980,0.8369060014330948
COnP_F,981,0.858500400494042
COnP_F,982,0.7999117126527819
COnP_F,983,0.8644258495648851
COnP_F,984,0.8568896695571531
COnP_F,985,0.8534215199078573
COnP_F,986,0.8709667830065474
COnP_F,987,0.8296144769935567
COnP_F,988,0.8555241253648602
COnP_F,989,0.8419490307559232
COnP_F,990,0.8354439370537138
COnP_F,991,0.8307734874425738
COnP_F,992,0.8256683255266308
COnP_F,993,0.8272356697172194
COnP_F,994,0.8617408380090049
COnP_F,995,0.8332927585980466
COnP_F,996,0.8193565653498787
COnP_F,997,0.8270120557550198
COnP_F,998,0.8163171679277935
COnP_F,999,0.8313656386826609
COnP_F,1000,0.8552131879756212
COnP_F,1001,0.8406055588170578
COnP_F,1002,0.8393745492891856
COnP_F,1003,0.8493504707511998
COnP_F,1004,0.8371693467808589
COnP_F,1005,0.8134609027149783
COnP_F,1006,0.8306420049687336
COnP_F,1007,0.8456102526085871
COnP_F,1008,0.8195020419934277
COnP_F,1009,0.846112823413946
COnP_F,1010,0.8677377480447719
COnP_F,1011,0.8312858020426944
COnP_F,1012,0.8347339253486874
COnP_F,1013,0.8335904136708866
COnP_F,1014,0.8348465623320641
COnP_F,1015,0.8409117879283855
COnP_F,1016,0.8376953328967129
COnP_F,1017,0.8374888884012613
COnP_F,1018,0.8551861547722773
COnP_F,1019,0.8170270640201476
COnP_F,1020,0.8482923706297288
COnP_F,1021,0.8424759468978247
COnP_F,1022,0.8535248167285174
COnP_F,1023,0.8601018866763911
COnP_F,1024,0.8296104616749752
COnP_F,1025,0.8607579950870671
COnP_F,1026,0.8326726849032898
COnP_F,1027,0.8250106566024489
COnP_F,1028,0.8119039161155962
COnP_F,1029,0.8411582388141169
COnP_F,1030,0.8497974494631844
COnP_F,1031,0.8507053373724051
COnP_F,1032,0.8619742883792132
COnP_F,1033,0.8307995751059319
COnP_F,1034,0.8401740318277263
COnP_F,1035,0.8841878175697995
COnP_F,1036,0.8172637208277564
COnP_F,1037,0.8224283688448228
COnP_F,1038,0.8397040980219475
COnP_F,1039,0.8350809244671015
COnP_F,1040,0.8320041825412385
COnP_F,1041,0.8506252961272306
COnP_F,1042,0.8328125649160008
COnP_F,1043,0.8221050555028198
COnP_F,1044,0.8216591671330522
COnP_F,1045,0.8216946702944293
COnP_F,1046,0.853770955891867
COnP_F,1047,0.8409774368748189
COnP_F,1048,0.8238559713781742
COnP_F,1049,0.8213885136137844
COnP_F,1050,0.790582078068453
COnP_F,1051,0.8368022783051312
COnP_F,1052,0.8347968629935663
COnP_F,1053,0.8465785954485036
COnP_F,1054,0.8252757137926353
COnP_F,1055,0.8334252035317193
COnP_F,1056,0.850105746589912
COnP_F,1057,0.8274408655686697
COnP_F,1058,0.8314784309911281
COnP_F,1059,0.8347852019992018
COnP_F,1060,0.8292300438505711
COnP_F,1061,0.840870045697765
COnP_F,1062,0.8624154418260195
COnP_F,1063,0.8492338837853537
COnP_F,1064,0.8384521761342861
COnP_F,1065,0.8179994341722508
COnP_F,1066,0.8352680743374569
COnP_F,1067,0.8583203656964246
COnP_F,1068,0.8241550472780605
COnP_F,1069,0.8538433161100883
COnP_F,1070,0.8269289682492228
COnP_F,1071,0.8366481684248445
COnP_F,1072,0.8445026052872587
COnP_F,1073,0.839093642917898
COnP_F,1074,0.8306734497117927
COnP_F,1075,0.8477495968726144
COnP_F,1076,0.8415833713165125
COnP_F,1077,0.8543801669219515
COnP_F,1078,0.8469639315891655
COnP_F,1079,0.8401939312923825
COnP_F,1080,0.8288647244370028
COnP_F,1081,0.8409360861222244
COnP_F,1082,0.8480258842206144
COnP_F,1083,0.8128140702502176
COnP_F,1084,0.8325565952688082
COnP_F,1085,0.8335028176391415
COnP_F,1086,0.8853500513875046
COnP_F,1087,0.8002478823348412
COnP_F,1088,0.8413654574460327
COnP_F,1089,0.8359792960684636
COnP_F,1090,0.8328773931839668
COnP_F,1091,0.8352788820926493
COnP_F,1092,0.8352943950578865
COnP_F,1093,0.8166823329128229
COnP_F,1094,0.8192123825762968
COnP_F,1095,0.8235883645200507
COnP_F,1096,0.8183392419079251
COnP_F,1097,0.8364553197453602
COnP_F,1098,0.8267151089954652
COnP_F,1099,0.781721183615656
COnP_F,1100,0.800918213367847
COnP_F,1101,0.8034106858374245
COnP_F,1102,0.8257545312364443
COnP_F,1103,0.8560492994259367
COnP_F,1104,0.8444490067163596
COnP_F,1105,0.8295136097775053
COnP_F,1106,0.837701833980534
COnP_F,1107,0.8668204458070751
COnP_F,1108,0.867696157317691
COnP_F,1109,0.842424900051222
COnP_F,1110,0.8339976951627416
COnP_F,1111,0.7975336143823419
COnP_F,1112,0.8408135754719093
COnP_F,1113,0.8063253952256847
COnP_F,1114,0.8201031312428226
COnP_F,1115,0.8233575017724387
COnP_F,1116,0.8513124897106054
COnP_F,1117,0.8282960896708177
COnP_F,1118,0.8540050430867442
COnP_F,1119,0.8336360906348916
COnP_F,1120,0.8268287040294255
COnP_F,1121,0.8436547510737071
COnP_F,1122,0.8414312095893832
COnP_F,1123,0.8358803048091596
COnP_F,1124,0.8238505537148522
COnP_F,1125,0.8326348118028664
COnP_F,1126,0.8369970242661624
COnP_F,1127,0.8441172773615321
COnP_F,1128,0.8548305993604435
COnP_F,1129,0.8303565362974715
COnP_F,1130,0.8727719148945947
COnP_F,1131,0.8313236759925553
COnP_F,1132,0.8482503701660139
COnP_F,1133,0.8461819074592639
COnP_F,1134,0.8546128304659611
COnP_F,1135,0.8386484183599093
COnP_F,1136,0.851692147137182
COnP_F,1137,0.8519588686812177
COnP_F,1138,0.8686456067712499
COnP_F,1139,0.8242578275619169
COnP_F,1140,0.855618374187766
COnP_F,1141,0.840108920885312
COnP_F,1142,0.8449793594894799
COnP_F,1143,0.8250357508014919
COnP_F,1144,0.8445871724117837
COnP_F,1145,0.8574537813699394
COnP_F,1146,0.8389672546923036
COnP_F,1147,0.8138249846355624
COnP_F,1148,0.8593955523126153
COnP_F,1149,0.8238268385398023
COnP_F,1150,0.8669007810030461
COnP_F,1151,0.8560334624651588
COnP_F,1152,0.8404961101848196
COnP_F,1153,0.8455976879452864
COnP_F,1154,0.851295239618696
COnP_F,1155,0.8282035315802179
COnP_F,1156,0.8488012096616524
COnP_F,1157,0.8498974829066276
COnP_F,1158,0.8081571707054297
COnP_F,1159,0.8364172937277113
COnP_F,1160,0.8441484952824299
COnP_F,1161,0.8224286995830548
COnP_F,1162,0.8402031432073824
COnP_F,1163,0.8570394678019826
COnP_F,1164,0.8674192635968496
COnP_F,1165,0.8340061281167569
COnP_F,1166,0.8260623601051692
COnP_F,1167,0.8358193206014365
COnP_F,1168,0.857007522165132
COnP_F,1169,0.8334150208494294
COnP_F,1170,0.820592384546431
COnP_F,1171,0.8210307727162103
COnP_F,1172,0.8073802315155125
COnP_F,1173,0.8495166326709592
COnP_F,1174,0.831200399964024
COnP_F,1175,0.8186939010754858
COnP_F,1176,0.8610023182218031
COnP_F,1177,0.8443377866579244
COnP_F,1178,0.8728592109906912
COnP_F,1179,0.8134771236520028
COnP_F,1180,0.8494717270805853
COnP_F,1181,0.8205282672216395
COnP_F,1182,0.7973848508132898
COnP_F,1183,0.8203836147478324
COnP_F,1184,0.8431871561066975
COnP_F,1185,0.8058140994535473
COnP_F,1186,0.8517836335115554
COnP_F,1187,0.8349161706066014
COnP_F,1188,0.8389335198262319
COnP_F,1189,0.8565771057117737
COnP_F,1190,0.8394382448178835
COnP_F,1191,0.8340585558733513
COnP_F,1192,0.8385358996060613
COnP_F,1193,0.864810352788956
COnP_F,1194,0.8377607433888283
COnP_F,1195,0.825732490140229
COnP_F,1196,0.8369286661517394
COnP_F,1197,0.845020548142103
COnP_F,1198,0.8337668364854401
COnP_F,1199,0.8455934126333439
COnP_F,1200,0.8256481768675334
COnP_F,1201,0.8367686632574852
COnP_F,1202,0.8420951903410218
COnP_F,1203,0.8515110788201795
COnP_F,1204,0.8218361876411064
COnP_F,1205,0.8049861897037843
COnP_F,1206,0.8342043917914012
COnP_F,1207,0.852721610842987
COnP_F,1208,0.8596448713157929
COnP_F,1209,0.8480835316237147
COnP_F,1210,0.8364594806535922
COnP_F,1211,0.8443137906550171
COnP_F,1212,0.8543871902758614
COnP_F,1213,0.8553159643816627
COnP_F,1214,0.8233413585943027
COnP_F,1215,0.8579375937006374
COnP_F,1216,0.8196470357636629
COnP_F,1217,0.8253355232440605
COnP_F,1218,0.8233017535381874
COnP_F,1219,0.8312807592018249
COnP_F,1220,0.8253491162219962
COnP_F,1221,0.8371622975185379
COnP_F,1222,0.8622820237658713
COnP_F,1223,0.8462483882631705
COnP_F,1224,0.839697565445351
COnP_F,1225,0.8354117620921974
COnP_F,1226,0.8274595326098061
COnP_F,1227,0.8457514017841853
COnP_F,1228,0.8264722799340208
COnP_F,1229,0.8425160619828465
COnP_F,1230,0.8176931548598141
COnP_F,1231,0.8443890151179461
COnP_F,1232,0.8475730759463405
COnP_F,1233,0.8390096229373674
COnP_F,1234,0.8620266543663464
COnP_F,1235,0.810314419601462
COnP_F,1236,0.8532056557790505
COnP_F,1237,0.8349912540799834
COnP_F,1238,0.8637435483907397
COnP_F,1239,0.8315732226760065
COnP_F,1240,0.8566388290788147
COnP_F,1241,0.8199998745627693
COnP_F,1242,0.8381848773682073
COnP_F,1243,0.8061031467496541
COnP_F,1244,0.8083572940315502
COnP_F,1245,0.8609700141359937
COnP_F,1246,0.8242210521744485
COnP_F,1247,0.8266523437824672
COnP_F,1248,0.8479610972551286
COnP_F,1249,0.8364540152211695
COnP_F,1250,0.8295633541552663
COnP_F,1251,0.8288965287667662
COnP_F,1252,0.8348031092426185
COnP_F,1253,0.8277923405771289
COnP_F,1254,0.8120318079710037
COnP_F,1255,0.8211835442777997
COnP_F,1256,0.8370793789407373
COnP_F,1257,0.8267644970026327
COnP_F,1258,0.8309743930830858
COnP_F,1259,0.8578323312018801
COnP_F,1260,0.845208758593067
COnP_F,1261,0.8357443387969956
COnP_F,1262,0.8121267127755485
COnP_F,1263,0.8299161349329035
COnP_F,1264,0.8220313306355034
COnP_F,1265,0.8452222691667532
COnP_F,1266,0.8207171163170767
COnP_F,1267,0.8130014687432795
COnP_F,1268,0.8671204697323629
COnP_F,1269,0.8566876413123915
COnP_F,1270,0.8317870607957433
COnP_F,1271,0.8549661948164107
COnP_F,1272,0.8554768689885532
COnP_F,1273,0.8098053022744421
COnP_F,1274,0.8181574388873729
COnP_F,1275,0.8526568967731883
COnP_F,1276,0.8324856382001555
COnP_F,1277,0.8204001131832102
COnP_F,1278,0.8517325581600788
COnP_F,1279,0.8455508423734654
COnP_F,1280,0.8217910234886289
COnP_F,1281,0.8343631054249597
COnP_F,1282,0.8184101168785178
COnP_F,1283,0.8230656987506018
COnP_F,1284,0.8059681537040041
COnP_F,1285,0.8544297852581471
COnP_F,1286,0.8475402567554347
COnP_F,1287,0.8100729506702239
COnP_F,1288,0.8400235056433983
COnP_F,1289,0.8082430862266469
COnP_F,1290,0.8262050399910231
COnP_F,1291,0.825704406485668
COnP_F,1292,0.8560485592204374
COnP_F,1293,0.8399872650047603
COnP_F,1294,0.8348576615963068
COnP_F,1295,0.8369434123331637
COnP_F,1296,0.8559970221460184
COnP_F,1297,0.8431491722243273
COnP_F,1298,0.8325778924800721
COnP_F,1299,0.8183220321410889
COnP_F,1300,0.8469693946136008
COnP_F,1301,0.8193630075315175
COnP_F,1302,0.8292946148605616
COnP_F,1303,0.8268450254232571
COnP_F,1304,0.8440594255670968
COnP_F,1305,0.8348354197127668
COnP_F,1306,0.8209327001433385
COnP_F,1307,0.8525711345601786
COnP_F,1308,0.8164337726887151
COnP_F,1309,0.8339910611922655
COnP_F,1310,0.8410138661909196
COnP_F,1311,0.857413681306189
COnP_F,1312,0.827671873303243
COnP_F,1313,0.8361136324197902
COnP_F,1314,0.8357371512095246
COnP_F,1315,0.8501147386281543
COnP_F,1316,0.8479949629967124
COnP_F,1317,0.8254709550784072
COnP_F,1318,0.8337571310369659
COnP_F,1319,0.8470307486928779
COnP_F,1320,0.8257527161207721
COnP_F,1321,0.8202148810713584
COnP_F,1322,0.8489916578824882
COnP_F,1323,0.8058111890468646
COnP_F,1324,0.8318257822804588
COnP_F,1325,0.8026978175701069
COnP_F,1326,0.8308123114908246
COnP_F,1327,0.8337623796721655
COnP_F,1328,0.8607040449784984
COnP_F,1329,0.8437568600291501
COnP_F,1330,0.8401781815572861
COnP_F,1331,0.8467155998234805
COnP_F,1332,0.8678844394650768
COnP_F,1333,0.8538248723169125
COnP_F,1334,0.8259343835315801
COnP_F,1335,0.8474527316359902
COnP_F,1336,0.8389248998798472
COnP_F,1337,0.856695458425552
COnP_F,1338,0.8416859349648845
COnP_F,1339,0.8120060813955384
COnP_F,1340,0.8345521126263068
COnP_F,1341,0.8107220642910538
COnP_F,1342,0.8180972551297087
COnP_F,1343,0.8648320631685968
COnP_F,1344,0.8315922282239524
COnP_F,1345,0.8427289602904032
COnP_F,1346,0.8405149791880159
COnP_F,1347,0.8334231887544769
COnP_F,1348,0.8423720839719306
COnP_F,1349,0.8413494417052142
COnP_F,1350,0.8317140580359448
COnP_F,1351,0.8541524467787053
COnP_F,1352,0.8597862600253106
COnP_F,1353,0.8324548876979962
COnP_F,1354,0.850443208037687
COnP_F,1355,0.8468357795019498
COnP_F,1356,0.8363938918972306
COnP_F,1357,0.8305986455348944
COnP_F,1358,0.8205525870314476
COnP_F,1359,0.8479436339981742
COnP_F,1360,0.8417657603997656
COnP_F,1361,0.8290604027669507
COnP_F,1362,0.8549526360406832
COnP_F,1363,0.8216760581210393
COnP_F,1364,0.8522782481840018
COnP_F,1365,0.8552238941461261
COnP_F,1366,0.8188237815732909
COnP_F,1367,0.8345361917652099
COnP_F,1368,0.8293986016984112
COnP_F,1369,0.8336494002111795
COnP_F,1370,0.887109312872685
COnP_F,1371,0.8270360528415054
COnP_F,1372,0.8162548782672625
COnP_F,1373,0.8490360242185073
COnP_F,1374,0.8325157461427195
COnP_F,1375,0.7921435566891252
COnP_F,1376,0.8250181739124502
COnP_F,1377,0.8222073688070333
COnP_F,1378,0.8360453792277217
COnP_F,1379,0.815181944801162
COnP_F,1380,0.8138398657576517
COnP_F,1381,0.8276804888928365
COnP_F,1382,0.8689761446939058
COnP_F,1383,0.8068047859250196
COnP_F,1384,0.83734063788813
COnP_F,1385,0.8388880102513723
COnP_F,1386,0.8143909324062015
COnP_F,1387,0.862465010782031
COnP_F,1388,0.8584554808844892
COnP_F,1389,0.8410439414983333
COnP_F,1390,0.8252527589289503
COnP_F,1391,0.8415341498878331
COnP_F,1392,0.8500620270421684
COnP_F,1393,0.8285585225305516
COnP_F,1394,0.8005173167177104
COnP_F,1395,0.859887640766916
COnP_F,1396,0.8268194917872446
COnP_F,1397,0.795748235019504
COnP_F,1398,0.8613468447299641
COnP_F,1399,0.8632044603251048
COnP_F,1400,0.8455234891112762
COnP_F,1401,0.8362315301997274
COnP_F,1402,0.8507802231370942
COnP_F,1403,0.8350399205543074
COnP_F,1404,0.8266757434000432
COnP_F,1405,0.8671352492749115
COnP_F,1406,0.8385427918640209
COnP_F,1407,0.8014646620899241
COnP_F,1408,0.8458199960938239
COnP_F,1409,0.827673962200285
COnP_F,1410,0.8312107316870976
COnP_F,1411,0.8243033077028861
COnP_F,1412,0.8289722119541625
COnP_F,1413,0.8342919388899239
COnP_F,1414,0.8440161024918845
COnP_F,1415,0.8357009964878902
COnP_F,1416,0.7892643317281248
COnP_F,1417,0.8052454300124089
COnP_F,1418,0.8148539988317097
COnP_F,1419,0.8218534234366285
COnP_F,1420,0.8229212625793947
COnP_F,1421,0.8388423627878765
COnP_F,1422,0.8484762304196799
COnP_F,1423,0.852958719441768
COnP_F,1424,0.8331995924610331
COnP_F,1425,0.8282860324875078
COnP_F,1426,0.828310943879301
COnP_F,1427,0.841943815747114
COnP_F,1428,0.8379947501323339
COnP_F,1429,0.8272806511637762
COnP_F,1430,0.8197914366316124
COnP_F,1431,0.8788478102707632
COnP_F,1432,0.8437357061967297
COnP_F,1433,0.8205114316798457
COnP_F,1434,0.8193243792499768
COnP_F,1435,0.8543799043692579
COnP_F,1436,0.8372452255038856
COnP_F,1437,0.8442466387261629
COnP_F,1438,0.8295041958779124
COnP_F,1439,0.8407862647121036
COnP_F,1440,0.8367505923909611
COnP_F,1441,0.8118772956254563
COnP_F,1442,0.8068726400280254
COnP_F,1443,0.8388468927947288
COnP_F,1444,0.8260289115785707
COnP_F,1445,0.8150272251393327
COnP_F,1446,0.8529619457320858
COnP_F,1447,0.8182472964478928
COnP_F,1448,0.8535002271145827
COnP_F,1449,0.8327710339011083
COnP_F,1450,0.8288755985853113
COnP_F,1451,0.8169835917561641
COnP_F,1452,0.860190613845121
COnP_F,1453,0.8613467173085357
COnP_F,1454,0.8623769453031693
COnP_F,1455,0.8597978553785477
COnP_F,1456,0.8299153448661336
COnP_F,1457,0.8170210198570087
COnP_F,1458,0.7845271982712553
COnP_F,1459,0.8278478805002871
COnP_F,1460,0.8385269336255609
COnP_F,1461,0.8236431069539543
COnP_F,1462,0.8176592534742183
COnP_F,1463,0.8387747348639567
COnP_F,1464,0.8497915906863366
COnP_F,1465,0.8316945739936664
COnP_F,1466,0.8591741525549637
COnP_F,1467,0.824332124446773
COnP_F,1468,0.8369989587668365
COnP_F,1469,0.8448635155706403
COnP_F,1470,0.838872515454495
COnP_F,1471,0.83914073472117
COnP_F,1472,0.8285709374490285
COnP_F,1473,0.8486633565702045
COnP_F,1474,0.8494598353119498
COnP_F,1475,0.8420360525801374
COnP_F,1476,0.817371515049927
COnP_F,1477,0.8467425703073321
COnP_F,1478,0.8351196299027918
COnP_F,1479,0.8405601838233596
COnP_F,1480,0.8459881221385468
COnP_F,1481,0.8446331383077501
COnP_F,1482,0.8223775647656401
COnP_F,1483,0.8041337060464916
COnP_F,1484,0.8269344617123853
COnP_F,1485,0.8184061097631103
COnP_F,1486,0.8155049804852303
COnP_F,1487,0.8397206959894127
COnP_F,1488,0.8100240332665894
COnP_F,1489,0.8476498943208073
COnP_F,1490,0.8552409825535253
COnP_F,1491,0.8421671164090039
COnP_F,1492,0.8301959987306037
COnP_F,1493,0.8358572187781755
COnP_F,1494,0.8598938035402941
COnP_F,1495,0.854833752598529
COnP_F,1496,0.8113022381449535
COnP_F,1497,0.824013117193207
COnP_F,1498,0.8364636248313753
COnP_F,1499,0.820760771610612
COnP_F,1500,0.86682519111532
COnP_F,1501,0.8300321365396485
COnP_F,1502,0.8453540602200743
COnP_F,1503,0.8416966485613919
COnP_F,1504,0.8275196920092825
COnP_F,1505,0.8525325376521088
COnP_F,1506,0.845803169119022
COnP_F,1507,0.8446111067976974
COnP_F,1508,0.8441845254627323
COnP_F,1509,0.8173103313347287
COnP_F,1510,0.8236370723944005
COnP_F,1511,0.8508398338689066
COnP_F,1512,0.8180633903141484
COnP_F,1513,0.8029022192303252
COnP_F,1514,0.8243385771208048
COnP_F,1515,0.8239410162116707
COnP_F,1516,0.8204400118319345
COnP_F,1517,0.866481470474718
COnP_F,1518,0.8110680002129914
COnP_F,1519,0.8271706935108966
COnP_F,1520,0.8124085063480408
COnP_F,1521,0.8418700000892684
COnP_F,1522,0.8478408163429945
COnP_F,1523,0.859903958171317
COnP_F,1524,0.8296836065539148
COnP_F,1525,0.8604076578176187
COnP_F,1526,0.8457210988503375
COnP_F,1527,0.823676675045225
COnP_F,1528,0.8385648646525479
COnP_F,1529,0.8432729817546324
COnP_F,1530,0.8330931552514758
COnP_F,1531,0.8390780649686886
COnP_F,1532,0.829243936424709
COnP_F,1533,0.8614062827074868
COnP_F,1534,0.8476930092623699
COnP_F,1535,0.8295303177929593
COnP_F,1536,0.871562045285286
COnP_F,1537,0.825023039855898
COnP_F,1538,0.8011136355775664
COnP_F,1539,0.8301061749204499
COnP_F,1540,0.8078179544966471
COnP_F,1541,0.8396853562669077
COnP_F,1542,0.8457344094167984
COnP_F,1543,0.8687354587382387
COnP_F,1544,0.8376666096764402
COnP_F,1545,0.8327781457073589
COnP_F,1546,0.8270612692993924
COnP_F,1547,0.8253836019759877
COnP_F,1548,0.7983271875371271
COnP_F,1549,0.8350067502013013
COnP_F,1550,0.8343674129685248
COnP_F,1551,0.8393941481569632
COnP_F,1552,0.8529585935501188
COnP_F,1553,0.8285171093715032
COnP_F,1554,0.8106349665094064
COnP_F,1555,0.8247431415701515
COnP_F,1556,0.8401042420575209
COnP_F,1557,0.8418712936356197
COnP_F,1558,0.8362616782125168
COnP_F,1559,0.8110633027167162
COnP_F,1560,0.797049169363065
COnP_F,1561,0.8173798996662852
COnP_F,1562,0.824964201331027
COnP_F,1563,0.8451850552949441
COnP_F,1564,0.805439862715576
COnP_F,1565,0.8525197101971544
COnP_F,1566,0.8619978731114899
COnP_F,1567,0.8583665716789721
COnP_F,1568,0.840387607223413
COnP_F,1569,0.824659500220156
COnP_F,1570,0.8280332239891814
COnP_F,1571,0.8234244314997028
COnP_F,1572,0.8425852126746054
COnP_F,1573,0.824682626209141
COnP_F,1574,0.8256985530085972
COnP_F,1575,0.8460911542228576
COnP_F,1576,0.8375825500086325
COnP_F,1577,0.8214226008404104
COnP_F,1578,0.847490064987361
COnP_F,1579,0.8529205148862934
COnP_F,1580,0.8268174803167757
COnP_F,1581,0.8210174884519313
COnP_F,1582,0.8388449126759884
COnP_F,1583,0.811700080527806
COnP_F,1584,0.8498126081674184
COnP_F,1585,0.8221903762062555
COnP_F,1586,0.8346082165959614
COnP_F,1587,0.8393962633930837
COnP_F,1588,0.8644439923089301
COnP_F,1589,0.8340775547990393
COnP_F,1590,0.8321306015945413
COnP_F,1591,0.8315550952298552
COnP_F,1592,0.8714933028015428
COnP_F,1593,0.8337318205165019
COnP_F,1594,0.8176881848494438
COnP_F,1595,0.8421144369902084
COnP_F,1596,0.8274952199703404
COnP_F,1597,0.8550472216630159
COnP_F,1598,0.8134813279865855
COnP_F,1599,0.807981604014102
COnP_F,1600,0.8338427255303436
COnP_F,1601,0.8461475563698249
COnP_F,1602,0.8437241272942597
COnP_F,1603,0.8348334370035557
COnP_F,1604,0.8380102948862135
COnP_F,1605,0.8238898028504135
COnP_F,1606,0.8395775675845775
COnP_F,1607,0.8311359943227762
COnP_F,1608,0.804761946612642
COnP_F,1609,0.8027394263146729
COnP_F,1610,0.8285204796925171
COnP_F,1611,0.8297186761749266
COnP_F,1612,0.8367835323056895
COnP_F,1613,0.8405530928790228
COnP_F,1614,0.8593590673938071
COnP_F,1615,0.8334879065086516
COnP_F,1616,0.8398222524348078
COnP_F,1617,0.8282164668990062
COnP_F,1618,0.8408311452267734
COnP_F,1619,0.837303213960084
COnP_F,1620,0.7980799692270569
COnP_F,1621,0.8049243180811597
COnP_F,1622,0.8408629661804395
COnP_F,1623,0.8272435755639309
COnP_F,1624,0.8425475023686605
COnP_F,1625,0.8384652109580107
COnP_F,1626,0.8607727167078373
COnP_F,1627,0.835389215617573
COnP_F,1628,0.8305347256886503
COnP_F,1629,0.8202882977138701
COnP_F,1630,0.8109870062700597
COnP_F,1631,0.8194497119718851
COnP_F,1632,0.861787013272897
COnP_F,1633,0.8060021512410571
COnP_F,1634,0.8129972986973502
COnP_F,1635,0.82878472736193
COnP_F,1636,0.8141420657724104
COnP_F,1637,0.8272795613489127
COnP_F,1638,0.8514660273944348
COnP_F,1639,0.8076722540595115
COnP_F,1640,0.853183154117605
COnP_F,1641,0.8524543459370693
COnP_F,1642,0.8488978928509668
COnP_F,1643,0.8404720071603071
COnP_F,1644,0.810838162820678
COnP_F,1645,0.8391973056907632
COnP_F,1646,0.8317964481865622
COnP_F,1647,0.8453700658991637
COnP_F,1648,0.8104796828755495
COnP_F,1649,0.8243131737426947
COnP_F,1650,0.8577512111422855
COnP_F,1651,0.8116763605390499
COnP_F,1652,0.809312411828415
COnP_F,1653,0.8291421074470875
COnP_F,1654,0.8310443760873464
COnP_F,1655,0.8391202382147833
COnP_F,1656,0.8404124840748177
COnP_F,1657,0.8265037042007538
COnP_F,1658,0.8182440407987275
COnP_F,1659,0.8328019730261432
COnP_F,1660,0.8347104245652522
COnP_F,1661,0.844537969824168
COnP_F,1662,0.8639459065882504
COnP_F,1663,0.8219313552004855
COnP_F,1664,0.8604264966275977
COnP_F,1665,0.845374472685435
COnP_F,1666,0.8297193686639368
COnP_F,1667,0.8426485660157956
COnP_F,1668,0.8340561460590701
COnP_F,1669,0.8271906753443607
COnP_F,1670,0.8453268278131832
COnP_F,1671,0.8337020100197207
COnP_F,1672,0.8359102522790672
COnP_F,1673,0.8297902864077709
COnP_F,1674,0.8407685798560935
COnP_F,1675,0.817943183364012
COnP_F,1676,0.8415271726635931
COnP_F,1677,0.8200485377883565
COnP_F,1678,0.8577504564820417
COnP_F,1679,0.8488133857127268
COnP_F,1680,0.8417553991286515
COnP_F,1681,0.831265992717194
COnP_F,1682,0.8631201360860674
COnP_F,1683,0.833887985222071
COnP_F,1684,0.8474236293492476
COnP_F,1685,0.8557418851523291
COnP_F,1686,0.8519619727462067
COnP_F,1687,0.8300395332720204
COnP_F,1688,0.8344397244152238
COnP_F,1689,0.8203051925599734
COnP_F,1690,0.8162826751400392
COnP_F,1691,0.845164500557531
COnP_F,1692,0.8067928322618434
COnP_F,1693,0.8258863731045086
COnP_F,1694,0.823718030667074
COnP_F,1695,0.8439606395479136
COnP_F,1696,0.831684645538601
COnP_F,1697,0.8495028699491619
COnP_F,1698,0.8389697956842256
COnP_F,1699,0.8352563753282162
COnP_F,1700,0.8423835585259475
COnP_F,1701,0.8330853041464148
COnP_F,1702,0.8394292827503522
COnP_F,1703,0.8201443710216733
COnP_F,1704,0.8300510686596155
COnP_F,1705,0.8276427555024521
COnP_F,1706,0.8239630672540679
COnP_F,1707,0.8361215807032737
COnP_F,1708,0.8136530504173969
COnP_F,1709,0.8470590831706641
COnP_F,1710,0.8527726295976175
COnP_F,1711,0.7930473757712672
COnP_F,1712,0.8476498331970409
COnP_F,1713,0.8209129578822055
COnP_F,1714,0.8020003179525738
COnP_F,1715,0.8181967508459563
COnP_F,1716,0.8615466476989464
COnP_F,1717,0.8082259333626454
COnP_F,1718,0.8068844568581627
COnP_F,1719,0.8216230462437777
COnP_F,1720,0.8349823248338424
COnP_F,1721,0.8055638278285636
COnP_F,1722,0.8231949523908494
COnP_F,1723,0.8406505318159864
COnP_F,1724,0.8274974374087504
COnP_F,1725,0.8020236216261676
COnP_F,1726,0.8775699546852224
COnP_F,1727,0.843138397490365
COnP_F,1728,0.8405645304276547
COnP_F,1729,0.838012388729293
COnP_F,1730,0.8541653383797572
COnP_F,1731,0.8242491099747716
COnP_F,1732,0.8135575299155092
COnP_F,1733,0.8094500901953454
COnP_F,1734,0.8154614806900767
COnP_F,1735,0.8684809048753304
COnP_F,1736,0.8423234970974572
COnP_F,1737,0.8409883318862112
COnP_F,1738,0.840753565076599
COnP_F,1739,0.8220116413138353
COnP_F,1740,0.8649834807769436
COnP_F,1741,0.814035070380713
COnP_F,1742,0.8381621726660045
COnP_F,1743,0.816539148116739
COnP_F,1744,0.8425757612719667
COnP_F,1745,0.8250232505806868
COnP_F,1746,0.8245729593256619
COnP_F,1747,0.8347453285611389
COnP_F,1748,0.8429080895827002
COnP_F,1749,0.8438044784958839
COnP_F,1750,0.8267141226637483
COnP_F,1751,0.7980203848129915
COnP_F,1752,0.8262787482163737
COnP_F,1753,0.8343091499728337
COnP_F,1754,0.8290037957483553
COnP_F,1755,0.8301397540813233
COnP_F,1756,0.829856986696483
COnP_F,1757,0.8219390934757832
COnP_F,1758,0.8348108166387902
COnP_F,1759,0.8427483362427549
COnP_F,1760,0.8608455959246729
COnP_F,1761,0.849172219055302
COnP_F,1762,0.853033559633861
COnP_F,1763,0.83764388236998
COnP_F,1764,0.860244943353336
COnP_F,1765,0.8413498031929453
COnP_F,1766,0.8176708420835258
COnP_F,1767,0.8307981502600995
COnP_F,1768,0.8446180950103233
COnP_F,1769,0.8642433312156864
COnP_F,1770,0.842412723320593
COnP_F,1771,0.8439272285625514
COnP_F,1772,0.8614276548927985
COnP_F,1773,0.8445622748236868
COnP_F,1774,0.8332998798637787
COnP_F,1775,0.850843562025511
COnP_F,1776,0.8465114219857327
COnP_F,1777,0.83929620132875
COnP_F,1778,0.8529948674505613
COnP_F,1779,0.8621285822168584
COnP_F,1780,0.8287684268398032
COnP_F,1781,0.8154319171259073
COnP_F,1782,0.8577371131174606
COnP_F,1783,0.8385276295996169
COnP_F,1784,0.7981002763747056
COnP_F,1785,0.8483821843359806
COnP_F,1786,0.8067579681277429
COnP_F,1787,0.8284089313331087
COnP_F,1788,0.8199269548132381
COnP_F,1789,0.8523230629441374
COnP_F,1790,0.8468250063635225
COnP_F,1791,0.8263078852651153
COnP_F,1792,0.8409623233518433
COnP_F,1793,0.8468628179692658
COnP_F,1794,0.8284758479311809
COnP_F,1795,0.8230205493399655
COnP_F,1796,0.8322357308841646
COnP_F,1797,0.8560117387194379
COnP_F,1798,0.8037962227722407
COnP_F,1799,0.8379173060012294
COnP_F,1800,0.8211865364856573
COnP_F,1801,0.8216514981517622
COnP_F,1802,0.8541648940926493
COnP_F,1803,0.8282570724803606
COnP_F,1804,0.8479211968778875
COnP_F,1805,0.8415772766503573
COnP_F,1806,0.8687233078093337
COnP_F,1807,0.848566700698519
COnP_F,1808,0.8447840624015729
COnP_F,1809,0.8218332527415129
COnP_F,1810,0.8473489595448639
COnP_F,1811,0.8369659365831358
COnP_F,1812,0.8419621501562403
COnP_F,1813,0.8178850431430048
COnP_F,1814,0.8305174380954956
COnP_F,1815,0.8198485994626348
COnP_F,1816,0.8282868556048889
COnP_F,1817,0.8543107418148276
COnP_F,1818,0.8306602211658594
COnP_F,1819,0.8405151709537741
COnP_F,1820,0.8220103272941346
COnP_F,1821,0.8190539157761256
COnP_F,1822,0.8439963130864117
COnP_F,1823,0.8138608300483398
COnP_F,1824,0.8422162577902201
COnP_F,1825,0.8574968212865987
COnP_F,1826,0.8242216877566185
COnP_F,1827,0.8522002333070521
COnP_F,1828,0.8344454912764999
COnP_F,1829,0.8462770083715437
COnP_F,1830,0.7914513432074282
COnP_F,1831,0.8364048244745161
COnP_F,1832,0.8558597305928481
COnP_F,1833,0.8457859060763295
COnP_F,1834,0.8188066684863207
COnP_F,1835,0.8566952796348012
COnP_F,1836,0.8550912822927174
COnP_F,1837,0.8156599533985086
COnP_F,1838,0.8294603954752378
COnP_F,1839,0.8231941147504539
COnP_F,1840,0.8526561648671992
COnP_F,1841,0.8455777309494588
COnP_F,1842,0.8206362803837409
COnP_F,1843,0.825094986756319
COnP_F,1844,0.8571357722932079
COnP_F,1845,0.8405946222828943
COnP_F,1846,0.8357386498918253
COnP_F,1847,0.8275439504803238
COnP_F,1848,0.8249819787741598
COnP_F,1849,0.8323683967830681
COnP_F,1850,0.8185857140075811
COnP_F,1851,0.8147352947615796
COnP_F,1852,0.8386338629605166
COnP_F,1853,0.8312734818288078
COnP_F,1854,0.8072483594702463
COnP_F,1855,0.8492624757710067
COnP_F,1856,0.8272236874414097
COnP_F,1857,0.8239655971543806
COnP_F,1858,0.8499973981073342
COnP_F,1859,0.8115477819119112
COnP_F,1860,0.8419264169333428
COnP_F,1861,0.83729089744243
COnP_F,1862,0.8218064478730792
COnP_F,1863,0.843419684183625
COnP_F,1864,0.86585985891791
COnP_F,1865,0.8354385968123275
COnP_F,1866,0.8342857352681845
COnP_F,1867,0.8394555395657811
COnP_F,1868,0.8319174859966603
COnP_F,1869,0.8081849444013285
COnP_F,1870,0.825371540304831
COnP_F,1871,0.851565035255543
COnP_F,1872,0.7897580170110067
COnP_F,1873,0.7970319612818029
COnP_F,1874,0.8612980430636208
COnP_F,1875,0.8281789211677933
COnP_F,1876,0.8407514415098462
COnP_F,1877,0.8381649277058655
COnP_F,1878,0.8522625936265493
COnP_F,1879,0.8239792746133495
COnP_F,1880,0.8308125876468887
COnP_F,1881,0.8086187713993092
COnP_F,1882,0.8121411784418981
COnP_F,1883,0.8522371440104046
COnP_F,1884,0.8245309844973521
COnP_F,1885,0.8282075569145618
COnP_F,1886,0.8209095889152649
COnP_F,1887,0.82304069690426
COnP_F,1888,0.8182372240595946
COnP_F,1889,0.8454412142997308
COnP_F,1890,0.8664825006855487
COnP_F,1891,0.8662592401409789
COnP_F,1892,0.8449177052204251
COnP_F,1893,0.8403647306618586
COnP_F,1894,0.851655574899483
COnP_F,1895,0.8331847770967282
COnP_F,1896,0.8468958226942671
COnP_F,1897,0.8275672164777212
COnP_F,1898,0.817382218235962
COnP_F,1899,0.840590185781436
COnP_F,1900,0.8611046081318624
COnP_F,1901,0.844803074279233
COnP_F,1902,0.829193466745498
COnP_F,1903,0.8403875974897412
COnP_F,1904,0.8091957759196795
COnP_F,1905,0.8332351737432168
COnP_F,1906,0.8391477467378584
COnP_F,1907,0.8333330745292538
COnP_F,1908,0.8271642715700197
COnP_F,1909,0.8234636947555508
COnP_F,1910,0.8458627822630224
COnP_F,1911,0.8486546770655424
COnP_F,1912,0.8409458557856331
COnP_F,1913,0.7983858348333609
COnP_F,1914,0.8517866765796928
COnP_F,1915,0.8392614444326298
COnP_F,1916,0.830638157281026
COnP_F,1917,0.8581154254921174
COnP_F,1918,0.8330695289945664
COnP_F,1919,0.8509216235489793
COnP_F,1920,0.8389455875405911
COnP_F,1921,0.8435921496500886
COnP_F,1922,0.8568993884120613
COnP_F,1923,0.8345490786799328
COnP_F,1924,0.8270024347620238
COnP_F,1925,0.8277904061354042
COnP_F,1926,0.8350179583812407
COnP_F,1927,0.8206353601643915
COnP_F,1928,0.850989939545054
COnP_F,1929,0.857372800653232
COnP_F,1930,0.8622173790506119
COnP_F,1931,0.8238473000121542
COnP_F,1932,0.8133947164514566
COnP_F,1933,0.8471739487704851
COnP_F,1934,0.8162981609522266
COnP_F,1935,0.8246644284941151
COnP_F,1936,0.8356839950819678
COnP_F,1937,0.8503859924952293
COnP_F,1938,0.8450486429948608
COnP_F,1939,0.8176247955279285
COnP_F,1940,0.8540403176748993
COnP_F,1941,0.8194328659644637
COnP_F,1942,0.8658166912580363
COnP_F,1943,0.8433828082570244
COnP_F,1944,0.8229752889596075
COnP_F,1945,0.8348374844539144
COnP_F,1946,0.8394187498770069
COnP_F,1947,0.8368105806867691
COnP_F,1948,0.8193041418676894
COnP_F,1949,0.8100391557336895
COnP_F,1950,0.8355281805583606
COnP_F,1951,0.8262673777832008
COnP_F,1952,0.849650312982629
COnP_F,1953,0.8232800991750512
COnP_F,1954,0.831587236675055
COnP_F,1955,0.8779845315429583
COnP_F,1956,0.8325710207095564
COnP_F,1957,0.8204769506288275
COnP_F,1958,0.8241670084794148
COnP_F,1959,0.8326351758133624
COnP_F,1960,0.8136611425846659
COnP_F,1961,0.828752230550662
COnP_F,1962,0.8412238873533763
COnP_F,1963,0.8142877863770823
COnP_F,1964,0.8226502067372049
COnP_F,1965,0.8464205177188839
COnP_F,1966,0.8372096265475694
COnP_F,1967,0.815545483093384
COnP_F,1968,0.8562588695191763
COnP_F,1969,0.844493230184436
COnP_F,1970,0.8286044814697007
COnP_F,1971,0.8063254858455412
COnP_F,1972,0.8225525004790122
COnP_F,1973,0.8581342714580666
COnP_F,1974,0.8170241760977204
COnP_F,1975,0.8494220563465951
COnP_F,1976,0.8498757305183434
COnP_F,1977,0.8584801009467891
COnP_F,1978,0.8479820739260489
COnP_F,1979,0.8202175402611737
COnP_F,1980,0.8361003397616275
COnP_F,1981,0.8444798461439569
COnP_F,1982,0.8280213669234373
COnP_F,1983,0.8457082533121301
COnP_F,1984,0.8655908212636477
COnP_F,1985,0.8272668411005881
COnP_F,1986,0.8017558800266583
COnP_F,1987,0.8096205326533701
COnP_F,1988,0.8388053138261607
COnP_F,1989,0.8424756263680258
COnP_F,1990,0.8479526970380806
COnP_F,1991,0.8173380141920523
COnP_F,1992,0.8614235131884954
COnP_F,1993,0.8583252664683048
COnP_F,1994,0.842477403196911
COnP_F,1995,0.8460669804210174
COnP_F,1996,0.814147853784584
COnP_F,1997,0.8174429132163495
COnP_F,1998,0.8520345465324067
COnP_F,1999,0.8377005233181187
COnP_F,2000,0.8254746256353171
COnP_F,2001,0.8499139547980727
COnP_F,2002,0.8407836949805457
COnP_F,2003,0.8387442276284712
COnP_F,2004,0.8597584895898941
COnP_F,2005,0.85715400380159
COnP_F,2006,0.8401073594621217
COnP_F,2007,0.8176580450564769
COnP_F,2008,0.827637601054328
COnP_F,2009,0.8249753574277823
COnP_F,2010,0.838865298443057
COnP_F,2011,0.8276145248722987
COnP_F,2012,0.817984971306268
COnP_F,2013,0.8272141741682429
COnP_F,2014,0.8237260987439188
COnP_F,2015,0.8271061792067129
COnP_F,2016,0.8233286650338624
COnP_F,2017,0.8749373937536588
COnP_F,2018,0.8213385139176058
COnP_F,2019,0.8737214713473801
COnP_F,2020,0.8471640236976785
COnP_F,2021,0.8156265707048584
COnP_F,2022,0.8075354933904894
COnP_F,2023,0.8336529427628258
COnP_F,2024,0.8417619821353001
COnP_F,2025,0.8388550808521474
COnP_F,2026,0.822744930997613
COnP_F,2027,0.8343883877391922
COnP_F,2028,0.8719512946821805
COnP_F,2029,0.8274161039605402
COnP_F,2030,0.8344203868780833
COnP_F,2031,0.8374603770140719
COnP_F,2032,0.8549128515417744
COnP_F,2033,0.816048005142045
COnP_F,2034,0.8290032440205087
COnP_F,2035,0.8455353950583989
COnP_F,2036,0.848255745166572
COnP_F,2037,0.8500523541581269
COnP_F,2038,0.8421343811542342
COnP_F,2039,0.8627325304970753
COnP_F,2040,0.84449016857841
COnP_F,2041,0.8245716358764522
COnP_F,2042,0.8156707814806141
COnP_F,2043,0.8183935618177404
COnP_F,2044,0.8587366192853227
COnP_F,2045,0.8449628644619407
COnP_F,2046,0.815885434274829
COnP_F,2047,0.8421485377344478
COnP_F,2048,0.8311594340719256
COnP_F,2049,0.8561838373265334
COnP_F,2050,0.7977782433889572
COnP_F,2051,0.8383811426523892
COnP_F,2052,0.8130804318521472
COnP_F,2053,0.8479432455403088
COnP_F,2054,0.8181600443588329
COnP_F,2055,0.8025151497257051
COnP_F,2056,0.841442997266048
COnP_F,2057,0.8172706540120739
COnP_F,2058,0.8582872765663878
COnP_F,2059,0.8343295731987227
COnP_F,2060,0.8404332132027186
COnP_F,2061,0.8613759327748209
COnP_F,2062,0.820683158266254
COnP_F,2063,0.8664932122647155
COnP_F,2064,0.8448415006459905
COnP_F,2065,0.8310143760626293
COnP_F,2066,0.8336512759757515
COnP_F,2067,0.8445988139400477
COnP_F,2068,0.811647613263405
COnP_F,2069,0.8432934992400266
COnP_F,2070,0.8602170351029955
COnP_F,2071,0.8384825949968883
COnP_F,2072,0.815088538918857
COnP_F,2073,0.8556576434092659
COnP_F,2074,0.8424934836481082
COnP_F,2075,0.7825239111283874
COnP_F,2076,0.800260732480328
COnP_F,2077,0.8138908472346417
COnP_F,2078,0.8703998759868038
COnP_F,2079,0.838172928007229
COnP_F,2080,0.864435185648292
COnP_F,2081,0.8734110061186926
COnP_F,2082,0.8593110475169441
COnP_F,2083,0.8256304371671542
COnP_F,2084,0.8052565982424187
COnP_F,2085,0.8326515058597651
COnP_F,2086,0.8255859017315929
COnP_F,2087,0.827185754390117
COnP_F,2088,0.8606918729571505
COnP_F,2089,0.8553910333630803
COnP_F,2090,0.8105904800431757
COnP_F,2091,0.810475552304654
COnP_F,2092,0.8072021031681893
COnP_F,2093,0.8491733804196122
COnP_F,2094,0.8196542912201216
COnP_F,2095,0.8306008690135374
COnP_F,2096,0.8405174601661702
COnP_F,2097,0.8634979306977884
COnP_F,2098,0.8611254394803327
COnP_F,2099,0.8306644705441346
COnP_F,2100,0.8426510897244134
COnP_F,2101,0.8340521670169299
COnP_F,2102,0.8408240744227102
COnP_F,2103,0.8024451322967986
COnP_F,2104,0.8135039668196548
COnP_F,2105,0.8232984327780095
COnP_F,2106,0.8062055933632762
COnP_F,2107,0.8180298999716143
COnP_F,2108,0.8555388848578076
COnP_F,2109,0.8103500758909601
COnP_F,2110,0.8279643878785011
COnP_F,2111,0.8260684409382871
COnP_F,2112,0.8519421725803
COnP_F,2113,0.8335397013828215
COnP_F,2114,0.8409548817792459
COnP_F,2115,0.8300448859829753
COnP_F,2116,0.8605626574225953
COnP_F,2117,0.8535542693726255
COnP_F,2118,0.8213000631359625
COnP_F,2119,0.8302569164948048
COnP_F,2120,0.8118408810459977
COnP_F,2121,0.8069876747185514
COnP_F,2122,0.8303696292561824
COnP_F,2123,0.8515302211104134
COnP_F,2124,0.8313033949538841
COnP_F,2125,0.8497365546110673
COnP_F,2126,0.81321558288452
COnP_F,2127,0.8160120764888885
COnP_F,2128,0.8434283389986718
COnP_F,2129,0.8107081882485765
COnP_F,2130,0.8492274365851299
COnP_F,2131,0.8210825607704723
COnP_F,2132,0.8123473403342768
COnP_F,2133,0.8338412997899636
COnP_F,2134,0.8329434827999412
COnP_F,2135,0.8431241491377853
COnP_F,2136,0.8597510928702146
COnP_F,2137,0.850464279991154
COnP_F,2138,0.8279410174229171
COnP_F,2139,0.8315583271978592
COnP_F,2140,0.7967933184291406
COnP_F,2141,0.852008609667625
COnP_F,2142,0.8223719798307879
COnP_F,2143,0.859437127987942
COnP_F,2144,0.8598652719194593
COnP_F,2145,0.8269525010835981
COnP_F,2146,0.8492157025346184
COnP_F,2147,0.836639637028393
COnP_F,2148,0.8494913244375965
COnP_F,2149,0.843085168975953
COnP_F,2150,0.8116396538514743
COnP_F,2151,0.8364334255621233
COnP_F,2152,0.8456560930771793
COnP_F,2153,0.8342628143983908
COnP_F,2154,0.8341469256744637
COnP_F,2155,0.8467822048576238
COnP_F,2156,0.8225339975427629
COnP_F,2157,0.8266769219377106
COnP_F,2158,0.856289508389737
COnP_F,2159,0.8072288131219238
COnP_F,2160,0.8466044844896954
COnP_F,2161,0.8122147609555692
COnP_F,2162,0.8429002704073582
COnP_F,2163,0.8229836677813263
COnP_F,2164,0.8515420837145176
COnP_F,2165,0.8244649380518719
COnP_F,2166,0.8593164914034925
COnP_F,2167,0.8070239009771982
COnP_F,2168,0.813495932940293
COnP_F,2169,0.8249862492315112
COnP_F,2170,0.8516441574335601
COnP_F,2171,0.7959489078993438
COnP_F,2172,0.8090785585277602
COnP_F,2173,0.8248852400637832
COnP_F,2174,0.8088691976948912
COnP_F,2175,0.8322267425709414
COnP_F,2176,0.8308084768184479
COnP_F,2177,0.8306832412006699
COnP_F,2178,0.8418634200216797
COnP_F,2179,0.8463533989307637
COnP_F,2180,0.8430167119973165
COnP_F,2181,0.8395898843845553
COnP_F,2182,0.8255583355680509
COnP_F,2183,0.8484432045234099
COnP_F,2184,0.8290961878984338
COnP_F,2185,0.8578348901720938
COnP_F,2186,0.8261887788658682
COnP_F,2187,0.8385523555017246
COnP_F,2188,0.8455657462481279
COnP_F,2189,0.8441871995322107
COnP_F,2190,0.8235937182442237
COnP_F,2191,0.797360445655199
COnP_F,2192,0.8263568068757576
COnP_F,2193,0.8266406785875936
COnP_F,2194,0.8561232443260202
COnP_F,2195,0.8415561359587896
COnP_F,2196,0.8250637050568634
COnP_F,2197,0.8198103616823841
COnP_F,2198,0.8225496693561147
COnP_F,2199,0.8480483449474754
COnP_F,2200,0.8489755643887142
COnP_F,2201,0.8298175274202443
COnP_F,2202,0.8318521526152347
COnP_F,2203,0.8419798535334507
COnP_F,2204,0.7999296712846252
COnP_F,2205,0.804969340939379
COnP_F,2206,0.8385272157014576
COnP_F,2207,0.8615216460360775
COnP_F,2208,0.8365175326662416
COnP_F,2209,0.8365922801907985
COnP_F,2210,0.8308785128202084
COnP_F,2211,0.84029247273604
COnP_F,2212,0.827079509500993
COnP_F,2213,0.8118297071466211
COnP_F,2214,0.8143169474935082
COnP_F,2215,0.8072881390742362
COnP_F,2216,0.8467875554949459
COnP_F,2217,0.8229584054347193
COnP_F,2218,0.8060856114402543
COnP_F,2219,0.8345939322358507
COnP_F,2220,0.8171973757396294
COnP_F,2221,0.8422030536856366
COnP_F,2222,0.8533021680065837
COnP_F,2223,0.8176524128871506
COnP_F,2224,0.8260754827046797
COnP_F,2225,0.8423041665260296
COnP_F,2226,0.8510739770765421
COnP_F,2227,0.8197098538660044
COnP_F,2228,0.8335284355707643
COnP_F,2229,0.8265852817938221
COnP_F,2230,0.8475942157353281
COnP_F,2231,0.8383775461061806
COnP_F,2232,0.8335775832408177
COnP_F,2233,0.8371367630727855
COnP_F,2234,0.8371636345903611
COnP_F,2235,0.8374983591644158
COnP_F,2236,0.8391341399696074
COnP_F,2237,0.8209810380488726
COnP_F,2238,0.8249928751831771
COnP_F,2239,0.8061235332310627
COnP_F,2240,0.801777611445142
COnP_F,2241,0.8243188368494542
COnP_F,2242,0.8541965380159022
COnP_F,2243,0.8255524108518134
COnP_F,2244,0.8186715247159573
COnP_F,2245,0.8206631061010441
COnP_F,2246,0.8257008725214213
COnP_F,2247,0.8279101246428127
COnP_F,2248,0.8260309463262303
COnP_F,2249,0.8258408519061643
COnP_F,2250,0.8256515468286959
COnP_F,2251,0.8237908422323975
COnP_F,2252,0.8258125722929217
COnP_F,2253,0.844555189053029
COnP_F,2254,0.8355809746361669
COnP_F,2255,0.8292377783993183
COnP_F,2256,0.8381244531060448
COnP_F,2257,0.844915882926436
COnP_F,2258,0.8305839911195212
COnP_F,2259,0.8586000440123044
COnP_F,2260,0.8587104581526421
COnP_F,2261,0.8213408435057248
COnP_F,2262,0.8267533522418704
COnP_F,2263,0.8612552969884103
COnP_F,2264,0.8654782826307492
COnP_F,2265,0.8161911721091514
COnP_F,2266,0.8467111590509324
COnP_F,2267,0.8760804594066618
COnP_F,2268,0.8332413882068435
COnP_F,2269,0.8516693047432744
COnP_F,2270,0.8447695681267534
COnP_F,2271,0.8360894589655177
COnP_F,2272,0.8238016899310449
COnP_F,2273,0.8576714216574056
COnP_F,2274,0.8443306423820233
COnP_F,2275,0.818041998059563
COnP_F,2276,0.8281864037476353
COnP_F,2277,0.8243795013250824
COnP_F,2278,0.8427337860228871
COnP_F,2279,0.8052139517192278
COnP_F,2280,0.8207879114292193
COnP_F,2281,0.857091951372843
COnP_F,2282,0.8283237483189612
COnP_F,2283,0.8058954712577816
COnP_F,2284,0.8368264771455546
COnP_F,2285,0.8444925584030692
COnP_F,2286,0.8436993406995118
COnP_F,2287,0.8365787322557722
COnP_F,2288,0.8484504015011276
COnP_F,2289,0.8322154778131284
COnP_F,2290,0.8220056539047569
COnP_F,2291,0.8431399041365046
COnP_F,2292,0.8085675205434555
COnP_F,2293,0.8406929153797309
COnP_F,2294,0.8196999596167033
COnP_F,2295,0.8142309159210909
COnP_F,2296,0.8430131399331726
COnP_F,2297,0.8048007757075698
COnP_F,2298,0.8415059182697856
COnP_F,2299,0.8386304548111729
COnP_F,2300,0.825373338933085
COnP_F,2301,0.8087121328577925
COnP_F,2302,0.8417275393508815
COnP_F,2303,0.8202104660738464
COnP_F,2304,0.8112310504859752
COnP_F,2305,0.8219216259566415
COnP_F,2306,0.8347807964786504
COnP_F,2307,0.8311986551072825
COnP_F,2308,0.8270445230965686
COnP_F,2309,0.8418854373474236
COnP_F,2310,0.8360923767567088
COnP_F,2311,0.8129401333275069
COnP_F,2312,0.829131101813911
COnP_F,2313,0.8144653504154161
COnP_F,2314,0.8452834277094206
COnP_F,2315,0.8536112186365842
COnP_F,2316,0.852760668696582
COnP_F,2317,0.8131413577251586
COnP_F,2318,0.8474620852790425
COnP_F,2319,0.8330186397849042
COnP_F,2320,0.807657201966736
COnP_F,2321,0.8324257062910497
COnP_F,2322,0.841562206908854
COnP_F,2323,0.8430429540017292
COnP_F,2324,0.7895865337346352
COnP_F,2325,0.840744312866501
COnP_F,2326,0.8322387952474734
COnP_F,2327,0.8643079895024112
COnP_F,2328,0.8201592828543787
COnP_F,2329,0.8377376987045961
COnP_F,2330,0.8639587737867008
COnP_F,2331,0.8183343729833042
COnP_F,2332,0.8323747662647686
COnP_F,2333,0.8432710654554821
COnP_F,2334,0.860686396095444
COnP_F,2335,0.8329304668382708
COnP_F,2336,0.8513942114557352
COnP_F,2337,0.8379349446420037
COnP_F,2338,0.807051165006466
COnP_F,2339,0.8180406537514877
COnP_F,2340,0.8249376223727768
COnP_F,2341,0.8317738432115249
COnP_F,2342,0.8263750045971898
COnP_F,2343,0.8462939218175702
COnP_F,2344,0.8430884392895269
COnP_F,2345,0.8472456038413837
COnP_F,2346,0.8188583907704606
COnP_F,2347,0.850852949087674
COnP_F,2348,0.8117927976563458
COnP_F,2349,0.8330067138968683
COnP_F,2350,0.8016830569365014
COnP_F,2351,0.8171747816118741
COnP_F,2352,0.8324039888578345
COnP_F,2353,0.8330590400006974
COnP_F,2354,0.8467630060874268
COnP_F,2355,0.8416108931677001
COnP_F,2356,0.8335641280207413
COnP_F,2357,0.8373606425822178
COnP_F,2358,0.8207504656696694
COnP_F,2359,0.8408684963613964
COnP_F,2360,0.8067125459362087
COnP_F,2361,0.8377470572288062
COnP_F,2362,0.8442518663897162
COnP_F,2363,0.8214818163285151
COnP_F,2364,0.8590405500853311
COnP_F,2365,0.8403024193711267
COnP_F,2366,0.8426092798935719
COnP_F,2367,0.8296266418399744
COnP_F,2368,0.8654103492372877
COnP_F,2369,0.852931552823049
COnP_F,2370,0.8480999309202297
COnP_F,2371,0.8114154725602233
COnP_F,2372,0.8456918508568881
COnP_F,2373,0.8311122739279329
COnP_F,2374,0.8291054046724126
COnP_F,2375,0.8046084526500809
COnP_F,2376,0.8263446669223032
COnP_F,2377,0.8145733294921946
COnP_F,2378,0.8135030616494188
COnP_F,2379,0.8591988033362044
COnP_F,2380,0.8555264920186212
COnP_F,2381,0.8184664932433204
COnP_F,2382,0.8500535712737504
COnP_F,2383,0.8297599763758117
COnP_F,2384,0.8352777724983054
COnP_F,2385,0.8361820188687995
COnP_F,2386,0.8386855367717896
COnP_F,2387,0.8474575729430457
COnP_F,2388,0.8565347478767695
COnP_F,2389,0.8649784858116547
COnP_F,2390,0.8709075783518622
COnP_F,2391,0.830419145085556
COnP_F,2392,0.8398041917671235
COnP_F,2393,0.8266137724997901
COnP_F,2394,0.8379147841122387
COnP_F,2395,0.8268825748151974
COnP_F,2396,0.8501928062272706
COnP_F,2397,0.8402996136835899
COnP_F,2398,0.837901254752508
COnP_F,2399,0.8113257309538086
COnP_F,2400,0.8256932417369591
COnP_F,2401,0.8220063286002649
COnP_F,2402,0.8538797077338636
COnP_F,2403,0.835621058753858
COnP_F,2404,0.8240686448149608
COnP_F,2405,0.8526789185255391
COnP_F,2406,0.8299014525391796
COnP_F,2407,0.8316140767242455
COnP_F,2408,0.8364851939532912
COnP_F,2409,0.8108747269517458
COnP_F,2410,0.8470970889650951
COnP_F,2411,0.815643567815953
COnP_F,2412,0.8125534559591194
COnP_F,2413,0.8659948421732727
COnP_F,2414,0.823811773574528
COnP_F,2415,0.8076573324430122
COnP_F,2416,0.850412704767082
COnP_F,2417,0.8383314207219462
COnP_F,2418,0.8253848333608639
COnP_F,2419,0.8463455279358645
COnP_F,2420,0.8554792064298141
COnP_F,2421,0.8434434998393849
COnP_F,2422,0.8377098049551989
COnP_F,2423,0.8013001332463979
COnP_F,2424,0.8307479355929598
COnP_F,2425,0.8430103837183307
COnP_F,2426,0.8229818857437421
COnP_F,2427,0.8544568467141831
COnP_F,2428,0.8496869163573556
COnP_F,2429,0.8392473699503027
COnP_F,2430,0.822467738073442
COnP_F,2431,0.8407890271746254
COnP_F,2432,0.8317753676999814
COnP_F,2433,0.8566578855536467
COnP_F,2434,0.8341535255638457
COnP_F,2435,0.8368419687111635
COnP_F,2436,0.8280072460477412
COnP_F,2437,0.8339506084336872
COnP_F,2438,0.8469756599231605
COnP_F,2439,0.84922323853431
COnP_F,2440,0.8545217764613242
COnP_F,2441,0.8350911367802794
COnP_F,2442,0.836455906344367
COnP_F,2443,0.8596205769103386
COnP_F,2444,0.842433008042866
COnP_F,2445,0.8115885974975147
COnP_F,2446,0.8651366029296088
COnP_F,2447,0.7902480304595901
COnP_F,2448,0.8262156174571583
COnP_F,2449,0.8222177610721166
COnP_F,2450,0.8475546190201149
COnP_F,2451,0.8395395051818968
COnP_F,2452,0.8373517397858836
COnP_F,2453,0.8379510001054662
COnP_F,2454,0.854235687732645
COnP_F,2455,0.8224694246432047
COnP_F,2456,0.84396038848055
COnP_F,2457,0.8221049308190227
COnP_F,2458,0.8376405970520833
COnP_F,2459,0.8282457607063466
COnP_F,2460,0.8329237530088451
COnP_F,2461,0.8313310452772805
COnP_F,2462,0.8260163144262961
COnP_F,2463,0.8378585290039282
COnP_F,2464,0.8550204228509074
COnP_F,2465,0.8540850183514778
COnP_F,2466,0.843206380336859
COnP_F,2467,0.8427032199987277
COnP_F,2468,0.8195304113956374
COnP_F,2469,0.842177355270878
COnP_F,2470,0.8381485089401256
COnP_F,2471,0.8743634782984505
COnP_F,2472,0.7942666557892986
COnP_F,2473,0.8527764793010179
COnP_F,2474,0.8387728476180631
COnP_F,2475,0.8225947231663812
COnP_F,2476,0.8269534148717493
COnP_F,2477,0.8305589691274885
COnP_F,2478,0.8226302661571713
COnP_F,2479,0.8526270765687961
COnP_F,2480,0.8479928303136988
COnP_F,2481,0.8474247766585711
COnP_F,2482,0.8142681169970274
COnP_F,2483,0.835152465628991
COnP_F,2484,0.8294794421345648
COnP_F,2485,0.7980301538644791
COnP_F,2486,0.8227370984381421
COnP_F,2487,0.8293524918585053
COnP_F,2488,0.8286056804412931
COnP_F,2489,0.8409757988574512
COnP_F,2490,0.8688561530286706
COnP_F,2491,0.8318004011642752
COnP_F,2492,0.8322689699198582
COnP_F,2493,0.8306534103250665
COnP_F,2494,0.8363831185649998
COnP_F,2495,0.840286533796606
COnP_F,2496,0.865398506207136
COnP_F,2497,0.8101693697286718
COnP_F,2498,0.8473255613920078
COnP_F,2499,0.8283683817317272
COnP_F,2500,0.8340261994938813
COnP_F,2501,0.8373030592768798
COnP_F,2502,0.8151326370434904
COnP_F,2503,0.8279113784050277
COnP_F,2504,0.8180181066846782
COnP_F,2505,0.8480005107465898
COnP_F,2506,0.8259475166255168
COnP_F,2507,0.8541356012025748
COnP_F,2508,0.847591577379281
COnP_F,2509,0.8259000235714142
COnP_F,2510,0.8628446585346632
COnP_F,2511,0.8580195270967472
COnP_F,2512,0.8552582731077638
COnP_F,2513,0.8405600920256684
COnP_F,2514,0.8166207724254548
COnP_F,2515,0.856712697535312
COnP_F,2516,0.8438259723745324
COnP_F,2517,0.8201241355276313
COnP_F,2518,0.8323625644931054
COnP_F,2519,0.8643241620620519
COnP_F,2520,0.8697369987996731
COnP_F,2521,0.8197320731076098
COnP_F,2522,0.8337775289486601
COnP_F,2523,0.8178727438695659
COnP_F,2524,0.8224345712853879
COnP_F,2525,0.8099719834421798
COnP_F,2526,0.851580040359186
COnP_F,2527,0.8089972238369095
COnP_F,2528,0.8377854539675404
COnP_F,2529,0.8433419984949525
COnP_F,2530,0.835727930356619
COnP_F,2531,0.8360772882361681
COnP_F,2532,0.8221107424760744
COnP_F,2533,0.8127323210626347
COnP_F,2534,0.790908548741946
COnP_F,2535,0.8180081781348305
COnP_F,2536,0.8372871916303793
COnP_F,2537,0.8255395786349342
COnP_F,2538,0.833627376833291
COnP_F,2539,0.818422780498652
COnP_F,2540,0.8384123084572334
COnP_F,2541,0.8008079147973144
COnP_F,2542,0.8097203102513791
COnP_F,2543,0.8350551489800246
COnP_F,2544,0.8504178219920643
COnP_F,2545,0.8128803935726858
COnP_F,2546,0.819164795981029
COnP_F,2547,0.8607506936289249
COnP_F,2548,0.8475257872938671
COnP_F,2549,0.8376822777610172
COnP_F,2550,0.8202732921197529
COnP_F,2551,0.833145032882563
COnP_F,2552,0.8340345777229341
COnP_F,2553,0.8422925901750746
COnP_F,2554,0.8387753922652408
COnP_F,2555,0.8494874296279925
COnP_F,2556,0.8175045748394772
COnP_F,2557,0.8228613693858722
COnP_F,2558,0.8240639920662369
COnP_F,2559,0.8577910563193925
COnP_F,2560,0.8347474305002143
COnP_F,2561,0.8264373240514784
COnP_F,2562,0.8219425888373528
COnP_F,2563,0.8314897944583577
COnP_F,2564,0.8115863936823334
COnP_F,2565,0.8469840094244558
COnP_F,2566,0.8566085781999896
COnP_F,2567,0.8479764027723778
COnP_F,2568,0.8424669944584816
COnP_F,2569,0.8114726338397713
COnP_F,2570,0.8340726266723738
COnP_F,2571,0.8194542713096923
COnP_F,2572,0.840799179256366
COnP_F,2573,0.8446316791619877
COnP_F,2574,0.8266027727544848
COnP_F,2575,0.8227642500579007
COnP_F,2576,0.8458953570327585
COnP_F,2577,0.848310353343499
COnP_F,2578,0.8337084390521985
COnP_F,2579,0.8550009480327375
COnP_F,2580,0.8067779636371599
COnP_F,2581,0.8229597796911522
COnP_F,2582,0.8372179631498791
COnP_F,2583,0.8509354397420715
COnP_F,2584,0.8771816613959723
COnP_F,2585,0.8438677103177552
COnP_F,2586,0.8389393504203353
COnP_F,2587,0.7992304285008927
COnP_F,2588,0.8523235125931204
COnP_F,2589,0.8460762263377384
COnP_F,2590,0.8102255263186906
COnP_F,2591,0.829320282403511
COnP_F,2592,0.829378526746278
COnP_F,2593,0.8280100837402958
COnP_F,2594,0.8307423523955674
COnP_F,2595,0.8418284903045965
COnP_F,2596,0.8290524673527975
COnP_F,2597,0.8174252931867653
COnP_F,2598,0.85745870828435
COnP_F,2599,0.842903283094574
COnP_F,2600,0.8514234870933354
COnP_F,2601,0.8051218495741489
COnP_F,2602,0.8002217806959537
COnP_F,2603,0.8256466417046898
COnP_F,2604,0.8528617288013883
COnP_F,2605,0.854845906764976
COnP_F,2606,0.8321619018500287
COnP_F,2607,0.8120665318098641
COnP_F,2608,0.8277227347683129
COnP_F,2609,0.812982262430203
COnP_F,2610,0.836636484714243
COnP_F,2611,0.8253073718103993
COnP_F,2612,0.8175729141246743
COnP_F,2613,0.8175562299796774
COnP_F,2614,0.8424849590094621
COnP_F,2615,0.8574661575407572
COnP_F,2616,0.8335341732414221
COnP_F,2617,0.8489177589490184
COnP_F,2618,0.8602261950078524
COnP_F,2619,0.8398254655391132
COnP_F,2620,0.8383694398993117
COnP_F,2621,0.840014340055275
COnP_F,2622,0.8268209828651969
COnP_F,2623,0.8217888085451416
COnP_F,2624,0.8363949991107462
COnP_F,2625,0.8676089939112736
COnP_F,2626,0.8429376032708292
COnP_F,2627,0.8307398938976284
COnP_F,2628,0.8517124149958246
COnP_F,2629,0.8132555295152158
COnP_F,2630,0.8165998293005815
COnP_F,2631,0.8480531715850457
COnP_F,2632,0.8330053323193748
COnP_F,2633,0.8048115828376416
COnP_F,2634,0.8381791414586447
COnP_F,2635,0.8345846773066906
COnP_F,2636,0.8201386555588218
COnP_F,2637,0.8360759209740821
COnP_F,2638,0.8513436971741791
COnP_F,2639,0.830491111084722
COnP_F,2640,0.8031776116883397
COnP_F,2641,0.8411554826314706
COnP_F,2642,0.8492230318360726
COnP_F,2643,0.8290709883445695
COnP_F,2644,0.8479047220814789
COnP_F,2645,0.8372112022709247
COnP_F,2646,0.8370144158802287
COnP_F,2647,0.8554104341960044
COnP_F,2648,0.8188465478829209
COnP_F,2649,0.8556384279350905
COnP_F,2650,0.8191185777703821
COnP_F,2651,0.830354997198291
COnP_F,2652,0.8286228589226111
COnP_F,2653,0.8304466109199129
COnP_F,2654,0.8140732685038329
COnP_F,2655,0.8258473780831198
COnP_F,2656,0.822615151616601
COnP_F,2657,0.8430495904686781
COnP_F,2658,0.855333721765966
COnP_F,2659,0.7994821364725917
COnP_F,2660,0.8164391497359338
COnP_F,2661,0.8446071457222767
COnP_F,2662,0.8257752843178897
COnP_F,2663,0.8371470016617931
COnP_F,2664,0.8199066716940514
COnP_F,2665,0.8491137636168822
COnP_F,2666,0.8151673159639102
COnP_F,2667,0.8435662329514378
COnP_F,2668,0.8278036713109165
COnP_F,2669,0.8410071883474316
COnP_F,2670,0.8500805435892104
COnP_F,2671,0.8393202767965491
COnP_F,2672,0.849392779193403
COnP_F,2673,0.8667551264463561
COnP_F,2674,0.7957791420169383
COnP_F,2675,0.8245600288186568
COnP_F,2676,0.8566259265930668
COnP_F,2677,0.8507632292715568
COnP_F,2678,0.8510687653945865
COnP_F,2679,0.8211719487043807
COnP_F,2680,0.8474600793269715
COnP_F,2681,0.8200403899152423
COnP_F,2682,0.8335386733767762
COnP_F,2683,0.854002130449414
COnP_F,2684,0.8352801473724192
COnP_F,2685,0.8080734480404137
COnP_F,2686,0.8310241185210262
COnP_F,2687,0.8196013188414341
COnP_F,2688,0.8057238168112197
COnP_F,2689,0.829588052778449
COnP_F,2690,0.8428804708079941
COnP_F,2691,0.8370885774155175
COnP_F,2692,0.8309210441756061
COnP_F,2693,0.8651088974660488
COnP_F,2694,0.8319835867518169
COnP_F,2695,0.8128006276560956
COnP_F,2696,0.8182624228466817
COnP_F,2697,0.8341634505515149
COnP_F,2698,0.8416694522294234
COnP_F,2699,0.8433634005901801
COnP_F,2700,0.8501833494056289
COnP_F,2701,0.8299836077298861
COnP_F,2702,0.8528628128695169
COnP_F,2703,0.8286333052382071
COnP_F,2704,0.8238299048144633
COnP_F,2705,0.8191380183116806
COnP_F,2706,0.8525782569967285
COnP_F,2707,0.8525316800470437
COnP_F,2708,0.827096272605374
COnP_F,2709,0.8171937028170476
COnP_F,2710,0.8233857173524809
COnP_F,2711,0.815808274789494
COnP_F,2712,0.8489048268919147
COnP_F,2713,0.8468880804734034
COnP_F,2714,0.8112199126866052
COnP_F,2715,0.8444643081575472
COnP_F,2716,0.823030548913945
COnP_F,2717,0.8433096186926254
COnP_F,2718,0.8404382125089255
COnP_F,2719,0.8377635481426422
COnP_F,2720,0.8311536050395627
COnP_F,2721,0.8266069517683168
COnP_F,2722,0.8299861479150853
COnP_F,2723,0.8221884676081385
COnP_F,2724,0.8721492663459938
COnP_F,2725,0.8263981219901879
COnP_F,2726,0.8548159985612699
COnP_F,2727,0.8405091602306914
COnP_F,2728,0.8339594406413696
COnP_F,2729,0.8231450052204774
COnP_F,2730,0.8277324836887955
COnP_F,2731,0.85226182398669
COnP_F,2732,0.8446636992778173
COnP_F,2733,0.8358264695448157
COnP_F,2734,0.8207343488754466
COnP_F,2735,0.8605362375583158
COnP_F,2736,0.8408946291420712
COnP_F,2737,0.8079194047085146
COnP_F,2738,0.8371448097810565
COnP_F,2739,0.8613250054121698
COnP_F,2740,0.8569542350594817
COnP_F,2741,0.8373385302042934
COnP_F,2742,0.8557368130620288
COnP_F,2743,0.8569244132917678
COnP_F,2744,0.8363422858597296
COnP_F,2745,0.8267701383034683
COnP_F,2746,0.8598094064076358
COnP_F,2747,0.8485814743845438
COnP_F,2748,0.8570280651496222
COnP_F,2749,0.8251483131184717
COnP_F,2750,0.8435437466467895
COnP_F,2751,0.8249578464599945
COnP_F,2752,0.8437021504557748
COnP_F,2753,0.8174761551812306
COnP_F,2754,0.8152687753718062
COnP_F,2755,0.8271350950067926
COnP_F,2756,0.8444476944923702
COnP_F,2757,0.8479102096728715
COnP_F,2758,0.8447607663687646
COnP_F,2759,0.821868416042415
COnP_F,2760,0.8411685870265346
COnP_F,2761,0.8701863219524146
COnP_F,2762,0.8377637975717458
COnP_F,2763,0.8360917878252193
COnP_F,2764,0.8404882001324259
COnP_F,2765,0.8410218443430695
COnP_F,2766,0.8413617272903016
COnP_F,2767,0.8301042164951269
COnP_F,2768,0.8408989629714165
COnP_F,2769,0.82281028944173
COnP_F,2770,0.8078940315884797
COnP_F,2771,0.8410280556603558
COnP_F,2772,0.7987316460836047
COnP_F,2773,0.831089874888044
COnP_F,2774,0.8212922740102058
COnP_F,2775,0.8332516297941379
COnP_F,2776,0.8301003866180198
COnP_F,2777,0.8218619366583354
COnP_F,2778,0.8399268977209323
COnP_F,2779,0.8319845308019375
COnP_F,2780,0.8364830012897797
COnP_F,2781,0.8300988658558692
COnP_F,2782,0.8513389441360093
COnP_F,2783,0.8049923132592162
COnP_F,2784,0.8352634121409219
COnP_F,2785,0.843801219887389
COnP_F,2786,0.8553163552024339
COnP_F,2787,0.8299228023075887
COnP_F,2788,0.8278176787955623
COnP_F,2789,0.8113200627810381
COnP_F,2790,0.8423878006414893
COnP_F,2791,0.8499212094329116
COnP_F,2792,0.8365973326307481
COnP_F,2793,0.8448147993287805
COnP_F,2794,0.8140179849940488
COnP_F,2795,0.8555289194755867
COnP_F,2796,0.8438604999100953
COnP_F,2797,0.8430890961870743
COnP_F,2798,0.8453806253808254
COnP_F,2799,0.8444154742889293
COnP_F,2800,0.8348458070700042
COnP_F,2801,0.8480062617193526
COnP_F,2802,0.8490653260102698
COnP_F,2803,0.8395571841376435
COnP_F,2804,0.83861591744732
COnP_F,2805,0.7779981396469345
COnP_F,2806,0.8459647848432262
COnP_F,2807,0.8087791457583383
COnP_F,2808,0.8349413912446327
COnP_F,2809,0.8239920905164425
COnP_F,2810,0.8355032101721172
COnP_F,2811,0.8304940866241796
COnP_F,2812,0.8385557455161349
COnP_F,2813,0.8282369139435841
COnP_F,2814,0.8439459747963887
COnP_F,2815,0.8415006685141357
COnP_F,2816,0.8391010540117009
COnP_F,2817,0.8393483013617465
COnP_F,2818,0.803083968108485
COnP_F,2819,0.8290182078199222
COnP_F,2820,0.8193689042630369
COnP_F,2821,0.8523704486506155
COnP_F,2822,0.8252822663318756
COnP_F,2823,0.8210218067342732
COnP_F,2824,0.8584594953608791
COnP_F,2825,0.8495117637955624
COnP_F,2826,0.8283209037635485
COnP_F,2827,0.8173643810134097
COnP_F,2828,0.8224715153803014
COnP_F,2829,0.8549271938929055
COnP_F,2830,0.8034659810249599
COnP_F,2831,0.8282632807046273
COnP_F,2832,0.8319093732633678
COnP_F,2833,0.844200078943225
COnP_F,2834,0.8183432838044256
COnP_F,2835,0.8244894010900978
COnP_F,2836,0.8589935655184202
COnP_F,2837,0.8210206372743458
COnP_F,2838,0.8448380655958347
COnP_F,2839,0.8414211313626059
COnP_F,2840,0.8351883234873475
COnP_F,2841,0.8644700664915916
COnP_F,2842,0.8468156372850943
COnP_F,2843,0.8454559629405551
COnP_F,2844,0.836214418809228
COnP_F,2845,0.8444428774756434
COnP_F,2846,0.8562974563883303
COnP_F,2847,0.826742106734088
COnP_F,2848,0.8152371155827044
COnP_F,2849,0.8359690818741539
COnP_F,2850,0.8452368120055954
COnP_F,2851,0.846222902899934
COnP_F,2852,0.8534399578308608
COnP_F,2853,0.8323379249053936
COnP_F,2854,0.8377457162209877
COnP_F,2855,0.8274456703792766
COnP_F,2856,0.8420088471603951
COnP_F,2857,0.8363809262233052
COnP_F,2858,0.8119096037037548
COnP_F,2859,0.8060057450254711
COnP_F,2860,0.8554426980260104
COnP_F,2861,0.8258178744320246
COnP_F,2862,0.8323686339530174
COnP_F,2863,0.8335800257762254
COnP_F,2864,0.854805933804279
COnP_F,2865,0.8250388236282017
COnP_F,2866,0.8343531203676292
COnP_F,2867,0.8455381186655608
COnP_F,2868,0.8454110892943952
COnP_F,2869,0.8478893768538773
COnP_F,2870,0.831607931268996
COnP_F,2871,0.8223300350123207
COnP_F,2872,0.8027432552957592
COnP_F,2873,0.8427729765605093
COnP_F,2874,0.8380384354508081
COnP_F,2875,0.8408292690858423
COnP_F,2876,0.8262229920686358
COnP_F,2877,0.8308625324869893
COnP_F,2878,0.8174332321427714
COnP_F,2879,0.8557326480107077
COnP_F,2880,0.827255433950344
COnP_F,2881,0.8242897864793314
COnP_F,2882,0.8516353586697774
COnP_F,2883,0.8203794256485212
COnP_F,2884,0.8318851755654983
COnP_F,2885,0.8540192511721764
COnP_F,2886,0.8381754763265137
COnP_F,2887,0.8297006103337721
COnP_F,2888,0.8389703957562772
COnP_F,2889,0.8379997053606127
COnP_F,2890,0.8434269204067334
COnP_F,2891,0.8236509912217848
COnP_F,2892,0.8347767103972208
COnP_F,2893,0.8265082940907814
COnP_F,2894,0.8334077311826166
COnP_F,2895,0.8433184094912851
COnP_F,2896,0.8439682534105178
COnP_F,2897,0.8521649772911309
COnP_F,2898,0.856859486516976
COnP_F,2899,0.832237516367973
COnP_F,2900,0.8387769591474888
COnP_F,2901,0.8625909660373224
COnP_F,2902,0.8429181080426723
COnP_F,2903,0.830084508197088
COnP_F,2904,0.8336588592943679
COnP_F,2905,0.8560656745028986
COnP_F,2906,0.8763843604779146
COnP_F,2907,0.8491294522265243
COnP_F,2908,0.8529053920604813
COnP_F,2909,0.8605387209775421
COnP_F,2910,0.83722628493974
COnP_F,2911,0.8155900057203042
COnP_F,2912,0.8627208219205883
COnP_F,2913,0.8225090355297185
COnP_F,2914,0.8642356997864228
COnP_F,2915,0.8178513892044524
COnP_F,2916,0.8337237105770202
COnP_F,2917,0.830697577291132
COnP_F,2918,0.8404013268039221
COnP_F,2919,0.8360829570679438
COnP_F,2920,0.8300474497593932
COnP_F,2921,0.8017094057941431
COnP_F,2922,0.8351921606315313
COnP_F,2923,0.8268946498651651
COnP_F,2924,0.8503550959240117
COnP_F,2925,0.8302194471468699
COnP_F,2926,0.8412795745836652
COnP_F,2927,0.8356607451486213
COnP_F,2928,0.843121846051222
COnP_F,2929,0.8392469330860534
COnP_F,2930,0.8211748199847466
COnP_F,2931,0.8410347418268551
COnP_F,2932,0.8304595703072725
COnP_F,2933,0.8433972041397495
COnP_F,2934,0.8361651261111401
COnP_F,2935,0.8461125428561965
COnP_F,2936,0.8158272675299374
COnP_F,2937,0.8346633045711609
COnP_F,2938,0.8259484996591363
COnP_F,2939,0.8276357848750626
COnP_F,2940,0.845328233033627
COnP_F,2941,0.8062699786337219
COnP_F,2942,0.817250376584358
COnP_F,2943,0.8254754383873194
COnP_F,2944,0.8551338196142346
COnP_F,2945,0.851390708171496
COnP_F,2946,0.8069477878425285
COnP_F,2947,0.8319313171416965
COnP_F,2948,0.8408892678258661
COnP_F,2949,0.826376553886547
COnP_F,2950,0.8392982079141367
COnP_F,2951,0.8390056725473978
COnP_F,2952,0.8243329563124678
COnP_F,2953,0.8322287064665665
COnP_F,2954,0.8179386371097376
COnP_F,2955,0.8215356907531068
COnP_F,2956,0.8483342352315514
COnP_F,2957,0.8528801865664076
COnP_F,2958,0.833289713190616
COnP_F,2959,0.8389547380941343
COnP_F,2960,0.8135946404157258
COnP_F,2961,0.8417400876993467
COnP_F,2962,0.8285825680531854
COnP_F,2963,0.8098109426567229
COnP_F,2964,0.8394407590079872
COnP_F,2965,0.8194382008363484
COnP_F,2966,0.8389590525619721
COnP_F,2967,0.8186940417233878
COnP_F,2968,0.8319427435209843
COnP_F,2969,0.829723451262663
COnP_F,2970,0.8090234360971517
COnP_F,2971,0.8366782906187034
COnP_F,2972,0.8336112854348944
COnP_F,2973,0.8162857483410965
COnP_F,2974,0.8417942045305588
COnP_F,2975,0.8420430747463526
COnP_F,2976,0.7926655283115285
COnP_F,2977,0.8415184248696875
COnP_F,2978,0.8144216838178417
COnP_F,2979,0.8291647148203282
COnP_F,2980,0.8185887784135643
COnP_F,2981,0.8195095605454541
COnP_F,2982,0.809044564980194
COnP_F,2983,0.8653065431480996
COnP_F,2984,0.8371316536795316
COnP_F,2985,0.8640376046880341
COnP_F,2986,0.8136426186304365
COnP_F,2987,0.8564388945946104
COnP_F,2988,0.8402265296189428
COnP_F,2989,0.8493886975607011
COnP_F,2990,0.8472405959847495
COnP_F,2991,0.8351790920734895
COnP_F,2992,0.8419160349949938
COnP_F,2993,0.8370839532929872
COnP_F,2994,0.8516980112708825
COnP_F,2995,0.8085898159966683
COnP_F,2996,0.8292662679819869
COnP_F,2997,0.8279413959078769
COnP_F,2998,0.8318260321702865
COnP_F,2999,0.8534909730212751
COnP_F,3000,0.8350352217197747
COnP_F,3001,0.8774600064200215
COnP_F,3002,0.8451082298924469
COnP_F,3003,0.8042579586422797
COnP_F,3004,0.8447729987201666
COnP_F,3005,0.8103068392370475
COnP_F,3006,0.8563620433584977
COnP_F,3007,0.8143670051530313
COnP_F,3008,0.8183745431408823
COnP_F,3009,0.8242919059594279
COnP_F,3010,0.8447977276823126
COnP_F,3011,0.8210472534305264
COnP_F,3012,0.86614235998576
COnP_F,3013,0.8568492952126299
COnP_F,3014,0.8518630541986817
COnP_F,3015,0.8349301974901319
COnP_F,3016,0.8447079435501724
COnP_F,3017,0.8227768704301495
COnP_F,3018,0.8129938747417366
COnP_F,3019,0.8171855907077417
COnP_F,3020,0.8489276108178645
COnP_F,3021,0.7937247106559003
COnP_F,3022,0.840638608688063
COnP_F,3023,0.8518230870532971
COnP_F,3024,0.8526469310860844
COnP_F,3025,0.8416097207599876
COnP_F,3026,0.8394655032371134
COnP_F,3027,0.8473084033132473
COnP_F,3028,0.8345636524294013
COnP_F,3029,0.867262586998969
COnP_F,3030,0.8122921746758994
COnP_F,3031,0.8311013969039793
COnP_F,3032,0.8019221432362857
COnP_F,3033,0.8287465193225749
COnP_F,3034,0.8317510971083522
COnP_F,3035,0.8554964660568197
COnP_F,3036,0.8171032871989027
COnP_F,3037,0.83185190236275
COnP_F,3038,0.8716120777585218
COnP_F,3039,0.8192670540579675
COnP_F,3040,0.8451088834628928
COnP_F,3041,0.8378573233962515
COnP_F,3042,0.8631968824239772
COnP_F,3043,0.8625508305828266
COnP_F,3044,0.848039976682686
COnP_F,3045,0.842638872149427
COnP_F,3046,0.852533425127788
COnP_F,3047,0.8409189460621765
COnP_F,3048,0.7996390821046288
COnP_F,3049,0.8331375757735549
COnP_F,3050,0.8619807225307725
COnP_F,3051,0.8607760115842993
COnP_F,3052,0.8405751208738854
COnP_F,3053,0.8478904122825345
COnP_F,3054,0.8342586057012396
COnP_F,3055,0.8188589593450935
COnP_F,3056,0.840471264754605
COnP_F,3057,0.8044734672471138
COnP_F,3058,0.8328593856707907
COnP_F,3059,0.8266205981805634
COnP_F,3060,0.8324270093337126
COnP_F,3061,0.8244677702088171
COnP_F,3062,0.830102910592181
COnP_F,3063,0.8497867993829151
COnP_F,3064,0.8394487907667078
COnP_F,3065,0.8380377855655712
COnP_F,3066,0.8168787770340679
COnP_F,3067,0.8381877480257124
COnP_F,3068,0.8128846306071831
COnP_F,3069,0.8504633356481814
COnP_F,3070,0.8442932958293815
COnP_F,3071,0.8547276644287053
COnP_F,3072,0.8440885339250124
COnP_F,3073,0.8405235549086063
COnP_F,3074,0.8556811951768454
COnP_F,3075,0.8432596659437552
COnP_F,3076,0.8502120598038088
COnP_F,3077,0.8273387436686999
COnP_F,3078,0.8378076371948789
COnP_F,3079,0.8442745306171971
COnP_F,3080,0.8473340266093871
COnP_F,3081,0.842021780422745
COnP_F,3082,0.8422356947130563
COnP_F,3083,0.8236002073110229
COnP_F,3084,0.8180706045520669
COnP_F,3085,0.8670234600734953
COnP_F,3086,0.8335233210360105
COnP_F,3087,0.832176803327468
COnP_F,3088,0.818551481124644
COnP_F,3089,0.8321462472826882
COnP_F,3090,0.8324982937522013
COnP_F,3091,0.8173523972550655
COnP_F,3092,0.8410978508924292
COnP_F,3093,0.8092201569245465
COnP_F,3094,0.8124435732628337
COnP_F,3095,0.8724849882898283
COnP_F,3096,0.8620395640334024
COnP_F,3097,0.8135090452513066
COnP_F,3098,0.85381993993646
COnP_F,3099,0.827842192507419
COnP_F,3100,0.8254676119531716
COnP_F,3101,0.8266248633810891
COnP_F,3102,0.8170909690891752
COnP_F,3103,0.8322285662040174
COnP_F,3104,0.8399768810304892
COnP_F,3105,0.8017369588901757
COnP_F,3106,0.824940653436534
COnP_F,3107,0.8296169371831329
COnP_F,3108,0.8199195514360006
COnP_F,3109,0.8394445199381227
COnP_F,3110,0.8468450412329473
COnP_F,3111,0.8236540192000078
COnP_F,3112,0.8263454198194525
COnP_F,3113,0.810563248680381
COnP_F,3114,0.8356454868502702
COnP_F,3115,0.8451234260533488
COnP_F,3116,0.8472485768051274
COnP_F,3117,0.8344946222151299
COnP_F,3118,0.8515781210827612
COnP_F,3119,0.8380180044106078
COnP_F,3120,0.8078643496351381
COnP_F,3121,0.8288891665250525
COnP_F,3122,0.839308430171779
COnP_F,3123,0.8479609596813017
COnP_F,3124,0.8207244497817459
COnP_F,3125,0.8149629427794316
COnP_F,3126,0.8207902189408717
COnP_F,3127,0.8247069116431305
COnP_F,3128,0.8508937394395638
COnP_F,3129,0.8278190635470505
COnP_F,3130,0.8479962077182354
COnP_F,3131,0.8142115954103663
COnP_F,3132,0.8013749395500364
COnP_F,3133,0.8282896079907478
COnP_F,3134,0.8192080231045321
COnP_F,3135,0.8241387895719072
COnP_F,3136,0.8103918739695019
COnP_F,3137,0.8123883347930283
COnP_F,3138,0.8280156440661784
COnP_F,3139,0.8583003412390483
COnP_F,3140,0.8500726140707875
COnP_F,3141,0.8178971049874576
COnP_F,3142,0.8133767563076285
COnP_F,3143,0.8254502715194111
COnP_F,3144,0.8443563712235533
COnP_F,3145,0.8424452534767283
COnP_F,3146,0.8166180303431946
COnP_F,3147,0.8293117126704662
COnP_F,3148,0.845614931897887
COnP_F,3149,0.8238607866578525
COnP_F,3150,0.8382102769434011
COnP_F,3151,0.848302303232026
COnP_F,3152,0.8621915708993344
COnP_F,3153,0.8307743954415878
COnP_F,3154,0.829073086793542
COnP_F,3155,0.8391651292257342
COnP_F,3156,0.8185644818372225
COnP_F,3157,0.8697636017023346
COnP_F,3158,0.8315175703937429
COnP_F,3159,0.8476151968948088
COnP_F,3160,0.8122786896740882
COnP_F,3161,0.865259331150811
COnP_F,3162,0.8286130832584565
COnP_F,3163,0.8213794250303909
COnP_F,3164,0.8574912457846837
COnP_F,3165,0.8306564946854024
COnP_F,3166,0.8504630986478684
COnP_F,3167,0.8456001972204309
COnP_F,3168,0.8375308477701144
COnP_F,3169,0.8534749772257182
COnP_F,3170,0.8550054443668609
COnP_F,3171,0.8437323828071848
COnP_F,3172,0.817567285425988
COnP_F,3173,0.8208888041515897
COnP_F,3174,0.8602196719022089
COnP_F,3175,0.8262646269372145
COnP_F,3176,0.8296795509682685
COnP_F,3177,0.8207775747906139
COnP_F,3178,0.8607943787482327
COnP_F,3179,0.8282636012206979
COnP_F,3180,0.8093807574242212
COnP_F,3181,0.8200557549975134
COnP_F,3182,0.8205891892448202
COnP_F,3183,0.7965569155197499
COnP_F,3184,0.8326722706920819
COnP_F,3185,0.8325036733714497
COnP_F,3186,0.839669082947992
COnP_F,3187,0.8641323061211409
COnP_F,3188,0.8155024673136281
COnP_F,3189,0.8353636258139467
COnP_F,3190,0.8397159506478719
COnP_F,3191,0.8146449834579792
COnP_F,3192,0.8290882469395869
COnP_F,3193,0.8179388828791833
COnP_F,3194,0.8343966022450197
COnP_F,3195,0.8517473683145944
COnP_F,3196,0.8326544865474191
COnP_F,3197,0.8465863155928429
COnP_F,3198,0.8467430731432649
COnP_F,3199,0.837355254694643
COnP_F,3200,0.855960732344352
COnP_F,3201,0.8266877410413324
COnP_F,3202,0.8416928424418628
COnP_F,3203,0.793479316417988
COnP_F,3204,0.809075331170685
COnP_F,3205,0.8371259403315174
COnP_F,3206,0.8614553937998817
COnP_F,3207,0.834055775910084
COnP_F,3208,0.8318623748466664
COnP_F,3209,0.8565045363129873
COnP_F,3210,0.8237172506037375
COnP_F,3211,0.8371284598364213
COnP_F,3212,0.830090400326599
COnP_F,3213,0.803863900046491
COnP_F,3214,0.8269657467701691
COnP_F,3215,0.8340939479868134
COnP_F,3216,0.8555676506406339
COnP_F,3217,0.8182930247998218
COnP_F,3218,0.8536895930522609
COnP_F,3219,0.8393718323277108
COnP_F,3220,0.8336210006219439
COnP_F,3221,0.8272731528672493
COnP_F,3222,0.8580758274669776
COnP_F,3223,0.829550439955751
COnP_F,3224,0.842272798172592
COnP_F,3225,0.8479335859642574
COnP_F,3226,0.790915969991833
COnP_F,3227,0.8511734192131314
COnP_F,3228,0.8271676878211318
COnP_F,3229,0.8168808002156004
COnP_F,3230,0.8643023792750324
COnP_F,3231,0.8387430685539053
COnP_F,3232,0.8268942173534463
COnP_F,3233,0.8429081666785467
COnP_F,3234,0.8455570564038443
COnP_F,3235,0.8217873012805971
COnP_F,3236,0.8323789629747854
COnP_F,3237,0.8519813818503996
COnP_F,3238,0.8220123867284312
COnP_F,3239,0.8536093633828473
COnP_F,3240,0.7943632444979132
COnP_F,3241,0.8375038207671133
COnP_F,3242,0.8486427956973778
COnP_F,3243,0.8245668151687318
COnP_F,3244,0.8534449609902537
COnP_F,3245,0.855937460276636
COnP_F,3246,0.8050473912780296
COnP_F,3247,0.8396562719541132
COnP_F,3248,0.8182709123888694
COnP_F,3249,0.8531296667166981
COnP_F,3250,0.865698339317768
COnP_F,3251,0.8762982536454474
COnP_F,3252,0.8207088176488618
COnP_F,3253,0.8414290338097036
COnP_F,3254,0.8691812073567041
COnP_F,3255,0.8519137054698515
COnP_F,3256,0.8373022767350772
COnP_F,3257,0.8349257914309722
COnP_F,3258,0.7995329829760102
COnP_F,3259,0.8675668899045765
COnP_F,3260,0.8508306925231026
COnP_F,3261,0.8641958114736813
COnP_F,3262,0.8474095813445425
COnP_F,3263,0.8222167392658077
COnP_F,3264,0.8201298871100475
COnP_F,3265,0.8397332464617391
COnP_F,3266,0.8421430014085486
COnP_F,3267,0.8248283733099399
COnP_F,3268,0.8643903798227797
COnP_F,3269,0.8082713528645571
COnP_F,3270,0.8095033569515359
COnP_F,3271,0.8329195975186507
COnP_F,3272,0.8249051395822821
COnP_F,3273,0.8331019406081042
COnP_F,3274,0.8261926760512669
COnP_F,3275,0.8305998493583502
COnP_F,3276,0.8732041037498193
COnP_F,3277,0.8286438954128554
COnP_F,3278,0.8325830538841305
COnP_F,3279,0.8325088870137684
COnP_F,3280,0.8222189091496375
COnP_F,3281,0.8289719009530538
COnP_F,3282,0.8183797060884735
COnP_F,3283,0.8318357415379126
COnP_F,3284,0.8490409492198417
COnP_F,3285,0.8389104892160171
COnP_F,3286,0.8211365053781652
COnP_F,3287,0.8595066688231977
COnP_F,3288,0.8050293769578257
COnP_F,3289,0.8611784834448928
COnP_F,3290,0.8173810569834996
COnP_F,3291,0.8317883926804278
COnP_F,3292,0.8227435576053208
COnP_F,3293,0.8362753526828118
COnP_F,3294,0.8153621704701566
COnP_F,3295,0.8370985599938967
COnP_F,3296,0.8536769680146611
COnP_F,3297,0.8181722453486707
COnP_F,3298,0.8246384250069467
COnP_F,3299,0.8113645429146029
COnP_F,3300,0.8202912107952421
COnP_F,3301,0.8444538175352029
COnP_F,3302,0.8237656097869039
COnP_F,3303,0.8190359762761061
COnP_F,3304,0.8530406617397442
COnP_F,3305,0.8385519488844424
COnP_F,3306,0.8561486070611921
COnP_F,3307,0.8347203730616252
COnP_F,3308,0.8356295927092114
COnP_F,3309,0.8228415160699457
COnP_F,3310,0.8551843175055464
COnP_F,3311,0.8222517566141798
COnP_F,3312,0.8263276786839466
COnP_F,3313,0.8405003999790762
COnP_F,3314,0.8491232035286285
COnP_F,3315,0.8363143261341234
COnP_F,3316,0.8205805440416448
COnP_F,3317,0.8324409511806007
COnP_F,3318,0.8408182853431746
COnP_F,3319,0.8406157129155061
COnP_F,3320,0.8440872743095088
COnP_F,3321,0.8335220289844204
COnP_F,3322,0.8469069373402691
COnP_F,3323,0.833477984747014
COnP_F,3324,0.8223263113295258
COnP_F,3325,0.8219445913669631
COnP_F,3326,0.8652008088222507
COnP_F,3327,0.842921932975388
COnP_F,3328,0.8506328691376028
COnP_F,3329,0.8314031583547554
COnP_F,3330,0.8466421301998655
COnP_F,3331,0.8223778640645841
COnP_F,3332,0.8224224998490408
COnP_F,3333,0.8483142267428614
COnP_F,3334,0.8333316296683216
COnP_F,3335,0.8259108139387813
COnP_F,3336,0.8272045408349281
COnP_F,3337,0.8490190493944397
COnP_F,3338,0.8616216604425561
COnP_F,3339,0.849946849465883
COnP_F,3340,0.821050617097096
COnP_F,3341,0.8291324077841037
COnP_F,3342,0.8498795112806817
COnP_F,3343,0.812154165149713
COnP_F,3344,0.8218009442598944
COnP_F,3345,0.8434830896385204
COnP_F,3346,0.8505505066394159
COnP_F,3347,0.8351087780810953
COnP_F,3348,0.8470292025521395
COnP_F,3349,0.838257491348852
COnP_F,3350,0.8135630372000451
COnP_F,3351,0.7872224414763953
COnP_F,3352,0.8299685003342793
COnP_F,3353,0.8022716255016217
COnP_F,3354,0.8338460079307293
COnP_F,3355,0.8679262994598733
COnP_F,3356,0.8211756743427139
COnP_F,3357,0.859823509014315
COnP_F,3358,0.8238816601691662
COnP_F,3359,0.8315430874443954
COnP_F,3360,0.8362306371032664
COnP_F,3361,0.8486982313133801
COnP_F,3362,0.8571830728058374
COnP_F,3363,0.8112718618480332
COnP_F,3364,0.8219089491115137
COnP_F,3365,0.836629204934081
COnP_F,3366,0.8454185755969557
COnP_F,3367,0.798733837760377
COnP_F,3368,0.8400546027079497
COnP_F,3369,0.8523835683878033
COnP_F,3370,0.8507875222583392
COnP_F,3371,0.8124803753062497
COnP_F,3372,0.803583880776191
COnP_F,3373,0.798093748458611
COnP_F,3374,0.8357188999567391
COnP_F,3375,0.8494191119749481
COnP_F,3376,0.8524458930211761
COnP_F,3377,0.8296208713665898
COnP_F,3378,0.8164635932378023
COnP_F,3379,0.8116551934159727
COnP_F,3380,0.8401375137376256
COnP_F,3381,0.8150889083555929
COnP_F,3382,0.8151538532180297
COnP_F,3383,0.8470036920849322
COnP_F,3384,0.8578783574418617
COnP_F,3385,0.7861475554567148
COnP_F,3386,0.8169280472050503
COnP_F,3387,0.8393629455926137
COnP_F,3388,0.8090817563091988
COnP_F,3389,0.8047426970562127
COnP_F,3390,0.8347241872770598
COnP_F,3391,0.8256247061457606
COnP_F,3392,0.8564958711871679
COnP_F,3393,0.8243602231080371
COnP_F,3394,0.8366420207778666
COnP_F,3395,0.8438842094243291
COnP_F,3396,0.8604991875662268
COnP_F,3397,0.868670128230921
COnP_F,3398,0.8556888475937806
COnP_F,3399,0.8323424015381198
COnP_F,3400,0.8122377656226931
COnP_F,3401,0.8355769543375862
COnP_F,3402,0.8314641690389554
COnP_F,3403,0.8239184123819373
COnP_F,3404,0.8538791557289316
COnP_F,3405,0.8022253143951519
COnP_F,3406,0.8316807165156875
COnP_F,3407,0.8193710195432825
COnP_F,3408,0.8414217858413107
COnP_F,3409,0.858345622014831
COnP_F,3410,0.8389353826986472
COnP_F,3411,0.8374718642833879
COnP_F,3412,0.8452708475695849
COnP_F,3413,0.8566694509803898
COnP_F,3414,0.8362992073776003
COnP_F,3415,0.8364519985299177
COnP_F,3416,0.8584083793135056
COnP_F,3417,0.8667701347101622
COnP_F,3418,0.8278840522355956
COnP_F,3419,0.825589514662463
COnP_F,3420,0.8200957326443682
COnP_F,3421,0.8413667192308572
COnP_F,3422,0.8541783154681077
COnP_F,3423,0.8453287949415094
COnP_F,3424,0.7965272931350509
COnP_F,3425,0.8301923069958089
COnP_F,3426,0.8607124271623725
COnP_F,3427,0.8318691022381455
COnP_F,3428,0.7892708907682623
COnP_F,3429,0.8136900284869595
COnP_F,3430,0.8161387829160421
COnP_F,3431,0.8199802221625332
COnP_F,3432,0.874814657430041
COnP_F,3433,0.8169505566793029
COnP_F,3434,0.8247186832498155
COnP_F,3435,0.8449776847040239
COnP_F,3436,0.8589499948071846
COnP_F,3437,0.8455205027743005
COnP_F,3438,0.8422396836537767
COnP_F,3439,0.8674778272140069
COnP_F,3440,0.850347380825275
COnP_F,3441,0.8139611025827374
COnP_F,3442,0.8608137463242574
COnP_F,3443,0.8260400554907273
COnP_F,3444,0.8555685789051686
COnP_F,3445,0.8421122083420459
COnP_F,3446,0.8285279258573691
COnP_F,3447,0.8439259858273737
COnP_F,3448,0.8577991114076525
COnP_F,3449,0.8263848877210901
COnP_F,3450,0.8229443716277229
COnP_F,3451,0.8093467248940577
COnP_F,3452,0.8459226278818591
COnP_F,3453,0.8291475171829358
COnP_F,3454,0.8696085133601639
COnP_F,3455,0.8182585095994158
COnP_F,3456,0.8247668412806789
COnP_F,3457,0.8502333077520327
COnP_F,3458,0.8524595969163254
COnP_F,3459,0.8134122688792528
COnP_F,3460,0.8241101072482715
COnP_F,3461,0.8605873231465409
COnP_F,3462,0.8680158285435297
COnP_F,3463,0.8281733260435633
COnP_F,3464,0.8540947892218975
COnP_F,3465,0.8359378869482099
COnP_F,3466,0.8451662466447256
COnP_F,3467,0.8465545309821813
COnP_F,3468,0.8435707687148649
COnP_F,3469,0.8466659275055427
COnP_F,3470,0.844441431287063
COnP_F,3471,0.8362396529968062
COnP_F,3472,0.8225613113524177
COnP_F,3473,0.8139682455060179
COnP_F,3474,0.8266167640198527
COnP_F,3475,0.8525726368411629
COnP_F,3476,0.8614767890234102
COnP_F,3477,0.8439717965852933
COnP_F,3478,0.8427888673881521
COnP_F,3479,0.8264741062952295
COnP_F,3480,0.8280548753422673
COnP_F,3481,0.8433119811367635
COnP_F,3482,0.8115424851890517
COnP_F,3483,0.7897208828226737
COnP_F,3484,0.8332015402699054
COnP_F,3485,0.8352543538985554
COnP_F,3486,0.8129857310443817
COnP_F,3487,0.8454988700111972
COnP_F,3488,0.8068987355382102
COnP_F,3489,0.8323027318724019
COnP_F,3490,0.8321199791703482
COnP_F,3491,0.8548219780992563
COnP_F,3492,0.8361863867979838
COnP_F,3493,0.8390921852849137
COnP_F,3494,0.8442492099872804
COnP_F,3495,0.8412961694064979
COnP_F,3496,0.8329209833388534
COnP_F,3497,0.7994015879231968
COnP_F,3498,0.8231084417528031
COnP_F,3499,0.817322425584305
COnP_F,3500,0.8536026331168481
COnP_F,3501,0.8681099699435735
COnP_F,3502,0.8534692065595129
COnP_F,3503,0.8406925090437402
COnP_F,3504,0.8501326424474531
COnP_F,3505,0.8303967385681267
COnP_F,3506,0.8298372857291381
COnP_F,3507,0.8056336859208675
COnP_F,3508,0.8018774871171872
COnP_F,3509,0.8440137540600908
COnP_F,3510,0.8370140738715871
COnP_F,3511,0.8325894469938571
COnP_F,3512,0.8496475329781056
COnP_F,3513,0.8687645649539455
COnP_F,3514,0.8077336340513046
COnP_F,3515,0.8435150524933362
COnP_F,3516,0.8300075248387506
COnP_F,3517,0.8294960315003845
COnP_F,3518,0.82361729390177
COnP_F,3519,0.8427270352042807
COnP_F,3520,0.8301757553619173
COnP_F,3521,0.8319473675952379
COnP_F,3522,0.8335313393364118
COnP_F,3523,0.8512225267422193
COnP_F,3524,0.8259713452429365
COnP_F,3525,0.8293022975630852
COnP_F,3526,0.8441350536407057
COnP_F,3527,0.844829573760918
COnP_F,3528,0.8409620767454948
COnP_F,3529,0.8663990864954351
COnP_F,3530,0.8465379905695699
COnP_F,3531,0.8536636627030005
COnP_F,3532,0.8130822973852966
COnP_F,3533,0.8317821393186681
COnP_F,3534,0.8298795989348374
COnP_F,3535,0.8272991916575034
COnP_F,3536,0.8203123239802054
COnP_F,3537,0.8613115212443346
COnP_F,3538,0.8297888477499423
COnP_F,3539,0.8556785177304347
COnP_F,3540,0.8278099080689687
COnP_F,3541,0.8630117615600512
COnP_F,3542,0.8458571045498874
COnP_F,3543,0.8485774876490929
COnP_F,3544,0.843327346767001
COnP_F,3545,0.8326550760083604
COnP_F,3546,0.8414379247261805
COnP_F,3547,0.8366649563728153
COnP_F,3548,0.8173600571489811
COnP_F,3549,0.847586061869489
COnP_F,3550,0.8531544073386171
COnP_F,3551,0.8499039657439622
COnP_F,3552,0.8467928029638958
COnP_F,3553,0.8355890753415739
COnP_F,3554,0.8444355051925742
COnP_F,3555,0.8553128344728349
COnP_F,3556,0.8304490347794518
COnP_F,3557,0.8288290374928406
COnP_F,3558,0.8284763787452064
COnP_F,3559,0.8314806019860584
COnP_F,3560,0.8298024494880739
COnP_F,3561,0.8526235908084834
COnP_F,3562,0.8343677829133013
COnP_F,3563,0.8248340775591199
COnP_F,3564,0.8690546445474677
COnP_F,3565,0.8437547335317426
COnP_F,3566,0.8301672367967238
COnP_F,3567,0.8450184869338756
COnP_F,3568,0.8486182278461778
COnP_F,3569,0.8226662933814114
COnP_F,3570,0.8671412007592769
COnP_F,3571,0.8503420640785715
COnP_F,3572,0.8508417213201235
COnP_F,3573,0.8619531207599138
COnP_F,3574,0.8217500945258609
COnP_F,3575,0.8513080631437576
COnP_F,3576,0.8384443654566278
COnP_F,3577,0.8315927412702963
COnP_F,3578,0.8264492735127412
COnP_F,3579,0.8343125077850477
COnP_F,3580,0.8367442394352408
COnP_F,3581,0.8514121924112809
COnP_F,3582,0.8442310420115766
COnP_F,3583,0.8388883998627331
COnP_F,3584,0.8124297883036941
COnP_F,3585,0.8200482244193517
COnP_F,3586,0.8169570330686093
COnP_F,3587,0.8187130295905378
COnP_F,3588,0.7888642433543885
COnP_F,3589,0.8578038461733661
COnP_F,3590,0.8365587273003833
COnP_F,3591,0.834129306305383
COnP_F,3592,0.8679022336991543
COnP_F,3593,0.85903372773793
COnP_F,3594,0.8496421362835723
COnP_F,3595,0.8437210731371916
COnP_F,3596,0.8233226271220999
COnP_F,3597,0.8265742395890595
COnP_F,3598,0.8316337857531856
COnP_F,3599,0.8361253930199782
COnP_F,3600,0.8425510597532998
COnP_F,3601,0.8441862280408429
COnP_F,3602,0.8180005660303759
COnP_F,3603,0.8400091559845747
COnP_F,3604,0.8522532475623715
COnP_F,3605,0.8286341351231609
COnP_F,3606,0.8332195309058248
COnP_F,3607,0.8198488649738185
COnP_F,3608,0.8294960103152578
COnP_F,3609,0.8611925272351717
COnP_F,3610,0.8685668992303044
COnP_F,3611,0.8346823443540735
COnP_F,3612,0.8440303282023894
COnP_F,3613,0.8346501179595712
COnP_F,3614,0.8482827454149727
COnP_F,3615,0.8403745242134072
COnP_F,3616,0.8288104011572838
COnP_F,3617,0.8095772813585477
COnP_F,3618,0.8235197574636419
COnP_F,3619,0.8355147344924668
COnP_F,3620,0.8356499312519439
COnP_F,3621,0.8374707269255646
COnP_F,3622,0.8335028653174937
COnP_F,3623,0.8102179391252791
COnP_F,3624,0.8296172341061773
COnP_F,3625,0.8120446218126451
COnP_F,3626,0.8198941937789007
COnP_F,3627,0.8495030954818763
COnP_F,3628,0.8340477088080892
COnP_F,3629,0.8298358484292805
COnP_F,3630,0.8322134730540975
COnP_F,3631,0.8251740633652037
COnP_F,3632,0.8346494109223377
COnP_F,3633,0.8562276063436968
COnP_F,3634,0.8403009559929664
COnP_F,3635,0.8083964609384547
COnP_F,3636,0.8454214465516184
COnP_F,3637,0.8206771101812292
COnP_F,3638,0.8144219263825633
COnP_F,3639,0.829054436345841
COnP_F,3640,0.8407230471527467
COnP_F,3641,0.8347200942241906
COnP_F,3642,0.8304358011306393
COnP_F,3643,0.8205049666484641
COnP_F,3644,0.8359654186381255
COnP_F,3645,0.8298942035286331
COnP_F,3646,0.8394665892821939
COnP_F,3647,0.8299129308400953
COnP_F,3648,0.818748435409956
COnP_F,3649,0.8588061694049355
COnP_F,3650,0.8241730657253329
COnP_F,3651,0.8575044872768306
COnP_F,3652,0.8600208098626981
COnP_F,3653,0.8493295718906552
COnP_F,3654,0.8679843562999202
COnP_F,3655,0.8343271321045406
COnP_F,3656,0.8326307881976106
COnP_F,3657,0.7981541447333613
COnP_F,3658,0.8350525489815128
COnP_F,3659,0.8388819608900049
COnP_F,3660,0.8528211362352467
COnP_F,3661,0.8373997092845012
COnP_F,3662,0.813524189564972
COnP_F,3663,0.8261288187456711
COnP_F,3664,0.7877641257187326
COnP_F,3665,0.8345883799742548
COnP_F,3666,0.8183439822021421
COnP_F,3667,0.824678049847398
COnP_F,3668,0.8235748414271353
COnP_F,3669,0.8192264329626816
COnP_F,3670,0.8309550483861526
COnP_F,3671,0.8388387547368075
COnP_F,3672,0.8461608219563065
COnP_F,3673,0.8040484072875698
COnP_F,3674,0.8396172955557571
COnP_F,3675,0.8087804854543414
COnP_F,3676,0.8575641841287713
COnP_F,3677,0.8404581344288509
COnP_F,3678,0.8425740121822625
COnP_F,3679,0.8294244406848335
COnP_F,3680,0.8585953486703563
COnP_F,3681,0.8681303839110449
COnP_F,3682,0.8201039474500718
COnP_F,3683,0.8625739106721135
COnP_F,3684,0.8336325684664668
COnP_F,3685,0.8557758014057131
COnP_F,3686,0.8504599055570348
COnP_F,3687,0.8194239541119185
COnP_F,3688,0.839492138293144
COnP_F,3689,0.8403988682434314
COnP_F,3690,0.8076313159677497
COnP_F,3691,0.8134566004877893
COnP_F,3692,0.8229692192128232
COnP_F,3693,0.8587014551259439
COnP_F,3694,0.8600592553979206
COnP_F,3695,0.8143503887485558
COnP_F,3696,0.8518461217640959
COnP_F,3697,0.8391404000986662
COnP_F,3698,0.8409701749294755
COnP_F,3699,0.8251735721341896
COnP_F,3700,0.8458839343115161
COnP_F,3701,0.8385577673905127
COnP_F,3702,0.8690475738542736
COnP_F,3703,0.8255051916896454
COnP_F,3704,0.8258330694998924
COnP_F,3705,0.858022699799237
COnP_F,3706,0.7998515843402496
COnP_F,3707,0.8331772345376379
COnP_F,3708,0.8326638148506764
COnP_F,3709,0.8186646650151829
COnP_F,3710,0.8340104766146833
COnP_F,3711,0.8329705115744904
COnP_F,3712,0.8776312475815897
COnP_F,3713,0.8384924122226913
COnP_F,3714,0.848327078733019
COnP_F,3715,0.8250154167533341
COnP_F,3716,0.8493851217595835
COnP_F,3717,0.8301414527193781
COnP_F,3718,0.8351828635946341
COnP_F,3719,0.8508198809642576
COnP_F,3720,0.8426774355458628
COnP_F,3721,0.8228419512422136
COnP_F,3722,0.8387012207300889
COnP_F,3723,0.8197679635981199
COnP_F,3724,0.8495655206639428
COnP_F,3725,0.8675101978395524
COnP_F,3726,0.8380059219845393
COnP_F,3727,0.8421435586389506
COnP_F,3728,0.851682062504697
COnP_F,3729,0.8406345861006298
COnP_F,3730,0.8453758028083558
COnP_F,3731,0.8623838445165894
COnP_F,3732,0.8246136776724541
COnP_F,3733,0.8220403314951575
COnP_F,3734,0.8380258945325056
COnP_F,3735,0.8167160221819314
COnP_F,3736,0.844306584525469
COnP_F,3737,0.8398706967637629
COnP_F,3738,0.826254704865227
COnP_F,3739,0.844202190371535
COnP_F,3740,0.8625372801334281
COnP_F,3741,0.8134675327145449
COnP_F,3742,0.845045194428338
COnP_F,3743,0.8283510789613038
COnP_F,3744,0.8617361611976425
COnP_F,3745,0.8450692939796556
COnP_F,3746,0.8345135854965394
COnP_F,3747,0.7906438262241053
COnP_F,3748,0.8519943711569432
COnP_F,3749,0.8271445885709463
COnP_F,3750,0.8363541706877546
COnP_F,3751,0.8575578034148039
COnP_F,3752,0.8129885709270968
COnP_F,3753,0.8238241970930522
COnP_F,3754,0.8109429197553631
COnP_F,3755,0.847025651628003
COnP_F,3756,0.8243578636619896
COnP_F,3757,0.8212896741125487
COnP_F,3758,0.834501055052851
COnP_F,3759,0.8378990434979601
COnP_F,3760,0.8293532663200223
COnP_F,3761,0.8489954979479619
COnP_F,3762,0.8178763751944594
COnP_F,3763,0.8472072855946553
COnP_F,3764,0.8234697039018638
COnP_F,3765,0.8363986529020562
COnP_F,3766,0.8103161916593943
COnP_F,3767,0.8275610624064611
COnP_F,3768,0.8463324199337529
COnP_F,3769,0.8439038976723894
COnP_F,3770,0.8218303981234298
COnP_F,3771,0.8362130323828844
COnP_F,3772,0.8118460025687899
COnP_F,3773,0.8258657558176307
COnP_F,3774,0.8236658875746914
COnP_F,3775,0.826215081397935
COnP_F,3776,0.8119760931267843
COnP_F,3777,0.8312647765627164
COnP_F,3778,0.8419206754288941
COnP_F,3779,0.8670907846928216
COnP_F,3780,0.8284384892735733
COnP_F,3781,0.8309503583813665
COnP_F,3782,0.8537889075076306
COnP_F,3783,0.8296524142061701
COnP_F,3784,0.8103655533025919
COnP_F,3785,0.7954353343684353
COnP_F,3786,0.8432517512341352
COnP_F,3787,0.8478176489632404
COnP_F,3788,0.8207300206005422
COnP_F,3789,0.8127750380598473
COnP_F,3790,0.8099601550793117
COnP_F,3791,0.8375036774451512
COnP_F,3792,0.8420527370834472
COnP_F,3793,0.8542563394063172
COnP_F,3794,0.8522076202877408
COnP_F,3795,0.8414552202074429
COnP_F,3796,0.8095293026533605
COnP_F,3797,0.8474003010357446
COnP_F,3798,0.7968713819330601
COnP_F,3799,0.8440323401404797
COnP_F,3800,0.8374824329617606
COnP_F,3801,0.8573062095789898
COnP_F,3802,0.829475204319124
COnP_F,3803,0.8263391404126283
COnP_F,3804,0.8447497925300747
COnP_F,3805,0.8215699189419013
COnP_F,3806,0.8191032483579861
COnP_F,3807,0.8152386495637602
COnP_F,3808,0.8599651820139409
COnP_F,3809,0.8372147477777286
COnP_F,3810,0.8209736682736106
COnP_F,3811,0.8399061839199878
COnP_F,3812,0.8515311926287962
COnP_F,3813,0.8215840468605262
COnP_F,3814,0.8505985459776269
COnP_F,3815,0.8389754735587241
COnP_F,3816,0.8375943759674488
COnP_F,3817,0.8012512588789611
COnP_F,3818,0.8301998177800277
COnP_F,3819,0.8207149558048318
COnP_F,3820,0.855920302321603
COnP_F,3821,0.8321545208596297
COnP_F,3822,0.8260424886228094
COnP_F,3823,0.8513038650164727
COnP_F,3824,0.8251266284749873
COnP_F,3825,0.8452992777944166
COnP_F,3826,0.811512183199552
COnP_F,3827,0.8192373403882892
COnP_F,3828,0.8321021307468818
COnP_F,3829,0.8160438461878444
COnP_F,3830,0.8374032957278595
COnP_F,3831,0.8461378892701351
COnP_F,3832,0.792131205562097
COnP_F,3833,0.8423056192735343
COnP_F,3834,0.8334814744492075
COnP_F,3835,0.8258013284525046
COnP_F,3836,0.8699758373085155
COnP_F,3837,0.831496648279273
COnP_F,3838,0.8391206446652364
COnP_F,3839,0.8276219977415069
COnP_F,3840,0.79927779034204
COnP_F,3841,0.8182285499567789
COnP_F,3842,0.8090395232875001
COnP_F,3843,0.8154427727561114
COnP_F,3844,0.8241568582420826
COnP_F,3845,0.8323645011044111
COnP_F,3846,0.8593687317606683
COnP_F,3847,0.8314614164491342
COnP_F,3848,0.8356514387586857
COnP_F,3849,0.7980600893334715
COnP_F,3850,0.8459978269848303
COnP_F,3851,0.8227862877763966
COnP_F,3852,0.8145147076059742
COnP_F,3853,0.8347166695820593
COnP_F,3854,0.8488570313809136
COnP_F,3855,0.8083696693863206
COnP_F,3856,0.8311006922887403
COnP_F,3857,0.8720783768354391
COnP_F,3858,0.8471047593235934
COnP_F,3859,0.820447148518846
COnP_F,3860,0.8462914011368892
COnP_F,3861,0.8431696579352659
COnP_F,3862,0.855008646277816
COnP_F,3863,0.83672331423534
COnP_F,3864,0.8576180921467937
COnP_F,3865,0.8362732411877412
COnP_F,3866,0.8307918800579795
COnP_F,3867,0.8314356036618191
COnP_F,3868,0.8503777708096283
COnP_F,3869,0.829635740147422
COnP_F,3870,0.8370617671268467
COnP_F,3871,0.8297619703075106
COnP_F,3872,0.8570466163495941
COnP_F,3873,0.8187418027834777
COnP_F,3874,0.7957810824402815
COnP_F,3875,0.8321205173505544
COnP_F,3876,0.8230196897563371
COnP_F,3877,0.8345980883663168
COnP_F,3878,0.8271858270607929
COnP_F,3879,0.8445085377594864
COnP_F,3880,0.8358569958705607
COnP_F,3881,0.8092724981020648
COnP_F,3882,0.8164582573188556
COnP_F,3883,0.824970501854889
COnP_F,3884,0.8747195012497316
COnP_F,3885,0.8534977158785398
COnP_F,3886,0.8433224557370372
COnP_F,3887,0.8491709331297658
COnP_F,3888,0.8498125124154992
COnP_F,3889,0.8366002062456719
COnP_F,3890,0.8194331090686978
COnP_F,3891,0.8088942103143322
COnP_F,3892,0.8305805008587447
COnP_F,3893,0.8402882921653736
COnP_F,3894,0.825373897531207
COnP_F,3895,0.8498030163776149
COnP_F,3896,0.8425063295581281
COnP_F,3897,0.8310931935705447
COnP_F,3898,0.8541450965419768
COnP_F,3899,0.8562749966685265
COnP_F,3900,0.8053085931724282
COnP_F,3901,0.8134618506716881
COnP_F,3902,0.8581327624012329
COnP_F,3903,0.8437352353184502
COnP_F,3904,0.8409363887610963
COnP_F,3905,0.8310519642368618
COnP_F,3906,0.8338171797436637
COnP_F,3907,0.8336066430319956
COnP_F,3908,0.8483911016064022
COnP_F,3909,0.8344444937344112
COnP_F,3910,0.8283672044235975
COnP_F,3911,0.7893818399517752
COnP_F,3912,0.842264256306806
COnP_F,3913,0.8719583546477476
COnP_F,3914,0.8172034272168983
COnP_F,3915,0.8549102419376128
COnP_F,3916,0.8122761854281905
COnP_F,3917,0.8297716221299293
COnP_F,3918,0.7882974431367133
COnP_F,3919,0.8031087460706237
COnP_F,3920,0.8376759860222754
COnP_F,3921,0.8445576390996692
COnP_F,3922,0.8588554304195726
COnP_F,3923,0.8298693880499075
COnP_F,3924,0.8134453393575289
COnP_F,3925,0.830272543665425
COnP_F,3926,0.8091538282277186
COnP_F,3927,0.8430793481859259
COnP_F,3928,0.8150039612436847
COnP_F,3929,0.8220941431758584
COnP_F,3930,0.8155004201398839
COnP_F,3931,0.8447225934177599
COnP_F,3932,0.8272821807993233
COnP_F,3933,0.8441906498231773
COnP_F,3934,0.8261263463398878
COnP_F,3935,0.851353956936956
COnP_F,3936,0.8362875405436023
COnP_F,3937,0.8168102331547411
COnP_F,3938,0.8056952047908161
COnP_F,3939,0.8095392359970061
COnP_F,3940,0.8585429260901151
COnP_F,3941,0.8211692260962002
COnP_F,3942,0.8317311253174099
COnP_F,3943,0.8376352398693936
COnP_F,3944,0.8431374031685963
COnP_F,3945,0.8309867330485833
COnP_F,3946,0.8279923233581796
COnP_F,3947,0.8425830406685757
COnP_F,3948,0.8160772680382212
COnP_F,3949,0.8143258042620656
COnP_F,3950,0.84232318155622
COnP_F,3951,0.8609965756816848
COnP_F,3952,0.8092342643386962
COnP_F,3953,0.8255852387063296
COnP_F,3954,0.8558100348552495
COnP_F,3955,0.8195562689455952
COnP_F,3956,0.8235640203636866
COnP_F,3957,0.8223668340063119
COnP_F,3958,0.8283699581489408
COnP_F,3959,0.8475731919670156
COnP_F,3960,0.8444066460186351
COnP_F,3961,0.8232438739322215
COnP_F,3962,0.8391473055062884
COnP_F,3963,0.8348385109015821
COnP_F,3964,0.8343840602753047
COnP_F,3965,0.8550213580644659
COnP_F,3966,0.8506369812179359
COnP_F,3967,0.8315345707814509
COnP_F,3968,0.8012655639413976
COnP_F,3969,0.7883649204670636
COnP_F,3970,0.8297653354126359
COnP_F,3971,0.858748271105671
COnP_F,3972,0.8266245052823168
COnP_F,3973,0.8608355305181521
COnP_F,3974,0.8219905223511459
COnP_F,3975,0.845709871343967
COnP_F,3976,0.8165673400584375
COnP_F,3977,0.8170462307995924
COnP_F,3978,0.8588789607891745
COnP_F,3979,0.8357366248973278
COnP_F,3980,0.8263935139817841
COnP_F,3981,0.7844515486339944
COnP_F,3982,0.8602524393488087
COnP_F,3983,0.8244354929117396
COnP_F,3984,0.8229881843803524
COnP_F,3985,0.7878603501616717
COnP_F,3986,0.8544141545286473
COnP_F,3987,0.8516784294562697
COnP_F,3988,0.8466594841324541
COnP_F,3989,0.8416519702710369
COnP_F,3990,0.8381159140637973
COnP_F,3991,0.8624017363511235
COnP_F,3992,0.8543950464209695
COnP_F,3993,0.8401535715544091
COnP_F,3994,0.8369416684870816
COnP_F,3995,0.8273919562895533
COnP_F,3996,0.814982200194465
COnP_F,3997,0.815054422834654
COnP_F,3998,0.8426016150955733
COnP_F,3999,0.8456049851576959
COnP_F,4000,0.8226494087620008
COnP_F,4001,0.8484526466141984
COnP_F,4002,0.8328555552818703
COnP_F,4003,0.836674018991319
COnP_F,4004,0.8281159808567191
COnP_F,4005,0.8536150146262959
COnP_F,4006,0.8324470780821401
COnP_F,4007,0.8465278017003022
COnP_F,4008,0.8660451803721939
COnP_F,4009,0.8499268369669872
COnP_F,4010,0.8081210498430581
COnP_F,4011,0.816956115665858
COnP_F,4012,0.8293245390733699
COnP_F,4013,0.8168647615687675
COnP_F,4014,0.833326247459647
COnP_F,4015,0.8043707671215062
COnP_F,4016,0.8370116568860912
COnP_F,4017,0.8207515038776863
COnP_F,4018,0.8152960608175919
COnP_F,4019,0.8640244629258653
COnP_F,4020,0.8390756476643909
COnP_F,4021,0.8367902508166171
COnP_F,4022,0.836296740914119
COnP_F,4023,0.8288947575160096
COnP_F,4024,0.8420214798791503
COnP_F,4025,0.8153278383946955
COnP_F,4026,0.8342175252823317
COnP_F,4027,0.8297121021021739
COnP_F,4028,0.8273617046679027
COnP_F,4029,0.8277119767437479
COnP_F,4030,0.837233048183718
COnP_F,4031,0.8378398325040092
COnP_F,4032,0.8250874274708557
COnP_F,4033,0.8512622689044609
COnP_F,4034,0.867658970762484
COnP_F,4035,0.8261821622270918
COnP_F,4036,0.8366534839780334
COnP_F,4037,0.8447583241115729
COnP_F,4038,0.8463001742363886
COnP_F,4039,0.7953195125291097
COnP_F,4040,0.853714549708775
COnP_F,4041,0.845575869783507
COnP_F,4042,0.8455687072819588
COnP_F,4043,0.8433082847031959
COnP_F,4044,0.8215215842021238
COnP_F,4045,0.8556979481154684
COnP_F,4046,0.8109345934083408
COnP_F,4047,0.8363056375199076
COnP_F,4048,0.8519065472909413
COnP_F,4049,0.7983991329520769
COnP_F,4050,0.8379710331072644
COnP_F,4051,0.8449338813335161
COnP_F,4052,0.8497751290974539
COnP_F,4053,0.8397554106598191
COnP_F,4054,0.8560583820306
COnP_F,4055,0.8293875136962144
COnP_F,4056,0.8154677300073004
COnP_F,4057,0.8640534242773785
COnP_F,4058,0.8317124261562288
COnP_F,4059,0.8354463859745577
COnP_F,4060,0.8184238058346138
COnP_F,4061,0.8370707447887371
COnP_F,4062,0.830565244071681
COnP_F,4063,0.8197844435569618
COnP_F,4064,0.8587327494216382
COnP_F,4065,0.8134731934422544
COnP_F,4066,0.8535802852629619
COnP_F,4067,0.8440195681917547
COnP_F,4068,0.8305026155254834
COnP_F,4069,0.8238503221390685
COnP_F,4070,0.8476446058192321
COnP_F,4071,0.8244475306750084
COnP_F,4072,0.8461093914223383
COnP_F,4073,0.8078111008460138
COnP_F,4074,0.8381143410406255
COnP_F,4075,0.8517034024806307
COnP_F,4076,0.8405438966239178
COnP_F,4077,0.8391159918488466
COnP_F,4078,0.8591595179564455
COnP_F,4079,0.8471207738356423
COnP_F,4080,0.8229495710980818
COnP_F,4081,0.797500422087679
COnP_F,4082,0.8523723633714809
COnP_F,4083,0.8049103869572649
COnP_F,4084,0.8297560163651014
COnP_F,4085,0.856630908235664
COnP_F,4086,0.8119767815999666
COnP_F,4087,0.8477253812478299
COnP_F,4088,0.8083794655229085
COnP_F,4089,0.8565637209104274
COnP_F,4090,0.843401385429202
COnP_F,4091,0.8350829818625667
COnP_F,4092,0.8465735736518553
COnP_F,4093,0.8412616141581527
COnP_F,4094,0.8269132757430039
COnP_F,4095,0.8409091738628497
COnP_F,4096,0.8417607146268783
COnP_F,4097,0.8317081879500421
COnP_F,4098,0.8417515829238668
COnP_F,4099,0.8574227313704603
COnP_F,4100,0.843181692357112
COnP_F,4101,0.8387801215421844
COnP_F,4102,0.845055618472227
COnP_F,4103,0.8398096793165226
COnP_F,4104,0.8122361610211091
COnP_F,4105,0.8165903643955681
COnP_F,4106,0.7901376491030849
COnP_F,4107,0.8529934291182851
COnP_F,4108,0.8337475012049514
COnP_F,4109,0.8755427398028356
COnP_F,4110,0.8485111166365801
COnP_F,4111,0.8482692478204036
COnP_F,4112,0.8449447536773773
COnP_F,4113,0.8115313209497794
COnP_F,4114,0.8515940774861398
COnP_F,4115,0.8369770312478956
COnP_F,4116,0.8308643277384319
COnP_F,4117,0.8346218010588772
COnP_F,4118,0.856836284305515
COnP_F,4119,0.8495227434620505
COnP_F,4120,0.8266010191377621
COnP_F,4121,0.8126190867728355
COnP_F,4122,0.8126424631814163
COnP_F,4123,0.8437643907679807
COnP_F,4124,0.7917357237541958
COnP_F,4125,0.8230934131091963
COnP_F,4126,0.8288606758583322
COnP_F,4127,0.8379275237033944
COnP_F,4128,0.8141317433365445
COnP_F,4129,0.8300191542529077
COnP_F,4130,0.8478264912960882
COnP_F,4131,0.8393090350563843
COnP_F,4132,0.8142395644446176
COnP_F,4133,0.8135706630516912
COnP_F,4134,0.8498475997376145
COnP_F,4135,0.8141313273317824
COnP_F,4136,0.8570910523244113
COnP_F,4137,0.8447234829894419
COnP_F,4138,0.8379748008349008
COnP_F,4139,0.8340874720687018
COnP_F,4140,0.8198233559963823
COnP_F,4141,0.8267595634216655
COnP_F,4142,0.8461009546474008
COnP_F,4143,0.8356032722586443
COnP_F,4144,0.8457013445932183
COnP_F,4145,0.8240702426367231
COnP_F,4146,0.8420567741841184
COnP_F,4147,0.8391904073286811
COnP_F,4148,0.8338268152124167
COnP_F,4149,0.8128441626335577
COnP_F,4150,0.82872197036223
COnP_F,4151,0.8331143323945129
COnP_F,4152,0.821988250138096
COnP_F,4153,0.8471702578690854
COnP_F,4154,0.8403084901268458
COnP_F,4155,0.8027942414577421
COnP_F,4156,0.8397566414141217
COnP_F,4157,0.8179310978372497
COnP_F,4158,0.8124915626049454
COnP_F,4159,0.8292287483823015
COnP_F,4160,0.8211176711521785
COnP_F,4161,0.8012219517472406
COnP_F,4162,0.8297487559031309
COnP_F,4163,0.8112903397129102
COnP_F,4164,0.847426184854214
COnP_F,4165,0.8243888897412336
COnP_F,4166,0.8329774726475229
COnP_F,4167,0.8352045225669142
COnP_F,4168,0.8355606562930336
COnP_F,4169,0.8538302222810775
COnP_F,4170,0.8296914126369025
COnP_F,4171,0.8341712321441538
COnP_F,4172,0.828359808319498
COnP_F,4173,0.8416560071911148
COnP_F,4174,0.7985172315540229
COnP_F,4175,0.8584809964649045
COnP_F,4176,0.8307729888404396
COnP_F,4177,0.8347576598150213
COnP_F,4178,0.8132821399152929
COnP_F,4179,0.8345450081771961
COnP_F,4180,0.8303417244183952
COnP_F,4181,0.8283252534160656
COnP_F,4182,0.8512915930619257
COnP_F,4183,0.8134213673959492
COnP_F,4184,0.834514127150029
COnP_F,4185,0.8565443785310695
COnP_F,4186,0.8493465929572482
COnP_F,4187,0.8626971493389283
COnP_F,4188,0.8179830412734939
COnP_F,4189,0.8179727131517687
COnP_F,4190,0.8444418030478936
COnP_F,4191,0.8122039270771999
COnP_F,4192,0.844902233673476
COnP_F,4193,0.839275992185112
COnP_F,4194,0.8307730451769616
COnP_F,4195,0.8402316326936353
COnP_F,4196,0.8587885211285573
COnP_F,4197,0.8283486981789495
COnP_F,4198,0.8059637336937966
COnP_F,4199,0.802430701087408
COnP_F,4200,0.8287901842751044
COnP_F,4201,0.8489523473019195
COnP_F,4202,0.842819185025685
COnP_F,4203,0.8785460163736829
COnP_F,4204,0.8294186475493358
COnP_F,4205,0.8024972354881882
COnP_F,4206,0.8157175236428645
COnP_F,4207,0.8336709594828338
COnP_F,4208,0.8200433275945486
COnP_F,4209,0.8328680261697973
COnP_F,4210,0.8325926161854383
COnP_F,4211,0.8340666842022566
COnP_F,4212,0.8423876288726788
COnP_F,4213,0.8666328038379105
COnP_F,4214,0.8484580039054449
COnP_F,4215,0.8369798655639201
COnP_F,4216,0.8343161982128844
COnP_F,4217,0.8342593294619365
COnP_F,4218,0.8444147199561539
COnP_F,4219,0.8183594677315289
COnP_F,4220,0.8404703041690406
COnP_F,4221,0.8367693964341365
COnP_F,4222,0.8235752796245164
COnP_F,4223,0.8370072456164938
COnP_F,4224,0.822861996639347
COnP_F,4225,0.8512736703537432
COnP_F,4226,0.8384818404687968
COnP_F,4227,0.8545884854988698
COnP_F,4228,0.8674326836376544
COnP_F,4229,0.806508609066681
COnP_F,4230,0.8216858045954991
COnP_F,4231,0.8391068036290038
COnP_F,4232,0.8474311831241245
COnP_F,4233,0.8339216723606838
COnP_F,4234,0.8349570592565235
COnP_F,4235,0.8413058226413149
COnP_F,4236,0.8168382409286451
COnP_F,4237,0.8346380465725451
COnP_F,4238,0.8148672523544753
COnP_F,4239,0.861116296904905
COnP_F,4240,0.8174501190544992
COnP_F,4241,0.8263705012163288
COnP_F,4242,0.8216463329051793
COnP_F,4243,0.8298365424834702
COnP_F,4244,0.8376998146560585
COnP_F,4245,0.839047632418796
COnP_F,4246,0.8338316996975204
COnP_F,4247,0.844691764725075
COnP_F,4248,0.8199268328132011
COnP_F,4249,0.8392786974924682
COnP_F,4250,0.8403678138026013
COnP_F,4251,0.8555412914536111
COnP_F,4252,0.8346175439087657
COnP_F,4253,0.8151771332342225
COnP_F,4254,0.8317653691389165
COnP_F,4255,0.8502847649946466
COnP_F,4256,0.84725064220721
COnP_F,4257,0.8411052416467799
COnP_F,4258,0.7955749489511303
COnP_F,4259,0.8347567556288628
COnP_F,4260,0.850586484185171
COnP_F,4261,0.8340469817838945
COnP_F,4262,0.8131731456339913
COnP_F,4263,0.8320257177987191
COnP_F,4264,0.8283920992677366
COnP_F,4265,0.8079265610007583
COnP_F,4266,0.8289134041057181
COnP_F,4267,0.8019906592444747
COnP_F,4268,0.8252739366206252
COnP_F,4269,0.8285257266358715
COnP_F,4270,0.8412730978859614
COnP_F,4271,0.8029243739797174
COnP_F,4272,0.8559560386297573
COnP_F,4273,0.8258916497114374
COnP_F,4274,0.832771096371458
COnP_F,4275,0.8076740575734894
COnP_F,4276,0.8451609153664191
COnP_F,4277,0.8389317250701646
COnP_F,4278,0.8644806297037775
COnP_F,4279,0.8641849487658486
COnP_F,4280,0.8336616430542951
COnP_F,4281,0.8211426308855726
COnP_F,4282,0.8405146814911756
COnP_F,4283,0.875633930282094
COnP_F,4284,0.8478390006845908
COnP_F,4285,0.823730842457485
COnP_F,4286,0.8443880590920463
COnP_F,4287,0.8066055929776169
COnP_F,4288,0.828283555278466
COnP_F,4289,0.8312569340347586
COnP_F,4290,0.8297956623913779
COnP_F,4291,0.8509536225738775
COnP_F,4292,0.8385820522875119
COnP_F,4293,0.841011787807339
COnP_F,4294,0.8358032027024394
COnP_F,4295,0.848543687666027
COnP_F,4296,0.8317754388818424
COnP_F,4297,0.8351025829835046
COnP_F,4298,0.825007271657257
COnP_F,4299,0.8257274809666516
COnP_F,4300,0.8377319634861655
COnP_F,4301,0.8108510702787147
COnP_F,4302,0.8358515897004861
COnP_F,4303,0.8192129076318472
COnP_F,4304,0.8097020040056195
COnP_F,4305,0.8373144664715101
COnP_F,4306,0.8299040030251741
COnP_F,4307,0.8159453295999688
COnP_F,4308,0.8537064042160114
COnP_F,4309,0.8445545049156561
COnP_F,4310,0.8513210003856827
COnP_F,4311,0.826720949443093
COnP_F,4312,0.8518755505043256
COnP_F,4313,0.8140794540852511
COnP_F,4314,0.8443781701312817
COnP_F,4315,0.8515589525890699
COnP_F,4316,0.9014492562914184
COnP_F,4317,0.8274235475309458
COnP_F,4318,0.8080970628848962
COnP_F,4319,0.808832804928586
COnP_F,4320,0.8319238210775216
COnP_F,4321,0.8223216128379969
COnP_F,4322,0.7958421804870794
COnP_F,4323,0.8385691520246944
COnP_F,4324,0.830771452302068
COnP_F,4325,0.8406499118887005
COnP_F,4326,0.8289931124261859
COnP_F,4327,0.8660445770825396
COnP_F,4328,0.8415721488717418
COnP_F,4329,0.8394368064945269
COnP_F,4330,0.8462851866072002
COnP_F,4331,0.8504205231730965
COnP_F,4332,0.8347773734858827
COnP_F,4333,0.8096603261192701
COnP_F,4334,0.8437200724891912
COnP_F,4335,0.8524980028202771
COnP_F,4336,0.8450399537598919
COnP_F,4337,0.8437577480163164
COnP_F,4338,0.8261617521691589
COnP_F,4339,0.8217299027669712
COnP_F,4340,0.8682752062617078
COnP_F,4341,0.8169009064325747
COnP_F,4342,0.8333439685326812
COnP_F,4343,0.8342141747298006
COnP_F,4344,0.8365766383759738
COnP_F,4345,0.8529407535653512
COnP_F,4346,0.8402428949757325
COnP_F,4347,0.8542218749591546
COnP_F,4348,0.8319930720320899
COnP_F,4349,0.8185760873537413
COnP_F,4350,0.8268759329047352
COnP_F,4351,0.8238585434656013
COnP_F,4352,0.8595595952208204
COnP_F,4353,0.8412796288328019
COnP_F,4354,0.8241688698771101
COnP_F,4355,0.8195158651650333
COnP_F,4356,0.8343319782489701
COnP_F,4357,0.8424427797021605
COnP_F,4358,0.8374753765217414
COnP_F,4359,0.806152109708725
COnP_F,4360,0.8556914115745641
COnP_F,4361,0.8381602963169014
COnP_F,4362,0.8700780568661098
COnP_F,4363,0.8360794507640408
COnP_F,4364,0.8538901229521653
COnP_F,4365,0.8367605825282309
COnP_F,4366,0.8402915651818194
COnP_F,4367,0.8330047916313116
COnP_F,4368,0.8384653372812492
COnP_F,4369,0.8380755739439877
COnP_F,4370,0.8539510706003851
COnP_F,4371,0.844038781305708
COnP_F,4372,0.8293382587693007
COnP_F,4373,0.8527814910288014
COnP_F,4374,0.8246362820352356
COnP_F,4375,0.8148136930903264
COnP_F,4376,0.8300340209780387
COnP_F,4377,0.8178278338961052
COnP_F,4378,0.8521357656287819
COnP_F,4379,0.8560398512141052
COnP_F,4380,0.8494957715163425
COnP_F,4381,0.856458078938546
COnP_F,4382,0.8211290784618551
COnP_F,4383,0.8257137709517185
COnP_F,4384,0.8422479054468465
COnP_F,4385,0.8343758839767996
COnP_F,4386,0.8233303465092505
COnP_F,4387,0.8645197812066234
COnP_F,4388,0.8328180498834387
COnP_F,4389,0.8533089485326172
COnP_F,4390,0.8567245326427828
COnP_F,4391,0.8541379054342123
COnP_F,4392,0.8386393244731656
COnP_F,4393,0.8239043871159218
COnP_F,4394,0.8157969781410483
COnP_F,4395,0.8353280803265534
COnP_F,4396,0.8678552273453694
COnP_F,4397,0.8583683428742113
COnP_F,4398,0.8281495464836987
COnP_F,4399,0.8398035927677281
COnP_F,4400,0.815986055289937
COnP_F,4401,0.802477265057299
COnP_F,4402,0.8186386833755843
COnP_F,4403,0.8186834368524053
COnP_F,4404,0.8091406164102327
COnP_F,4405,0.8378598041677975
COnP_F,4406,0.859921236982705
COnP_F,4407,0.8307207204601711
COnP_F,4408,0.8243874309514221
COnP_F,4409,0.8432513286619597
COnP_F,4410,0.8447383035394889
COnP_F,4411,0.8225152767121944
COnP_F,4412,0.855145204416484
COnP_F,4413,0.8030945041033407
COnP_F,4414,0.8251960819729846
COnP_F,4415,0.8522228547584095
COnP_F,4416,0.8308785990017387
COnP_F,4417,0.802204024173293
COnP_F,4418,0.8465078312973157
COnP_F,4419,0.8307806217031181
COnP_F,4420,0.8281980725310752
COnP_F,4421,0.799992647086159
COnP_F,4422,0.8446624946818518
COnP_F,4423,0.8456016567750769
COnP_F,4424,0.8435763939904282
COnP_F,4425,0.8438854994850772
COnP_F,4426,0.8162180019515844
COnP_F,4427,0.8251619353249012
COnP_F,4428,0.829357232639891
COnP_F,4429,0.8205104187806791
COnP_F,4430,0.8377011551046606
COnP_F,4431,0.8084892202376875
COnP_F,4432,0.8290189992901696
COnP_F,4433,0.8121262539591066
COnP_F,4434,0.8540406275459894
COnP_F,4435,0.8677859184182038
COnP_F,4436,0.832182564637835
COnP_F,4437,0.8511137323446423
COnP_F,4438,0.8319231251673741
COnP_F,4439,0.8073017566583975
COnP_F,4440,0.8201039001025947
COnP_F,4441,0.8453946566652908
COnP_F,4442,0.8479823962987035
COnP_F,4443,0.863445969229325
COnP_F,4444,0.8255101973310645
COnP_F,4445,0.8317768817087356
COnP_F,4446,0.8135755813736206
COnP_F,4447,0.8496789619620927
COnP_F,4448,0.8212599737403579
COnP_F,4449,0.8174581868679813
COnP_F,4450,0.8613258903956902
COnP_F,4451,0.8526870975350954
COnP_F,4452,0.8420046966879517
COnP_F,4453,0.8422176575365165
COnP_F,4454,0.8478692020909264
COnP_F,4455,0.8430841636944342
COnP_F,4456,0.8417091611320877
COnP_F,4457,0.8558461702861291
COnP_F,4458,0.8312535557684473
COnP_F,4459,0.8375035830930542
COnP_F,4460,0.852078390104033
COnP_F,4461,0.827801540836885
COnP_F,4462,0.8358152362336864
COnP_F,4463,0.8378293472199999
COnP_F,4464,0.8385066546088641
COnP_F,4465,0.8631235435451329
COnP_F,4466,0.8374177126483339
COnP_F,4467,0.8305976368207958
COnP_F,4468,0.8273584386214169
COnP_F,4469,0.8493386433153624
COnP_F,4470,0.7858114767282435
COnP_F,4471,0.8305118460813575
COnP_F,4472,0.8161859402944198
COnP_F,4473,0.8678485102879514
COnP_F,4474,0.8018539798944775
COnP_F,4475,0.8286601078173463
COnP_F,4476,0.8575038891277004
COnP_F,4477,0.81618060785519
COnP_F,4478,0.8239759053113442
COnP_F,4479,0.8490518987971335
COnP_F,4480,0.8241073479873786
COnP_F,4481,0.8160929167578993
COnP_F,4482,0.8452653346123542
COnP_F,4483,0.8244218512612774
COnP_F,4484,0.8405668801619143
COnP_F,4485,0.8432746539221044
COnP_F,4486,0.8457762581624518
COnP_F,4487,0.8319180470381025
COnP_F,4488,0.8324450169796527
COnP_F,4489,0.8248355940169741
COnP_F,4490,0.8479995029613696
COnP_F,4491,0.8634701813607428
COnP_F,4492,0.8339379513407553
COnP_F,4493,0.8501449738560374
COnP_F,4494,0.8080485869244599
COnP_F,4495,0.8553416970686527
COnP_F,4496,0.8196232084360119
COnP_F,4497,0.8191383563615962
COnP_F,4498,0.8266898484388957
COnP_F,4499,0.8468282784219299
COnP_F,4500,0.8686033886477896
COnP_F,4501,0.8560103429094624
COnP_F,4502,0.7969264776000301
COnP_F,4503,0.847408828213446
COnP_F,4504,0.8273098310092504
COnP_F,4505,0.8194876294899884
COnP_F,4506,0.8638193257672308
COnP_F,4507,0.8499379269036778
COnP_F,4508,0.8012465963003174
COnP_F,4509,0.8065877883629982
COnP_F,4510,0.8425165753841963
COnP_F,4511,0.8440303773746217
COnP_F,4512,0.8402722592643106
COnP_F,4513,0.7948005238738629
COnP_F,4514,0.833663719179651
COnP_F,4515,0.8400256276006582
COnP_F,4516,0.8263757696432091
COnP_F,4517,0.8229344219519926
COnP_F,4518,0.8596013613919588
COnP_F,4519,0.8374456647387696
COnP_F,4520,0.8345567969803399
COnP_F,4521,0.8409844987180806
COnP_F,4522,0.833689317387692
COnP_F,4523,0.8190021231115554
COnP_F,4524,0.8433113153521212
COnP_F,4525,0.871598286702261
COnP_F,4526,0.856005895546873
COnP_F,4527,0.8245348919458945
COnP_F,4528,0.8555853571401554
COnP_F,4529,0.8433478840581486
COnP_F,4530,0.8518841544817143
COnP_F,4531,0.822443542345357
COnP_F,4532,0.8416457373174426
COnP_F,4533,0.839773801514164
COnP_F,4534,0.8099691925491274
COnP_F,4535,0.846800860677489
COnP_F,4536,0.8363260538876303
COnP_F,4537,0.8369213718245451
COnP_F,4538,0.8222918747150217
COnP_F,4539,0.8347907900565085
COnP_F,4540,0.8650255617732132
COnP_F,4541,0.8411488299246407
COnP_F,4542,0.8382577631835973
COnP_F,4543,0.8488149577510641
COnP_F,4544,0.857305376096796
COnP_F,4545,0.8391679327979074
COnP_F,4546,0.8338331031129477
COnP_F,4547,0.8588381132293305
COnP_F,4548,0.8215592408760797
COnP_F,4549,0.8447273950645915
COnP_F,4550,0.829669893351903
COnP_F,4551,0.8486726539974401
COnP_F,4552,0.8193958466499015
COnP_F,4553,0.8257081402062789
COnP_F,4554,0.8465241477915189
COnP_F,4555,0.831928014160598
COnP_F,4556,0.8194690578293622
COnP_F,4557,0.8377957897609555
COnP_F,4558,0.8315426353355369
COnP_F,4559,0.831529155363485
COnP_F,4560,0.8003946643964776
COnP_F,4561,0.8139218717185089
COnP_F,4562,0.8393193618004735
COnP_F,4563,0.8209399154310167
COnP_F,4564,0.7994079352175811
COnP_F,4565,0.8338964518406394
COnP_F,4566,0.8384323786099016
COnP_F,4567,0.8283594961223929
COnP_F,4568,0.8601904407910119
COnP_F,4569,0.837455741134934
COnP_F,4570,0.8283533339932065
COnP_F,4571,0.8382879696219404
COnP_F,4572,0.8419112327802322
COnP_F,4573,0.8641131420195125
COnP_F,4574,0.8182369225361846
COnP_F,4575,0.824187025434297
COnP_F,4576,0.8347554361818329
COnP_F,4577,0.8397938436717397
COnP_F,4578,0.8385016389046084
COnP_F,4579,0.8257676630031576
COnP_F,4580,0.818156610406968
COnP_F,4581,0.8169240300370249
COnP_F,4582,0.83367909900937
COnP_F,4583,0.8336642400972231
COnP_F,4584,0.82249987027279
COnP_F,4585,0.8300466774301188
COnP_F,4586,0.875471892093978
COnP_F,4587,0.8622975610521907
COnP_F,4588,0.8434235801157336
COnP_F,4589,0.852769743829344
COnP_F,4590,0.8333650489576004
COnP_F,4591,0.8464600015610522
COnP_F,4592,0.8054353144369961
COnP_F,4593,0.8038718531065419
COnP_F,4594,0.8308066810279265
COnP_F,4595,0.839433188031857
COnP_F,4596,0.8198143399661971
COnP_F,4597,0.8100858525316816
COnP_F,4598,0.8474449776556732
COnP_F,4599,0.8143152772782605
COnP_F,4600,0.8425516193279544
COnP_F,4601,0.8314494974469756
COnP_F,4602,0.8175040850034584
COnP_F,4603,0.83036943548375
COnP_F,4604,0.8365825296625765
COnP_F,4605,0.8451236359478521
COnP_F,4606,0.8281106763739409
COnP_F,4607,0.8121484270828789
COnP_F,4608,0.826455575312288
COnP_F,4609,0.8421259496984339
COnP_F,4610,0.8266267026432333
COnP_F,4611,0.8728427774051785
COnP_F,4612,0.8161962266416092
COnP_F,4613,0.842371308197837
COnP_F,4614,0.831163537732009
COnP_F,4615,0.8377353030646336
COnP_F,4616,0.8317710038248738
COnP_F,4617,0.8368520465371755
COnP_F,4618,0.8293505909648536
COnP_F,4619,0.8461286852197485
COnP_F,4620,0.8192341788937818
COnP_F,4621,0.8118945751963965
COnP_F,4622,0.839804202032736
COnP_F,4623,0.8391688531341814
COnP_F,4624,0.8209112480544812
COnP_F,4625,0.8236666875904353
COnP_F,4626,0.8584226255550551
COnP_F,4627,0.8661996978767746
COnP_F,4628,0.8209883379645208
COnP_F,4629,0.8365269837597685
COnP_F,4630,0.8291973677407016
COnP_F,4631,0.8170660199894471
COnP_F,4632,0.8306748766304255
COnP_F,4633,0.838807897421016
COnP_F,4634,0.8303391596397698
COnP_F,4635,0.8295503878944105
COnP_F,4636,0.8347042291004605
COnP_F,4637,0.7916042760749239
COnP_F,4638,0.8536862368183696
COnP_F,4639,0.8348978201846468
COnP_F,4640,0.8524232457794964
COnP_F,4641,0.8601748462850549
COnP_F,4642,0.8574700822700345
COnP_F,4643,0.8556207038647243
COnP_F,4644,0.8222731755232565
COnP_F,4645,0.8277689486102411
COnP_F,4646,0.8346200370378976
COnP_F,4647,0.8438273245392912
COnP_F,4648,0.8162176100029603
COnP_F,4649,0.8395096878804457
COnP_F,4650,0.8112157209038428
COnP_F,4651,0.8457826478063538
COnP_F,4652,0.8437737890522723
COnP_F,4653,0.8250408667394884
COnP_F,4654,0.8451900576169655
COnP_F,4655,0.822621168995562
COnP_F,4656,0.819568264827158
COnP_F,4657,0.8288176660754469
COnP_F,4658,0.8384783475368349
COnP_F,4659,0.8478297734215922
COnP_F,4660,0.8273339654275174
COnP_F,4661,0.8582542062156605
COnP_F,4662,0.8414709326210538
COnP_F,4663,0.851577141242169
COnP_F,4664,0.8549809195873662
COnP_F,4665,0.830695277659348
COnP_F,4666,0.8520572402877074
COnP_F,4667,0.8093179810614671
COnP_F,4668,0.8694732076018237
COnP_F,4669,0.8372861061103126
COnP_F,4670,0.838773892423491
COnP_F,4671,0.8254392848618977
COnP_F,4672,0.8258838450624086
COnP_F,4673,0.8217575223593464
COnP_F,4674,0.8552528323577154
COnP_F,4675,0.8558957911406277
COnP_F,4676,0.8446766183398174
COnP_F,4677,0.8241589645815384
COnP_F,4678,0.8452217112600732
COnP_F,4679,0.8258602410578957
COnP_F,4680,0.853891629337474
COnP_F,4681,0.8240450658893573
COnP_F,4682,0.8680124800925553
COnP_F,4683,0.8374356552108017
COnP_F,4684,0.8331979294098257
COnP_F,4685,0.8645157806111605
COnP_F,4686,0.8397418680526723
COnP_F,4687,0.8539840096528607
COnP_F,4688,0.8739162690141403
COnP_F,4689,0.818625660028798
COnP_F,4690,0.8328311681609178
COnP_F,4691,0.8366159422122802
COnP_F,4692,0.8336607425768063
COnP_F,4693,0.8640384501518346
COnP_F,4694,0.8189213862771368
COnP_F,4695,0.849902494373508
COnP_F,4696,0.7872643241730187
COnP_F,4697,0.8571237180585388
COnP_F,4698,0.8316852280182523
COnP_F,4699,0.8303267941429536
COnP_F,4700,0.81484998294433
COnP_F,4701,0.8444302320070931
COnP_F,4702,0.8436083414803958
COnP_F,4703,0.8508397633428093
COnP_F,4704,0.8797452743159563
COnP_F,4705,0.8268352836760741
COnP_F,4706,0.8359353997271795
COnP_F,4707,0.8186744697186797
COnP_F,4708,0.8149531632077827
COnP_F,4709,0.8654194107660138
COnP_F,4710,0.8125450236036111
COnP_F,4711,0.8328124019004187
COnP_F,4712,0.8102936691246552
COnP_F,4713,0.8300564258698737
COnP_F,4714,0.8241867353482171
COnP_F,4715,0.831364358371032
COnP_F,4716,0.8342295360059503
COnP_F,4717,0.826177475187412
COnP_F,4718,0.819059138684661
COnP_F,4719,0.8529963081972772
COnP_F,4720,0.8454226438980197
COnP_F,4721,0.8322006495880361
COnP_F,4722,0.828015352789004
COnP_F,4723,0.8279819708842572
COnP_F,4724,0.8720658069948022
COnP_F,4725,0.8410079837739449
COnP_F,4726,0.8276399665146128
COnP_F,4727,0.8609202398856538
COnP_F,4728,0.8444627455961932
COnP_F,4729,0.8657063865580783
COnP_F,4730,0.8408405618812167
COnP_F,4731,0.8129851693338128
COnP_F,4732,0.844627177711398
COnP_F,4733,0.8224149235333473
COnP_F,4734,0.855481461467216
COnP_F,4735,0.8465491042885716
COnP_F,4736,0.8340543823454979
COnP_F,4737,0.8386110040195053
COnP_F,4738,0.8176051086730363
COnP_F,4739,0.8447198617742891
COnP_F,4740,0.8440196765043702
COnP_F,4741,0.8374195229650386
COnP_F,4742,0.8539437646335969
COnP_F,4743,0.8297081584653123
COnP_F,4744,0.8617558605230654
COnP_F,4745,0.8381786444504228
COnP_F,4746,0.8207954434447357
COnP_F,4747,0.8133123937589608
COnP_F,4748,0.8484192602459991
COnP_F,4749,0.8211171048530922
COnP_F,4750,0.8502054065529098
COnP_F,4751,0.8278631681568299
COnP_F,4752,0.8362730217109108
COnP_F,4753,0.8505247846934538
COnP_F,4754,0.8283576898148625
COnP_F,4755,0.8445757379487553
COnP_F,4756,0.8712453674735297
COnP_F,4757,0.8222465978295016
COnP_F,4758,0.8071370286817258
COnP_F,4759,0.8414099839843603
COnP_F,4760,0.8137811567172952
COnP_F,4761,0.8185902116655391
COnP_F,4762,0.8484161379693368
COnP_F,4763,0.8231808215305039
COnP_F,4764,0.875160540296077
COnP_F,4765,0.8489582414976834
COnP_F,4766,0.8562631815412172
COnP_F,4767,0.81954153224947
COnP_F,4768,0.8522158169582693
COnP_F,4769,0.8070369232678705
COnP_F,4770,0.8209018565955248
COnP_F,4771,0.8151669119198427
COnP_F,4772,0.8303739368730545
COnP_F,4773,0.8593434447341067
COnP_F,4774,0.8593239260332683
COnP_F,4775,0.8419899832973698
COnP_F,4776,0.8349204086432002
COnP_F,4777,0.8297795094523825
COnP_F,4778,0.8396891920700016
COnP_F,4779,0.8528612400546509
COnP_F,4780,0.8395831987332263
COnP_F,4781,0.8219543122652094
COnP_F,4782,0.8706621392276146
COnP_F,4783,0.8526391605206548
COnP_F,4784,0.8379577425478368
COnP_F,4785,0.8140106580734582
COnP_F,4786,0.8393958645964764
COnP_F,4787,0.8001570764459088
COnP_F,4788,0.8448495419645144
COnP_F,4789,0.8390750563282442
COnP_F,4790,0.8322374104741359
COnP_F,4791,0.8338820423754159
COnP_F,4792,0.8665481011003235
COnP_F,4793,0.8449749689540305
COnP_F,4794,0.8458178865569284
COnP_F,4795,0.8577356077720413
COnP_F,4796,0.8254940523150522
COnP_F,4797,0.8104314637942984
COnP_F,4798,0.8574535062434556
COnP_F,4799,0.8329458997192202
COnP_F,4800,0.8343657132991498
COnP_F,4801,0.8342863595462395
COnP_F,4802,0.8098632355513081
COnP_F,4803,0.8426237446723172
COnP_F,4804,0.8113381839895494
COnP_F,4805,0.8007407542074315
COnP_F,4806,0.8397891301864602
COnP_F,4807,0.8443797938570942
COnP_F,4808,0.8417278588480152
COnP_F,4809,0.8118115617195273
COnP_F,4810,0.8206868078898073
COnP_F,4811,0.8258292258981887
COnP_F,4812,0.8065983649453049
COnP_F,4813,0.8357932664327997
COnP_F,4814,0.850852076733437
COnP_F,4815,0.8258379947450386
COnP_F,4816,0.8184021358717196
COnP_F,4817,0.8339183604819506
COnP_F,4818,0.8495966088397124
COnP_F,4819,0.8669312486216609
COnP_F,4820,0.8310101610531574
COnP_F,4821,0.8217557391750345
COnP_F,4822,0.8313625222744672
COnP_F,4823,0.8090336276995331
COnP_F,4824,0.8210970285318148
COnP_F,4825,0.7974032561920827
COnP_F,4826,0.8330328866901348
COnP_F,4827,0.8370955101313015
COnP_F,4828,0.8349525714614717
COnP_F,4829,0.8570722245565282
COnP_F,4830,0.8168872240564992
COnP_F,4831,0.830795723047431
COnP_F,4832,0.8649600308198039
COnP_F,4833,0.8618405512024793
COnP_F,4834,0.8121601047458058
COnP_F,4835,0.8584076939147816
COnP_F,4836,0.8574355537088809
COnP_F,4837,0.8314146663826097
COnP_F,4838,0.8320385405592777
COnP_F,4839,0.8178907336834814
COnP_F,4840,0.8477584282382333
COnP_F,4841,0.8496261613057758
COnP_F,4842,0.8221363952830479
COnP_F,4843,0.8273068867734724
COnP_F,4844,0.8257506911308696
COnP_F,4845,0.844896972809047
COnP_F,4846,0.809255496929121
COnP_F,4847,0.8625258819974296
COnP_F,4848,0.8540485069651735
COnP_F,4849,0.8450891452452721
COnP_F,4850,0.8308838616097671
COnP_F,4851,0.8217174987080927
COnP_F,4852,0.818996069656326
COnP_F,4853,0.8312237595790515
COnP_F,4854,0.8308950963805112
COnP_F,4855,0.8307974536457776
COnP_F,4856,0.839149527725883
COnP_F,4857,0.8578738107094549
COnP_F,4858,0.8035465181147085
COnP_F,4859,0.8051355153737003
COnP_F,4860,0.8127484813083675
COnP_F,4861,0.8298899869537779
COnP_F,4862,0.8479770005235432
COnP_F,4863,0.8485783400271103
COnP_F,4864,0.822819102408845
COnP_F,4865,0.8540087919592925
COnP_F,4866,0.8439880738680229
COnP_F,4867,0.8321718516982601
COnP_F,4868,0.8196049313714436
COnP_F,4869,0.822546068732055
COnP_F,4870,0.8260357254519535
COnP_F,4871,0.8481887900455336
COnP_F,4872,0.8263693893864685
COnP_F,4873,0.8646477035795174
COnP_F,4874,0.8144965478274803
COnP_F,4875,0.8456262925621458
COnP_F,4876,0.8602317347571128
COnP_F,4877,0.8379077847378935
COnP_F,4878,0.8357306150898077
COnP_F,4879,0.851045412873231
COnP_F,4880,0.8539011392530695
COnP_F,4881,0.8313470884510052
COnP_F,4882,0.847045879858516
COnP_F,4883,0.8281753108571
COnP_F,4884,0.8164573909898714
COnP_F,4885,0.8300423267640922
COnP_F,4886,0.8362308096639135
COnP_F,4887,0.8353380435512623
COnP_F,4888,0.816534050927694
COnP_F,4889,0.7963988568639635
COnP_F,4890,0.8274483645924967
COnP_F,4891,0.8440069913090992
COnP_F,4892,0.8289824784957404
COnP_F,4893,0.8460559187731578
COnP_F,4894,0.8592143186182484
COnP_F,4895,0.815636964113249
COnP_F,4896,0.814119965064466
COnP_F,4897,0.8593438332737737
COnP_F,4898,0.8199185653087133
COnP_F,4899,0.8521259557825257
COnP_F,4900,0.8060851954911209
COnP_F,4901,0.7813879132350716
COnP_F,4902,0.8107518762712862
COnP_F,4903,0.8171831718968648
COnP_F,4904,0.8264738003480618
COnP_F,4905,0.8297880757526314
COnP_F,4906,0.8445146458364113
COnP_F,4907,0.8318333720019954
COnP_F,4908,0.8440787503064595
COnP_F,4909,0.8569862635324794
COnP_F,4910,0.8525490670894523
COnP_F,4911,0.8350715473325131
COnP_F,4912,0.8012249452751219
COnP_F,4913,0.8310731596305518
COnP_F,4914,0.8519820902372613
COnP_F,4915,0.841422009836693
COnP_F,4916,0.8168501745369423
COnP_F,4917,0.8140224303608065
COnP_F,4918,0.8571635607722744
COnP_F,4919,0.8532543290954182
COnP_F,4920,0.8095926520196602
COnP_F,4921,0.8202826996099776
COnP_F,4922,0.8570627511128566
COnP_F,4923,0.8014323602290241
COnP_F,4924,0.828949132771954
COnP_F,4925,0.8272696668068633
COnP_F,4926,0.8361606213554221
COnP_F,4927,0.8551989507187727
COnP_F,4928,0.8205219541791666
COnP_F,4929,0.8364084154079222
COnP_F,4930,0.842662467525481
COnP_F,4931,0.8248238872989744
COnP_F,4932,0.8441070807417902
COnP_F,4933,0.8288514111187959
COnP_F,4934,0.8403639530819611
COnP_F,4935,0.848688079167543
COnP_F,4936,0.834759095933731
COnP_F,4937,0.851668227299795
COnP_F,4938,0.8496199459176155
COnP_F,4939,0.8367299533291873
COnP_F,4940,0.8431905139556756
COnP_F,4941,0.8293725365452637
COnP_F,4942,0.8153997863251736
COnP_F,4943,0.8353487911560239
COnP_F,4944,0.8259411859418923
COnP_F,4945,0.815753505173084
COnP_F,4946,0.8727271121314791
COnP_F,4947,0.860704211369462
COnP_F,4948,0.8157423552723116
COnP_F,4949,0.8280367140147378
COnP_F,4950,0.8430561053241505
COnP_F,4951,0.8463259654689385
COnP_F,4952,0.8404691034773605
COnP_F,4953,0.8100538979721703
COnP_F,4954,0.8170013612696853
COnP_F,4955,0.8377184396711462
COnP_F,4956,0.8465099764947158
COnP_F,4957,0.8520032533105771
COnP_F,4958,0.8107644356274669
COnP_F,4959,0.8384534722781225
COnP_F,4960,0.792143134440506
COnP_F,4961,0.835202392632355
COnP_F,4962,0.8312658725553116
COnP_F,4963,0.8594263435595562
COnP_F,4964,0.8513074857695949
COnP_F,4965,0.8229302756532108
COnP_F,4966,0.8081784689183781
COnP_F,4967,0.8275310197447049
COnP_F,4968,0.8154901630652135
COnP_F,4969,0.8513222106660127
COnP_F,4970,0.7872118368268751
COnP_F,4971,0.8266489914598989
COnP_F,4972,0.8223669895122078
COnP_F,4973,0.8642974681073853
COnP_F,4974,0.8120107092541248
COnP_F,4975,0.8097773325261854
COnP_F,4976,0.8416279870193824
COnP_F,4977,0.8312574638525874
COnP_F,4978,0.8242592700756981
COnP_F,4979,0.8239038005835522
COnP_F,4980,0.8263027640730596
COnP_F,4981,0.8390336908444641
COnP_F,4982,0.8591209553760223
COnP_F,4983,0.8496392926767108
COnP_F,4984,0.8353328787434403
COnP_F,4985,0.8491416789209947
COnP_F,4986,0.816544852150812
COnP_F,4987,0.7981652126241229
COnP_F,4988,0.8236271237474152
COnP_F,4989,0.8213092319783195
COnP_F,4990,0.8343872648211409
COnP_F,4991,0.8197842398821912
COnP_F,4992,0.8471012861145718
COnP_F,4993,0.8318465172626325
COnP_F,4994,0.8480886649142976
COnP_F,4995,0.8018320404116054
COnP_F,4996,0.8053146395309043
COnP_F,4997,0.8250959967304152
COnP_F,4998,0.806726279185062
COnP_F,4999,0.8525749161199203
COnP_F,5000,0.8143886392257244
COnP_F,5001,0.8497570869309822
COnP_F,5002,0.845092519347624
COnP_F,5003,0.8620596266970102
COnP_F,5004,0.8507999443764263
COnP_F,5005,0.8246588495831989
COnP_F,5006,0.8519400417638798
COnP_F,5007,0.8429036842985029
COnP_F,5008,0.8652984991856275
COnP_F,5009,0.8323283306598943
COnP_F,5010,0.8434071729098358
COnP_F,5011,0.7839636575080284
COnP_F,5012,0.8371259741394521
COnP_F,5013,0.8400764299461884
COnP_F,5014,0.8440257226778127
COnP_F,5015,0.84755458624131
COnP_F,5016,0.8320291424855322
COnP_F,5017,0.8733451673612075
COnP_F,5018,0.8797451181227328
COnP_F,5019,0.8140591028762502
COnP_F,5020,0.8215519090782548
COnP_F,5021,0.8335568461599705
COnP_F,5022,0.8306283487062499
COnP_F,5023,0.8231657359810791
COnP_F,5024,0.8418474325091537
COnP_F,5025,0.8091522744865494
COnP_F,5026,0.8263244575535404
COnP_F,5027,0.8138619041992405
COnP_F,5028,0.8553512815582583
COnP_F,5029,0.8214475700457037
COnP_F,5030,0.8354160828578303
COnP_F,5031,0.8210894704825853
COnP_F,5032,0.8565994148119105
COnP_F,5033,0.8379994449395249
COnP_F,5034,0.8049127431370937
COnP_F,5035,0.8617512710634683
COnP_F,5036,0.8437520711801232
COnP_F,5037,0.7941017603905624
COnP_F,5038,0.8359521684878365
COnP_F,5039,0.8248749123941335
COnP_F,5040,0.8717787126338782
COnP_F,5041,0.8323595186692878
COnP_F,5042,0.8204862371520572
COnP_F,5043,0.8408603510696964
COnP_F,5044,0.8325394967807336
COnP_F,5045,0.8605503106162323
COnP_F,5046,0.8556673697656795
COnP_F,5047,0.841060695272986
COnP_F,5048,0.8397430799546622
COnP_F,5049,0.8243970172757897
COnP_F,5050,0.8207380285153584
COnP_F,5051,0.8019738968430931
COnP_F,5052,0.7868187063671923
COnP_F,5053,0.8152375139142226
COnP_F,5054,0.8475199757333755
COnP_F,5055,0.8346516605752925
COnP_F,5056,0.8300791398715912
COnP_F,5057,0.8123332909465395
COnP_F,5058,0.8437022279812659
COnP_F,5059,0.8602584281882377
COnP_F,5060,0.8360675707344122
COnP_F,5061,0.8811313730891793
COnP_F,5062,0.8380537941816775
COnP_F,5063,0.8385924563974583
COnP_F,5064,0.8401959964679243
COnP_F,5065,0.8148065886707874
COnP_F,5066,0.8264588542760047
COnP_F,5067,0.8758741705961569
COnP_F,5068,0.8127658880676116
COnP_F,5069,0.8432737939445247
COnP_F,5070,0.8313330508036634
COnP_F,5071,0.8289807214369949
COnP_F,5072,0.8480752976456865
COnP_F,5073,0.8412064401338665
COnP_F,5074,0.856796948252179
COnP_F,5075,0.8192215398554031
COnP_F,5076,0.8240271373733542
COnP_F,5077,0.8366839738743405
COnP_F,5078,0.8453797773612297
COnP_F,5079,0.8342304113526681
COnP_F,5080,0.8161034200215834
COnP_F,5081,0.821537356674105
COnP_F,5082,0.8425312198152505
COnP_F,5083,0.8380831433400969
COnP_F,5084,0.845072703957815
COnP_F,5085,0.7995318169619395
COnP_F,5086,0.8078377509381187
COnP_F,5087,0.8278622360863284
COnP_F,5088,0.8376477208658053
COnP_F,5089,0.8498251299317997
COnP_F,5090,0.821494473970635
COnP_F,5091,0.8530580333526117
COnP_F,5092,0.8360036915639552
COnP_F,5093,0.8375552811767735
COnP_F,5094,0.8748802217358819
COnP_F,5095,0.8601927353058274
COnP_F,5096,0.851954111739844
COnP_F,5097,0.7906956620257345
COnP_F,5098,0.8268568339567101
COnP_F,5099,0.8204192881212505
COnP_F,5100,0.8254704007732002
COnP_F,5101,0.8565100291837096
COnP_F,5102,0.8537329236342164
COnP_F,5103,0.8249088281957974
COnP_F,5104,0.8101436830351382
COnP_F,5105,0.8495617904228716
COnP_F,5106,0.8463972104714872
COnP_F,5107,0.8453837362321904
COnP_F,5108,0.8332944430128585
COnP_F,5109,0.8253279298941125
COnP_F,5110,0.8009254010072698
COnP_F,5111,0.8398961236337933
COnP_F,5112,0.8514609144285443
COnP_F,5113,0.8491074319818435
COnP_F,5114,0.8262491305721595
COnP_F,5115,0.8230211431403801
COnP_F,5116,0.8250948760289541
COnP_F,5117,0.8179578727345057
COnP_F,5118,0.8564505434028691
COnP_F,5119,0.8673328290164575
COnP_F,5120,0.8436377747312543
COnP_F,5121,0.8231159292765745
COnP_F,5122,0.8117786950445364
COnP_F,5123,0.8258405679445289
COnP_F,5124,0.8535033721534959
COnP_F,5125,0.824559857762699
COnP_F,5126,0.836281801004317
COnP_F,5127,0.8382751776699708
COnP_F,5128,0.843818784021145
COnP_F,5129,0.8581309311890215
COnP_F,5130,0.8303054447157419
COnP_F,5131,0.8461167476338874
COnP_F,5132,0.8313474140758673
COnP_F,5133,0.8274424635482029
COnP_F,5134,0.8253961787820596
COnP_F,5135,0.8441528502474207
COnP_F,5136,0.8150274682777512
COnP_F,5137,0.8112329039077918
COnP_F,5138,0.8485936707393339
COnP_F,5139,0.8263373750311488
COnP_F,5140,0.8567814598952351
COnP_F,5141,0.8254892210784827
COnP_F,5142,0.8333526540862726
COnP_F,5143,0.8019109873656044
COnP_F,5144,0.8542325106848239
COnP_F,5145,0.8600713337005932
COnP_F,5146,0.8314917997221574
COnP_F,5147,0.8100508968977346
COnP_F,5148,0.875003389451531
COnP_F,5149,0.8299045409054709
COnP_F,5150,0.8207916132249611
COnP_F,5151,0.8628682132985981
COnP_F,5152,0.833504050485586
COnP_F,5153,0.8286029409632772
COnP_F,5154,0.8242250518780035
COnP_F,5155,0.8440332779110982
COnP_F,5156,0.8438237518198382
COnP_F,5157,0.8242486097037286
COnP_F,5158,0.8382555874506399
COnP_F,5159,0.8352893740763317
COnP_F,5160,0.8291902829306972
COnP_F,5161,0.8378350891500557
COnP_F,5162,0.8464716343109698
COnP_F,5163,0.8088083376706435
COnP_F,5164,0.8305971294410724
COnP_F,5165,0.8500874918410714
COnP_F,5166,0.801631940210777
COnP_F,5167,0.8628987406072803
COnP_F,5168,0.8411226773916614
COnP_F,5169,0.8268547442811262
COnP_F,5170,0.8263026358264587
COnP_F,5171,0.8435103681082353
COnP_F,5172,0.8434088531223524
COnP_F,5173,0.8314905456172341
COnP_F,5174,0.8440535539584046
COnP_F,5175,0.8348418635145535
COnP_F,5176,0.8687627931240077
COnP_F,5177,0.8347094313199138
COnP_F,5178,0.8244750741560041
COnP_F,5179,0.8289935854019784
COnP_F,5180,0.8420362179066385
COnP_F,5181,0.8233330637192812
COnP_F,5182,0.8447682354059638
COnP_F,5183,0.8175716638973967
COnP_F,5184,0.8238908128930756
COnP_F,5185,0.8251656838069741
COnP_F,5186,0.8324838447534613
COnP_F,5187,0.8391528351093779
COnP_F,5188,0.8251389668180915
COnP_F,5189,0.830190312555377
COnP_F,5190,0.8745983819580426
COnP_F,5191,0.8170621927447491
COnP_F,5192,0.8369187616733759
COnP_F,5193,0.8466160615693685
COnP_F,5194,0.8068660537605241
COnP_F,5195,0.8628738585857333
COnP_F,5196,0.8300531558931619
COnP_F,5197,0.845298203990704
COnP_F,5198,0.8312758878701283
COnP_F,5199,0.8285742313719384
COnP_F,5200,0.8338053350224337
COnP_F,5201,0.8035334122573513
COnP_F,5202,0.8297094993226367
COnP_F,5203,0.8329035438003111
COnP_F,5204,0.8232724059757254
COnP_F,5205,0.8128539314937004
COnP_F,5206,0.87649397436071
COnP_F,5207,0.8223838433236024
COnP_F,5208,0.815640231711941
COnP_F,5209,0.813866784907
COnP_F,5210,0.82751792510519
COnP_F,5211,0.8445361271220724
COnP_F,5212,0.8583226026201844
COnP_F,5213,0.8183933097887328
COnP_F,5214,0.8462216833834176
COnP_F,5215,0.8393582476775848
COnP_F,5216,0.8194461526583513
COnP_F,5217,0.8209062282576539
COnP_F,5218,0.823096862956984
COnP_F,5219,0.799984091937174
COnP_F,5220,0.8399707584711148
COnP_F,5221,0.8168434714078018
COnP_F,5222,0.8669166965165015
COnP_F,5223,0.831175357859422
COnP_F,5224,0.8505686041647835
COnP_F,5225,0.8201801569806021
COnP_F,5226,0.8726070039083892
COnP_F,5227,0.85484003421514
COnP_F,5228,0.8238399315493323
COnP_F,5229,0.817405749742708
COnP_F,5230,0.8158605896611699
COnP_F,5231,0.8039076912582473
COnP_F,5232,0.8301681140611509
COnP_F,5233,0.8640373950394492
COnP_F,5234,0.8318566842130446
COnP_F,5235,0.8067213366234114
COnP_F,5236,0.8695553497020232
COnP_F,5237,0.850844647040772
COnP_F,5238,0.8448940608143427
COnP_F,5239,0.8281039256785757
COnP_F,5240,0.8426718336267749
COnP_F,5241,0.8531193075301393
COnP_F,5242,0.8566099696217462
COnP_F,5243,0.8297978869476913
COnP_F,5244,0.8255906553268467
COnP_F,5245,0.8250722424735409
COnP_F,5246,0.8358453588512557
COnP_F,5247,0.828602908297999
COnP_F,5248,0.838800978335715
COnP_F,5249,0.8242222530489091
COnP_F,5250,0.8319602892671023
COnP_F,5251,0.8217754398536031
COnP_F,5252,0.8324520915597301
COnP_F,5253,0.844950365049681
COnP_F,5254,0.8406206901298285
COnP_F,5255,0.8379642714943024
COnP_F,5256,0.833180810328544
COnP_F,5257,0.8165794771339336
COnP_F,5258,0.8108984092555179
COnP_F,5259,0.8451530991287277
COnP_F,5260,0.8046636703168761
COnP_F,5261,0.8545219534513472
COnP_F,5262,0.8501943561001802
COnP_F,5263,0.827525416078491
COnP_F,5264,0.8086990803617639
COnP_F,5265,0.8450101854784547
COnP_F,5266,0.8469649605313682
COnP_F,5267,0.8513189489758353
COnP_F,5268,0.8491299415176558
COnP_F,5269,0.826909202615607
COnP_F,5270,0.8207444633500811
COnP_F,5271,0.8196408778884032
COnP_F,5272,0.82384386955837
COnP_F,5273,0.8424099932514735
COnP_F,5274,0.8400900612599168
COnP_F,5275,0.8525689348320548
COnP_F,5276,0.8422513230374894
COnP_F,5277,0.8289034214576948
COnP_F,5278,0.8551745443279405
COnP_F,5279,0.8364235950169757
COnP_F,5280,0.8206791793058612
COnP_F,5281,0.844138612621289
COnP_F,5282,0.8329764509658952
COnP_F,5283,0.8354084411493969
COnP_F,5284,0.8217684392686334
COnP_F,5285,0.8263443786208503
COnP_F,5286,0.8489103941394189
COnP_F,5287,0.8565282576495609
COnP_F,5288,0.8241776630388593
COnP_F,5289,0.830131114459229
COnP_F,5290,0.8234572067367257
COnP_F,5291,0.8256576870530141
COnP_F,5292,0.8639119343750297
COnP_F,5293,0.8322780737551464
COnP_F,5294,0.8272403830249789
COnP_F,5295,0.8241841001126723
COnP_F,5296,0.8454454373849728
COnP_F,5297,0.8206287676444407
COnP_F,5298,0.8178604485504734
COnP_F,5299,0.8284985204746512
COnP_F,5300,0.8640175093959942
COnP_F,5301,0.8407666782867377
COnP_F,5302,0.8678339661685883
COnP_F,5303,0.8438582375944635
COnP_F,5304,0.8017463506841862
COnP_F,5305,0.8068344026180444
COnP_F,5306,0.8433962543009695
COnP_F,5307,0.8608286503474246
COnP_F,5308,0.836349677154487
COnP_F,5309,0.8367273297937656
COnP_F,5310,0.8714000234843936
COnP_F,5311,0.8313405932332328
COnP_F,5312,0.8323845072763456
COnP_F,5313,0.8496837167188813
COnP_F,5314,0.8394901596087124
COnP_F,5315,0.8254612098371357
COnP_F,5316,0.8472502811713584
COnP_F,5317,0.8520789407052337
COnP_F,5318,0.8408585414880206
COnP_F,5319,0.8315754801088873
COnP_F,5320,0.8371340189733941
COnP_F,5321,0.843939940524616
COnP_F,5322,0.8585060189272898
COnP_F,5323,0.8467791355071177
COnP_F,5324,0.8547713928708912
COnP_F,5325,0.8216939368468873
COnP_F,5326,0.8437296308177652
COnP_F,5327,0.8215689626226439
COnP_F,5328,0.8159158792874027
COnP_F,5329,0.8252253370773512
COnP_F,5330,0.7885723928961762
COnP_F,5331,0.8365266638104237
COnP_F,5332,0.8320768233685962
COnP_F,5333,0.8174864616148314
COnP_F,5334,0.815011516612998
COnP_F,5335,0.8687647136725734
COnP_F,5336,0.8303121587230331
COnP_F,5337,0.8387203369195152
COnP_F,5338,0.8402785429534821
COnP_F,5339,0.8535758295560353
COnP_F,5340,0.8299660323634994
COnP_F,5341,0.8514062467935317
COnP_F,5342,0.8539816937286349
COnP_F,5343,0.8075069089643385
COnP_F,5344,0.8202311393068359
COnP_F,5345,0.8348341014181084
COnP_F,5346,0.838127642937306
COnP_F,5347,0.8371580026651106
COnP_F,5348,0.8704956531820632
COnP_F,5349,0.8364364243035887
COnP_F,5350,0.8263113997824032
COnP_F,5351,0.8414228813004715
COnP_F,5352,0.8391585536732137
COnP_F,5353,0.8560855983258991
COnP_F,5354,0.860465932337733
COnP_F,5355,0.8263595906747918
COnP_F,5356,0.8462006430544733
COnP_F,5357,0.827485468523372
COnP_F,5358,0.8376958419033089
COnP_F,5359,0.8266730447269426
COnP_F,5360,0.8464677881240994
COnP_F,5361,0.8526695133921995
COnP_F,5362,0.8527648461620466
COnP_F,5363,0.8383492202548012
COnP_F,5364,0.8223916860922982
COnP_F,5365,0.8570400201098543
COnP_F,5366,0.8468015816521655
COnP_F,5367,0.8225551068903542
COnP_F,5368,0.8230185456471633
COnP_F,5369,0.8274274213536205
COnP_F,5370,0.8303362901651165
COnP_F,5371,0.8226408609657156
COnP_F,5372,0.8195284360830175
COnP_F,5373,0.8465563333678565
COnP_F,5374,0.858548346243122
COnP_F,5375,0.8415024281089218
COnP_F,5376,0.844575972576019
COnP_F,5377,0.8458282117849131
COnP_F,5378,0.850446545231069
COnP_F,5379,0.8334923239659083
COnP_F,5380,0.8271192048233679
COnP_F,5381,0.8332119370442336
COnP_F,5382,0.8220066597450749
COnP_F,5383,0.835945110336245
COnP_F,5384,0.8653921353739913
COnP_F,5385,0.8477633060323688
COnP_F,5386,0.8318681534550002
COnP_F,5387,0.8538052032819072
COnP_F,5388,0.8275504863093031
COnP_F,5389,0.8216304369510461
COnP_F,5390,0.8485937846798165
COnP_F,5391,0.8409553680818798
COnP_F,5392,0.8560883427543825
COnP_F,5393,0.8444539666623537
COnP_F,5394,0.8237303256825705
COnP_F,5395,0.8485994082620983
COnP_F,5396,0.7939044758727132
COnP_F,5397,0.8451156372211781
COnP_F,5398,0.849971725255299
COnP_F,5399,0.8338916062353902
COnP_F,5400,0.8367783803824682
COnP_F,5401,0.8394751767940014
COnP_F,5402,0.8197966942578351
COnP_F,5403,0.8325255073846345
COnP_F,5404,0.805962148439197
COnP_F,5405,0.8509000895617472
COnP_F,5406,0.8304466728364636
COnP_F,5407,0.8386150553363156
COnP_F,5408,0.8128304169427976
COnP_F,5409,0.8179245794226739
COnP_F,5410,0.8585576194003393
COnP_F,5411,0.8537853281741733
COnP_F,5412,0.8507374989188029
COnP_F,5413,0.8423502388225262
COnP_F,5414,0.8212675817737197
COnP_F,5415,0.8371579752194143
COnP_F,5416,0.8516311828510797
COnP_F,5417,0.8249040753291775
COnP_F,5418,0.8295495289617204
COnP_F,5419,0.807883832540623
COnP_F,5420,0.7985275398604775
COnP_F,5421,0.8428586220286989
COnP_F,5422,0.8266673506630622
COnP_F,5423,0.8234575010950779
COnP_F,5424,0.8277508134928219
COnP_F,5425,0.8434349867524265
COnP_F,5426,0.838304601384635
COnP_F,5427,0.8298755375783715
COnP_F,5428,0.8408239788425921
COnP_F,5429,0.8336797903146188
COnP_F,5430,0.8236411838250193
COnP_F,5431,0.8224721981285716
COnP_F,5432,0.8162396634916095
COnP_F,5433,0.8183140006787563
COnP_F,5434,0.8187074532185507
COnP_F,5435,0.8508246883141443
COnP_F,5436,0.8290925675743432
COnP_F,5437,0.8370541790562
COnP_F,5438,0.8382176781392161
COnP_F,5439,0.8357088765516474
COnP_F,5440,0.8486858564176434
COnP_F,5441,0.8174648966676513
COnP_F,5442,0.8201881587818047
COnP_F,5443,0.825732646397908
COnP_F,5444,0.8260349150813742
COnP_F,5445,0.8185177426291838
COnP_F,5446,0.801649208960275
COnP_F,5447,0.8501532904485827
COnP_F,5448,0.8343651368028546
COnP_F,5449,0.8210068884307173
COnP_F,5450,0.8469402506155549
COnP_F,5451,0.8473987704624447
COnP_F,5452,0.8400315283177164
COnP_F,5453,0.8124300236218422
COnP_F,5454,0.816446153035095
COnP_F,5455,0.8364354460061442
COnP_F,5456,0.8272507493214638
COnP_F,5457,0.8205672153348784
COnP_F,5458,0.832771071280838
COnP_F,5459,0.8057801609407516
COnP_F,5460,0.818863609614111
COnP_F,5461,0.828166935555727
COnP_F,5462,0.8489405873854055
COnP_F,5463,0.8441025986657772
COnP_F,5464,0.8282133905604017
COnP_F,5465,0.8317171136114124
COnP_F,5466,0.8240390509690466
COnP_F,5467,0.8274269207043087
COnP_F,5468,0.8582609894146608
COnP_F,5469,0.839236212424673
COnP_F,5470,0.822582511554848
COnP_F,5471,0.8101101527879863
COnP_F,5472,0.8169417580239663
COnP_F,5473,0.821762035282368
COnP_F,5474,0.8319753003393306
COnP_F,5475,0.8458970241343733
COnP_F,5476,0.845357877063515
COnP_F,5477,0.8277252445004526
COnP_F,5478,0.8439850044162232
COnP_F,5479,0.8451503772893312
COnP_F,5480,0.82785973780147
COnP_F,5481,0.8232944517383178
COnP_F,5482,0.8212932585762639
COnP_F,5483,0.8439028028981073
COnP_F,5484,0.8466588792757669
COnP_F,5485,0.8624063684867572
COnP_F,5486,0.8471952674951685
COnP_F,5487,0.8750035901621428
COnP_F,5488,0.8417411725923978
COnP_F,5489,0.8301968360115795
COnP_F,5490,0.8263680658590431
COnP_F,5491,0.8286939179054936
COnP_F,5492,0.866997413820095
COnP_F,5493,0.8449573265003243
COnP_F,5494,0.8102760716890836
COnP_F,5495,0.8189360457823979
COnP_F,5496,0.8275453764662337
COnP_F,5497,0.8337028147377101
COnP_F,5498,0.8389987276284588
COnP_F,5499,0.8283402586808413
COnP_F,5500,0.8346895015184831
COnP_F,5501,0.8268132201671161
COnP_F,5502,0.8347403576167775
COnP_F,5503,0.8145497204501436
COnP_F,5504,0.8528970331891564
COnP_F,5505,0.829272289374974
COnP_F,5506,0.8407877344373293
COnP_F,5507,0.8290074309086778
COnP_F,5508,0.8113348566827976
COnP_F,5509,0.8304912065470456
COnP_F,5510,0.8367081985314418
COnP_F,5511,0.8244310125107898
COnP_F,5512,0.8432510340289084
COnP_F,5513,0.8342981118516977
COnP_F,5514,0.8423558725425848
COnP_F,5515,0.8583032881454538
COnP_F,5516,0.8400870812563287
COnP_F,5517,0.8590645802192761
COnP_F,5518,0.8382605414985613
COnP_F,5519,0.8314206548986381
COnP_F,5520,0.8393416544465829
COnP_F,5521,0.8253112441514643
COnP_F,5522,0.8579372621393794
COnP_F,5523,0.8616447859821569
COnP_F,5524,0.8181823429048126
COnP_F,5525,0.841024854372967
COnP_F,5526,0.8183468573222362
COnP_F,5527,0.8430349986677769
COnP_F,5528,0.8275703908244533
COnP_F,5529,0.8398094095414864
COnP_F,5530,0.8340376717172614
COnP_F,5531,0.8165802088879154
COnP_F,5532,0.8436111078235013
COnP_F,5533,0.8486768337891674
COnP_F,5534,0.8647517242043736
COnP_F,5535,0.8146278589656702
COnP_F,5536,0.8245867986820636
COnP_F,5537,0.8421826058242946
COnP_F,5538,0.8171999071889359
COnP_F,5539,0.8320491126531584
COnP_F,5540,0.817544800521212
COnP_F,5541,0.8447134262811911
COnP_F,5542,0.8349422951769707
COnP_F,5543,0.8211230251004157
COnP_F,5544,0.838357942912102
COnP_F,5545,0.8210048850451127
COnP_F,5546,0.8598407921848444
COnP_F,5547,0.8770349173591541
COnP_F,5548,0.8244748567543931
COnP_F,5549,0.8257067826843226
COnP_F,5550,0.8214009528626819
COnP_F,5551,0.8360989587674158
COnP_F,5552,0.8377573349532487
COnP_F,5553,0.82901433057171
COnP_F,5554,0.8322800573682118
COnP_F,5555,0.8390618754939803
COnP_F,5556,0.8486434480868649
COnP_F,5557,0.8365733528715802
COnP_F,5558,0.8554256166435951
COnP_F,5559,0.8369000909840029
COnP_F,5560,0.8291147687597611
COnP_F,5561,0.821724993091991
COnP_F,5562,0.8376433231946644
COnP_F,5563,0.8443417468071461
COnP_F,5564,0.8461370109943298
COnP_F,5565,0.8006677084122128
COnP_F,5566,0.8446757680215433
COnP_F,5567,0.8062822018442927
COnP_F,5568,0.8628312486920732
COnP_F,5569,0.8230953808855196
COnP_F,5570,0.8477371262529314
COnP_F,5571,0.8339683335687745
COnP_F,5572,0.8193665595942049
COnP_F,5573,0.8342954222256064
COnP_F,5574,0.8383789554684739
COnP_F,5575,0.79693801169377
COnP_F,5576,0.8324927982104738
COnP_F,5577,0.8658294783308701
COnP_F,5578,0.8294381901116512
COnP_F,5579,0.8424282062951309
COnP_F,5580,0.8418190867913988
COnP_F,5581,0.8387079749730628
COnP_F,5582,0.8417183968631732
COnP_F,5583,0.8384652475917789
COnP_F,5584,0.8215774663081417
COnP_F,5585,0.8502376161863093
COnP_F,5586,0.8273922661913403
COnP_F,5587,0.8008917220346499
COnP_F,5588,0.866940981443443
COnP_F,5589,0.8443450135805733
COnP_F,5590,0.8007321926264555
COnP_F,5591,0.8572990468413734
COnP_F,5592,0.8261550837468268
COnP_F,5593,0.8200212451926321
COnP_F,5594,0.8337072927295447
COnP_F,5595,0.8264426153505203
COnP_F,5596,0.8420618243136683
COnP_F,5597,0.8425141288759157
COnP_F,5598,0.8138138891160543
COnP_F,5599,0.8372271269153876
COnP_F,5600,0.8080366148854793
COnP_F,5601,0.836371570283479
COnP_F,5602,0.8299130313155881
COnP_F,5603,0.832286867185157
COnP_F,5604,0.7932167697733509
COnP_F,5605,0.8290275612007707
COnP_F,5606,0.8498144738891248
COnP_F,5607,0.8240700377107433
COnP_F,5608,0.8636964706434727
COnP_F,5609,0.8190338880054256
COnP_F,5610,0.810179684701852
COnP_F,5611,0.8282010884111414
COnP_F,5612,0.8208876886791442
COnP_F,5613,0.8345550055956495
COnP_F,5614,0.8505897684860958
COnP_F,5615,0.843054021049576
COnP_F,5616,0.8550018129643997
COnP_F,5617,0.8352328157741893
COnP_F,5618,0.8264708212244611
COnP_F,5619,0.8264486180365982
COnP_F,5620,0.8192199761604264
COnP_F,5621,0.8358545740535896
COnP_F,5622,0.807058147909749
COnP_F,5623,0.8459973767250429
COnP_F,5624,0.8420834421811211
COnP_F,5625,0.8304734662142504
COnP_F,5626,0.8333772651832537
COnP_F,5627,0.8239328684446325
COnP_F,5628,0.8335559747771737
COnP_F,5629,0.8235322560014557
COnP_F,5630,0.8407493886458701
COnP_F,5631,0.8438418757121324
COnP_F,5632,0.8285469917086307
COnP_F,5633,0.8388587866296533
COnP_F,5634,0.8297014914968469
COnP_F,5635,0.8378571821049627
COnP_F,5636,0.8369777235225222
COnP_F,5637,0.8383288927856315
COnP_F,5638,0.8072011685117908
COnP_F,5639,0.8289241107585856
COnP_F,5640,0.811843381843036
COnP_F,5641,0.8382380265254674
COnP_F,5642,0.8122375594140852
COnP_F,5643,0.8441464948741567
COnP_F,5644,0.8388765172329445
COnP_F,5645,0.8353110957720575
COnP_F,5646,0.8342748843791942
COnP_F,5647,0.8214342161229009
COnP_F,5648,0.8386257244789502
COnP_F,5649,0.8333902966147854
COnP_F,5650,0.8782879369877288
COnP_F,5651,0.8290466462913357
COnP_F,5652,0.8033367709457471
COnP_F,5653,0.8520034558809246
COnP_F,5654,0.8259104357091298
COnP_F,5655,0.8422418718276612
COnP_F,5656,0.8143864553318135
COnP_F,5657,0.8504299426422869
COnP_F,5658,0.81997218526106
COnP_F,5659,0.836908434913586
COnP_F,5660,0.8364218145760827
COnP_F,5661,0.8293422208290551
COnP_F,5662,0.8267256296494722
COnP_F,5663,0.8273246361378924
COnP_F,5664,0.8431429398423961
COnP_F,5665,0.8600170646248845
COnP_F,5666,0.8453551964093716
COnP_F,5667,0.8157242685522988
COnP_F,5668,0.8290303511708167
COnP_F,5669,0.8062258664538046
COnP_F,5670,0.8470800586975404
COnP_F,5671,0.8289739903466755
COnP_F,5672,0.7922142526857722
COnP_F,5673,0.8489998350520934
COnP_F,5674,0.8509132812676611
COnP_F,5675,0.8277621434828891
COnP_F,5676,0.8526631396929595
COnP_F,5677,0.8170036832826035
COnP_F,5678,0.8539142304843628
COnP_F,5679,0.8268548099410767
COnP_F,5680,0.8089837583140005
COnP_F,5681,0.8424493737180697
COnP_F,5682,0.8230599601618621
COnP_F,5683,0.8591199402127746
COnP_F,5684,0.8421457928654847
COnP_F,5685,0.8305333730034858
COnP_F,5686,0.8394749922892725
COnP_F,5687,0.844531018093581
COnP_F,5688,0.8515836365715171
COnP_F,5689,0.8532165084365689
COnP_F,5690,0.8429373094520747
COnP_F,5691,0.8150330149357811
COnP_F,5692,0.866728509048099
COnP_F,5693,0.8334358234509714
COnP_F,5694,0.8206364290046071
COnP_F,5695,0.8108174354524206
COnP_F,5696,0.8551325842639141
COnP_F,5697,0.8284286033097245
COnP_F,5698,0.8434759672571105
COnP_F,5699,0.8428320844598535
COnP_F,5700,0.8442182936943738
COnP_F,5701,0.8611151870270675
COnP_F,5702,0.8399707976817422
COnP_F,5703,0.8302383229765443
COnP_F,5704,0.8301219935013665
COnP_F,5705,0.8616136598943082
COnP_F,5706,0.8301925594381006
COnP_F,5707,0.8384970395667336
COnP_F,5708,0.8518990371103277
COnP_F,5709,0.8212765293836538
COnP_F,5710,0.8152386797470621
COnP_F,5711,0.8285707959118838
COnP_F,5712,0.834602621002553
COnP_F,5713,0.8596574447930769
COnP_F,5714,0.8422143933440788
COnP_F,5715,0.8246130917720587
COnP_F,5716,0.8178260847578935
COnP_F,5717,0.8192097401095785
COnP_F,5718,0.8332173041951784
COnP_F,5719,0.8214360602867411
COnP_F,5720,0.8041265235644357
COnP_F,5721,0.8310481412021323
COnP_F,5722,0.8202542492596382
COnP_F,5723,0.845314391056247
COnP_F,5724,0.8506359821888104
COnP_F,5725,0.8415571702536178
COnP_F,5726,0.8527057173565611
COnP_F,5727,0.8261297249991345
COnP_F,5728,0.8102087426017842
COnP_F,5729,0.8445121029900637
COnP_F,5730,0.8047293260579723
COnP_F,5731,0.8243778841283124
COnP_F,5732,0.8127524251386065
COnP_F,5733,0.8577246579290401
COnP_F,5734,0.8781091353187203
COnP_F,5735,0.8341663045629243
COnP_F,5736,0.8316030129131665
COnP_F,5737,0.8552944692165177
COnP_F,5738,0.851783877419585
COnP_F,5739,0.8241038914582589
COnP_F,5740,0.8216663054992885
COnP_F,5741,0.8371893130523589
COnP_F,5742,0.8248604199947109
COnP_F,5743,0.8475708119175748
COnP_F,5744,0.8461702987420078
COnP_F,5745,0.8385722096795309
COnP_F,5746,0.822608574800229
COnP_F,5747,0.8404248718242515
COnP_F,5748,0.8228265634887076
COnP_F,5749,0.8306051789352589
COnP_F,5750,0.8574076784127569
COnP_F,5751,0.8242525030575795
COnP_F,5752,0.8055783059972915
COnP_F,5753,0.8241016179705088
COnP_F,5754,0.8107430243014465
COnP_F,5755,0.812829855745755
COnP_F,5756,0.8557914129340788
COnP_F,5757,0.819037826533709
COnP_F,5758,0.841712227756528
COnP_F,5759,0.8487400079901511
COnP_F,5760,0.8275393211450969
COnP_F,5761,0.832626345235286
COnP_F,5762,0.8159190098012258
COnP_F,5763,0.8460150595841155
COnP_F,5764,0.7863064956345144
COnP_F,5765,0.8634214593436136
COnP_F,5766,0.8397257328177881
COnP_F,5767,0.825573685908424
COnP_F,5768,0.8095722584004257
COnP_F,5769,0.8529096252103566
COnP_F,5770,0.8487979806941239
COnP_F,5771,0.8276731560612047
COnP_F,5772,0.8262545093556425
COnP_F,5773,0.8290350334271285
COnP_F,5774,0.8321098008273754
COnP_F,5775,0.8516506653563553
COnP_F,5776,0.870503744508228
COnP_F,5777,0.8503238798141433
COnP_F,5778,0.8401148431854052
COnP_F,5779,0.8147023463430872
COnP_F,5780,0.8245681518471597
COnP_F,5781,0.824198592422524
COnP_F,5782,0.8671199706302302
COnP_F,5783,0.8118655194893843
COnP_F,5784,0.8380372255432339
COnP_F,5785,0.8155791248025226
COnP_F,5786,0.8538658631153704
COnP_F,5787,0.8254000999373335
COnP_F,5788,0.8410520212836333
COnP_F,5789,0.8330406172044572
COnP_F,5790,0.8640471346352545
COnP_F,5791,0.8500372931892801
COnP_F,5792,0.8344418838874693
COnP_F,5793,0.8343742698253763
COnP_F,5794,0.812194679051684
COnP_F,5795,0.8177776384662603
COnP_F,5796,0.8285700835410448
COnP_F,5797,0.8736561869156668
COnP_F,5798,0.8125894553583288
COnP_F,5799,0.8430910401127785
COnP_F,5800,0.832801343798533
COnP_F,5801,0.8541996588201669
COnP_F,5802,0.8222237291349386
COnP_F,5803,0.7843978356671435
COnP_F,5804,0.842027688285372
COnP_F,5805,0.8329586627628618
COnP_F,5806,0.826348493330074
COnP_F,5807,0.8391157294855529
COnP_F,5808,0.8239896144923663
COnP_F,5809,0.8100460121616138
COnP_F,5810,0.8495112294312347
COnP_F,5811,0.8359504896327298
COnP_F,5812,0.8379816261310458
COnP_F,5813,0.8454479374569566
COnP_F,5814,0.8448290407134958
COnP_F,5815,0.8312819764135433
COnP_F,5816,0.8412668512980833
COnP_F,5817,0.8621663561186738
COnP_F,5818,0.8374803728702221
COnP_F,5819,0.8291527028640111
COnP_F,5820,0.829379296625455
COnP_F,5821,0.8129990973431938
COnP_F,5822,0.8110723611547005
COnP_F,5823,0.8235887371412518
COnP_F,5824,0.8230284417102426
COnP_F,5825,0.8379473147411072
COnP_F,5826,0.8331792035452409
COnP_F,5827,0.8561148575921752
COnP_F,5828,0.8298238908511828
COnP_F,5829,0.8431639272473895
COnP_F,5830,0.8402936926830974
COnP_F,5831,0.7970137288784851
COnP_F,5832,0.8296137206100144
COnP_F,5833,0.8215394756339461
COnP_F,5834,0.8079648777682408
COnP_F,5835,0.841214382602462
COnP_F,5836,0.830664139906434
COnP_F,5837,0.8213208006806199
COnP_F,5838,0.845363679990214
COnP_F,5839,0.8600765068287229
COnP_F,5840,0.8398702673113989
COnP_F,5841,0.8351697265069978
COnP_F,5842,0.8641050096447215
COnP_F,5843,0.8325651693546294
COnP_F,5844,0.8492339601532698
COnP_F,5845,0.856056851183659
COnP_F,5846,0.8430865496901656
COnP_F,5847,0.8287334135480366
COnP_F,5848,0.839475400530564
COnP_F,5849,0.853626382351403
COnP_F,5850,0.8296957527884885
COnP_F,5851,0.8412612662347024
COnP_F,5852,0.8313957208410916
COnP_F,5853,0.828270399648784
COnP_F,5854,0.8209806620367845
COnP_F,5855,0.8410325767777698
COnP_F,5856,0.842971435402475
COnP_F,5857,0.8195448997529892
COnP_F,5858,0.8405553300585075
COnP_F,5859,0.8363161761717745
COnP_F,5860,0.8489207506813566
COnP_F,5861,0.8512236158322883
COnP_F,5862,0.8295959787658318
COnP_F,5863,0.8152914984030846
COnP_F,5864,0.8514392793906445
COnP_F,5865,0.8469856939040968
COnP_F,5866,0.8202588162321242
COnP_F,5867,0.81515298195179
COnP_F,5868,0.8369971665969248
COnP_F,5869,0.8313277478355432
COnP_F,5870,0.8192376344322735
COnP_F,5871,0.8563123711666133
COnP_F,5872,0.8529882743090181
COnP_F,5873,0.8641503782741784
COnP_F,5874,0.8051418198644598
COnP_F,5875,0.8268994169256028
COnP_F,5876,0.8375381600533478
COnP_F,5877,0.8641796510778491
COnP_F,5878,0.8473686311510115
COnP_F,5879,0.8400222868507811
COnP_F,5880,0.8049979040525911
COnP_F,5881,0.8302873568579167
COnP_F,5882,0.8316348664367564
COnP_F,5883,0.8207070794761336
COnP_F,5884,0.8341917220822936
COnP_F,5885,0.8373191566405955
COnP_F,5886,0.8500878818586125
COnP_F,5887,0.8507834895102969
COnP_F,5888,0.8276690782608171
COnP_F,5889,0.8376142513136725
COnP_F,5890,0.8497727676614384
COnP_F,5891,0.8320726874484512
COnP_F,5892,0.8317703307157154
COnP_F,5893,0.8545246681864173
COnP_F,5894,0.8565981936467945
COnP_F,5895,0.8176342824301472
COnP_F,5896,0.846453234072471
COnP_F,5897,0.8488682235331959
COnP_F,5898,0.8318104513235148
COnP_F,5899,0.8265686946713108
COnP_F,5900,0.8253725023481099
COnP_F,5901,0.8336893530402923
COnP_F,5902,0.8024825616433908
COnP_F,5903,0.8403141709204514
COnP_F,5904,0.8336813661527855
COnP_F,5905,0.8325383242708732
COnP_F,5906,0.7846616626027141
COnP_F,5907,0.8124636542445284
COnP_F,5908,0.8210000965788202
COnP_F,5909,0.8215092535687141
COnP_F,5910,0.8641197692038608
COnP_F,5911,0.8586679230517713
COnP_F,5912,0.8382601938162701
COnP_F,5913,0.8128787291778877
COnP_F,5914,0.8154519885530606
COnP_F,5915,0.8529292266003009
COnP_F,5916,0.8397171863527975
COnP_F,5917,0.850690913954568
COnP_F,5918,0.8461124065971631
COnP_F,5919,0.8447639357887815
COnP_F,5920,0.8394510262162862
COnP_F,5921,0.8121884711572066
COnP_F,5922,0.8593181499324496
COnP_F,5923,0.8392194477349273
COnP_F,5924,0.8248786771770787
COnP_F,5925,0.8383657958511964
COnP_F,5926,0.8357050429293582
COnP_F,5927,0.8569309675992498
COnP_F,5928,0.8235858572200727
COnP_F,5929,0.8421036517545546
COnP_F,5930,0.8394912682037694
COnP_F,5931,0.8460034572263068
COnP_F,5932,0.8473238912362223
COnP_F,5933,0.8523422169891388
COnP_F,5934,0.8464115804663792
COnP_F,5935,0.8592763188005955
COnP_F,5936,0.8606101528685741
COnP_F,5937,0.8531526880716757
COnP_F,5938,0.8258778209121969
COnP_F,5939,0.8286073119791333
COnP_F,5940,0.8464168202487089
COnP_F,5941,0.8230600299730773
COnP_F,5942,0.8208396349553209
COnP_F,5943,0.8298052397207853
COnP_F,5944,0.8615944779524219
COnP_F,5945,0.8006514210783843
COnP_F,5946,0.8386838376283005
COnP_F,5947,0.8497808225946633
COnP_F,5948,0.8670245919992099
COnP_F,5949,0.8414961838786967
COnP_F,5950,0.8558034366053392
COnP_F,5951,0.8259593905589591
COnP_F,5952,0.8583950190354128
COnP_F,5953,0.8477140072637673
COnP_F,5954,0.8436101494332522
COnP_F,5955,0.7810850224797468
COnP_F,5956,0.8445186596343863
COnP_F,5957,0.8021846969524503
COnP_F,5958,0.8523591033075139
COnP_F,5959,0.8298737174725938
COnP_F,5960,0.804813829860543
COnP_F,5961,0.834346235921774
COnP_F,5962,0.8460372877776529
COnP_F,5963,0.8233614858021324
COnP_F,5964,0.8461808778582472
COnP_F,5965,0.8345499859059546
COnP_F,5966,0.8345811627821471
COnP_F,5967,0.8383385506374527
COnP_F,5968,0.8103453561698755
COnP_F,5969,0.8122683993621836
COnP_F,5970,0.8206906006268087
COnP_F,5971,0.8326320408728265
COnP_F,5972,0.8260670228030896
COnP_F,5973,0.8175169091262495
COnP_F,5974,0.841168115348505
COnP_F,5975,0.8341546714418557
COnP_F,5976,0.8632158031837409
COnP_F,5977,0.8633022513473833
COnP_F,5978,0.8464552478020794
COnP_F,5979,0.8556098973650369
COnP_F,5980,0.8314147275243379
COnP_F,5981,0.8461222622974142
COnP_F,5982,0.8439604653378102
COnP_F,5983,0.8214230280396352
COnP_F,5984,0.8225876038805159
COnP_F,5985,0.8231932327217489
COnP_F,5986,0.8564261847058319
COnP_F,5987,0.8489223827633486
COnP_F,5988,0.825324989948044
COnP_F,5989,0.84959711073691
COnP_F,5990,0.8351572278538728
COnP_F,5991,0.8540504843232365
COnP_F,5992,0.8566200456992964
COnP_F,5993,0.8261984330799944
COnP_F,5994,0.8314065370984276
COnP_F,5995,0.8490395407682683
COnP_F,5996,0.8180793807248546
COnP_F,5997,0.8527577327884076
COnP_F,5998,0.8512121628121055
COnP_F,5999,0.8527490349892057
COnP_F,6000,0.8481535015019127
COnP_F,6001,0.8355078190986426
COnP_F,6002,0.8315778364441131
COnP_F,6003,0.8235635669747098
COnP_F,6004,0.8258180634555838
COnP_F,6005,0.7910928451971323
COnP_F,6006,0.8371985571809828
COnP_F,6007,0.8564826019114716
COnP_F,6008,0.8257243224502525
COnP_F,6009,0.8472552942759912
COnP_F,6010,0.8286983593063463
COnP_F,6011,0.8484492507818303
COnP_F,6012,0.8333961615640513
COnP_F,6013,0.8435858389865672
COnP_F,6014,0.8053910358060263
COnP_F,6015,0.8310954266355227
COnP_F,6016,0.8392981686104724
COnP_F,6017,0.8137975963832225
COnP_F,6018,0.8220549378178097
COnP_F,6019,0.8465138841409363
COnP_F,6020,0.844098348227805
COnP_F,6021,0.8340844762734739
COnP_F,6022,0.8609269820269119
COnP_F,6023,0.8330921220852369
COnP_F,6024,0.8055455444917436
COnP_F,6025,0.8473685091487898
COnP_F,6026,0.8216357743642613
COnP_F,6027,0.8168299957248571
COnP_F,6028,0.8365119689145595
COnP_F,6029,0.7989511341513679
COnP_F,6030,0.8511684233434341
COnP_F,6031,0.8198709133990393
COnP_F,6032,0.8250541923745082
COnP_F,6033,0.8539553957566702
COnP_F,6034,0.8410329581043504
COnP_F,6035,0.8292386639253502
COnP_F,6036,0.8104144227302778
COnP_F,6037,0.8145192123944567
COnP_F,6038,0.8327681200017117
COnP_F,6039,0.8193357149357361
COnP_F,6040,0.8390656027962381
COnP_F,6041,0.8466122853766728
COnP_F,6042,0.8238145923940121
COnP_F,6043,0.8337258950465711
COnP_F,6044,0.8235163718693115
COnP_F,6045,0.8370111413498559
COnP_F,6046,0.8451989582397471
COnP_F,6047,0.8371308462984737
COnP_F,6048,0.837986616551241
COnP_F,6049,0.8159679641003837
COnP_F,6050,0.8310938033548724
COnP_F,6051,0.8133368761514361
COnP_F,6052,0.8237437136758947
COnP_F,6053,0.8594863484694949
COnP_F,6054,0.8607537997917745
COnP_F,6055,0.8360617903233796
COnP_F,6056,0.8312227298374456
COnP_F,6057,0.8025501218220542
COnP_F,6058,0.8128023692440111
COnP_F,6059,0.846172097125054
COnP_F,6060,0.8800690401097476
COnP_F,6061,0.8357117935968641
COnP_F,6062,0.8275368646272062
COnP_F,6063,0.8188592562872761
COnP_F,6064,0.8449663378817688
COnP_F,6065,0.8581701804548214
COnP_F,6066,0.8668424403532226
COnP_F,6067,0.8327179411784054
COnP_F,6068,0.8268941328021923
COnP_F,6069,0.8359139340419368
COnP_F,6070,0.8341947508471937
COnP_F,6071,0.8285333802077681
COnP_F,6072,0.8253976167352335
COnP_F,6073,0.8484008322324286
COnP_F,6074,0.8438572936279649
COnP_F,6075,0.8161085381108153
COnP_F,6076,0.8433651689045057
COnP_F,6077,0.846200475104315
COnP_F,6078,0.8088150642547182
COnP_F,6079,0.8491572606404657
COnP_F,6080,0.8323701216944485
COnP_F,6081,0.8268393324175034
COnP_F,6082,0.8535130219547682
COnP_F,6083,0.854595876939756
COnP_F,6084,0.8147963232244881
COnP_F,6085,0.8293259358456446
COnP_F,6086,0.8246237419448497
COnP_F,6087,0.8190681032905616
COnP_F,6088,0.8352161243391342
COnP_F,6089,0.8542644449349112
COnP_F,6090,0.821762262984262
COnP_F,6091,0.8594297300578945
COnP_F,6092,0.8040217840075844
COnP_F,6093,0.8114865958112155
COnP_F,6094,0.8233077773387343
COnP_F,6095,0.8517648295656083
COnP_F,6096,0.8286130076348338
COnP_F,6097,0.8332789580077331
COnP_F,6098,0.8220131260832201
COnP_F,6099,0.8221440063330229
COnP_F,6100,0.8495384627947703
COnP_F,6101,0.8243798163556292
COnP_F,6102,0.8137031806960864
COnP_F,6103,0.8443128526110444
COnP_F,6104,0.863136344277931
COnP_F,6105,0.8079749909635636
COnP_F,6106,0.8358118445566379
COnP_F,6107,0.8542318787302671
COnP_F,6108,0.8117699524394206
COnP_F,6109,0.8738483265385114
COnP_F,6110,0.821281753149468
COnP_F,6111,0.8525976770601578
COnP_F,6112,0.8532781802406807
COnP_F,6113,0.818329136724152
COnP_F,6114,0.8443418809451051
COnP_F,6115,0.8325927714778721
COnP_F,6116,0.7984759448692058
COnP_F,6117,0.8308335551934454
COnP_F,6118,0.8395141576256359
COnP_F,6119,0.8356843226108609
COnP_F,6120,0.8336003450276264
COnP_F,6121,0.8384294568531491
COnP_F,6122,0.8220213560627464
COnP_F,6123,0.8423640810798875
COnP_F,6124,0.8282019289288295
COnP_F,6125,0.84965468986899
COnP_F,6126,0.8267478516551897
COnP_F,6127,0.8730600658877916
COnP_F,6128,0.8352086358997498
COnP_F,6129,0.8601067646236981
COnP_F,6130,0.7985618576460647
COnP_F,6131,0.7948590859881564
COnP_F,6132,0.8473883273929325
COnP_F,6133,0.8429425027689695
COnP_F,6134,0.8282887712096713
COnP_F,6135,0.8541915997424773
COnP_F,6136,0.8439852072045188
COnP_F,6137,0.8391203954376646
COnP_F,6138,0.8227836444954222
COnP_F,6139,0.819300140656722
COnP_F,6140,0.844367625906772
COnP_F,6141,0.8512214880741303
COnP_F,6142,0.8096226431708579
COnP_F,6143,0.8432155706151685
COnP_F,6144,0.8321697386146634
COnP_F,6145,0.8292845137333376
COnP_F,6146,0.8301803339259316
COnP_F,6147,0.831078316664384
COnP_F,6148,0.7952750983400851
COnP_F,6149,0.8400737863919115
COnP_F,6150,0.8263318463301926
COnP_F,6151,0.8204864901824408
COnP_F,6152,0.8369989739232807
COnP_F,6153,0.8586479144784905
COnP_F,6154,0.8622936701188942
COnP_F,6155,0.8361309352185372
COnP_F,6156,0.833454651933611
COnP_F,6157,0.825402257564806
COnP_F,6158,0.842305952018749
COnP_F,6159,0.8398671489259092
COnP_F,6160,0.8307810285573215
COnP_F,6161,0.8471052239885727
COnP_F,6162,0.8425147237304428
COnP_F,6163,0.8276946674176117
COnP_F,6164,0.8352987256285092
COnP_F,6165,0.8416738987803347
COnP_F,6166,0.8036727641168323
COnP_F,6167,0.8267133844140389
COnP_F,6168,0.8537199324042424
COnP_F,6169,0.8178547448979395
COnP_F,6170,0.8342802982083765
COnP_F,6171,0.8413052914183885
COnP_F,6172,0.8211622238632248
COnP_F,6173,0.8008413789671599
COnP_F,6174,0.8474009233997158
COnP_F,6175,0.8337732690692657
COnP_F,6176,0.834884291457611
COnP_F,6177,0.8610533317966007
COnP_F,6178,0.8688842163668264
COnP_F,6179,0.8222227458791038
COnP_F,6180,0.8462935444740334
COnP_F,6181,0.8297731411449887
COnP_F,6182,0.8579766339676491
COnP_F,6183,0.8159930276692715
COnP_F,6184,0.8179115741868287
COnP_F,6185,0.8133727139086663
COnP_F,6186,0.815933428684531
COnP_F,6187,0.8190035137086408
COnP_F,6188,0.8070292465213694
COnP_F,6189,0.8277220103250597
COnP_F,6190,0.8361670309206476
COnP_F,6191,0.8306887641549368
COnP_F,6192,0.818193952269445
COnP_F,6193,0.8337517409146415
COnP_F,6194,0.8534510621375463
COnP_F,6195,0.8593277875441485
COnP_F,6196,0.8546530889619656
COnP_F,6197,0.8383741990415059
COnP_F,6198,0.8144807583507058
COnP_F,6199,0.8609405271523424
COnP_F,6200,0.8233888381773996
COnP_F,6201,0.8675667457441038
COnP_F,6202,0.8327019010923217
COnP_F,6203,0.8307856255604683
COnP_F,6204,0.8476866446186713
COnP_F,6205,0.8426549596400451
COnP_F,6206,0.8358946981906067
COnP_F,6207,0.8131493959015531
COnP_F,6208,0.8281596022377243
COnP_F,6209,0.8460359293052624
COnP_F,6210,0.8393520702285068
COnP_F,6211,0.8349191701149895
COnP_F,6212,0.8696842850323484
COnP_F,6213,0.8350806097889589
COnP_F,6214,0.8550014752619665
COnP_F,6215,0.848518934201897
COnP_F,6216,0.8214141410983777
COnP_F,6217,0.8562205890284255
COnP_F,6218,0.8666129814448943
COnP_F,6219,0.8417583476189527
COnP_F,6220,0.8447168714905153
COnP_F,6221,0.8311407269267619
COnP_F,6222,0.8377775228124935
COnP_F,6223,0.8580656572864364
COnP_F,6224,0.813023052640945
COnP_F,6225,0.848053561918402
COnP_F,6226,0.8250572390431623
COnP_F,6227,0.849987291159708
COnP_F,6228,0.8370719238827468
COnP_F,6229,0.8504685339519792
COnP_F,6230,0.824274337677903
COnP_F,6231,0.8194127938158808
COnP_F,6232,0.8493898774710333
COnP_F,6233,0.8393170854395949
COnP_F,6234,0.8169344471273582
COnP_F,6235,0.8209010632070927
COnP_F,6236,0.8315626080103702
COnP_F,6237,0.8248893626171704
COnP_F,6238,0.863313943906156
COnP_F,6239,0.83918328493186
COnP_F,6240,0.8355560352437017
COnP_F,6241,0.8363148266994747
COnP_F,6242,0.8535704467423334
COnP_F,6243,0.8404749336188746
COnP_F,6244,0.8211155735843662
COnP_F,6245,0.8134090327119042
COnP_F,6246,0.8792717488279325
COnP_F,6247,0.8294685932124991
COnP_F,6248,0.8512792110278276
COnP_F,6249,0.8401341001600858
COnP_F,6250,0.8496193380152547
COnP_F,6251,0.820831791350583
COnP_F,6252,0.8273753623379605
COnP_F,6253,0.8620864178962899
COnP_F,6254,0.8384431148710036
COnP_F,6255,0.8484346410131357
COnP_F,6256,0.8338504193512325
COnP_F,6257,0.8254836087049559
COnP_F,6258,0.8516133416198823
COnP_F,6259,0.8255069954396452
COnP_F,6260,0.8375607416825239
COnP_F,6261,0.8159989038733585
COnP_F,6262,0.8359341933639052
COnP_F,6263,0.8238366488698458
COnP_F,6264,0.8133442087265562
COnP_F,6265,0.8216989010133657
COnP_F,6266,0.8442704236522182
COnP_F,6267,0.8226775748927561
COnP_F,6268,0.8405414650515515
COnP_F,6269,0.8393160871315338
COnP_F,6270,0.8430056069353677
COnP_F,6271,0.83939316387016
COnP_F,6272,0.8046996422780863
COnP_F,6273,0.8219534392562652
COnP_F,6274,0.8397993157938991
COnP_F,6275,0.8296315125698378
COnP_F,6276,0.8260183334330512
COnP_F,6277,0.8213623607765114
COnP_F,6278,0.8291068234335759
COnP_F,6279,0.8299161331416185
COnP_F,6280,0.8448189216090584
COnP_F,6281,0.7989579523994678
COnP_F,6282,0.8573148077570881
COnP_F,6283,0.8227699007970991
COnP_F,6284,0.8405646519107729
COnP_F,6285,0.8296792212079185
COnP_F,6286,0.846900624544785
COnP_F,6287,0.8235794413684445
COnP_F,6288,0.8107798693046656
COnP_F,6289,0.8186674005856887
COnP_F,6290,0.8425891314652614
COnP_F,6291,0.8557535422537392
COnP_F,6292,0.8356597813108432
COnP_F,6293,0.8118758120079267
COnP_F,6294,0.8247729992421926
COnP_F,6295,0.8344323188397865
COnP_F,6296,0.8356444021044718
COnP_F,6297,0.8529448221588571
COnP_F,6298,0.8236976735437694
COnP_F,6299,0.8432762118083277
COnP_F,6300,0.8092805334361288
COnP_F,6301,0.8503406251404592
COnP_F,6302,0.8586677976685656
COnP_F,6303,0.8271875126390017
COnP_F,6304,0.830499507771012
COnP_F,6305,0.8378334947735828
COnP_F,6306,0.8629374181544387
COnP_F,6307,0.840092678871454
COnP_F,6308,0.8182065273295535
COnP_F,6309,0.8609126066018092
COnP_F,6310,0.8551896975664279
COnP_F,6311,0.8355501774436477
COnP_F,6312,0.8239637365507345
COnP_F,6313,0.8308577642473647
COnP_F,6314,0.8330312321143216
COnP_F,6315,0.8536888266673999
COnP_F,6316,0.8621716420908566
COnP_F,6317,0.8471758334860364
COnP_F,6318,0.8201807873537651
COnP_F,6319,0.8228730633102656
COnP_F,6320,0.8548722773267016
COnP_F,6321,0.8504774799436345
COnP_F,6322,0.8629504365876283
COnP_F,6323,0.8353703594934258
COnP_F,6324,0.8573936501352547
COnP_F,6325,0.8374495144798416
COnP_F,6326,0.8395365445824329
COnP_F,6327,0.8657686117870781
COnP_F,6328,0.8604864420297162
COnP_F,6329,0.8143721998442499
COnP_F,6330,0.8195822102733848
COnP_F,6331,0.8559489627985662
COnP_F,6332,0.7884336699592703
COnP_F,6333,0.8282894221310649
COnP_F,6334,0.839063069058281
COnP_F,6335,0.8338508737233448
COnP_F,6336,0.8381274363915074
COnP_F,6337,0.8457949085609551
COnP_F,6338,0.8583235398879271
COnP_F,6339,0.8570560224718351
COnP_F,6340,0.8260645889046339
COnP_F,6341,0.865293624052985
COnP_F,6342,0.8354397966007558
COnP_F,6343,0.8296628985878961
COnP_F,6344,0.850266059324683
COnP_F,6345,0.818657577178184
COnP_F,6346,0.839317491350134
COnP_F,6347,0.8341386629551932
COnP_F,6348,0.824997566080948
COnP_F,6349,0.8423897956856325
COnP_F,6350,0.8291529778127703
COnP_F,6351,0.8410985073916032
COnP_F,6352,0.8279617937049064
COnP_F,6353,0.8410569513664062
COnP_F,6354,0.8272768384093073
COnP_F,6355,0.8496148921981606
COnP_F,6356,0.850732418215558
COnP_F,6357,0.8523261099007491
COnP_F,6358,0.848630450023624
COnP_F,6359,0.8494424281622089
COnP_F,6360,0.844399563851558
COnP_F,6361,0.845640231814203
COnP_F,6362,0.8607951537557801
COnP_F,6363,0.8381126363079466
COnP_F,6364,0.842385294109758
COnP_F,6365,0.8292256875996952
COnP_F,6366,0.8208203028089832
COnP_F,6367,0.8281365983563777
COnP_F,6368,0.8393377835861159
COnP_F,6369,0.864918189821883
COnP_F,6370,0.8557540249761805
COnP_F,6371,0.854773734323121
COnP_F,6372,0.7930223030823625
COnP_F,6373,0.80346553023426
COnP_F,6374,0.8350764873798558
COnP_F,6375,0.8654285482975538
COnP_F,6376,0.8494353002775415
COnP_F,6377,0.820455255810785
COnP_F,6378,0.8152086480808629
COnP_F,6379,0.8400214908545665
COnP_F,6380,0.8238934089114636
COnP_F,6381,0.8568125057997602
COnP_F,6382,0.8417415782539365
COnP_F,6383,0.8438736918182984
COnP_F,6384,0.8325613172497416
COnP_F,6385,0.8396178290612525
COnP_F,6386,0.8618149249697176
COnP_F,6387,0.8282186328425928
COnP_F,6388,0.8607329892171377
COnP_F,6389,0.8548934737552327
COnP_F,6390,0.8316303247337388
COnP_F,6391,0.8537928935991422
COnP_F,6392,0.8293598388588537
COnP_F,6393,0.8387933788876079
COnP_F,6394,0.8146015824782097
COnP_F,6395,0.861586745740276
COnP_F,6396,0.8299586652177486
COnP_F,6397,0.8339320819886945
COnP_F,6398,0.7873429606629067
COnP_F,6399,0.7980099626856425
COnP_F,6400,0.8290328062210608
COnP_F,6401,0.8302944392974789
COnP_F,6402,0.8176268580015825
COnP_F,6403,0.8382079976858857
COnP_F,6404,0.8467039518300947
COnP_F,6405,0.8507374918738405
COnP_F,6406,0.8315718943667914
COnP_F,6407,0.8544330289826484
COnP_F,6408,0.8533069911918864
COnP_F,6409,0.8423839137450693
COnP_F,6410,0.8506979829720408
COnP_F,6411,0.8551851445363209
COnP_F,6412,0.8647565772978191
COnP_F,6413,0.8490000983420408
COnP_F,6414,0.842528244104926
COnP_F,6415,0.8436018257361462
COnP_F,6416,0.8374754766386127
COnP_F,6417,0.8056176126257983
COnP_F,6418,0.8195320179095106
COnP_F,6419,0.8526000249602773
COnP_F,6420,0.8356292929986728
COnP_F,6421,0.8453583971482732
COnP_F,6422,0.8237523472323608
COnP_F,6423,0.8497403750636228
COnP_F,6424,0.8036257905919159
COnP_F,6425,0.8329533473398222
COnP_F,6426,0.8603698297422802
COnP_F,6427,0.8435242709405234
COnP_F,6428,0.8540696663479772
COnP_F,6429,0.8558526722378687
COnP_F,6430,0.8154443762537159
COnP_F,6431,0.8225301818310146
COnP_F,6432,0.8453470373068048
COnP_F,6433,0.8205324215788535
COnP_F,6434,0.844514482847394
COnP_F,6435,0.8502664989973144
COnP_F,6436,0.8297094105883985
COnP_F,6437,0.8366771610140386
COnP_F,6438,0.8470445874206757
COnP_F,6439,0.8094205997059103
COnP_F,6440,0.818858927432525
COnP_F,6441,0.82568405462447
COnP_F,6442,0.862890870005517
COnP_F,6443,0.8634399730905508
COnP_F,6444,0.8268403949364594
COnP_F,6445,0.8576609822825472
COnP_F,6446,0.8455530122397048
COnP_F,6447,0.7988706305496645
COnP_F,6448,0.8403271324747186
COnP_F,6449,0.8288574239610422
COnP_F,6450,0.8412918995047254
COnP_F,6451,0.8133907326812824
COnP_F,6452,0.8351151003618775
COnP_F,6453,0.8401737233031977
COnP_F,6454,0.8251521593507748
COnP_F,6455,0.8418288325342066
COnP_F,6456,0.8313149712298855
COnP_F,6457,0.8618530201094334
COnP_F,6458,0.8369556428596403
COnP_F,6459,0.799881856552859
COnP_F,6460,0.866479084751955
COnP_F,6461,0.8436906093289582
COnP_F,6462,0.8126272877649544
COnP_F,6463,0.8288902655596586
COnP_F,6464,0.8247058801977968
COnP_F,6465,0.8156426833598336
COnP_F,6466,0.8292764522819059
COnP_F,6467,0.8659415001105222
COnP_F,6468,0.8463572906242814
COnP_F,6469,0.8107646567118141
COnP_F,6470,0.8020853272428352
COnP_F,6471,0.8362971214679465
COnP_F,6472,0.8256479847396047
COnP_F,6473,0.8443670941147046
COnP_F,6474,0.8571370374208938
COnP_F,6475,0.8390993493671873
COnP_F,6476,0.8180324101074168
COnP_F,6477,0.8256173068021729
COnP_F,6478,0.8452351891190777
COnP_F,6479,0.8603743136922163
COnP_F,6480,0.8467027749492204
COnP_F,6481,0.8184773894837715
COnP_F,6482,0.8468153171829457
COnP_F,6483,0.8312982182258777
COnP_F,6484,0.8365160497365135
COnP_F,6485,0.8356371423308527
COnP_F,6486,0.8294563886918015
COnP_F,6487,0.859758350416627
COnP_F,6488,0.8307673897256598
COnP_F,6489,0.8494580431375148
COnP_F,6490,0.8171108565754782
COnP_F,6491,0.8203551947484186
COnP_F,6492,0.8226295405904056
COnP_F,6493,0.8272079275455865
COnP_F,6494,0.8356178627378409
COnP_F,6495,0.8371590078190877
COnP_F,6496,0.8420701719120277
COnP_F,6497,0.8313281502392688
COnP_F,6498,0.8088594526016429
COnP_F,6499,0.8248077002256026
COnP_F,6500,0.8589271458793464
COnP_F,6501,0.8460566296524519
COnP_F,6502,0.8283104327969139
COnP_F,6503,0.8556563150560149
COnP_F,6504,0.8399982465044701
COnP_F,6505,0.8524618685268051
COnP_F,6506,0.8522792627911571
COnP_F,6507,0.8277845471790289
COnP_F,6508,0.8064738935008888
COnP_F,6509,0.8207926447015756
COnP_F,6510,0.8301910279581772
COnP_F,6511,0.8280397067078528
COnP_F,6512,0.8564415200646305
COnP_F,6513,0.843972278379642
COnP_F,6514,0.8659525854632849
COnP_F,6515,0.8484924625277604
COnP_F,6516,0.8579590343074218
COnP_F,6517,0.8235542202969159
COnP_F,6518,0.8073767199267327
COnP_F,6519,0.8357155991929544
COnP_F,6520,0.835251817912097
COnP_F,6521,0.8278243964707659
COnP_F,6522,0.8471517110991558
COnP_F,6523,0.8311065229975051
COnP_F,6524,0.8292465507473737
COnP_F,6525,0.8176965855093322
COnP_F,6526,0.8265796307020093
COnP_F,6527,0.817858297213163
COnP_F,6528,0.8273646282435929
COnP_F,6529,0.8269191786483127
COnP_F,6530,0.8216329382765081
COnP_F,6531,0.8100929212053049
COnP_F,6532,0.8330295687043758
COnP_F,6533,0.8491676868930398
COnP_F,6534,0.8274859452119108
COnP_F,6535,0.8107037387036945
COnP_F,6536,0.8343157568198931
COnP_F,6537,0.8406376680357439
COnP_F,6538,0.8241734672696794
COnP_F,6539,0.8389343934103847
COnP_F,6540,0.8545867771211244
COnP_F,6541,0.8273541862460481
COnP_F,6542,0.8329691303709009
COnP_F,6543,0.8440762500411821
COnP_F,6544,0.8473742246257481
COnP_F,6545,0.888523421578739
COnP_F,6546,0.8360292889863331
COnP_F,6547,0.8224817810554058
COnP_F,6548,0.8312999929409582
COnP_F,6549,0.8632709949873393
COnP_F,6550,0.8185465978884701
COnP_F,6551,0.8230973000529703
COnP_F,6552,0.835282289207123
COnP_F,6553,0.8447987346350018
COnP_F,6554,0.8557198945854866
COnP_F,6555,0.8120079191851383
COnP_F,6556,0.8503266844553468
COnP_F,6557,0.8232968203640886
COnP_F,6558,0.8627118945855902
COnP_F,6559,0.822073094883892
COnP_F,6560,0.8085082635113722
COnP_F,6561,0.8198157262426604
COnP_F,6562,0.8337274586693889
COnP_F,6563,0.8173685062487624
COnP_F,6564,0.8309946014657852
COnP_F,6565,0.8078607017734061
COnP_F,6566,0.8436158323362237
COnP_F,6567,0.8411599528020407
COnP_F,6568,0.8481290993064484
COnP_F,6569,0.8179014231091802
COnP_F,6570,0.8356994521025904
COnP_F,6571,0.849275607740608
COnP_F,6572,0.8403470860192643
COnP_F,6573,0.8422153833538609
COnP_F,6574,0.8050006069491306
COnP_F,6575,0.816085590641366
COnP_F,6576,0.8749300857400738
COnP_F,6577,0.8392060255009268
COnP_F,6578,0.8201415378148414
COnP_F,6579,0.8564351328709361
COnP_F,6580,0.8638796020222305
COnP_F,6581,0.8027402071785307
COnP_F,6582,0.8270795395630369
COnP_F,6583,0.8205341173941025
COnP_F,6584,0.8413681973210806
COnP_F,6585,0.8665603445536613
COnP_F,6586,0.83831631604361
COnP_F,6587,0.8053141904092884
COnP_F,6588,0.8221384648400486
COnP_F,6589,0.830756218503328
COnP_F,6590,0.8404400939288295
COnP_F,6591,0.8446330711659358
COnP_F,6592,0.8196584671137845
COnP_F,6593,0.859853176185208
COnP_F,6594,0.8242619994215922
COnP_F,6595,0.8395480414902501
COnP_F,6596,0.8225384725343649
COnP_F,6597,0.8204778239168778
COnP_F,6598,0.8283782220996553
COnP_F,6599,0.8281988449328469
COnP_F,6600,0.7982712774298918
COnP_F,6601,0.8454600177805335
COnP_F,6602,0.8325721136724953
COnP_F,6603,0.8607409065951426
COnP_F,6604,0.863365559609537
COnP_F,6605,0.8441953657363371
COnP_F,6606,0.8466773296197415
COnP_F,6607,0.8195047104806975
COnP_F,6608,0.7894895057503327
COnP_F,6609,0.8405688037839203
COnP_F,6610,0.8237959483996855
COnP_F,6611,0.8702537474254911
COnP_F,6612,0.826024717669895
COnP_F,6613,0.8115446269325922
COnP_F,6614,0.8293114378403107
COnP_F,6615,0.8097616807737648
COnP_F,6616,0.8575904883764058
COnP_F,6617,0.8189015031261305
COnP_F,6618,0.835601835066664
COnP_F,6619,0.8245740897896687
COnP_F,6620,0.8309181945194075
COnP_F,6621,0.8106700371710484
COnP_F,6622,0.8425983004633203
COnP_F,6623,0.8101700375110843
COnP_F,6624,0.8270625339255812
COnP_F,6625,0.8403458660759558
COnP_F,6626,0.8378419734858875
COnP_F,6627,0.8344389393259939
COnP_F,6628,0.8374776433239116
COnP_F,6629,0.8474900445312852
COnP_F,6630,0.8365819861127898
COnP_F,6631,0.8462068477328528
COnP_F,6632,0.8328978741263774
COnP_F,6633,0.8313587309666499
COnP_F,6634,0.8299362612761756
COnP_F,6635,0.8422640812553555
COnP_F,6636,0.8497095762732293
COnP_F,6637,0.8278302589042136
COnP_F,6638,0.8131436666403482
COnP_F,6639,0.8392900711209703
COnP_F,6640,0.8243844373484152
COnP_F,6641,0.8249505954311616
COnP_F,6642,0.8139706004861914
COnP_F,6643,0.8504090976915644
COnP_F,6644,0.8338512791685752
COnP_F,6645,0.8575838220879514
COnP_F,6646,0.81764476829023
COnP_F,6647,0.8512487583041407
COnP_F,6648,0.805027594644307
COnP_F,6649,0.8487591086240841
COnP_F,6650,0.8270372396729024
COnP_F,6651,0.8333560029753295
COnP_F,6652,0.8384813385406551
COnP_F,6653,0.8486424195830481
COnP_F,6654,0.8645540542786825
COnP_F,6655,0.8503483917134725
COnP_F,6656,0.8302981313728715
COnP_F,6657,0.8337293169031286
COnP_F,6658,0.8426268525660522
COnP_F,6659,0.84349781930764
COnP_F,6660,0.8164250954347874
COnP_F,6661,0.837016593273721
COnP_F,6662,0.8202809171671958
COnP_F,6663,0.818026222234013
COnP_F,6664,0.8226440874927299
COnP_F,6665,0.8310352310502416
COnP_F,6666,0.8136321374513331
COnP_F,6667,0.831309646502464
COnP_F,6668,0.8418169902502948
COnP_F,6669,0.8768742825751437
COnP_F,6670,0.844778472634447
COnP_F,6671,0.8310032304738041
COnP_F,6672,0.8528313352333496
COnP_F,6673,0.8230817367314692
COnP_F,6674,0.8592720523690381
COnP_F,6675,0.8497573081663874
COnP_F,6676,0.8402507464439458
COnP_F,6677,0.8445643191708179
COnP_F,6678,0.837974627218211
COnP_F,6679,0.803231700012371
COnP_F,6680,0.8185012958048854
COnP_F,6681,0.8109230969022984
COnP_F,6682,0.8470637791906913
COnP_F,6683,0.8597834969210905
COnP_F,6684,0.844211507304527
COnP_F,6685,0.8408618583244177
COnP_F,6686,0.8189526473692211
COnP_F,6687,0.8345675179657043
COnP_F,6688,0.8420070250711632
COnP_F,6689,0.8489897441427996
COnP_F,6690,0.8300134809915982
COnP_F,6691,0.8609674275399511
COnP_F,6692,0.805377897179039
COnP_F,6693,0.8309312638301359
COnP_F,6694,0.8194405437980025
COnP_F,6695,0.8310147285726296
COnP_F,6696,0.8252546013552701
COnP_F,6697,0.8324154728332926
COnP_F,6698,0.8315691958003669
COnP_F,6699,0.8311329952239421
COnP_F,6700,0.8343175459961325
COnP_F,6701,0.8254130437986484
COnP_F,6702,0.852923356509497
COnP_F,6703,0.8674460391290723
COnP_F,6704,0.8364579024163715
COnP_F,6705,0.8445830741720703
COnP_F,6706,0.8280185232106038
COnP_F,6707,0.8483331573894948
COnP_F,6708,0.8150398203027652
COnP_F,6709,0.8066724172906388
COnP_F,6710,0.832138334109789
COnP_F,6711,0.8141740991378372
COnP_F,6712,0.8348290899253117
COnP_F,6713,0.8448195158154912
COnP_F,6714,0.8433413362648218
COnP_F,6715,0.8558216134479175
COnP_F,6716,0.830329082847169
COnP_F,6717,0.8278021609698201
COnP_F,6718,0.8338672769390723
COnP_F,6719,0.8488562789525604
COnP_F,6720,0.8622885349332765
COnP_F,6721,0.8512960553344163
COnP_F,6722,0.8410188239308847
COnP_F,6723,0.8361529949069769
COnP_F,6724,0.8540668689114282
COnP_F,6725,0.8136109267405766
COnP_F,6726,0.8423821259626687
COnP_F,6727,0.8292922012791379
COnP_F,6728,0.8177728471579941
COnP_F,6729,0.8611771810344045
COnP_F,6730,0.8292666172570253
COnP_F,6731,0.8437565918198316
COnP_F,6732,0.8223130252223502
COnP_F,6733,0.828354207058624
COnP_F,6734,0.8245704853556157
COnP_F,6735,0.84240451113684
COnP_F,6736,0.8223049850192048
COnP_F,6737,0.8700529775176408
COnP_F,6738,0.8312545616676565
COnP_F,6739,0.8280985945810346
COnP_F,6740,0.8311578633821144
COnP_F,6741,0.8337327582335055
COnP_F,6742,0.8446909626339405
COnP_F,6743,0.858203652907676
COnP_F,6744,0.8379391850562851
COnP_F,6745,0.8351777534169958
COnP_F,6746,0.8142530037363032
COnP_F,6747,0.838254747301215
COnP_F,6748,0.8142039540195314
COnP_F,6749,0.8414274984562892
COnP_F,6750,0.8247336865388926
COnP_F,6751,0.8216796217021551
COnP_F,6752,0.8163806415724156
COnP_F,6753,0.824723696460022
COnP_F,6754,0.8304502585167921
COnP_F,6755,0.8456019541240817
COnP_F,6756,0.8229646773936977
COnP_F,6757,0.8360300182205032
COnP_F,6758,0.7949133864114483
COnP_F,6759,0.8607114807986553
COnP_F,6760,0.8149967096185818
COnP_F,6761,0.8018303506420958
COnP_F,6762,0.8265370349549599
COnP_F,6763,0.8389114873029458
COnP_F,6764,0.8423689599041826
COnP_F,6765,0.8357070095183614
COnP_F,6766,0.8357231010936307
COnP_F,6767,0.8285233751737645
COnP_F,6768,0.8327206079294474
COnP_F,6769,0.8298775514909996
COnP_F,6770,0.8613592943901934
COnP_F,6771,0.8146602150536829
COnP_F,6772,0.7957712140556039
COnP_F,6773,0.8432101174365618
COnP_F,6774,0.8654356113760325
COnP_F,6775,0.8672874885811528
COnP_F,6776,0.8283116026258145
COnP_F,6777,0.8240487587177674
COnP_F,6778,0.8306391665143864
COnP_F,6779,0.8189004018464493
COnP_F,6780,0.8601244646991606
COnP_F,6781,0.8208447668444676
COnP_F,6782,0.8056291862396627
COnP_F,6783,0.8121779619376581
COnP_F,6784,0.8362329767685074
COnP_F,6785,0.8198714799078961
COnP_F,6786,0.8412046665094162
COnP_F,6787,0.8632649596941983
COnP_F,6788,0.8459618143962333
COnP_F,6789,0.8609989158677592
COnP_F,6790,0.8441395753532828
COnP_F,6791,0.8477447662812331
COnP_F,6792,0.8143398278727757
COnP_F,6793,0.8288419931971731
COnP_F,6794,0.825172026763729
COnP_F,6795,0.8155538962034241
COnP_F,6796,0.8219151339708868
COnP_F,6797,0.8459968497131353
COnP_F,6798,0.8370918104979864
COnP_F,6799,0.8535890547217445
COnP_F,6800,0.8469677309691023
COnP_F,6801,0.8208748633338642
COnP_F,6802,0.8355889879658742
COnP_F,6803,0.7972307190779432
COnP_F,6804,0.8362504916809336
COnP_F,6805,0.8505455632803878
COnP_F,6806,0.8027680181265772
COnP_F,6807,0.8273592091749056
COnP_F,6808,0.8509560528501975
COnP_F,6809,0.8181668452756243
COnP_F,6810,0.8282957617946168
COnP_F,6811,0.8428627171253096
COnP_F,6812,0.8206984976090874
COnP_F,6813,0.8461362050851495
COnP_F,6814,0.8549261081739763
COnP_F,6815,0.8336299805187377
COnP_F,6816,0.8347783625889418
COnP_F,6817,0.8328857937923367
COnP_F,6818,0.8526803372604169
COnP_F,6819,0.8326356156678097
COnP_F,6820,0.8318301395176095
COnP_F,6821,0.8094090948733565
COnP_F,6822,0.8413613335043548
COnP_F,6823,0.8451077767372428
COnP_F,6824,0.8485635521818471
COnP_F,6825,0.838838838158028
COnP_F,6826,0.8447018480330852
COnP_F,6827,0.8349527662042513
COnP_F,6828,0.8263817806357693
COnP_F,6829,0.8719119364551721
COnP_F,6830,0.8448725226550992
COnP_F,6831,0.8386004550677839
COnP_F,6832,0.8440804330689394
COnP_F,6833,0.8421742147962756
COnP_F,6834,0.838637457299013
COnP_F,6835,0.8102180053260535
COnP_F,6836,0.8325851083967557
COnP_F,6837,0.8504996202067874
COnP_F,6838,0.8052661147417787
COnP_F,6839,0.8505091673570058
COnP_F,6840,0.8506750191628709
COnP_F,6841,0.8423391976426321
COnP_F,6842,0.8456854344936588
COnP_F,6843,0.8281994999758325
COnP_F,6844,0.8335053526557976
COnP_F,6845,0.8534406312946917
COnP_F,6846,0.820051934995315
COnP_F,6847,0.8125096271817026
COnP_F,6848,0.8706482232286638
COnP_F,6849,0.8295530689009653
COnP_F,6850,0.8285909577852294
COnP_F,6851,0.8337405881022553
COnP_F,6852,0.8259013330432015
COnP_F,6853,0.8434260314244163
COnP_F,6854,0.8663226846311091
COnP_F,6855,0.8331274491900394
COnP_F,6856,0.8314319996028611
COnP_F,6857,0.8410744055104943
COnP_F,6858,0.8110585873977595
COnP_F,6859,0.837027716778997
COnP_F,6860,0.8147341462310986
COnP_F,6861,0.848039030843162
COnP_F,6862,0.8382734780127383
COnP_F,6863,0.8372345735925419
COnP_F,6864,0.8091319265244913
COnP_F,6865,0.8426555996244942
COnP_F,6866,0.860119085920253
COnP_F,6867,0.8278827284704199
COnP_F,6868,0.8588176406177261
COnP_F,6869,0.8481813195632072
COnP_F,6870,0.8604353486253934
COnP_F,6871,0.8282801305733132
COnP_F,6872,0.8356788386341759
COnP_F,6873,0.8575287207597777
COnP_F,6874,0.8352309616716325
COnP_F,6875,0.8409473160893697
COnP_F,6876,0.8529306684077715
COnP_F,6877,0.8392183241963543
COnP_F,6878,0.8576028638656295
COnP_F,6879,0.8311447726453314
COnP_F,6880,0.8357375901778344
COnP_F,6881,0.8322851855680019
COnP_F,6882,0.8310849254240609
COnP_F,6883,0.8332403275455499
COnP_F,6884,0.8440219405437144
COnP_F,6885,0.8331181776279905
COnP_F,6886,0.8235821876724128
COnP_F,6887,0.848734903035633
COnP_F,6888,0.8420188009227332
COnP_F,6889,0.8062865115463324
COnP_F,6890,0.8455004145533586
COnP_F,6891,0.8370370453366878
COnP_F,6892,0.8487496274744418
COnP_F,6893,0.8486874465325226
COnP_F,6894,0.8575054596644044
COnP_F,6895,0.8664599101378895
COnP_F,6896,0.8324675464186961
COnP_F,6897,0.830425704008916
COnP_F,6898,0.8592728312682238
COnP_F,6899,0.8237212544955839
COnP_F,6900,0.8238333438168784
COnP_F,6901,0.8359485175802431
COnP_F,6902,0.8133263361055754
COnP_F,6903,0.8308211288028465
COnP_F,6904,0.8427372374517623
COnP_F,6905,0.8399075240373634
COnP_F,6906,0.8406119295333813
COnP_F,6907,0.8128045523699117
COnP_F,6908,0.8301122747371751
COnP_F,6909,0.8459762261296873
COnP_F,6910,0.8565176725456591
COnP_F,6911,0.8109783925983006
COnP_F,6912,0.8128432374440857
COnP_F,6913,0.8381496897134564
COnP_F,6914,0.8293545053367731
COnP_F,6915,0.8439889874516929
COnP_F,6916,0.8352894024021078
COnP_F,6917,0.8410272505999753
COnP_F,6918,0.8372788519682363
COnP_F,6919,0.8433973289483772
COnP_F,6920,0.8506789242449094
COnP_F,6921,0.8031148013226875
COnP_F,6922,0.8329503962233502
COnP_F,6923,0.8299610382834848
COnP_F,6924,0.8563026693998772
COnP_F,6925,0.8333386850709633
COnP_F,6926,0.834111416531484
COnP_F,6927,0.8427399810746723
COnP_F,6928,0.8217995000498601
COnP_F,6929,0.8406817589399386
COnP_F,6930,0.8352970286518524
COnP_F,6931,0.8517945097283154
COnP_F,6932,0.8312520134047642
COnP_F,6933,0.8745324178888098
COnP_F,6934,0.8176986070387056
COnP_F,6935,0.8315457150124669
COnP_F,6936,0.8234240363442747
COnP_F,6937,0.8093045780940996
COnP_F,6938,0.8441572074790266
COnP_F,6939,0.8463450281566548
COnP_F,6940,0.8493346087302488
COnP_F,6941,0.8403892228951568
COnP_F,6942,0.8364707563633593
COnP_F,6943,0.8527388231016984
COnP_F,6944,0.8476794900173686
COnP_F,6945,0.8688234276747482
COnP_F,6946,0.8470987512490252
COnP_F,6947,0.8459713587800594
COnP_F,6948,0.8287438408913554
COnP_F,6949,0.8558415040451341
COnP_F,6950,0.8321270569267633
COnP_F,6951,0.8413493705794028
COnP_F,6952,0.8412653570411277
COnP_F,6953,0.8317357613187348
COnP_F,6954,0.8286398137664495
COnP_F,6955,0.8481038158005828
COnP_F,6956,0.8371214779512863
COnP_F,6957,0.8256348864899257
COnP_F,6958,0.8679020009995342
COnP_F,6959,0.840527039508511
COnP_F,6960,0.8222891850226337
COnP_F,6961,0.8278564600651469
COnP_F,6962,0.8172610918713461
COnP_F,6963,0.8561964328687325
COnP_F,6964,0.8600978057367447
COnP_F,6965,0.8253788870546488
COnP_F,6966,0.8229313757748297
COnP_F,6967,0.8418680059520945
COnP_F,6968,0.8354851780393043
COnP_F,6969,0.815317409565052
COnP_F,6970,0.8456069614445886
COnP_F,6971,0.8111214415675623
COnP_F,6972,0.8320857574512805
COnP_F,6973,0.8393679728160206
COnP_F,6974,0.8606322020981337
COnP_F,6975,0.8389724326850762
COnP_F,6976,0.8012779325728956
COnP_F,6977,0.8555075635939241
COnP_F,6978,0.8297801944197657
COnP_F,6979,0.8102496480439975
COnP_F,6980,0.8328397542730702
COnP_F,6981,0.825411715017984
COnP_F,6982,0.8074421237706737
COnP_F,6983,0.8180110396144369
COnP_F,6984,0.8339036057856514
COnP_F,6985,0.8245435883167956
COnP_F,6986,0.8186416083821682
COnP_F,6987,0.8819691017079218
COnP_F,6988,0.8255371153472963
COnP_F,6989,0.8324762207943897
COnP_F,6990,0.844232202092089
COnP_F,6991,0.8205254554835854
COnP_F,6992,0.8324971127202551
COnP_F,6993,0.8230699832827634
COnP_F,6994,0.8356370938712232
COnP_F,6995,0.8523916141221034
COnP_F,6996,0.8202514469464273
COnP_F,6997,0.8332007295830616
COnP_F,6998,0.8391939168459007
COnP_F,6999,0.8154546556585914
COnP_F,7000,0.8525395073582098
COnP_F,7001,0.8581464687037299
COnP_F,7002,0.8472807449556109
COnP_F,7003,0.8100823502633695
COnP_F,7004,0.8572790670887983
COnP_F,7005,0.8546109559655527
COnP_F,7006,0.8244168317195001
COnP_F,7007,0.8532689014541687
COnP_F,7008,0.8402941655014995
COnP_F,7009,0.8426323706592325
COnP_F,7010,0.8409898682018818
COnP_F,7011,0.8434604139305828
COnP_F,7012,0.8067796023844569
COnP_F,7013,0.8575098346590176
COnP_F,7014,0.8148805842482881
COnP_F,7015,0.8336832839948511
COnP_F,7016,0.8166124882994188
COnP_F,7017,0.8581332600503704
COnP_F,7018,0.8123455444333246
COnP_F,7019,0.8587760838500313
COnP_F,7020,0.8525258701265428
COnP_F,7021,0.834685915695543
COnP_F,7022,0.8436729595519373
COnP_F,7023,0.8339095986514293
COnP_F,7024,0.8209401871292021
COnP_F,7025,0.8429275762037852
COnP_F,7026,0.8388433386338624
COnP_F,7027,0.8556021885428917
COnP_F,7028,0.8469644311673576
COnP_F,7029,0.8146535003546179
COnP_F,7030,0.8402824408498971
COnP_F,7031,0.8362717085823687
COnP_F,7032,0.8585792846268847
COnP_F,7033,0.8221697645610725
COnP_F,7034,0.8085761363033407
COnP_F,7035,0.8552973633802327
COnP_F,7036,0.8492483686075767
COnP_F,7037,0.8471179058937279
COnP_F,7038,0.8412844238249173
COnP_F,7039,0.8133879833547547
COnP_F,7040,0.8683815311184094
COnP_F,7041,0.8219822295145128
COnP_F,7042,0.8160906306105058
COnP_F,7043,0.8303302061283315
COnP_F,7044,0.8376125253995762
COnP_F,7045,0.8103953724816646
COnP_F,7046,0.8492210593344286
COnP_F,7047,0.8499379230011351
COnP_F,7048,0.8337438492606538
COnP_F,7049,0.8269814946632791
COnP_F,7050,0.845099831705491
COnP_F,7051,0.8655693380237209
COnP_F,7052,0.8260289505326163
COnP_F,7053,0.8456352575960013
COnP_F,7054,0.825262638049587
COnP_F,7055,0.8456570923378989
COnP_F,7056,0.8250082453535059
COnP_F,7057,0.8068809780625625
COnP_F,7058,0.8235716987521119
COnP_F,7059,0.8207643692367406
COnP_F,7060,0.8421679713737934
COnP_F,7061,0.8502800868903473
COnP_F,7062,0.82801955103647
COnP_F,7063,0.8358513183669957
COnP_F,7064,0.8506869410519728
COnP_F,7065,0.8361398379103255
COnP_F,7066,0.8262513712190056
COnP_F,7067,0.7942266075161509
COnP_F,7068,0.855072428281542
COnP_F,7069,0.821031672921263
COnP_F,7070,0.8429344252650031
COnP_F,7071,0.8295397284372429
COnP_F,7072,0.8393486955568059
COnP_F,7073,0.8365008421845438
COnP_F,7074,0.7982392522982662
COnP_F,7075,0.8098646837431962
COnP_F,7076,0.813851097846364
COnP_F,7077,0.8323559775896485
COnP_F,7078,0.8586048045873191
COnP_F,7079,0.8495230114319177
COnP_F,7080,0.8512295814824358
COnP_F,7081,0.8262048962829894
COnP_F,7082,0.7942715436736676
COnP_F,7083,0.8465799371876813
COnP_F,7084,0.8211586043255998
COnP_F,7085,0.8719247682893845
COnP_F,7086,0.8194770061055399
COnP_F,7087,0.843856599437702
COnP_F,7088,0.8460281916486232
COnP_F,7089,0.8230705842303245
COnP_F,7090,0.8199658702785734
COnP_F,7091,0.8250498762253775
COnP_F,7092,0.8263995645880003
COnP_F,7093,0.8395544161903884
COnP_F,7094,0.8472459993705542
COnP_F,7095,0.8190614465597814
COnP_F,7096,0.8355518992869037
COnP_F,7097,0.8208388532940327
COnP_F,7098,0.8146891137620995
COnP_F,7099,0.8508174205057639
COnP_F,7100,0.8361323398896354
COnP_F,7101,0.8095289501019355
COnP_F,7102,0.8291485694715309
COnP_F,7103,0.7951491712379173
COnP_F,7104,0.8774162926119795
COnP_F,7105,0.8324219192282246
COnP_F,7106,0.8476196021670627
COnP_F,7107,0.8331836974094657
COnP_F,7108,0.8142315144621091
COnP_F,7109,0.8347615559244569
COnP_F,7110,0.8277345119441385
COnP_F,7111,0.8213222827860153
COnP_F,7112,0.8242025532685539
COnP_F,7113,0.8305120968869378
COnP_F,7114,0.8444101126184251
COnP_F,7115,0.8102602603399645
COnP_F,7116,0.8279020957625053
COnP_F,7117,0.8336110209105501
COnP_F,7118,0.809612166916613
COnP_F,7119,0.8279635230801446
COnP_F,7120,0.8463065643036952
COnP_F,7121,0.84325356482695
COnP_F,7122,0.8284678215328062
COnP_F,7123,0.8314140410825462
COnP_F,7124,0.824799009698078
COnP_F,7125,0.8637376510631365
COnP_F,7126,0.8333188270920159
COnP_F,7127,0.8112181747555794
COnP_F,7128,0.8398403598513295
COnP_F,7129,0.8477935613036829
COnP_F,7130,0.8312061182331985
COnP_F,7131,0.8639382965714396
COnP_F,7132,0.8121942861587224
COnP_F,7133,0.823659848308418
COnP_F,7134,0.8167592037071779
COnP_F,7135,0.820510396154695
COnP_F,7136,0.8436784657314185
COnP_F,7137,0.8545205007911526
COnP_F,7138,0.8240205887917196
COnP_F,7139,0.8477712436758886
COnP_F,7140,0.8164576408181865
COnP_F,7141,0.8549453651498092
COnP_F,7142,0.8280303941321254
COnP_F,7143,0.8356262508685436
COnP_F,7144,0.8370673615053948
COnP_F,7145,0.8409146318924767
COnP_F,7146,0.8286997464096968
COnP_F,7147,0.8286030018093428
COnP_F,7148,0.8022655168756745
COnP_F,7149,0.8334612437571702
COnP_F,7150,0.8093460942129819
COnP_F,7151,0.8467362135754065
COnP_F,7152,0.8134803147037881
COnP_F,7153,0.8446410212038047
COnP_F,7154,0.8080446595774466
COnP_F,7155,0.849195298580149
COnP_F,7156,0.8497363088813191
COnP_F,7157,0.8149151694673978
COnP_F,7158,0.8425731223292235
COnP_F,7159,0.8228884176640691
COnP_F,7160,0.8201222266089259
COnP_F,7161,0.8289827554569549
COnP_F,7162,0.8256077883900166
COnP_F,7163,0.8234613971210583
COnP_F,7164,0.8431706495605944
COnP_F,7165,0.8199469284958149
COnP_F,7166,0.8200253207241971
COnP_F,7167,0.8311367279433199
COnP_F,7168,0.8419473805312856
COnP_F,7169,0.8298208186482414
COnP_F,7170,0.8400081838817613
COnP_F,7171,0.860656786552305
COnP_F,7172,0.8350540825476002
COnP_F,7173,0.8246458658016718
COnP_F,7174,0.8596112155435309
COnP_F,7175,0.8562017005862139
COnP_F,7176,0.8267275687775117
COnP_F,7177,0.8400523065578084
COnP_F,7178,0.8626831531545858
COnP_F,7179,0.8517457928838416
COnP_F,7180,0.8167935942033209
COnP_F,7181,0.8232715454876443
COnP_F,7182,0.839116712356429
COnP_F,7183,0.852249516661309
COnP_F,7184,0.8334771553875947
COnP_F,7185,0.8106032018711887
COnP_F,7186,0.8205017077451005
COnP_F,7187,0.8476907795048195
COnP_F,7188,0.8440115811678741
COnP_F,7189,0.8455395300307041
COnP_F,7190,0.8486421566456279
COnP_F,7191,0.8303710545385357
COnP_F,7192,0.8499063033901693
COnP_F,7193,0.836155054472704
COnP_F,7194,0.8599197874565214
COnP_F,7195,0.838560763069563
COnP_F,7196,0.8226053226437241
COnP_F,7197,0.8063497379120053
COnP_F,7198,0.8068535342071929
COnP_F,7199,0.8601418436062811
COnP_F,7200,0.8447197278421169
COnP_F,7201,0.8448416708473733
COnP_F,7202,0.8353658013094215
COnP_F,7203,0.8576527809335
COnP_F,7204,0.8269213754465256
COnP_F,7205,0.8354251929536352
COnP_F,7206,0.8436546330042669
COnP_F,7207,0.8336174331284628
COnP_F,7208,0.855776922467134
COnP_F,7209,0.8221496061968803
COnP_F,7210,0.823270366914916
COnP_F,7211,0.8503247654276985
COnP_F,7212,0.8233240440063457
COnP_F,7213,0.8239659214573409
COnP_F,7214,0.8644029652274043
COnP_F,7215,0.8332193150741258
COnP_F,7216,0.8562645894910343
COnP_F,7217,0.8391556820467512
COnP_F,7218,0.835920308096849
COnP_F,7219,0.8406032508859893
COnP_F,7220,0.8215127348570659
COnP_F,7221,0.8255969256299819
COnP_F,7222,0.8609592938624895
COnP_F,7223,0.8470038511860358
COnP_F,7224,0.8034719932687959
COnP_F,7225,0.8312075626997399
COnP_F,7226,0.8725165520392495
COnP_F,7227,0.8523561609845466
COnP_F,7228,0.8541987087839561
COnP_F,7229,0.8214273258536673
COnP_F,7230,0.8091549592134603
COnP_F,7231,0.8098070216317397
COnP_F,7232,0.8346773200357719
COnP_F,7233,0.8427809760992825
COnP_F,7234,0.8222672766551425
COnP_F,7235,0.8189061001392769
COnP_F,7236,0.8453517920827798
COnP_F,7237,0.8412438708316868
COnP_F,7238,0.8587668354711847
COnP_F,7239,0.8398763721525359
COnP_F,7240,0.823748297565019
COnP_F,7241,0.8245863929488436
COnP_F,7242,0.8495057635665882
COnP_F,7243,0.8549813099168848
COnP_F,7244,0.8417345529932626
COnP_F,7245,0.8438946643751631
COnP_F,7246,0.8368631098575116
COnP_F,7247,0.8344094742241291
COnP_F,7248,0.8624449227567844
COnP_F,7249,0.8277186932923716
COnP_F,7250,0.8331849275800202
COnP_F,7251,0.8341131143441725
COnP_F,7252,0.8283618524898372
COnP_F,7253,0.8403828148634979
COnP_F,7254,0.8478168380484797
COnP_F,7255,0.853101688825757
COnP_F,7256,0.8291585535249664
COnP_F,7257,0.8660572245981125
COnP_F,7258,0.8241279025361018
COnP_F,7259,0.8241106269368285
COnP_F,7260,0.814902932461636
COnP_F,7261,0.7923272109882692
COnP_F,7262,0.8370648529335032
COnP_F,7263,0.8446021477064496
COnP_F,7264,0.8556428283466699
COnP_F,7265,0.8156626139073498
COnP_F,7266,0.8610618680802369
COnP_F,7267,0.8542438122846011
COnP_F,7268,0.8296902591779527
COnP_F,7269,0.8427802931764138
COnP_F,7270,0.809327724752476
COnP_F,7271,0.8097509892615797
COnP_F,7272,0.8193887945727162
COnP_F,7273,0.8272086508501222
COnP_F,7274,0.8351481792812159
COnP_F,7275,0.8530613749451034
COnP_F,7276,0.8312924533619075
COnP_F,7277,0.8170592274005115
COnP_F,7278,0.8253447754090066
COnP_F,7279,0.8196912629659755
COnP_F,7280,0.8021973288026031
COnP_F,7281,0.8264055973976601
COnP_F,7282,0.8407371993898116
COnP_F,7283,0.8278623385051851
COnP_F,7284,0.8170727093412504
COnP_F,7285,0.8273304289734793
COnP_F,7286,0.8280162821524759
COnP_F,7287,0.8489726461582499
COnP_F,7288,0.8462867028113886
COnP_F,7289,0.8406354531069777
COnP_F,7290,0.8282274002882537
COnP_F,7291,0.8282248417458653
COnP_F,7292,0.8342346379201383
COnP_F,7293,0.8306705406314281
COnP_F,7294,0.8557294451880917
COnP_F,7295,0.8509552282016379
COnP_F,7296,0.8314882900217716
COnP_F,7297,0.8486381331069494
COnP_F,7298,0.8068317208612558
COnP_F,7299,0.8442097315413303
COnP_F,7300,0.8316641348458219
COnP_F,7301,0.8331016580237081
COnP_F,7302,0.8571559800054112
COnP_F,7303,0.8605177921987973
COnP_F,7304,0.8264026479666826
COnP_F,7305,0.8597595690909511
COnP_F,7306,0.8682977370333884
COnP_F,7307,0.7932853496986019
COnP_F,7308,0.8108363694172117
COnP_F,7309,0.8209578320485654
COnP_F,7310,0.8345372972261496
COnP_F,7311,0.8420585337637655
COnP_F,7312,0.8319801683677487
COnP_F,7313,0.8241040364297075
COnP_F,7314,0.8502994060760346
COnP_F,7315,0.8188910048521991
COnP_F,7316,0.8284394246635991
COnP_F,7317,0.8266134766765314
COnP_F,7318,0.842350532110432
COnP_F,7319,0.8343943026859578
COnP_F,7320,0.8355169583249945
COnP_F,7321,0.8091302179451901
COnP_F,7322,0.8410637973337564
COnP_F,7323,0.8300635231645811
COnP_F,7324,0.8253178102614519
COnP_F,7325,0.8419621392611768
COnP_F,7326,0.8109516743473093
COnP_F,7327,0.8458840423183617
COnP_F,7328,0.8149234785162068
COnP_F,7329,0.7993766656257554
COnP_F,7330,0.831073014757251
COnP_F,7331,0.8333187278306109
COnP_F,7332,0.8224051372300858
COnP_F,7333,0.8377202253032101
COnP_F,7334,0.8258223002074508
COnP_F,7335,0.8349262530227733
COnP_F,7336,0.8255306560983704
COnP_F,7337,0.8054150846226135
COnP_F,7338,0.8397845816212444
COnP_F,7339,0.8442251804251049
COnP_F,7340,0.8137665377351051
COnP_F,7341,0.8321496060587362
COnP_F,7342,0.8483546245491033
COnP_F,7343,0.8185235636057149
COnP_F,7344,0.8207419416663646
COnP_F,7345,0.8422073972364972
COnP_F,7346,0.8225912654474107
COnP_F,7347,0.8468586554203565
COnP_F,7348,0.8262200351928819
COnP_F,7349,0.8255699589407556
COnP_F,7350,0.8882266322533584
COnP_F,7351,0.8329340258191479
COnP_F,7352,0.8435729039414185
COnP_F,7353,0.8531687434813363
COnP_F,7354,0.8659649804943366
COnP_F,7355,0.8702899077981838
COnP_F,7356,0.8602232172715782
COnP_F,7357,0.8428115030264001
COnP_F,7358,0.8596358806463696
COnP_F,7359,0.8570604631610454
COnP_F,7360,0.8079530997687934
COnP_F,7361,0.8286089255965384
COnP_F,7362,0.8362262793862989
COnP_F,7363,0.845178245569249
COnP_F,7364,0.8368253545199799
COnP_F,7365,0.8560329273107146
COnP_F,7366,0.8634312919327506
COnP_F,7367,0.8514278826323729
COnP_F,7368,0.8480389719362806
COnP_F,7369,0.8507205478615321
COnP_F,7370,0.8184849948668631
COnP_F,7371,0.8758586453980787
COnP_F,7372,0.8273002763303916
COnP_F,7373,0.8401916860221125
COnP_F,7374,0.8448102376595269
COnP_F,7375,0.8445110097690026
COnP_F,7376,0.8248037530318519
COnP_F,7377,0.8245148205062446
COnP_F,7378,0.8006207663343567
COnP_F,7379,0.8166733971887379
COnP_F,7380,0.8305362417799603
COnP_F,7381,0.8277287407893261
COnP_F,7382,0.8398800690110073
COnP_F,7383,0.8150074163070272
COnP_F,7384,0.8408299836627771
COnP_F,7385,0.8741958658681462
COnP_F,7386,0.857523491859436
COnP_F,7387,0.8265641321679016
COnP_F,7388,0.8330805235747963
COnP_F,7389,0.8188534657864059
COnP_F,7390,0.819615174151537
COnP_F,7391,0.8376638961085776
COnP_F,7392,0.8246621793614406
COnP_F,7393,0.8447733818273492
COnP_F,7394,0.844080622695052
COnP_F,7395,0.832448991071192
COnP_F,7396,0.857385786159138
COnP_F,7397,0.8202817122254755
COnP_F,7398,0.8135564358395582
COnP_F,7399,0.8305193660227893
COnP_F,7400,0.8352935537082651
COnP_F,7401,0.8478563803845371
COnP_F,7402,0.8424831503317274
COnP_F,7403,0.8292428678758961
COnP_F,7404,0.8260370395706985
COnP_F,7405,0.8255179384469361
COnP_F,7406,0.8471447942029089
COnP_F,7407,0.8311600679423717
COnP_F,7408,0.8318556241832686
COnP_F,7409,0.8018873781921888
COnP_F,7410,0.8539741175576372
COnP_F,7411,0.8111165721606273
COnP_F,7412,0.801203584711482
COnP_F,7413,0.8132616335316118
COnP_F,7414,0.8590787547218459
COnP_F,7415,0.8457854882806352
COnP_F,7416,0.8160524222744447
COnP_F,7417,0.8051019798518959
COnP_F,7418,0.8211978104869221
COnP_F,7419,0.833104549218429
COnP_F,7420,0.8355665213086715
COnP_F,7421,0.8127387732650387
COnP_F,7422,0.8316195825059414
COnP_F,7423,0.8582454710345472
COnP_F,7424,0.824859871543831
COnP_F,7425,0.8380951181325751
COnP_F,7426,0.8210161970777154
COnP_F,7427,0.8475620008377005
COnP_F,7428,0.8228089996219392
COnP_F,7429,0.8262167025367247
COnP_F,7430,0.820158647021975
COnP_F,7431,0.8344342927956464
COnP_F,7432,0.8470431880325217
COnP_F,7433,0.8121378845153826
COnP_F,7434,0.8737229420109539
COnP_F,7435,0.8249105844742088
COnP_F,7436,0.8242749044835831
COnP_F,7437,0.814797960215842
COnP_F,7438,0.8585050530889842
COnP_F,7439,0.8302886529429134
COnP_F,7440,0.819215479001014
COnP_F,7441,0.8078548492224658
COnP_F,7442,0.8539308788635875
COnP_F,7443,0.8304038202064774
COnP_F,7444,0.8215879284656377
COnP_F,7445,0.809568703602971
COnP_F,7446,0.8539747838548472
COnP_F,7447,0.8248718753703778
COnP_F,7448,0.850642571549692
COnP_F,7449,0.8201856639441538
COnP_F,7450,0.8391424525323233
COnP_F,7451,0.8342536690144003
COnP_F,7452,0.8042926230397377
COnP_F,7453,0.8148488778380327
COnP_F,7454,0.8249808387277449
COnP_F,7455,0.814383945916829
COnP_F,7456,0.841158563537928
COnP_F,7457,0.8609895904293857
COnP_F,7458,0.8462430341684247
COnP_F,7459,0.8636043373785554
COnP_F,7460,0.8271170795624733
COnP_F,7461,0.8378042055104608
COnP_F,7462,0.8460827259421485
COnP_F,7463,0.8393751169188434
COnP_F,7464,0.861856767945625
COnP_F,7465,0.8360334753658867
COnP_F,7466,0.8306751536833379
COnP_F,7467,0.8251231092348915
COnP_F,7468,0.8210440515665635
COnP_F,7469,0.8347730836757249
COnP_F,7470,0.8406712733031737
COnP_F,7471,0.8342945079203495
COnP_F,7472,0.8285081034612253
COnP_F,7473,0.849163797671332
COnP_F,7474,0.8293910374610043
COnP_F,7475,0.8085117405430827
COnP_F,7476,0.8194004729162833
COnP_F,7477,0.8280454382847818
COnP_F,7478,0.8369151552643521
COnP_F,7479,0.8449029739432273
COnP_F,7480,0.8516629175194408
COnP_F,7481,0.839706165708876
COnP_F,7482,0.8275541003347553
COnP_F,7483,0.8334918476469589
COnP_F,7484,0.8544977739058074
COnP_F,7485,0.8434643120797208
COnP_F,7486,0.8486634229394681
COnP_F,7487,0.8172283424746277
COnP_F,7488,0.8139082900734628
COnP_F,7489,0.8199510374912943
COnP_F,7490,0.8376870854851384
COnP_F,7491,0.8253970111357878
COnP_F,7492,0.8461066602254003
COnP_F,7493,0.8465174372203705
COnP_F,7494,0.845404263917382
COnP_F,7495,0.8233902895079
COnP_F,7496,0.8367015121282093
COnP_F,7497,0.8116495840768367
COnP_F,7498,0.8653579300182906
COnP_F,7499,0.8580637729220552
COnP_F,7500,0.8309847564503068
COnP_F,7501,0.8790150321146097
COnP_F,7502,0.8275303334856222
COnP_F,7503,0.8524711610323258
COnP_F,7504,0.8551469147963808
COnP_F,7505,0.8570906556303266
COnP_F,7506,0.834563678244668
COnP_F,7507,0.8515391298217528
COnP_F,7508,0.849874335551708
COnP_F,7509,0.8449524910611138
COnP_F,7510,0.8561483803459007
COnP_F,7511,0.8386462775411494
COnP_F,7512,0.8218859310527952
COnP_F,7513,0.8290761354794922
COnP_F,7514,0.8217278891749814
COnP_F,7515,0.8300479153697405
COnP_F,7516,0.8721613480901959
COnP_F,7517,0.8265294009661964
COnP_F,7518,0.840083117423987
COnP_F,7519,0.8115543494501638
COnP_F,7520,0.8442209140543543
COnP_F,7521,0.8253578894856575
COnP_F,7522,0.7991962970498142
COnP_F,7523,0.8077896035624965
COnP_F,7524,0.8177235505766977
COnP_F,7525,0.8397557995322672
COnP_F,7526,0.8243533558315632
COnP_F,7527,0.8189490878730732
COnP_F,7528,0.8601299112850361
COnP_F,7529,0.8582855624880967
COnP_F,7530,0.8664602218983731
COnP_F,7531,0.8522658175310892
COnP_F,7532,0.8528332433345147
COnP_F,7533,0.8436644340369012
COnP_F,7534,0.8442131666361549
COnP_F,7535,0.822625020655989
COnP_F,7536,0.8465279307116447
COnP_F,7537,0.821741049783634
COnP_F,7538,0.8628107043062371
COnP_F,7539,0.8317038887978958
COnP_F,7540,0.8361344849815828
COnP_F,7541,0.8556421998033642
COnP_F,7542,0.8338111629320532
COnP_F,7543,0.8526937131604664
COnP_F,7544,0.8168285743242282
COnP_F,7545,0.8437484146932249
COnP_F,7546,0.8242829185537318
COnP_F,7547,0.8410130675001587
COnP_F,7548,0.8660611016737866
COnP_F,7549,0.8405440239376428
COnP_F,7550,0.83822762070215
COnP_F,7551,0.8506025990994978
COnP_F,7552,0.8095303864718039
COnP_F,7553,0.8439477838664262
COnP_F,7554,0.8506581963437301
COnP_F,7555,0.8219421044491829
COnP_F,7556,0.826626994043857
COnP_F,7557,0.8031260735450448
COnP_F,7558,0.8387711955797464
COnP_F,7559,0.8093726707154212
COnP_F,7560,0.8244126124328589
COnP_F,7561,0.8037760435961301
COnP_F,7562,0.8254798261429526
COnP_F,7563,0.8191337463577364
COnP_F,7564,0.8150726210508161
COnP_F,7565,0.8450070024338822
COnP_F,7566,0.8462411785525986
COnP_F,7567,0.8306689205021272
COnP_F,7568,0.8416834695415687
COnP_F,7569,0.8151247636790967
COnP_F,7570,0.833649128566947
COnP_F,7571,0.8341208336178173
COnP_F,7572,0.8493804587996713
COnP_F,7573,0.8013795267592153
COnP_F,7574,0.8250961869174533
COnP_F,7575,0.8152657283668705
COnP_F,7576,0.8329159743797513
COnP_F,7577,0.83162645544603
COnP_F,7578,0.8125441617531166
COnP_F,7579,0.8029845408930829
COnP_F,7580,0.8172464913436376
COnP_F,7581,0.8334285132374777
COnP_F,7582,0.822391931977723
COnP_F,7583,0.8153433397836742
COnP_F,7584,0.8055487963306699
COnP_F,7585,0.8215394625165052
COnP_F,7586,0.8469436795736703
COnP_F,7587,0.818526561581014
COnP_F,7588,0.8393476262287288
COnP_F,7589,0.8304928749646596
COnP_F,7590,0.824072146304921
COnP_F,7591,0.8342674238149046
COnP_F,7592,0.847344332070349
COnP_F,7593,0.8469482039548182
COnP_F,7594,0.7957091271146156
COnP_F,7595,0.8537037897214623
COnP_F,7596,0.8246240065991112
COnP_F,7597,0.8353948788255716
COnP_F,7598,0.803333246572397
COnP_F,7599,0.86057704968725
COnP_F,7600,0.8417934902954443
COnP_F,7601,0.8298513405554603
COnP_F,7602,0.8340373496425577
COnP_F,7603,0.865259311204429
COnP_F,7604,0.8425881919710999
COnP_F,7605,0.7976122810749022
COnP_F,7606,0.8417154689993614
COnP_F,7607,0.8453797347191129
COnP_F,7608,0.8449627973275916
COnP_F,7609,0.8272779072706775
COnP_F,7610,0.8159193490344258
COnP_F,7611,0.8291853274515332
COnP_F,7612,0.8052122292595715
COnP_F,7613,0.8487346668950483
COnP_F,7614,0.8493360446551972
COnP_F,7615,0.8611749266709524
COnP_F,7616,0.8620242450101133
COnP_F,7617,0.8326215208746114
COnP_F,7618,0.8337565504237239
COnP_F,7619,0.8360298938569298
COnP_F,7620,0.8456688514442967
COnP_F,7621,0.8331968884708435
COnP_F,7622,0.8287174774521574
COnP_F,7623,0.8513732196171337
COnP_F,7624,0.8510869766699855
COnP_F,7625,0.8302523940113794
COnP_F,7626,0.8452679013157748
COnP_F,7627,0.8207432107952243
COnP_F,7628,0.8333931260973519
COnP_F,7629,0.8028429559112379
COnP_F,7630,0.825332522354193
COnP_F,7631,0.8116462950892279
COnP_F,7632,0.8307941306957931
COnP_F,7633,0.800623719980263
COnP_F,7634,0.8351804783272837
COnP_F,7635,0.8198721841370338
COnP_F,7636,0.8559509092270465
COnP_F,7637,0.8419098685228075
COnP_F,7638,0.8415674339901047
COnP_F,7639,0.8403201911500291
COnP_F,7640,0.8311455393869829
COnP_F,7641,0.8632621083105484
COnP_F,7642,0.8370261516817354
COnP_F,7643,0.838823266068582
COnP_F,7644,0.8242159140729788
COnP_F,7645,0.8547261184638895
COnP_F,7646,0.8222026532162824
COnP_F,7647,0.8421868267264351
COnP_F,7648,0.8439502856526978
COnP_F,7649,0.828727944880675
COnP_F,7650,0.8365494306048471
COnP_F,7651,0.7972948767804319
COnP_F,7652,0.8435662610166426
COnP_F,7653,0.844141607896799
COnP_F,7654,0.8133628859276132
COnP_F,7655,0.8130776865840885
COnP_F,7656,0.8403607301519221
COnP_F,7657,0.82979934200287
COnP_F,7658,0.8293075976030353
COnP_F,7659,0.8324826877775454
COnP_F,7660,0.8175619490242054
COnP_F,7661,0.8327145949555579
COnP_F,7662,0.857519588061616
COnP_F,7663,0.8554975279407565
COnP_F,7664,0.8490360968349456
COnP_F,7665,0.835161493980615
COnP_F,7666,0.851958580197614
COnP_F,7667,0.8407960312135202
COnP_F,7668,0.8432467751137527
COnP_F,7669,0.8274995338127731
COnP_F,7670,0.8363705590188717
COnP_F,7671,0.8384217071673566
COnP_F,7672,0.8272225287895922
COnP_F,7673,0.8452384760280779
COnP_F,7674,0.8084698819423902
COnP_F,7675,0.8356601458632242
COnP_F,7676,0.798810639454384
COnP_F,7677,0.8549408462072834
COnP_F,7678,0.8393628146570069
COnP_F,7679,0.8086380525918121
COnP_F,7680,0.8358284266779312
COnP_F,7681,0.8367907465087129
COnP_F,7682,0.8377770429000841
COnP_F,7683,0.8414554353249007
COnP_F,7684,0.8618177980423904
COnP_F,7685,0.8653440976036997
COnP_F,7686,0.8098609520570869
COnP_F,7687,0.8353901354575238
COnP_F,7688,0.8431809131237282
COnP_F,7689,0.8286241240264438
COnP_F,7690,0.8080239639362033
COnP_F,7691,0.844807100561179
COnP_F,7692,0.8603229441231685
COnP_F,7693,0.8201851134647269
COnP_F,7694,0.821226570976275
COnP_F,7695,0.8333968253697328
COnP_F,7696,0.8146665900243527
COnP_F,7697,0.8106044414361971
COnP_F,7698,0.8055451554640723
COnP_F,7699,0.8387293387320301
COnP_F,7700,0.8641180326084534
COnP_F,7701,0.8192027306739187
COnP_F,7702,0.8302351443200822
COnP_F,7703,0.8164275716641708
COnP_F,7704,0.8328259981018432
COnP_F,7705,0.8359642339088601
COnP_F,7706,0.8362897108842613
COnP_F,7707,0.8814375091740845
COnP_F,7708,0.8193656444749664
COnP_F,7709,0.8324128164764562
COnP_F,7710,0.8073674009572255
COnP_F,7711,0.8239091723888049
COnP_F,7712,0.8336733269847635
COnP_F,7713,0.8592634062360228
COnP_F,7714,0.8078372167160184
COnP_F,7715,0.8302437705600308
COnP_F,7716,0.8472723862252795
COnP_F,7717,0.8166435694980452
COnP_F,7718,0.8452765395850979
COnP_F,7719,0.8353366071921088
COnP_F,7720,0.857881726610685
COnP_F,7721,0.8517795752227355
COnP_F,7722,0.8540012914082524
COnP_F,7723,0.8281871768148218
COnP_F,7724,0.8279179066904778
COnP_F,7725,0.8279393316086481
COnP_F,7726,0.8404236278933659
COnP_F,7727,0.8299347021851169
COnP_F,7728,0.8333828507029066
COnP_F,7729,0.8120764982563461
COnP_F,7730,0.8546521529063288
COnP_F,7731,0.8251156508427361
COnP_F,7732,0.8400984209971714
COnP_F,7733,0.8148940411278779
COnP_F,7734,0.8471162488838292
COnP_F,7735,0.835987247650853
COnP_F,7736,0.8484983689651463
COnP_F,7737,0.8312058239938015
COnP_F,7738,0.841279631181625
COnP_F,7739,0.8310659630576948
COnP_F,7740,0.8036695997232851
COnP_F,7741,0.8772328156440746
COnP_F,7742,0.7996019083080702
COnP_F,7743,0.8383389416398812
COnP_F,7744,0.8295103942034405
COnP_F,7745,0.8280278654790313
COnP_F,7746,0.8359467053284401
COnP_F,7747,0.8181958548120501
COnP_F,7748,0.8323154600563809
COnP_F,7749,0.8437018295891265
COnP_F,7750,0.8308816687320338
COnP_F,7751,0.8328746562865048
COnP_F,7752,0.8467420677409662
COnP_F,7753,0.8258498571003549
COnP_F,7754,0.8536000280327265
COnP_F,7755,0.8404070830986508
COnP_F,7756,0.8670844427644477
COnP_F,7757,0.8486047341549009
COnP_F,7758,0.8115460858266423
COnP_F,7759,0.8330554496115008
COnP_F,7760,0.8488378326949121
COnP_F,7761,0.8180631697176803
COnP_F,7762,0.8314899699612073
COnP_F,7763,0.845924353700571
COnP_F,7764,0.8102177573185283
COnP_F,7765,0.8148649133622717
COnP_F,7766,0.8533574818367057
COnP_F,7767,0.8452198572537802
COnP_F,7768,0.8158340552035765
COnP_F,7769,0.8265482044465781
COnP_F,7770,0.8401052682205031
COnP_F,7771,0.8341101245993253
COnP_F,7772,0.8139224916407122
COnP_F,7773,0.8533828572743481
COnP_F,7774,0.833827949991205
COnP_F,7775,0.8336317340780328
COnP_F,7776,0.8407019940607489
COnP_F,7777,0.8228375755581746
COnP_F,7778,0.8417490232343655
COnP_F,7779,0.852261610903934
COnP_F,7780,0.8372380459158034
COnP_F,7781,0.8157635851871309
COnP_F,7782,0.797018498414249
COnP_F,7783,0.8297969554885057
COnP_F,7784,0.8424001173465085
COnP_F,7785,0.832060529011474
COnP_F,7786,0.7983343011764161
COnP_F,7787,0.8255665171996377
COnP_F,7788,0.8074707722437923
COnP_F,7789,0.8296211185632917
COnP_F,7790,0.8209847721382767
COnP_F,7791,0.8127073796296386
COnP_F,7792,0.8288498853419969
COnP_F,7793,0.8293993111306797
COnP_F,7794,0.8426189983560366
COnP_F,7795,0.8351472648944595
COnP_F,7796,0.807083433632078
COnP_F,7797,0.8312672665119992
COnP_F,7798,0.831914312709207
COnP_F,7799,0.82148685960474
COnP_F,7800,0.8563987083101224
COnP_F,7801,0.849827351104503
COnP_F,7802,0.8322949777608598
COnP_F,7803,0.8103311241969148
COnP_F,7804,0.8413018371235399
COnP_F,7805,0.8057761276517165
COnP_F,7806,0.8311683370651769
COnP_F,7807,0.8390759494733169
COnP_F,7808,0.8305209410138329
COnP_F,7809,0.8565624424980604
COnP_F,7810,0.8593128115258004
COnP_F,7811,0.8478511610093198
COnP_F,7812,0.8309563335917652
COnP_F,7813,0.8060336991451863
COnP_F,7814,0.8420931092602488
COnP_F,7815,0.8176980211439983
COnP_F,7816,0.8266574827427701
COnP_F,7817,0.8180585343476159
COnP_F,7818,0.8159487534349319
COnP_F,7819,0.8428181800754708
COnP_F,7820,0.8539024441907991
COnP_F,7821,0.8423344346421872
COnP_F,7822,0.8319514610041413
COnP_F,7823,0.8159080120277636
COnP_F,7824,0.8539818181893554
COnP_F,7825,0.826638547728136
COnP_F,7826,0.8046741238688457
COnP_F,7827,0.8423322236547077
COnP_F,7828,0.8455538486903649
COnP_F,7829,0.8065083894344766
COnP_F,7830,0.8585991737948756
COnP_F,7831,0.8416123717395544
COnP_F,7832,0.8611813570413176
COnP_F,7833,0.8532230547668811
COnP_F,7834,0.8515871704431388
COnP_F,7835,0.8428209895311677
COnP_F,7836,0.8419563511020518
COnP_F,7837,0.8322093093667537
COnP_F,7838,0.8516178530743926
COnP_F,7839,0.8194904002728267
COnP_F,7840,0.8375156159549586
COnP_F,7841,0.8434839812450645
COnP_F,7842,0.8451082619582975
COnP_F,7843,0.8779337433908432
COnP_F,7844,0.8370642165862829
COnP_F,7845,0.8127833046940482
COnP_F,7846,0.8418237659406188
COnP_F,7847,0.8486221609256236
COnP_F,7848,0.8782502842893747
COnP_F,7849,0.8267411326699035
COnP_F,7850,0.8438057961678676
COnP_F,7851,0.8111262231348468
COnP_F,7852,0.85366674761383
COnP_F,7853,0.839025952358539
COnP_F,7854,0.8603364347360597
COnP_F,7855,0.7919155743665263
COnP_F,7856,0.8402289053350921
COnP_F,7857,0.8687382973654024
COnP_F,7858,0.8192416933431445
COnP_F,7859,0.8185654511666524
COnP_F,7860,0.8135104029643729
COnP_F,7861,0.7995972530320417
COnP_F,7862,0.8302220205709838
COnP_F,7863,0.8567746601389924
COnP_F,7864,0.8222740816562846
COnP_F,7865,0.8164562918264986
COnP_F,7866,0.8085414676678909
COnP_F,7867,0.8464106897379826
COnP_F,7868,0.8282027418472927
COnP_F,7869,0.8224502862420114
COnP_F,7870,0.8553564800262119
COnP_F,7871,0.8167184109345316
COnP_F,7872,0.8069392971320835
COnP_F,7873,0.8025283918065167
COnP_F,7874,0.8705111743801672
COnP_F,7875,0.8383976272550472
COnP_F,7876,0.8414086230272168
COnP_F,7877,0.8744728706381281
COnP_F,7878,0.8024555387618428
COnP_F,7879,0.851327885328846
COnP_F,7880,0.8279429874059859
COnP_F,7881,0.8453665009258677
COnP_F,7882,0.8439981253156815
COnP_F,7883,0.8122691196382575
COnP_F,7884,0.8644021457629091
COnP_F,7885,0.8361080913878697
COnP_F,7886,0.8168092426451896
COnP_F,7887,0.8186343325590375
COnP_F,7888,0.8286430686930624
COnP_F,7889,0.8413951419590371
COnP_F,7890,0.8498496587340416
COnP_F,7891,0.8749073378114156
COnP_F,7892,0.8432855232153479
COnP_F,7893,0.8052559334629945
COnP_F,7894,0.845042082431392
COnP_F,7895,0.8403671483870929
COnP_F,7896,0.8381694266031104
COnP_F,7897,0.8264965182735441
COnP_F,7898,0.8479569719589773
COnP_F,7899,0.8352986235230813
COnP_F,7900,0.8730281599992132
COnP_F,7901,0.839072519791079
COnP_F,7902,0.8097992595222008
COnP_F,7903,0.8228620560698741
COnP_F,7904,0.8472003516859768
COnP_F,7905,0.8293792011185396
COnP_F,7906,0.8029095143200115
COnP_F,7907,0.8378162124969988
COnP_F,7908,0.8516222413196957
COnP_F,7909,0.8434643610165246
COnP_F,7910,0.840157319495402
COnP_F,7911,0.8071012169502574
COnP_F,7912,0.8092083547374959
COnP_F,7913,0.8242930368496835
COnP_F,7914,0.8451106667506787
COnP_F,7915,0.8615376809853725
COnP_F,7916,0.8040248303088813
COnP_F,7917,0.8066840770043481
COnP_F,7918,0.8336863121515264
COnP_F,7919,0.8160951862471958
COnP_F,7920,0.8229698505438026
COnP_F,7921,0.8409607011961487
COnP_F,7922,0.8383696624319539
COnP_F,7923,0.8461309249170891
COnP_F,7924,0.841302981909254
COnP_F,7925,0.8479961935422363
COnP_F,7926,0.8576272395201524
COnP_F,7927,0.8518364425099995
COnP_F,7928,0.8211273018210715
COnP_F,7929,0.8397603073859433
COnP_F,7930,0.8288457743447062
COnP_F,7931,0.8606372768881485
COnP_F,7932,0.8172352287755913
COnP_F,7933,0.8465241376789017
COnP_F,7934,0.8701326862992639
COnP_F,7935,0.8352662994644486
COnP_F,7936,0.8144846823317176
COnP_F,7937,0.8166014514379648
COnP_F,7938,0.8396689147544095
COnP_F,7939,0.8546785014377296
COnP_F,7940,0.8461211481241268
COnP_F,7941,0.8542353757042338
COnP_F,7942,0.839532700766774
COnP_F,7943,0.8396370606646432
COnP_F,7944,0.8498729552575067
COnP_F,7945,0.8257617951017195
COnP_F,7946,0.8593524462856938
COnP_F,7947,0.8731485646220619
COnP_F,7948,0.8218193963705079
COnP_F,7949,0.8512769496127499
COnP_F,7950,0.820202819563851
COnP_F,7951,0.8371932563174747
COnP_F,7952,0.8073992262099846
COnP_F,7953,0.8450946850529797
COnP_F,7954,0.8440593981661976
COnP_F,7955,0.8433187353455885
COnP_F,7956,0.8153986699873524
COnP_F,7957,0.8534051925408666
COnP_F,7958,0.8330893459354793
COnP_F,7959,0.8168107876287367
COnP_F,7960,0.8526939111062347
COnP_F,7961,0.8445678026102342
COnP_F,7962,0.8122116839485901
COnP_F,7963,0.8393255370265457
COnP_F,7964,0.8092548725946457
COnP_F,7965,0.8625758290639711
COnP_F,7966,0.8352177189424931
COnP_F,7967,0.8366757730887542
COnP_F,7968,0.8419291398443532
COnP_F,7969,0.834140892496556
COnP_F,7970,0.8322164349408487
COnP_F,7971,0.845979841052352
COnP_F,7972,0.8116288796110004
COnP_F,7973,0.8560948215339276
COnP_F,7974,0.8176198304697103
COnP_F,7975,0.8483869651987662
COnP_F,7976,0.8259309300370817
COnP_F,7977,0.821530046945808
COnP_F,7978,0.8579283133026611
COnP_F,7979,0.8387958532533911
COnP_F,7980,0.8334806555905817
COnP_F,7981,0.8113671828007748
COnP_F,7982,0.8110726034379229
COnP_F,7983,0.829074456957149
COnP_F,7984,0.8461672866179349
COnP_F,7985,0.8312426443181105
COnP_F,7986,0.8096597959301693
COnP_F,7987,0.8134097728164286
COnP_F,7988,0.8206897427483434
COnP_F,7989,0.8214322985790287
COnP_F,7990,0.8312646034061053
COnP_F,7991,0.8479858177450922
COnP_F,7992,0.8413512024807756
COnP_F,7993,0.8547419632778105
COnP_F,7994,0.8194036980606967
COnP_F,7995,0.8250060888204749
COnP_F,7996,0.8341454048912128
COnP_F,7997,0.8388148251349719
COnP_F,7998,0.8404337585079563
COnP_F,7999,0.8314504283255171
COnP_F,8000,0.8273413622964485
COnP_F,8001,0.8456340009604332
COnP_F,8002,0.8201970053473038
COnP_F,8003,0.8498658907358054
COnP_F,8004,0.8076988824848087
COnP_F,8005,0.8306409315301192
COnP_F,8006,0.8594470112680004
COnP_F,8007,0.8148307644986342
COnP_F,8008,0.8196364751908611
COnP_F,8009,0.8142711043915712
COnP_F,8010,0.8455704465218021
COnP_F,8011,0.8421636790867587
COnP_F,8012,0.8364254833009747
COnP_F,8013,0.8049593821659236
COnP_F,8014,0.8399818548764345
COnP_F,8015,0.8540783579466403
COnP_F,8016,0.810819465252852
COnP_F,8017,0.8412069590005884
COnP_F,8018,0.8386221941116068
COnP_F,8019,0.845896943253393
COnP_F,8020,0.837319193789646
COnP_F,8021,0.8533732391560335
COnP_F,8022,0.8341851323469037
COnP_F,8023,0.8296115470009491
COnP_F,8024,0.8488014885071422
COnP_F,8025,0.8054673222668756
COnP_F,8026,0.8485079925007043
COnP_F,8027,0.8283794022488427
COnP_F,8028,0.8333537515159325
COnP_F,8029,0.8487294734773994
COnP_F,8030,0.8309647687784053
COnP_F,8031,0.8183330743970071
COnP_F,8032,0.8467439607595586
COnP_F,8033,0.8217692400942781
COnP_F,8034,0.8219881826135514
COnP_F,8035,0.8064949540599139
COnP_F,8036,0.8227277743160547
COnP_F,8037,0.8035592122758222
COnP_F,8038,0.8441614481413493
COnP_F,8039,0.8098105720769431
COnP_F,8040,0.8126588899415397
COnP_F,8041,0.8418071888675079
COnP_F,8042,0.8530691823747051
COnP_F,8043,0.7971329316869165
COnP_F,8044,0.8538148464322531
COnP_F,8045,0.8301608275312772
COnP_F,8046,0.8150389953032305
COnP_F,8047,0.8441334054138683
COnP_F,8048,0.8517592971481904
COnP_F,8049,0.8085723555818701
COnP_F,8050,0.8101488676711665
COnP_F,8051,0.8424734117278657
COnP_F,8052,0.798050877238305
COnP_F,8053,0.8280866641688531
COnP_F,8054,0.8473928707534152
COnP_F,8055,0.8632846943112874
COnP_F,8056,0.8352189412265028
COnP_F,8057,0.8440215812542183
COnP_F,8058,0.8231416203757531
COnP_F,8059,0.8309175224018981
COnP_F,8060,0.8557808312635985
COnP_F,8061,0.8051812972234604
COnP_F,8062,0.8195468413011892
COnP_F,8063,0.8378056816525359
COnP_F,8064,0.8218115611046714
COnP_F,8065,0.8401577130635551
COnP_F,8066,0.8301365628351429
COnP_F,8067,0.840777134073278
COnP_F,8068,0.8284209050081911
COnP_F,8069,0.8693964016421276
COnP_F,8070,0.8126550418672434
COnP_F,8071,0.8574740184635411
COnP_F,8072,0.864127796524988
COnP_F,8073,0.847619395535161
COnP_F,8074,0.8039634089282592
COnP_F,8075,0.8288370743131516
COnP_F,8076,0.8252642397123423
COnP_F,8077,0.8368599265567057
COnP_F,8078,0.8212798731727857
COnP_F,8079,0.8642270148026746
COnP_F,8080,0.8494427509218276
COnP_F,8081,0.8153814576768358
COnP_F,8082,0.8430944444451897
COnP_F,8083,0.8443922918021719
COnP_F,8084,0.823394367295712
COnP_F,8085,0.8353925976490479
COnP_F,8086,0.8229052129037351
COnP_F,8087,0.8358970579688109
COnP_F,8088,0.8203272478170819
COnP_F,8089,0.8435105790263244
COnP_F,8090,0.8450459434607057
COnP_F,8091,0.8332758508205241
COnP_F,8092,0.8402021972570338
COnP_F,8093,0.8350934126180134
COnP_F,8094,0.8354502495883996
COnP_F,8095,0.839100909985633
COnP_F,8096,0.821260511577646
COnP_F,8097,0.8162808652895025
COnP_F,8098,0.8498412208136351
COnP_F,8099,0.8340470250931178
COnP_F,8100,0.8263561193063613
COnP_F,8101,0.8246964466695971
COnP_F,8102,0.8501543380687887
COnP_F,8103,0.8117390977727555
COnP_F,8104,0.8456391156687366
COnP_F,8105,0.8344340249573756
COnP_F,8106,0.8509437682105261
COnP_F,8107,0.8306080666027
COnP_F,8108,0.8377807430030255
COnP_F,8109,0.8340801032944658
COnP_F,8110,0.8230771425171919
COnP_F,8111,0.8534403750359205
COnP_F,8112,0.838041632703192
COnP_F,8113,0.8367778274027863
COnP_F,8114,0.8415098626989757
COnP_F,8115,0.8471189670402516
COnP_F,8116,0.8398290501887619
COnP_F,8117,0.8166512339727618
COnP_F,8118,0.8376185965669225
COnP_F,8119,0.8645294121019409
COnP_F,8120,0.8334561633334266
COnP_F,8121,0.8448487546948085
COnP_F,8122,0.8286217575137922
COnP_F,8123,0.8491623592808346
COnP_F,8124,0.854021053822835
COnP_F,8125,0.8354313337003139
COnP_F,8126,0.8182810111437167
COnP_F,8127,0.8367884732835891
COnP_F,8128,0.8384011758989266
COnP_F,8129,0.8425353973335877
COnP_F,8130,0.8409417433417408
COnP_F,8131,0.8365244362922908
COnP_F,8132,0.8298115091209559
COnP_F,8133,0.8290332082604922
COnP_F,8134,0.8698258127175788
COnP_F,8135,0.8181138368687254
COnP_F,8136,0.8005295356033582
COnP_F,8137,0.8243694490861797
COnP_F,8138,0.8395354737529435
COnP_F,8139,0.8202629200525655
COnP_F,8140,0.8474585158486335
COnP_F,8141,0.8190386090435835
COnP_F,8142,0.8311495324928481
COnP_F,8143,0.8416271955359417
COnP_F,8144,0.8253917377014269
COnP_F,8145,0.8007610349712397
COnP_F,8146,0.8345979909799809
COnP_F,8147,0.8398240921889384
COnP_F,8148,0.8184280461374794
COnP_F,8149,0.8373571080693489
COnP_F,8150,0.8164844399384033
COnP_F,8151,0.8396201885378322
COnP_F,8152,0.8476601150732805
COnP_F,8153,0.8261633773255238
COnP_F,8154,0.826772984068587
COnP_F,8155,0.8325642346220125
COnP_F,8156,0.8313048019267203
COnP_F,8157,0.8256435129711409
COnP_F,8158,0.8651168882897412
COnP_F,8159,0.8234869608589899
COnP_F,8160,0.8192491617655374
COnP_F,8161,0.8379379231079905
COnP_F,8162,0.857039136530399
COnP_F,8163,0.825124185135757
COnP_F,8164,0.8211147968991387
COnP_F,8165,0.8379567082482157
COnP_F,8166,0.8406038169243478
COnP_F,8167,0.8321857598018332
COnP_F,8168,0.8475233303567563
COnP_F,8169,0.8366051557331285
COnP_F,8170,0.8213440025349886
COnP_F,8171,0.834841232103579
COnP_F,8172,0.8307552192381379
COnP_F,8173,0.8439170961648359
COnP_F,8174,0.833474672321422
COnP_F,8175,0.8470033289642034
COnP_F,8176,0.832447844720174
COnP_F,8177,0.8472934200964513
COnP_F,8178,0.8607097360326739
COnP_F,8179,0.8503701177871019
COnP_F,8180,0.8614280402593854
COnP_F,8181,0.8366674833064994
COnP_F,8182,0.8638068999945773
COnP_F,8183,0.8440854576453766
COnP_F,8184,0.8609225793233498
COnP_F,8185,0.850389483856965
COnP_F,8186,0.8397812101140848
COnP_F,8187,0.8231697586719456
COnP_F,8188,0.837064827566409
COnP_F,8189,0.8453603827343018
COnP_F,8190,0.829121516605447
COnP_F,8191,0.8538272654225938
COnP_F,8192,0.8465351217489974
COnP_F,8193,0.82960665121134
COnP_F,8194,0.8230615406302796
COnP_F,8195,0.834751021847105
COnP_F,8196,0.7887317602358457
COnP_F,8197,0.8511406778954484
COnP_F,8198,0.8441973940510961
COnP_F,8199,0.8344620982658624
COnP_F,8200,0.841677896762333
COnP_F,8201,0.8802506038075518
COnP_F,8202,0.8430124058971662
COnP_F,8203,0.8312650235975018
COnP_F,8204,0.8166039302352781
COnP_F,8205,0.8527501013903326
COnP_F,8206,0.8463778535003444
COnP_F,8207,0.8151161204214398
COnP_F,8208,0.8211356467262675
COnP_F,8209,0.8130206403704241
COnP_F,8210,0.8471407453814548
COnP_F,8211,0.8444017620203886
COnP_F,8212,0.8051491000285186
COnP_F,8213,0.8555689324431934
COnP_F,8214,0.8126206810740634
COnP_F,8215,0.8066764903788475
COnP_F,8216,0.8445344101808331
COnP_F,8217,0.8145852742063244
COnP_F,8218,0.8533829610766207
COnP_F,8219,0.840654458020746
COnP_F,8220,0.8444792204261684
COnP_F,8221,0.8261667385855966
COnP_F,8222,0.8327317214916816
COnP_F,8223,0.8248853347348032
COnP_F,8224,0.8353972547107957
COnP_F,8225,0.8255000447835621
COnP_F,8226,0.852495693524788
COnP_F,8227,0.8337739385847265
COnP_F,8228,0.8358238768250437
COnP_F,8229,0.8585035739374124
COnP_F,8230,0.8347345567728758
COnP_F,8231,0.8023251194833055
COnP_F,8232,0.8131586130823172
COnP_F,8233,0.8220843080470844
COnP_F,8234,0.8255775986433315
COnP_F,8235,0.8037166743102157
COnP_F,8236,0.8179618585101869
COnP_F,8237,0.8391687957665848
COnP_F,8238,0.8470135129997781
COnP_F,8239,0.8731605953641455
COnP_F,8240,0.8225893101962085
COnP_F,8241,0.8325174593759123
COnP_F,8242,0.8127569551081023
COnP_F,8243,0.8130162607650777
COnP_F,8244,0.8213367227590055
COnP_F,8245,0.8481516955701687
COnP_F,8246,0.8389324776073748
COnP_F,8247,0.8255160966496701
COnP_F,8248,0.8221165003227618
COnP_F,8249,0.8495424358072953
COnP_F,8250,0.8296220997768293
COnP_F,8251,0.8507259544848719
COnP_F,8252,0.8368092872792976
COnP_F,8253,0.8468858442645708
COnP_F,8254,0.8662690429899979
COnP_F,8255,0.8504531992495323
COnP_F,8256,0.8309530590325536
COnP_F,8257,0.8718252532889061
COnP_F,8258,0.8315469375120911
COnP_F,8259,0.8677276844210318
COnP_F,8260,0.8160280193578138
COnP_F,8261,0.8085799128985647
COnP_F,8262,0.8362371038039712
COnP_F,8263,0.8134181892033198
COnP_F,8264,0.8520253572668406
COnP_F,8265,0.8528495284297818
COnP_F,8266,0.8529477063654956
COnP_F,8267,0.8538791390843151
COnP_F,8268,0.835652993440506
COnP_F,8269,0.8318568379692587
COnP_F,8270,0.8437878203503535
COnP_F,8271,0.8591527293176489
COnP_F,8272,0.8580211549079458
COnP_F,8273,0.8354788239339085
COnP_F,8274,0.849198888441231
COnP_F,8275,0.8408559049287486
COnP_F,8276,0.8082599663182876
COnP_F,8277,0.8369330973851128
COnP_F,8278,0.8540678507964754
COnP_F,8279,0.8643400995232936
COnP_F,8280,0.8470456439476868
COnP_F,8281,0.8265998800512504
COnP_F,8282,0.8542015000084461
COnP_F,8283,0.81916728464239
COnP_F,8284,0.8282392669196931
COnP_F,8285,0.8458589538347097
COnP_F,8286,0.868334859527264
COnP_F,8287,0.8164486450932857
COnP_F,8288,0.8567434467914976
COnP_F,8289,0.8418526924840232
COnP_F,8290,0.8179547235441768
COnP_F,8291,0.8648832272446385
COnP_F,8292,0.8453427195320792
COnP_F,8293,0.8228570435769619
COnP_F,8294,0.8015260563558504
COnP_F,8295,0.827032337087218
COnP_F,8296,0.8494097495597057
COnP_F,8297,0.8486161115139631
COnP_F,8298,0.8195926905814782
COnP_F,8299,0.8399249215679996
COnP_F,8300,0.8639570239368235
COnP_F,8301,0.8205072613372988
COnP_F,8302,0.8282868116597958
COnP_F,8303,0.8492940517596678
COnP_F,8304,0.8204445845734917
COnP_F,8305,0.850268489211357
COnP_F,8306,0.7968106764377939
COnP_F,8307,0.8405184050528043
COnP_F,8308,0.8471825569134351
COnP_F,8309,0.8134922693047908
COnP_F,8310,0.8322708019316385
COnP_F,8311,0.852693097976819
COnP_F,8312,0.8383957273044045
COnP_F,8313,0.8301767276951199
COnP_F,8314,0.843389694183759
COnP_F,8315,0.8400531392046162
COnP_F,8316,0.8410649161292225
COnP_F,8317,0.8465942089226788
COnP_F,8318,0.8414104270194235
COnP_F,8319,0.8259478017271821
COnP_F,8320,0.8442785901474184
COnP_F,8321,0.7949355916023888
COnP_F,8322,0.8226724133492522
COnP_F,8323,0.820139292725046
COnP_F,8324,0.8317387260686582
COnP_F,8325,0.8593525112929352
COnP_F,8326,0.8478503983590929
COnP_F,8327,0.8447433764495508
COnP_F,8328,0.838956942988555
COnP_F,8329,0.8115044446925443
COnP_F,8330,0.8344931865227146
COnP_F,8331,0.8404957749907692
COnP_F,8332,0.8170092867391532
COnP_F,8333,0.8398970345433279
COnP_F,8334,0.8396466530174663
COnP_F,8335,0.8311714988824763
COnP_F,8336,0.8360222751298092
COnP_F,8337,0.8220685542153344
COnP_F,8338,0.8472143595881981
COnP_F,8339,0.8539471681561455
COnP_F,8340,0.8375391412025233
COnP_F,8341,0.8464647772210963
COnP_F,8342,0.8301891830652668
COnP_F,8343,0.8277960898003449
COnP_F,8344,0.8112087216984953
COnP_F,8345,0.8132856275163258
COnP_F,8346,0.8133817986789417
COnP_F,8347,0.8199998856005853
COnP_F,8348,0.8762956413790582
COnP_F,8349,0.7966091347442504
COnP_F,8350,0.834511135718528
COnP_F,8351,0.8045882546790855
COnP_F,8352,0.8361494289933179
COnP_F,8353,0.8161688051401096
COnP_F,8354,0.8281053592112851
COnP_F,8355,0.8600775767058583
COnP_F,8356,0.8645054220415362
COnP_F,8357,0.8363359095089798
COnP_F,8358,0.823248399350374
COnP_F,8359,0.7987251723888802
COnP_F,8360,0.8304611472913912
COnP_F,8361,0.8141190524765547
COnP_F,8362,0.8266972406310366
COnP_F,8363,0.8307790594327998
COnP_F,8364,0.8499162648207241
COnP_F,8365,0.8236225937224196
COnP_F,8366,0.8320743813130538
COnP_F,8367,0.8449360775577084
COnP_F,8368,0.8134228826954394
COnP_F,8369,0.8434301132679664
COnP_F,8370,0.8341245479077889
COnP_F,8371,0.8374335917110981
COnP_F,8372,0.8090646552297985
COnP_F,8373,0.8179058239940492
COnP_F,8374,0.8429284146168914
COnP_F,8375,0.8324884317261924
COnP_F,8376,0.8251821603292703
COnP_F,8377,0.8416851314990752
COnP_F,8378,0.814743751761895
COnP_F,8379,0.8274433688866702
COnP_F,8380,0.8327815285540506
COnP_F,8381,0.8643063282461242
COnP_F,8382,0.842457803710817
COnP_F,8383,0.8390518588244543
COnP_F,8384,0.8273334074970514
COnP_F,8385,0.8386798315986616
COnP_F,8386,0.8114660928520785
COnP_F,8387,0.8066614811942429
COnP_F,8388,0.8035057170626948
COnP_F,8389,0.8343248541901854
COnP_F,8390,0.8656953533782821
COnP_F,8391,0.8138280103955956
COnP_F,8392,0.8316618985205748
COnP_F,8393,0.8354199535311763
COnP_F,8394,0.8549769201601768
COnP_F,8395,0.8360085310600402
COnP_F,8396,0.835081427775827
COnP_F,8397,0.8449378115889485
COnP_F,8398,0.8381228777610408
COnP_F,8399,0.8538067065200678
COnP_F,8400,0.8236814899500734
COnP_F,8401,0.8225619302387774
COnP_F,8402,0.8426166585640501
COnP_F,8403,0.8299807996991051
COnP_F,8404,0.8035828458365243
COnP_F,8405,0.8112504676671236
COnP_F,8406,0.8107246852918664
COnP_F,8407,0.8583435195439443
COnP_F,8408,0.8499699815208271
COnP_F,8409,0.8516048982880546
COnP_F,8410,0.8405252589375287
COnP_F,8411,0.8213480386188521
COnP_F,8412,0.8161545051982582
COnP_F,8413,0.8121533815893599
COnP_F,8414,0.8393803094403868
COnP_F,8415,0.8280239527879164
COnP_F,8416,0.8431685258855045
COnP_F,8417,0.8312389685110666
COnP_F,8418,0.8546667833826584
COnP_F,8419,0.8040136396377731
COnP_F,8420,0.8441318835406859
COnP_F,8421,0.8246989627232391
COnP_F,8422,0.8140360910176835
COnP_F,8423,0.8573209015162574
COnP_F,8424,0.842401489979139
COnP_F,8425,0.8522295847048992
COnP_F,8426,0.82750215277047
COnP_F,8427,0.8193357929336483
COnP_F,8428,0.8314251483930852
COnP_F,8429,0.8551648419664666
COnP_F,8430,0.8411975997997034
COnP_F,8431,0.842802742223596
COnP_F,8432,0.8611004812640877
COnP_F,8433,0.8520976433041931
COnP_F,8434,0.815756491483656
COnP_F,8435,0.8138770863022461
COnP_F,8436,0.8304236605443518
COnP_F,8437,0.8158080853664585
COnP_F,8438,0.8396797052883932
COnP_F,8439,0.8211901111193318
COnP_F,8440,0.8439061324504127
COnP_F,8441,0.8309982058028884
COnP_F,8442,0.8604735682895148
COnP_F,8443,0.8297585692461394
COnP_F,8444,0.8319369493780711
COnP_F,8445,0.8004496361257234
COnP_F,8446,0.8044227037588353
COnP_F,8447,0.8553782541294487
COnP_F,8448,0.83173999604841
COnP_F,8449,0.8550761072201679
COnP_F,8450,0.8272900670737295
COnP_F,8451,0.8258582449583284
COnP_F,8452,0.8195832371113585
COnP_F,8453,0.8612337844673231
COnP_F,8454,0.8234868622071808
COnP_F,8455,0.8424561522876374
COnP_F,8456,0.8366724593556937
COnP_F,8457,0.8379216906376654
COnP_F,8458,0.8286271812450612
COnP_F,8459,0.8356540544981401
COnP_F,8460,0.815651029919418
COnP_F,8461,0.8555107960727514
COnP_F,8462,0.8572298476039297
COnP_F,8463,0.8575408860635588
COnP_F,8464,0.8488768384945957
COnP_F,8465,0.8240282051219602
COnP_F,8466,0.8415496776179372
COnP_F,8467,0.8176064345676103
COnP_F,8468,0.8304404894721632
COnP_F,8469,0.8260325008939823
COnP_F,8470,0.8546600245868976
COnP_F,8471,0.8075034351512062
COnP_F,8472,0.8219383778647772
COnP_F,8473,0.8309990201675093
COnP_F,8474,0.8248319023599849
COnP_F,8475,0.8475134510110883
COnP_F,8476,0.8428160092579302
COnP_F,8477,0.8283320109285984
COnP_F,8478,0.8182101649131471
COnP_F,8479,0.8385939339815167
COnP_F,8480,0.8175351795253334
COnP_F,8481,0.8424118851473437
COnP_F,8482,0.8027720585721413
COnP_F,8483,0.8241470126342296
COnP_F,8484,0.8201635940987293
COnP_F,8485,0.8342987022389675
COnP_F,8486,0.8415076067400347
COnP_F,8487,0.8446459390834553
COnP_F,8488,0.808498810106222
COnP_F,8489,0.8343881390352506
COnP_F,8490,0.832759779233764
COnP_F,8491,0.8486935478830695
COnP_F,8492,0.8234718010378995
COnP_F,8493,0.850263552747539
COnP_F,8494,0.8477304990642486
COnP_F,8495,0.8438740986595084
COnP_F,8496,0.8266559568482769
COnP_F,8497,0.8464611494020867
COnP_F,8498,0.8181396798286324
COnP_F,8499,0.8216527583507188
COnP_F,8500,0.8238871324852228
COnP_F,8501,0.8307986229503851
COnP_F,8502,0.8472443709089545
COnP_F,8503,0.8178367817078348
COnP_F,8504,0.8572917113969019
COnP_F,8505,0.807886743527319
COnP_F,8506,0.8359884845543631
COnP_F,8507,0.824826637110488
COnP_F,8508,0.8497071158735923
COnP_F,8509,0.831950228217463
COnP_F,8510,0.8510365191494095
COnP_F,8511,0.8673476402673321
COnP_F,8512,0.8137717108935224
COnP_F,8513,0.8507148287280261
COnP_F,8514,0.8318055805990842
COnP_F,8515,0.7847229649365801
COnP_F,8516,0.8399787915972469
COnP_F,8517,0.8534968363899673
COnP_F,8518,0.8426146156599433
COnP_F,8519,0.8339347987457649
COnP_F,8520,0.8523471115731295
COnP_F,8521,0.821228875347939
COnP_F,8522,0.8291340090541635
COnP_F,8523,0.828182715161721
COnP_F,8524,0.8470603084492944
COnP_F,8525,0.8395687289918697
COnP_F,8526,0.8315103463971386
COnP_F,8527,0.851631487684096
COnP_F,8528,0.8157387376361482
COnP_F,8529,0.8489492246731121
COnP_F,8530,0.8614842222499105
COnP_F,8531,0.8279721247463673
COnP_F,8532,0.8504197573455311
COnP_F,8533,0.8351873530489642
COnP_F,8534,0.8363819350056949
COnP_F,8535,0.811375252424612
COnP_F,8536,0.8135427674337121
COnP_F,8537,0.8190751404321924
COnP_F,8538,0.8422595776447933
COnP_F,8539,0.8409038907673945
COnP_F,8540,0.8524063454659835
COnP_F,8541,0.8461305324566547
COnP_F,8542,0.8306100629440398
COnP_F,8543,0.8230029038725348
COnP_F,8544,0.829990836204207
COnP_F,8545,0.8352871423891749
COnP_F,8546,0.8402771363890966
COnP_F,8547,0.8347792587435878
COnP_F,8548,0.8434651081434726
COnP_F,8549,0.8362087236954157
COnP_F,8550,0.8349090007524714
COnP_F,8551,0.8189437729187728
COnP_F,8552,0.8743914705688409
COnP_F,8553,0.8568007956575368
COnP_F,8554,0.8604774642241102
COnP_F,8555,0.8299336444022741
COnP_F,8556,0.8241093371979129
COnP_F,8557,0.8224808306048531
COnP_F,8558,0.8345968971894046
COnP_F,8559,0.8521023681703929
COnP_F,8560,0.8582707968406047
COnP_F,8561,0.8467361286045453
COnP_F,8562,0.84078029237878
COnP_F,8563,0.8232952933664961
COnP_F,8564,0.8305026689129196
COnP_F,8565,0.8755324842410559
COnP_F,8566,0.8380732117261518
COnP_F,8567,0.862409894450546
COnP_F,8568,0.8329418687237877
COnP_F,8569,0.8479988774270713
COnP_F,8570,0.8358176348314579
COnP_F,8571,0.8726187345823382
COnP_F,8572,0.7987243661571085
COnP_F,8573,0.8355509500739184
COnP_F,8574,0.8402176774667529
COnP_F,8575,0.8568397164295336
COnP_F,8576,0.8118390853055805
COnP_F,8577,0.8310695273984962
COnP_F,8578,0.8479561061925951
COnP_F,8579,0.8398736754013815
COnP_F,8580,0.8149752019979705
COnP_F,8581,0.8222354947603749
COnP_F,8582,0.8502418026070709
COnP_F,8583,0.8476589912270958
COnP_F,8584,0.8532083646445374
COnP_F,8585,0.8509982786728217
COnP_F,8586,0.8191090869409215
COnP_F,8587,0.8343094982239507
COnP_F,8588,0.8361666720046356
COnP_F,8589,0.8596220777782272
COnP_F,8590,0.8431321676745546
COnP_F,8591,0.8380279432965562
COnP_F,8592,0.8473930573603018
COnP_F,8593,0.8220688469535736
COnP_F,8594,0.8215812888747213
COnP_F,8595,0.8621446733243806
COnP_F,8596,0.8318837432621099
COnP_F,8597,0.8629379780438841
COnP_F,8598,0.799613604266166
COnP_F,8599,0.8535549788821823
COnP_F,8600,0.7997353488569792
COnP_F,8601,0.8207576971297815
COnP_F,8602,0.8009226928062756
COnP_F,8603,0.8413086157903852
COnP_F,8604,0.8476046132662574
COnP_F,8605,0.8146830163008044
COnP_F,8606,0.8521992625686295
COnP_F,8607,0.8439803041041031
COnP_F,8608,0.8283306653779495
COnP_F,8609,0.828455270477219
COnP_F,8610,0.8686043823360274
COnP_F,8611,0.8462808174363877
COnP_F,8612,0.8357446156301125
COnP_F,8613,0.8492231461620827
COnP_F,8614,0.8453362453437601
COnP_F,8615,0.8405079216146607
COnP_F,8616,0.8188750847552688
COnP_F,8617,0.8308890572176039
COnP_F,8618,0.8364745019071613
COnP_F,8619,0.8071109876700322
COnP_F,8620,0.8237589807031366
COnP_F,8621,0.8279103652226716
COnP_F,8622,0.8457033565427264
COnP_F,8623,0.8743185581650966
COnP_F,8624,0.8532577057316855
COnP_F,8625,0.8168296782223095
COnP_F,8626,0.8430321145865022
COnP_F,8627,0.8573864478982001
COnP_F,8628,0.7974608245504583
COnP_F,8629,0.8179510432535898
COnP_F,8630,0.8084375203395647
COnP_F,8631,0.853338688198062
COnP_F,8632,0.8208181587415485
COnP_F,8633,0.8428616104765126
COnP_F,8634,0.8432661861546529
COnP_F,8635,0.8334507961044088
COnP_F,8636,0.8291486647570981
COnP_F,8637,0.8348170509892697
COnP_F,8638,0.8301403960669805
COnP_F,8639,0.862890713689972
COnP_F,8640,0.81135917993408
COnP_F,8641,0.8027455334455107
COnP_F,8642,0.8369816644278215
COnP_F,8643,0.8220075791798914
COnP_F,8644,0.8226550328431008
COnP_F,8645,0.8520326623345057
COnP_F,8646,0.8142598224698808
COnP_F,8647,0.852862306420076
COnP_F,8648,0.8357636279724016
COnP_F,8649,0.8429878643018877
COnP_F,8650,0.8232143808079802
COnP_F,8651,0.8279395250416983
COnP_F,8652,0.8604762463246466
COnP_F,8653,0.812058298773994
COnP_F,8654,0.8562355922125386
COnP_F,8655,0.8391751856852544
COnP_F,8656,0.8313856780147134
COnP_F,8657,0.8383994887443619
COnP_F,8658,0.8135010066441968
COnP_F,8659,0.8417548354466806
COnP_F,8660,0.8533216764355189
COnP_F,8661,0.8310090256205683
COnP_F,8662,0.8307747911022457
COnP_F,8663,0.8528888921213177
COnP_F,8664,0.8511368253855046
COnP_F,8665,0.835740165304366
COnP_F,8666,0.8200145232544684
COnP_F,8667,0.8372470248022671
COnP_F,8668,0.8490296567136263
COnP_F,8669,0.8506105813445091
COnP_F,8670,0.8645226173939982
COnP_F,8671,0.8470275476042076
COnP_F,8672,0.8445593824414676
COnP_F,8673,0.8415950802247304
COnP_F,8674,0.8410255408352495
COnP_F,8675,0.8328577089210736
COnP_F,8676,0.8118652629714512
COnP_F,8677,0.8416679038319738
COnP_F,8678,0.831146913905182
COnP_F,8679,0.8202827775954504
COnP_F,8680,0.8305736855578519
COnP_F,8681,0.8486473026761332
COnP_F,8682,0.831214622889218
COnP_F,8683,0.8315663144619435
COnP_F,8684,0.8225731785557577
COnP_F,8685,0.8006349929093582
COnP_F,8686,0.8131301943154302
COnP_F,8687,0.8349692491474814
COnP_F,8688,0.8372007128236347
COnP_F,8689,0.8278723285174141
COnP_F,8690,0.8577312687174006
COnP_F,8691,0.8545529222538041
COnP_F,8692,0.8533994553480837
COnP_F,8693,0.8399127939242264
COnP_F,8694,0.8347632626986601
COnP_F,8695,0.8504459506115625
COnP_F,8696,0.8374576524789855
COnP_F,8697,0.8600836876836048
COnP_F,8698,0.8184578042591097
COnP_F,8699,0.8304381768039256
COnP_F,8700,0.849483793191299
COnP_F,8701,0.8513061420496688
COnP_F,8702,0.8467741428470289
COnP_F,8703,0.8474324699109504
COnP_F,8704,0.837765588007274
COnP_F,8705,0.851539830397178
COnP_F,8706,0.8257690730441685
COnP_F,8707,0.8354857705933058
COnP_F,8708,0.8172035925770841
COnP_F,8709,0.8072908448799759
COnP_F,8710,0.8128013271608233
COnP_F,8711,0.8510583340194282
COnP_F,8712,0.8379198597149312
COnP_F,8713,0.8328032173800999
COnP_F,8714,0.8493888134503186
COnP_F,8715,0.8552516535747209
COnP_F,8716,0.846387696855597
COnP_F,8717,0.8235177837078738
COnP_F,8718,0.8335838611810737
COnP_F,8719,0.8301951933408319
COnP_F,8720,0.7988831894279358
COnP_F,8721,0.8490398387039675
COnP_F,8722,0.8284698789614486
COnP_F,8723,0.8609110142673287
COnP_F,8724,0.8616558364525488
COnP_F,8725,0.8282699635090187
COnP_F,8726,0.8428784126586027
COnP_F,8727,0.812481437787786
COnP_F,8728,0.7991783926926649
COnP_F,8729,0.8384388105730686
COnP_F,8730,0.8314494282961628
COnP_F,8731,0.8479251891796666
COnP_F,8732,0.8340238169536139
COnP_F,8733,0.7992339642381245
COnP_F,8734,0.8427620138469866
COnP_F,8735,0.8154482771272127
COnP_F,8736,0.8150320174160616
COnP_F,8737,0.8425758256110033
COnP_F,8738,0.8477047614564377
COnP_F,8739,0.8163988889405153
COnP_F,8740,0.8316169432014412
COnP_F,8741,0.8169165983676789
COnP_F,8742,0.8424213148410576
COnP_F,8743,0.8631778406326193
COnP_F,8744,0.8394337385707956
COnP_F,8745,0.8091737701875278
COnP_F,8746,0.8138178848004626
COnP_F,8747,0.8398947954962945
COnP_F,8748,0.8463018319165089
COnP_F,8749,0.8399216214622459
COnP_F,8750,0.8184893156586974
COnP_F,8751,0.8468047235044063
COnP_F,8752,0.8163211693308353
COnP_F,8753,0.8055187007214135
COnP_F,8754,0.8207717331933686
COnP_F,8755,0.8330122440744432
COnP_F,8756,0.8161612107877061
COnP_F,8757,0.8581897708452799
COnP_F,8758,0.8341663116942784
COnP_F,8759,0.8260085458756672
COnP_F,8760,0.7964432870961452
COnP_F,8761,0.8228803149642342
COnP_F,8762,0.818048387759655
COnP_F,8763,0.8396535140041529
COnP_F,8764,0.8315011104779656
COnP_F,8765,0.8646202274806247
COnP_F,8766,0.8513369467444564
COnP_F,8767,0.8474212346549018
COnP_F,8768,0.8486677954440643
COnP_F,8769,0.8464769874948221
COnP_F,8770,0.8260647964803964
COnP_F,8771,0.8181393622965957
COnP_F,8772,0.8420516945270577
COnP_F,8773,0.8121267963933189
COnP_F,8774,0.8373063979773949
COnP_F,8775,0.8381906310768422
COnP_F,8776,0.8109507633073086
COnP_F,8777,0.8336708279435981
COnP_F,8778,0.883617915428117
COnP_F,8779,0.8314204550041644
COnP_F,8780,0.8453501447975356
COnP_F,8781,0.8302756877367481
COnP_F,8782,0.8331428657682055
COnP_F,8783,0.8298356426934278
COnP_F,8784,0.8222044370301516
COnP_F,8785,0.8320155390691629
COnP_F,8786,0.8281055317872368
COnP_F,8787,0.8177685003180452
COnP_F,8788,0.8142936889059308
COnP_F,8789,0.840994453815226
COnP_F,8790,0.8386722904867234
COnP_F,8791,0.8372232049441521
COnP_F,8792,0.8276896108992223
COnP_F,8793,0.798971760819116
COnP_F,8794,0.8429875088717552
COnP_F,8795,0.8713080245564189
COnP_F,8796,0.8284407653667258
COnP_F,8797,0.8237592110890083
COnP_F,8798,0.8305817425555052
COnP_F,8799,0.8206119882092766
COnP_F,8800,0.7977215408600533
COnP_F,8801,0.8242756491556567
COnP_F,8802,0.8121688528335081
COnP_F,8803,0.8093274245937844
COnP_F,8804,0.8409056526699531
COnP_F,8805,0.8549566102422614
COnP_F,8806,0.8447432309040167
COnP_F,8807,0.848920075397172
COnP_F,8808,0.7914639757760942
COnP_F,8809,0.8386587370788675
COnP_F,8810,0.8176106390608804
COnP_F,8811,0.8412190219661039
COnP_F,8812,0.84862708676764
COnP_F,8813,0.8513617125218412
COnP_F,8814,0.8525843002987884
COnP_F,8815,0.8291897641955349
COnP_F,8816,0.839725589631515
COnP_F,8817,0.8230114951330384
COnP_F,8818,0.82430512441487
COnP_F,8819,0.8385999149933051
COnP_F,8820,0.8231689975025739
COnP_F,8821,0.806165986887596
COnP_F,8822,0.8414504850945552
COnP_F,8823,0.8436762776610918
COnP_F,8824,0.8320724639955563
COnP_F,8825,0.8213961179109187
COnP_F,8826,0.8084833010473055
COnP_F,8827,0.8279379587100999
COnP_F,8828,0.8258393309027227
COnP_F,8829,0.8256539059155689
COnP_F,8830,0.852687655619644
COnP_F,8831,0.84726477332806
COnP_F,8832,0.8408056384376402
COnP_F,8833,0.8570170803841729
COnP_F,8834,0.8426007777315029
COnP_F,8835,0.834762697340821
COnP_F,8836,0.8396774274034209
COnP_F,8837,0.8372004207707067
COnP_F,8838,0.817125079963148
COnP_F,8839,0.8605321137261586
COnP_F,8840,0.8510343730885578
COnP_F,8841,0.8337255029123691
COnP_F,8842,0.8649521201736635
COnP_F,8843,0.8388988395237149
COnP_F,8844,0.8175214712126443
COnP_F,8845,0.8371792904860831
COnP_F,8846,0.8536786938418223
COnP_F,8847,0.8141203780409242
COnP_F,8848,0.7954452047723821
COnP_F,8849,0.8269165219308627
COnP_F,8850,0.8274895017883663
COnP_F,8851,0.8352216036940951
COnP_F,8852,0.8455173563942351
COnP_F,8853,0.8222934510929467
COnP_F,8854,0.8494426969890244
COnP_F,8855,0.8684084355009956
COnP_F,8856,0.8225159022737162
COnP_F,8857,0.8378650178759797
COnP_F,8858,0.8616037409447648
COnP_F,8859,0.8649773652504379
COnP_F,8860,0.831010003202745
COnP_F,8861,0.82840429142931
COnP_F,8862,0.8168628487247477
COnP_F,8863,0.8607818364065029
COnP_F,8864,0.8188401895701265
COnP_F,8865,0.8290692898903892
COnP_F,8866,0.8372703166351144
COnP_F,8867,0.8468237080614599
COnP_F,8868,0.8312421008401588
COnP_F,8869,0.8280001721482021
COnP_F,8870,0.8335600787649017
COnP_F,8871,0.8509871089351717
COnP_F,8872,0.8375483010780993
COnP_F,8873,0.8143022505881362
COnP_F,8874,0.8358770834970194
COnP_F,8875,0.8284864166435009
COnP_F,8876,0.8475316910845208
COnP_F,8877,0.806663693312497
COnP_F,8878,0.8376238084037515
COnP_F,8879,0.8320202193202886
COnP_F,8880,0.8371188440940888
COnP_F,8881,0.8166119338430573
COnP_F,8882,0.839795711617417
COnP_F,8883,0.8136771667637663
COnP_F,8884,0.8065812146533218
COnP_F,8885,0.8512695480749186
COnP_F,8886,0.8357241307283002
COnP_F,8887,0.8527864353786273
COnP_F,8888,0.815865117223988
COnP_F,8889,0.8519708041853461
COnP_F,8890,0.8337597331082325
COnP_F,8891,0.8183744351297579
COnP_F,8892,0.8245146599657115
COnP_F,8893,0.8212257585037802
COnP_F,8894,0.8243695140635013
COnP_F,8895,0.8290973237545696
COnP_F,8896,0.858912551231922
COnP_F,8897,0.8442961383437788
COnP_F,8898,0.8181599948239316
COnP_F,8899,0.8405813086071433
COnP_F,8900,0.8505545335602027
COnP_F,8901,0.8223848896461471
COnP_F,8902,0.8516501459592392
COnP_F,8903,0.812604631466783
COnP_F,8904,0.8419968509619981
COnP_F,8905,0.8584149831344038
COnP_F,8906,0.8244706469025884
COnP_F,8907,0.8608926060816664
COnP_F,8908,0.823813287816219
COnP_F,8909,0.8382595905826412
COnP_F,8910,0.870493896211752
COnP_F,8911,0.8432568491345049
COnP_F,8912,0.8183676934229617
COnP_F,8913,0.830823490219438
COnP_F,8914,0.8613268709980215
COnP_F,8915,0.82991433099311
COnP_F,8916,0.8422855258525339
COnP_F,8917,0.791760021428558
COnP_F,8918,0.8318603335062033
COnP_F,8919,0.8397114634660487
COnP_F,8920,0.855393263378319
COnP_F,8921,0.8129977534127025
COnP_F,8922,0.8309549064766908
COnP_F,8923,0.8268304960968164
COnP_F,8924,0.8504491739323765
COnP_F,8925,0.8222403494623995
COnP_F,8926,0.8461518663753069
COnP_F,8927,0.8320659261071175
COnP_F,8928,0.8461102210259881
COnP_F,8929,0.8596322966218362
COnP_F,8930,0.8589378784406696
COnP_F,8931,0.8274899734664116
COnP_F,8932,0.8488853396794532
COnP_F,8933,0.8388922363472876
COnP_F,8934,0.8121361905659581
COnP_F,8935,0.8391303333461579
COnP_F,8936,0.8258344988028844
COnP_F,8937,0.8508853387155683
COnP_F,8938,0.8315287740500069
COnP_F,8939,0.8230099327017252
COnP_F,8940,0.8417664283232145
COnP_F,8941,0.8122593842682809
COnP_F,8942,0.853291178445987
COnP_F,8943,0.8140819889633776
COnP_F,8944,0.8332864620198454
COnP_F,8945,0.84489736004208
COnP_F,8946,0.8368504939873883
COnP_F,8947,0.8446704036342944
COnP_F,8948,0.8338642291171142
COnP_F,8949,0.8312846323804761
COnP_F,8950,0.8178480510623501
COnP_F,8951,0.8328149425923443
COnP_F,8952,0.8089177162281649
COnP_F,8953,0.835991785148909
COnP_F,8954,0.8362656854864391
COnP_F,8955,0.8513487467952683
COnP_F,8956,0.8428240061092002
COnP_F,8957,0.8191888277327091
COnP_F,8958,0.8456601596845201
COnP_F,8959,0.8340185063449008
COnP_F,8960,0.8591345223617989
COnP_F,8961,0.8379555064674741
COnP_F,8962,0.8298117387797027
COnP_F,8963,0.8310991788135386
COnP_F,8964,0.8669886987764205
COnP_F,8965,0.8314515606797374
COnP_F,8966,0.8538364016465306
COnP_F,8967,0.8381400968881128
COnP_F,8968,0.817896137205628
COnP_F,8969,0.8306938759706051
COnP_F,8970,0.8328878134741108
COnP_F,8971,0.8361529847721368
COnP_F,8972,0.8140573089098173
COnP_F,8973,0.8397587210484062
COnP_F,8974,0.8628202945103565
COnP_F,8975,0.8289406008397499
COnP_F,8976,0.8318162244907706
COnP_F,8977,0.838755536717196
COnP_F,8978,0.8205481418361981
COnP_F,8979,0.8049320107957347
COnP_F,8980,0.8512411764092045
COnP_F,8981,0.8420342652653618
COnP_F,8982,0.8360892885866169
COnP_F,8983,0.8381164729747548
COnP_F,8984,0.8381399257761153
COnP_F,8985,0.8551401870094337
COnP_F,8986,0.8420569280744103
COnP_F,8987,0.8546938692710819
COnP_F,8988,0.8065400043017694
COnP_F,8989,0.8476442026510513
COnP_F,8990,0.7790024233071492
COnP_F,8991,0.8237091748945833
COnP_F,8992,0.7983280869037831
COnP_F,8993,0.8312507173978062
COnP_F,8994,0.8306561255716438
COnP_F,8995,0.8441200452133879
COnP_F,8996,0.8162094194485389
COnP_F,8997,0.8302168369412226
COnP_F,8998,0.8530441875739878
COnP_F,8999,0.8416208904807447
COnP_F,9000,0.8200024478716683
COnP_F,9001,0.8300042363816158
COnP_F,9002,0.8151227675444166
COnP_F,9003,0.8528109958156348
COnP_F,9004,0.8491942597407242
COnP_F,9005,0.8600323415965189
COnP_F,9006,0.8481575179840362
COnP_F,9007,0.8059385006719865
COnP_F,9008,0.8175497766010361
COnP_F,9009,0.8299687282088194
COnP_F,9010,0.8252024044975211
COnP_F,9011,0.8396065407261023
COnP_F,9012,0.824278141942431
COnP_F,9013,0.8270329378901575
COnP_F,9014,0.8441028767244577
COnP_F,9015,0.850597172541548
COnP_F,9016,0.8138097510308102
COnP_F,9017,0.8276656752191528
COnP_F,9018,0.8407756316348829
COnP_F,9019,0.8370442568154377
COnP_F,9020,0.8375677003869942
COnP_F,9021,0.8424667722602116
COnP_F,9022,0.8326836556880042
COnP_F,9023,0.8423005667364482
COnP_F,9024,0.836618382503476
COnP_F,9025,0.8218792414233282
COnP_F,9026,0.8854095502766328
COnP_F,9027,0.8577434535494142
COnP_F,9028,0.8599001317068913
COnP_F,9029,0.8470919250801877
COnP_F,9030,0.8212392529783911
COnP_F,9031,0.8498333022697688
COnP_F,9032,0.8286648020228056
COnP_F,9033,0.8259300229832685
COnP_F,9034,0.8508371060664865
COnP_F,9035,0.8113980228208992
COnP_F,9036,0.8399451512361313
COnP_F,9037,0.8234133879033723
COnP_F,9038,0.8427013395714361
COnP_F,9039,0.8545955079267389
COnP_F,9040,0.814514980164496
COnP_F,9041,0.8462298349527902
COnP_F,9042,0.8480593493987847
COnP_F,9043,0.8419476777632301
COnP_F,9044,0.8180728274620973
COnP_F,9045,0.8509592479622231
COnP_F,9046,0.8178544129967843
COnP_F,9047,0.8151214298062665
COnP_F,9048,0.8392891124453035
COnP_F,9049,0.8483567009853357
COnP_F,9050,0.8335709147123487
COnP_F,9051,0.8489465279442484
COnP_F,9052,0.848278499851597
COnP_F,9053,0.8136906149181841
COnP_F,9054,0.8080333554609327
COnP_F,9055,0.8392719508148385
COnP_F,9056,0.8124926633788654
COnP_F,9057,0.8067431433477158
COnP_F,9058,0.8376099947480974
COnP_F,9059,0.8210830089318408
COnP_F,9060,0.8604348297738337
COnP_F,9061,0.8308065713684358
COnP_F,9062,0.790538167878926
COnP_F,9063,0.8338081961164712
COnP_F,9064,0.8237689917045913
COnP_F,9065,0.8295342875634814
COnP_F,9066,0.8360378037325271
COnP_F,9067,0.8417068580085519
COnP_F,9068,0.8359666342252233
COnP_F,9069,0.8362678002473699
COnP_F,9070,0.8364523215839255
COnP_F,9071,0.8514382157240379
COnP_F,9072,0.8338171803689898
COnP_F,9073,0.8296536889475289
COnP_F,9074,0.8317387603695119
COnP_F,9075,0.8327840308141514
COnP_F,9076,0.8428063442069496
COnP_F,9077,0.8141610596561191
COnP_F,9078,0.8376169576852035
COnP_F,9079,0.8163801488472935
COnP_F,9080,0.8354023771432381
COnP_F,9081,0.845981713619222
COnP_F,9082,0.8565826259154194
COnP_F,9083,0.8289194101509886
COnP_F,9084,0.8371271416768407
COnP_F,9085,0.8332244193380298
COnP_F,9086,0.8377590658441729
COnP_F,9087,0.8643363786201764
COnP_F,9088,0.8405857745833794
COnP_F,9089,0.8178676408314546
COnP_F,9090,0.8201480943221175
COnP_F,9091,0.8072298858452672
COnP_F,9092,0.8637516630109566
COnP_F,9093,0.8417102731969016
COnP_F,9094,0.8161451995612943
COnP_F,9095,0.8194782256011305
COnP_F,9096,0.8260255626725665
COnP_F,9097,0.8312428783470677
COnP_F,9098,0.8601178308867342
COnP_F,9099,0.853783156398726
COnP_F,9100,0.818455052007766
COnP_F,9101,0.8067355223806025
COnP_F,9102,0.8698108465637441
COnP_F,9103,0.8241873114855274
COnP_F,9104,0.8292050566631832
COnP_F,9105,0.8124577952970272
COnP_F,9106,0.842002941518465
COnP_F,9107,0.8358042304781702
COnP_F,9108,0.8310598275804916
COnP_F,9109,0.8403570008357825
COnP_F,9110,0.8446650081085526
COnP_F,9111,0.8299318601011719
COnP_F,9112,0.8273691759318871
COnP_F,9113,0.8516165158666552
COnP_F,9114,0.8647916679790615
COnP_F,9115,0.8348071603697335
COnP_F,9116,0.8377586941348968
COnP_F,9117,0.8110725647657123
COnP_F,9118,0.8358836919165968
COnP_F,9119,0.8153273604900535
COnP_F,9120,0.83650168224978
COnP_F,9121,0.8073236548970734
COnP_F,9122,0.8511662698298316
COnP_F,9123,0.8515724176712122
COnP_F,9124,0.8653057852929585
COnP_F,9125,0.8385026387022887
COnP_F,9126,0.8521962739084687
COnP_F,9127,0.8429830687862715
COnP_F,9128,0.822643670470792
COnP_F,9129,0.8257778789124558
COnP_F,9130,0.8316785749994585
COnP_F,9131,0.8344865804371018
COnP_F,9132,0.8235651282010237
COnP_F,9133,0.8477873385311872
COnP_F,9134,0.8157536152140242
COnP_F,9135,0.8142702889505978
COnP_F,9136,0.8309614958760742
COnP_F,9137,0.8408818795877315
COnP_F,9138,0.8416864880908539
COnP_F,9139,0.8207379820667601
COnP_F,9140,0.8176325207568484
COnP_F,9141,0.8254265391864396
COnP_F,9142,0.8299532518045923
COnP_F,9143,0.8592378976407772
COnP_F,9144,0.8154776473466194
COnP_F,9145,0.8272990070019745
COnP_F,9146,0.8151221735660826
COnP_F,9147,0.8330499608427812
COnP_F,9148,0.8528733840463575
COnP_F,9149,0.8607124281317693
COnP_F,9150,0.8218311828684224
COnP_F,9151,0.8387088165611027
COnP_F,9152,0.8326633189551538
COnP_F,9153,0.8537058988083848
COnP_F,9154,0.8354223329184061
COnP_F,9155,0.8331057957692475
COnP_F,9156,0.8111441604508177
COnP_F,9157,0.862828918070698
COnP_F,9158,0.8524701696477246
COnP_F,9159,0.8347508830380328
COnP_F,9160,0.8342059696917694
COnP_F,9161,0.8687147365039815
COnP_F,9162,0.8156660122057597
COnP_F,9163,0.8327616648425072
COnP_F,9164,0.8390646971601236
COnP_F,9165,0.8316805632144184
COnP_F,9166,0.8454211150407502
COnP_F,9167,0.8031043648640218
COnP_F,9168,0.8250885256087352
COnP_F,9169,0.8292674980202406
COnP_F,9170,0.8363502916082913
COnP_F,9171,0.8264802323774735
COnP_F,9172,0.8233366138413646
COnP_F,9173,0.8290650402564465
COnP_F,9174,0.8405336791221779
COnP_F,9175,0.8197410394589523
COnP_F,9176,0.8394819457053214
COnP_F,9177,0.813346658526899
COnP_F,9178,0.8378766897003624
COnP_F,9179,0.8421319358064279
COnP_F,9180,0.8624326479156271
COnP_F,9181,0.8182504587756128
COnP_F,9182,0.8239643904808185
COnP_F,9183,0.8222882440795848
COnP_F,9184,0.8558773304950932
COnP_F,9185,0.8324524344785361
COnP_F,9186,0.8226102515686516
COnP_F,9187,0.8590991574370822
COnP_F,9188,0.8273823212396795
COnP_F,9189,0.8261979296205564
COnP_F,9190,0.8270615471548403
COnP_F,9191,0.8455342268622302
COnP_F,9192,0.8140374463980597
COnP_F,9193,0.8251596464281018
COnP_F,9194,0.8392509035345433
COnP_F,9195,0.850238407121911
COnP_F,9196,0.824964383805549
COnP_F,9197,0.8423734856101596
COnP_F,9198,0.8324323846126708
COnP_F,9199,0.8300633548406716
COnP_F,9200,0.8173748704315486
COnP_F,9201,0.8221838500421752
COnP_F,9202,0.8343351651181209
COnP_F,9203,0.8233565381738309
COnP_F,9204,0.8245011030462746
COnP_F,9205,0.8254108121256671
COnP_F,9206,0.8347485533047164
COnP_F,9207,0.830799037123141
COnP_F,9208,0.8183582206262788
COnP_F,9209,0.8518259354397278
COnP_F,9210,0.8358714594578677
COnP_F,9211,0.8251196270714357
COnP_F,9212,0.8359900511122292
COnP_F,9213,0.8440012006360516
COnP_F,9214,0.8543677541114189
COnP_F,9215,0.8519546497227164
COnP_F,9216,0.7895122485505728
COnP_F,9217,0.8543807326369843
COnP_F,9218,0.8244447438113797
COnP_F,9219,0.8439860969311638
COnP_F,9220,0.8401180606417192
COnP_F,9221,0.830964309671726
COnP_F,9222,0.8534171945995125
COnP_F,9223,0.8478553093678735
COnP_F,9224,0.8413360263720631
COnP_F,9225,0.8463714494627347
COnP_F,9226,0.8276854896761253
COnP_F,9227,0.8309691260874553
COnP_F,9228,0.8310943921245374
COnP_F,9229,0.8427567701863036
COnP_F,9230,0.8353821130376156
COnP_F,9231,0.8277041017324865
COnP_F,9232,0.8383935436105086
COnP_F,9233,0.8570540674224242
COnP_F,9234,0.8180228478277038
COnP_F,9235,0.8198564956626809
COnP_F,9236,0.8577127248746086
COnP_F,9237,0.8292205560684657
COnP_F,9238,0.8210925571808021
COnP_F,9239,0.8510532568332142
COnP_F,9240,0.8571034076932907
COnP_F,9241,0.835423455303224
COnP_F,9242,0.8303072470385592
COnP_F,9243,0.8340534513184112
COnP_F,9244,0.8486477882748436
COnP_F,9245,0.8408380867340156
COnP_F,9246,0.831336354086583
COnP_F,9247,0.805496465012338
COnP_F,9248,0.8185487344287035
COnP_F,9249,0.8258884917011196
COnP_F,9250,0.8451251475423747
COnP_F,9251,0.8379515050218762
COnP_F,9252,0.8531908267456516
COnP_F,9253,0.832148934119504
COnP_F,9254,0.8300499286461842
COnP_F,9255,0.8474129118041811
COnP_F,9256,0.8540226202343869
COnP_F,9257,0.8491816707381714
COnP_F,9258,0.805743156793859
COnP_F,9259,0.8199419598635729
COnP_F,9260,0.8311233990720296
COnP_F,9261,0.816006821014899
COnP_F,9262,0.8267998701152554
COnP_F,9263,0.8357751502274101
COnP_F,9264,0.8319395887288924
COnP_F,9265,0.8388301800295644
COnP_F,9266,0.8511185886268371
COnP_F,9267,0.8324211013116131
COnP_F,9268,0.8235187483407871
COnP_F,9269,0.8286403577451299
COnP_F,9270,0.8053227310310735
COnP_F,9271,0.8052711164518582
COnP_F,9272,0.8521531313886483
COnP_F,9273,0.8338502375976707
COnP_F,9274,0.8341354495077704
COnP_F,9275,0.8321467494798266
COnP_F,9276,0.8440048465142345
COnP_F,9277,0.8397310207637133
COnP_F,9278,0.8474892125330883
COnP_F,9279,0.8411975394761095
COnP_F,9280,0.8399013626779669
COnP_F,9281,0.8239438500057122
COnP_F,9282,0.8302865474548077
COnP_F,9283,0.8361552248706848
COnP_F,9284,0.8440457356851332
COnP_F,9285,0.8423695357369775
COnP_F,9286,0.8383271752578816
COnP_F,9287,0.8290537030616625
COnP_F,9288,0.8416279206516942
COnP_F,9289,0.848695580568227
COnP_F,9290,0.8451892958036681
COnP_F,9291,0.8160330404829663
COnP_F,9292,0.8106072476676754
COnP_F,9293,0.8513014038737631
COnP_F,9294,0.8222247923851742
COnP_F,9295,0.8285686221006814
COnP_F,9296,0.8527844503968306
COnP_F,9297,0.8306820154861181
COnP_F,9298,0.8295730599045741
COnP_F,9299,0.8538133200923237
COnP_F,9300,0.7971913269260708
COnP_F,9301,0.8148242085462024
COnP_F,9302,0.8405427655362839
COnP_F,9303,0.8481359739932287
COnP_F,9304,0.835598545226457
COnP_F,9305,0.8184136693853906
COnP_F,9306,0.8345773254326363
COnP_F,9307,0.8408973761954124
COnP_F,9308,0.8421123305849523
COnP_F,9309,0.8555424848524714
COnP_F,9310,0.8066042636992785
COnP_F,9311,0.8401089697126222
COnP_F,9312,0.8538955999399088
COnP_F,9313,0.8410343962349603
COnP_F,9314,0.8291204011038248
COnP_F,9315,0.8110416635396032
COnP_F,9316,0.8044624056706645
COnP_F,9317,0.8528081196255376
COnP_F,9318,0.8064550856400154
COnP_F,9319,0.8309482107480165
COnP_F,9320,0.8286677620522548
COnP_F,9321,0.8269251256907961
COnP_F,9322,0.8629901346478569
COnP_F,9323,0.846694280225777
COnP_F,9324,0.8425930248851207
COnP_F,9325,0.848080709655977
COnP_F,9326,0.8281114590688798
COnP_F,9327,0.831138910814115
COnP_F,9328,0.8451691594860256
COnP_F,9329,0.8406342646301176
COnP_F,9330,0.8728048329810897
COnP_F,9331,0.8137614363401996
COnP_F,9332,0.839498797268673
COnP_F,9333,0.8350299624078013
COnP_F,9334,0.8042329741771861
COnP_F,9335,0.8360668724737808
COnP_F,9336,0.7909049514808256
COnP_F,9337,0.8546308282764685
COnP_F,9338,0.8104127828021661
COnP_F,9339,0.8202687385696936
COnP_F,9340,0.851082578149542
COnP_F,9341,0.8275822572531393
COnP_F,9342,0.8337674136232605
COnP_F,9343,0.8022692171219781
COnP_F,9344,0.8421925251516565
COnP_F,9345,0.8161875167230821
COnP_F,9346,0.8239861971381155
COnP_F,9347,0.8241271196693988
COnP_F,9348,0.8329785458625687
COnP_F,9349,0.8302081682907719
COnP_F,9350,0.8432135105035531
COnP_F,9351,0.8314293190503995
COnP_F,9352,0.8042987401027665
COnP_F,9353,0.8458893580505332
COnP_F,9354,0.8320755265340464
COnP_F,9355,0.8200853910767986
COnP_F,9356,0.8345868832402369
COnP_F,9357,0.8575184272639844
COnP_F,9358,0.8413024805572239
COnP_F,9359,0.844593883476792
COnP_F,9360,0.8301687948578859
COnP_F,9361,0.8047200867102975
COnP_F,9362,0.8411088123856126
COnP_F,9363,0.8635343629998603
COnP_F,9364,0.8220976773058418
COnP_F,9365,0.8294617491139923
COnP_F,9366,0.8279678825434229
COnP_F,9367,0.8039127356789963
COnP_F,9368,0.8390744252373915
COnP_F,9369,0.8611179550501934
COnP_F,9370,0.8216515539903572
COnP_F,9371,0.8115077437717382
COnP_F,9372,0.8320889451040714
COnP_F,9373,0.8473736187471324
COnP_F,9374,0.8138096361368985
COnP_F,9375,0.8368398172191136
COnP_F,9376,0.8326930580066944
COnP_F,9377,0.8403091579881571
COnP_F,9378,0.8533891266498979
COnP_F,9379,0.7970583289796089
COnP_F,9380,0.8211530002459554
COnP_F,9381,0.8282259842512626
COnP_F,9382,0.8440258799005179
COnP_F,9383,0.8079217257051619
COnP_F,9384,0.8223688022079061
COnP_F,9385,0.8440254036753917
COnP_F,9386,0.840456028670832
COnP_F,9387,0.8700949568768115
COnP_F,9388,0.8478153377016607
COnP_F,9389,0.8376955723374951
COnP_F,9390,0.8336631041362332
COnP_F,9391,0.8368532914602483
COnP_F,9392,0.8239026214488328
COnP_F,9393,0.8417992671802561
COnP_F,9394,0.824838919257604
COnP_F,9395,0.8454335647666582
COnP_F,9396,0.8384066467568554
COnP_F,9397,0.8544446169477729
COnP_F,9398,0.8316829213849033
COnP_F,9399,0.8550981801101931
COnP_F,9400,0.8651952138633545
COnP_F,9401,0.8323076870117022
COnP_F,9402,0.8496520438704822
COnP_F,9403,0.850675799513128
COnP_F,9404,0.8318555013374251
COnP_F,9405,0.8206648021744297
COnP_F,9406,0.7983929152219338
COnP_F,9407,0.8236956301411867
COnP_F,9408,0.8694748698298751
COnP_F,9409,0.8494156985717514
COnP_F,9410,0.8260776739607497
COnP_F,9411,0.8277915367348396
COnP_F,9412,0.8488382498812621
COnP_F,9413,0.8340894486816401
COnP_F,9414,0.8547109203809384
COnP_F,9415,0.8248800049442673
COnP_F,9416,0.8328299447808503
COnP_F,9417,0.8531319430446679
COnP_F,9418,0.8332732593301659
COnP_F,9419,0.8425324066993464
COnP_F,9420,0.8541869078192894
COnP_F,9421,0.8185601232670471
COnP_F,9422,0.8747839839888969
COnP_F,9423,0.8314746009257027
COnP_F,9424,0.8275553427701411
COnP_F,9425,0.8387114865804989
COnP_F,9426,0.8499482168535616
COnP_F,9427,0.8432582526349589
COnP_F,9428,0.8533096693713444
COnP_F,9429,0.8169399194790165
COnP_F,9430,0.8473126782201211
COnP_F,9431,0.8015697566508717
COnP_F,9432,0.845600069636198
COnP_F,9433,0.8308427920947001
COnP_F,9434,0.8372308431361738
COnP_F,9435,0.8265666300793618
COnP_F,9436,0.8561150740902419
COnP_F,9437,0.8230574906718575
COnP_F,9438,0.8309543826460236
COnP_F,9439,0.8362677044811434
COnP_F,9440,0.833927913891539
COnP_F,9441,0.8233398709000997
COnP_F,9442,0.8263877417445067
COnP_F,9443,0.8204753865265433
COnP_F,9444,0.8254966037501967
COnP_F,9445,0.8325384533595388
COnP_F,9446,0.831700847592374
COnP_F,9447,0.8414827397194827
COnP_F,9448,0.8601247848782915
COnP_F,9449,0.8361996808210505
COnP_F,9450,0.8602441606070222
COnP_F,9451,0.7982942621852696
COnP_F,9452,0.808184766346407
COnP_F,9453,0.8332729366668933
COnP_F,9454,0.8385289275036891
COnP_F,9455,0.8547748608017021
COnP_F,9456,0.8386429093493969
COnP_F,9457,0.8531511904031749
COnP_F,9458,0.8349879091504802
COnP_F,9459,0.8107772769625317
COnP_F,9460,0.8391863728072646
COnP_F,9461,0.8260640070215658
COnP_F,9462,0.827808738194382
COnP_F,9463,0.8241077450589187
COnP_F,9464,0.8099537615667426
COnP_F,9465,0.831642899268685
COnP_F,9466,0.8467238674072493
COnP_F,9467,0.8642365633252733
COnP_F,9468,0.8456116720036717
COnP_F,9469,0.8384365873314392
COnP_F,9470,0.839661921412835
COnP_F,9471,0.809646072682382
COnP_F,9472,0.8563647927806786
COnP_F,9473,0.8303389038604612
COnP_F,9474,0.816072270659053
COnP_F,9475,0.8206955538628982
COnP_F,9476,0.8593003266741719
COnP_F,9477,0.8408907268469205
COnP_F,9478,0.7968302897851585
COnP_F,9479,0.8346025626932283
COnP_F,9480,0.8447204708842612
COnP_F,9481,0.8305541619015541
COnP_F,9482,0.8344764104492758
COnP_F,9483,0.8209992670513871
COnP_F,9484,0.8161376460983687
COnP_F,9485,0.8410328097909522
COnP_F,9486,0.8127901802953774
COnP_F,9487,0.8395548356738026
COnP_F,9488,0.8363936660342585
COnP_F,9489,0.8413040450929876
COnP_F,9490,0.8002993431363234
COnP_F,9491,0.8118529952804723
COnP_F,9492,0.8489197277598818
COnP_F,9493,0.815738843730711
COnP_F,9494,0.8444346836077118
COnP_F,9495,0.8320535756591846
COnP_F,9496,0.8472913325734711
COnP_F,9497,0.8172204094342576
COnP_F,9498,0.8525304811914384
COnP_F,9499,0.8589921143260104
COnP_F,9500,0.8483474673305121
COnP_F,9501,0.8118870806485509
COnP_F,9502,0.8489428042325496
COnP_F,9503,0.8364259857731017
COnP_F,9504,0.8483208423472947
COnP_F,9505,0.8197443467081345
COnP_F,9506,0.8545824069512588
COnP_F,9507,0.8281085905122955
COnP_F,9508,0.8318577462507043
COnP_F,9509,0.8144817231730828
COnP_F,9510,0.8515041015317836
COnP_F,9511,0.8311367412680098
COnP_F,9512,0.8810058577275504
COnP_F,9513,0.8241079162345136
COnP_F,9514,0.8156897343630507
COnP_F,9515,0.8505870238554853
COnP_F,9516,0.8502151027333757
COnP_F,9517,0.8576224324912556
COnP_F,9518,0.8394119072261834
COnP_F,9519,0.8411259592706877
COnP_F,9520,0.8520004308217786
COnP_F,9521,0.8241522179438046
COnP_F,9522,0.8462048436296742
COnP_F,9523,0.8196805565529508
COnP_F,9524,0.832313416737423
COnP_F,9525,0.8538900188103788
COnP_F,9526,0.8521111479263649
COnP_F,9527,0.8372324304936761
COnP_F,9528,0.8350403562028081
COnP_F,9529,0.8680779801272784
COnP_F,9530,0.819712937570572
COnP_F,9531,0.8475648536572076
COnP_F,9532,0.8400965048146748
COnP_F,9533,0.8280827949295455
COnP_F,9534,0.8189853368248295
COnP_F,9535,0.8469418563721023
COnP_F,9536,0.8081116645562422
COnP_F,9537,0.8585867583741909
COnP_F,9538,0.8559614042749857
COnP_F,9539,0.7958508564527822
COnP_F,9540,0.8409966334709559
COnP_F,9541,0.833504183182673
COnP_F,9542,0.8491728137136546
COnP_F,9543,0.839044606935596
COnP_F,9544,0.8434522454077575
COnP_F,9545,0.8254155599693456
COnP_F,9546,0.8639223635226103
COnP_F,9547,0.8599229622015853
COnP_F,9548,0.8215741582543606
COnP_F,9549,0.8256538824916101
COnP_F,9550,0.8311663497570155
COnP_F,9551,0.8472307835811723
COnP_F,9552,0.8364960544705927
COnP_F,9553,0.869826634453538
COnP_F,9554,0.849802052075595
COnP_F,9555,0.8360572217643683
COnP_F,9556,0.8798743487004885
COnP_F,9557,0.8248701109288739
COnP_F,9558,0.8249436177654427
COnP_F,9559,0.8323540166530823
COnP_F,9560,0.8278905799636339
COnP_F,9561,0.8317768219170247
COnP_F,9562,0.8385381742842558
COnP_F,9563,0.877792220168915
COnP_F,9564,0.8050214565836766
COnP_F,9565,0.8409039288151648
COnP_F,9566,0.8420250834793042
COnP_F,9567,0.8610970749902775
COnP_F,9568,0.8324238433845952
COnP_F,9569,0.8444403895872841
COnP_F,9570,0.8204842140900359
COnP_F,9571,0.8382159603329626
COnP_F,9572,0.8200169189976604
COnP_F,9573,0.8329985701526617
COnP_F,9574,0.8306792283719672
COnP_F,9575,0.8174256231453686
COnP_F,9576,0.8443739395757426
COnP_F,9577,0.8188480432732177
COnP_F,9578,0.815997301542177
COnP_F,9579,0.8305954793501231
COnP_F,9580,0.8067293071948585
COnP_F,9581,0.7991820909504833
COnP_F,9582,0.8420866777090494
COnP_F,9583,0.8509530713496377
COnP_F,9584,0.8325995496727273
COnP_F,9585,0.8264330872347155
COnP_F,9586,0.8649965430764329
COnP_F,9587,0.8531515785764074
COnP_F,9588,0.8339700878213329
COnP_F,9589,0.8172968925534639
COnP_F,9590,0.8357616649195693
COnP_F,9591,0.8485992588599552
COnP_F,9592,0.8271542260994217
COnP_F,9593,0.8190724598347981
COnP_F,9594,0.8654292634846407
COnP_F,9595,0.8184916940735498
COnP_F,9596,0.8078504441777609
COnP_F,9597,0.8291563535849065
COnP_F,9598,0.85755775314546
COnP_F,9599,0.8455058126707475
COnP_F,9600,0.838901105135227
COnP_F,9601,0.8511034505246876
COnP_F,9602,0.8114943150927323
COnP_F,9603,0.810887519671599
COnP_F,9604,0.8258233345102577
COnP_F,9605,0.8399967466347827
COnP_F,9606,0.8287039942994604
COnP_F,9607,0.8409937755899307
COnP_F,9608,0.8380938434682959
COnP_F,9609,0.8513562294937271
COnP_F,9610,0.844421976044238
COnP_F,9611,0.7977570004065777
COnP_F,9612,0.8605997364975554
COnP_F,9613,0.8411560811662743
COnP_F,9614,0.8330022161041692
COnP_F,9615,0.8069583219713816
COnP_F,9616,0.7959859588496387
COnP_F,9617,0.8109448682687287
COnP_F,9618,0.854616691175397
COnP_F,9619,0.8628644432268213
COnP_F,9620,0.8049770883623589
COnP_F,9621,0.8359461436462039
COnP_F,9622,0.8260874114972964
COnP_F,9623,0.834201079083391
COnP_F,9624,0.8217632903788562
COnP_F,9625,0.8409693392674541
COnP_F,9626,0.8462889058406396
COnP_F,9627,0.8447416732917636
COnP_F,9628,0.8346175175564312
COnP_F,9629,0.827012235860111
COnP_F,9630,0.842366074006403
COnP_F,9631,0.8216473588496991
COnP_F,9632,0.8114804395614105
COnP_F,9633,0.8341909138085053
COnP_F,9634,0.8127844856758654
COnP_F,9635,0.8336340345763243
COnP_F,9636,0.8271878195789746
COnP_F,9637,0.8473225269966114
COnP_F,9638,0.8700596750221744
COnP_F,9639,0.8355304399262847
COnP_F,9640,0.8523708789232933
COnP_F,9641,0.8527671372308901
COnP_F,9642,0.8660218910419996
COnP_F,9643,0.8306510043670764
COnP_F,9644,0.8476313762013417
COnP_F,9645,0.7931901468705886
COnP_F,9646,0.8191987552106329
COnP_F,9647,0.8042218786116719
COnP_F,9648,0.8326151314371648
COnP_F,9649,0.8213942326403955
COnP_F,9650,0.8393674247064855
COnP_F,9651,0.8175470335793557
COnP_F,9652,0.8127882348218144
COnP_F,9653,0.8471790415366925
COnP_F,9654,0.8129834447578027
COnP_F,9655,0.8720021542569808
COnP_F,9656,0.830759364266348
COnP_F,9657,0.817522805572762
COnP_F,9658,0.8224301428520774
COnP_F,9659,0.8110305476635487
COnP_F,9660,0.8527898805788467
COnP_F,9661,0.8316373281602671
COnP_F,9662,0.8281640401355364
COnP_F,9663,0.8386609244948776
COnP_F,9664,0.8475643104529216
COnP_F,9665,0.8286113204410677
COnP_F,9666,0.8023132986540754
COnP_F,9667,0.8592546474213212
COnP_F,9668,0.8482566012503084
COnP_F,9669,0.830807567778969
COnP_F,9670,0.815652324629995
COnP_F,9671,0.843212243992996
COnP_F,9672,0.8409024988544417
COnP_F,9673,0.8478352584075227
COnP_F,9674,0.8407532413017896
COnP_F,9675,0.8226341132803712
COnP_F,9676,0.8387404043467087
COnP_F,9677,0.8415334588609696
COnP_F,9678,0.8664452985317923
COnP_F,9679,0.844606848487159
COnP_F,9680,0.816670170960211
COnP_F,9681,0.8423365430646093
COnP_F,9682,0.817541957128454
COnP_F,9683,0.8381482399662428
COnP_F,9684,0.8303686541591868
COnP_F,9685,0.8602027137483766
COnP_F,9686,0.8076158704342538
COnP_F,9687,0.819877475758955
COnP_F,9688,0.8570655166159152
COnP_F,9689,0.8318498310686612
COnP_F,9690,0.837554232647031
COnP_F,9691,0.8508633831902563
COnP_F,9692,0.8232495041533686
COnP_F,9693,0.854327990429604
COnP_F,9694,0.8211129924831214
COnP_F,9695,0.8650915702900245
COnP_F,9696,0.8417687121224421
COnP_F,9697,0.8601358765063675
COnP_F,9698,0.8302305898468572
COnP_F,9699,0.8181928855493293
COnP_F,9700,0.8198240659633055
COnP_F,9701,0.807888890471735
COnP_F,9702,0.836472779316083
COnP_F,9703,0.828593733865732
COnP_F,9704,0.8715475127427726
COnP_F,9705,0.807218688725595
COnP_F,9706,0.8107106818841348
COnP_F,9707,0.8355774376488397
COnP_F,9708,0.8272635795981165
COnP_F,9709,0.8350796874551466
COnP_F,9710,0.8600782032543123
COnP_F,9711,0.8370874856972585
COnP_F,9712,0.8398748122393955
COnP_F,9713,0.8282107451725916
COnP_F,9714,0.8226828163596915
COnP_F,9715,0.8178361370771505
COnP_F,9716,0.8229616696181669
COnP_F,9717,0.8525224410921098
COnP_F,9718,0.8538543454698847
COnP_F,9719,0.8195368848847479
COnP_F,9720,0.8330902434392075
COnP_F,9721,0.8334401702782079
COnP_F,9722,0.8355970372316212
COnP_F,9723,0.8340952609572665
COnP_F,9724,0.8592850293688429
COnP_F,9725,0.829717249191258
COnP_F,9726,0.8555689509593932
COnP_F,9727,0.839792179365086
COnP_F,9728,0.7986761982748085
COnP_F,9729,0.8147276244816994
COnP_F,9730,0.8591938046362271
COnP_F,9731,0.8425591207430351
COnP_F,9732,0.8412949029433159
COnP_F,9733,0.8071388133817866
COnP_F,9734,0.8219054345489515
COnP_F,9735,0.8522667187803924
COnP_F,9736,0.844510902711071
COnP_F,9737,0.851739234256316
COnP_F,9738,0.8220060922140363
COnP_F,9739,0.8404486633707481
COnP_F,9740,0.8357132450027702
COnP_F,9741,0.8142947501681083
COnP_F,9742,0.838206543599533
COnP_F,9743,0.8507814683166475
COnP_F,9744,0.8270414921016749
COnP_F,9745,0.8324816173202059
COnP_F,9746,0.8309822834352263
COnP_F,9747,0.8233326150784834
COnP_F,9748,0.8671826683195177
COnP_F,9749,0.836084879074081
COnP_F,9750,0.8573517175571168
COnP_F,9751,0.8366998722573077
COnP_F,9752,0.8357521235354953
COnP_F,9753,0.8691383454240706
COnP_F,9754,0.8232415976983931
COnP_F,9755,0.845943875553061
COnP_F,9756,0.8365300827571237
COnP_F,9757,0.856453967269238
COnP_F,9758,0.825608625821377
COnP_F,9759,0.8353110410364725
COnP_F,9760,0.8671352020502304
COnP_F,9761,0.8668615783374678
COnP_F,9762,0.8211459836051915
COnP_F,9763,0.825919079820279
COnP_F,9764,0.8229103617976063
COnP_F,9765,0.8586603929643042
COnP_F,9766,0.832655793256449
COnP_F,9767,0.8469898831953262
COnP_F,9768,0.8170428890781514
COnP_F,9769,0.8413312468424347
COnP_F,9770,0.8185079496616051
COnP_F,9771,0.8464704455274642
COnP_F,9772,0.8302318331747714
COnP_F,9773,0.8330414128178485
COnP_F,9774,0.8519021475600296
COnP_F,9775,0.8645540074136872
COnP_F,9776,0.8418463229595116
COnP_F,9777,0.8377808716450392
COnP_F,9778,0.8396319007031229
COnP_F,9779,0.8061010575588206
COnP_F,9780,0.8545029730089034
COnP_F,9781,0.8161972914588651
COnP_F,9782,0.8460053218286323
COnP_F,9783,0.8235737111418621
COnP_F,9784,0.8445944354024423
COnP_F,9785,0.8520613507689421
COnP_F,9786,0.8643165947118926
COnP_F,9787,0.8194790429686344
COnP_F,9788,0.8522543269175056
COnP_F,9789,0.8497956725137286
COnP_F,9790,0.8031501196651932
COnP_F,9791,0.8083064038417863
COnP_F,9792,0.8278647430608861
COnP_F,9793,0.8344687197076656
COnP_F,9794,0.8582936254753496
COnP_F,9795,0.8163497269381237
COnP_F,9796,0.8007186996366107
COnP_F,9797,0.8618460720841065
COnP_F,9798,0.8299045977679103
COnP_F,9799,0.8147849205561758
COnP_F,9800,0.8138874527819591
COnP_F,9801,0.8129188530824949
COnP_F,9802,0.8634234058719196
COnP_F,9803,0.8571577987105632
COnP_F,9804,0.8415183005304986
COnP_F,9805,0.857742001517664
COnP_F,9806,0.8240508498574948
COnP_F,9807,0.8528379386132214
COnP_F,9808,0.8436687231575621
COnP_F,9809,0.81340787791885
COnP_F,9810,0.838415833008908
COnP_F,9811,0.8289821766413367
COnP_F,9812,0.8269274886346321
COnP_F,9813,0.8159170741440401
COnP_F,9814,0.8335492286945347
COnP_F,9815,0.8165938097910853
COnP_F,9816,0.845567227133377
COnP_F,9817,0.8417089221623767
COnP_F,9818,0.839499042732865
COnP_F,9819,0.844994702585228
COnP_F,9820,0.8368200144535419
COnP_F,9821,0.7950362322829808
COnP_F,9822,0.8404226696634143
COnP_F,9823,0.8240254544641564
COnP_F,9824,0.8427959836871786
COnP_F,9825,0.8572008149969662
COnP_F,9826,0.8320601260182643
COnP_F,9827,0.8292831590914377
COnP_F,9828,0.8595105010030074
COnP_F,9829,0.8312413020040962
COnP_F,9830,0.8168665624711375
COnP_F,9831,0.838921128349946
COnP_F,9832,0.8234693242249209
COnP_F,9833,0.8438960182255094
COnP_F,9834,0.8428019473508783
COnP_F,9835,0.8646323032465266
COnP_F,9836,0.8337616291345424
COnP_F,9837,0.8344697711261321
COnP_F,9838,0.840057775061847
COnP_F,9839,0.8471166487537479
COnP_F,9840,0.8432161585721272
COnP_F,9841,0.8264824038254864
COnP_F,9842,0.8414978260301363
COnP_F,9843,0.8079523027411393
COnP_F,9844,0.8434380623963785
COnP_F,9845,0.8248260216145539
COnP_F,9846,0.8214573646789857
COnP_F,9847,0.8310807212310813
COnP_F,9848,0.8552110186433832
COnP_F,9849,0.8660906155065125
COnP_F,9850,0.8389602677614113
COnP_F,9851,0.8592553159481354
COnP_F,9852,0.8500863783010176
COnP_F,9853,0.8395977248593528
COnP_F,9854,0.83865210048295
COnP_F,9855,0.8362912561816596
COnP_F,9856,0.8300079220155608
COnP_F,9857,0.8435001863807922
COnP_F,9858,0.8474007448493226
COnP_F,9859,0.8447123787142987
COnP_F,9860,0.8408060068172487
COnP_F,9861,0.8382697758278002
COnP_F,9862,0.8190509638352376
COnP_F,9863,0.827400158504997
COnP_F,9864,0.830723675993151
COnP_F,9865,0.8856752054657884
COnP_F,9866,0.839451131441951
COnP_F,9867,0.8139639124823708
COnP_F,9868,0.8373156617817537
COnP_F,9869,0.8429481093937432
COnP_F,9870,0.8313875393768297
COnP_F,9871,0.8171889598348746
COnP_F,9872,0.8415739397018445
COnP_F,9873,0.8447295135913943
COnP_F,9874,0.8465793852196293
COnP_F,9875,0.8273727144321089
COnP_F,9876,0.8430605316533228
COnP_F,9877,0.8229036645405565
COnP_F,9878,0.8360388064692819
COnP_F,9879,0.818518449036244
COnP_F,9880,0.8218489938474933
COnP_F,9881,0.8242632899486666
COnP_F,9882,0.8297464967699258
COnP_F,9883,0.8348768467004898
COnP_F,9884,0.8219409319074084
COnP_F,9885,0.8293586187734777
COnP_F,9886,0.8041694854849227
COnP_F,9887,0.8011350134024378
COnP_F,9888,0.8432774973788372
COnP_F,9889,0.8555054450333867
COnP_F,9890,0.803602152210692
COnP_F,9891,0.8699204076902554
COnP_F,9892,0.8506829416245696
COnP_F,9893,0.8380615043569154
COnP_F,9894,0.8446901378285011
COnP_F,9895,0.7998236047561865
COnP_F,9896,0.8535838741037325
COnP_F,9897,0.8517603266952871
COnP_F,9898,0.8403754463081812
COnP_F,9899,0.8241059986814646
COnP_F,9900,0.836369919029076
COnP_F,9901,0.8385567106383831
COnP_F,9902,0.8320462964674158
COnP_F,9903,0.8472449399012171
COnP_F,9904,0.8665629611808322
COnP_F,9905,0.8220781998153217
COnP_F,9906,0.8499924928985308
COnP_F,9907,0.8448630990448595
COnP_F,9908,0.8216886489315535
COnP_F,9909,0.8356472934752808
COnP_F,9910,0.832036305282012
COnP_F,9911,0.8248541590776268
COnP_F,9912,0.8361437474859832
COnP_F,9913,0.8104550572871884
COnP_F,9914,0.8123413164355643
COnP_F,9915,0.8262217664840099
COnP_F,9916,0.8037194152340894
COnP_F,9917,0.8558023594589237
COnP_F,9918,0.8521417012058173
COnP_F,9919,0.8274054364137858
COnP_F,9920,0.842756694529183
COnP_F,9921,0.8382911673938813
COnP_F,9922,0.8464959587878682
COnP_F,9923,0.8277167546765005
COnP_F,9924,0.847950873260498
COnP_F,9925,0.8432492060968171
COnP_F,9926,0.8508082025562153
COnP_F,9927,0.8167756450000139
COnP_F,9928,0.8475664301226132
COnP_F,9929,0.841136889670105
COnP_F,9930,0.8260287908193411
COnP_F,9931,0.8633313292803801
COnP_F,9932,0.8353345054620188
COnP_F,9933,0.8527690138038085
COnP_F,9934,0.8375363971339908
COnP_F,9935,0.8440609552095364
COnP_F,9936,0.8542447772499115
COnP_F,9937,0.8185117580495693
COnP_F,9938,0.8243097040850494
COnP_F,9939,0.8446588783497596
COnP_F,9940,0.8540473473873519
COnP_F,9941,0.8283265799962455
COnP_F,9942,0.8404481143080959
COnP_F,9943,0.8505486083099794
COnP_F,9944,0.860313628056039
COnP_F,9945,0.8413517901008677
COnP_F,9946,0.8631921753012444
COnP_F,9947,0.8670760581437541
COnP_F,9948,0.8281657531434872
COnP_F,9949,0.8252546302415041
COnP_F,9950,0.8317593433031777
COnP_F,9951,0.8231195188537455
COnP_F,9952,0.8368281913174267
COnP_F,9953,0.828161223288622
COnP_F,9954,0.8408139651368371
COnP_F,9955,0.8493272068585448
COnP_F,9956,0.8372149907398025
COnP_F,9957,0.8553742164861743
COnP_F,9958,0.8293109088353978
COnP_F,9959,0.8274372011529162
COnP_F,9960,0.8172403930013251
COnP_F,9961,0.8358749349816808
COnP_F,9962,0.8305281804967597
COnP_F,9963,0.8515769772649696
COnP_F,9964,0.8563812008235052
COnP_F,9965,0.8198568970180955
COnP_F,9966,0.819630282595545
COnP_F,9967,0.8506349670956141
COnP_F,9968,0.8515816842706193
COnP_F,9969,0.8040166302227229
COnP_F,9970,0.8293126585125716
COnP_F,9971,0.8355507702446985
COnP_F,9972,0.8304561753201097
COnP_F,9973,0.8619728323276893
COnP_F,9974,0.8233494228985458
COnP_F,9975,0.806219573322119
COnP_F,9976,0.8029676809078563
COnP_F,9977,0.8307536962450676
COnP_F,9978,0.8128692163816094
COnP_F,9979,0.8113342523186562
COnP_F,9980,0.8371439505631876
COnP_F,9981,0.8119437382775728
COnP_F,9982,0.8345889544681305
COnP_F,9983,0.8127662926513094
COnP_F,9984,0.8394961718524782
COnP_F,9985,0.8246538667728721
COnP_F,9986,0.8284518824384799
COnP_F,9987,0.8176680197498848
COnP_F,9988,0.8310095680614661
COnP_F,9989,0.8237704962617313
COnP_F,9990,0.8277905196976085
COnP_F,9991,0.8342953161048579
COnP_F,9992,0.8294893405320751
COnP_F,9993,0.8379243201077099
COnP_F,9994,0.837042329658568
COnP_F,9995,0.8321229585680661
COnP_F,9996,0.8371951997796901
COnP_F,9997,0.840560496428945
COnP_F,9998,0.822369567100064
COnP_F,9999,0.8264624225731255
COn_F,0,0.8898642032982418
COn_F,1,0.9002664483459915
COn_F,2,0.8862172330622149
COn_F,3,0.8850268911034964
COn_F,4,0.9078844971746781
COn_F,5,0.8941670490567359
COn_F,6,0.8919790201075084
COn_F,7,0.8955762248792627
COn_F,8,0.882747908631379
COn_F,9,0.8959900663280096
COn_F,10,0.8862354296733346
COn_F,11,0.8710073163700286
COn_F,12,0.8528283333123807
COn_F,13,0.8863039190839404
COn_F,14,0.853368946864654
COn_F,15,0.8685248122509193
COn_F,16,0.8814749598037108
COn_F,17,0.8678910650198305
COn_F,18,0.8852401362641578
COn_F,19,0.9027864018940206
COn_F,20,0.8902766781885607
COn_F,21,0.9035104881131409
COn_F,22,0.87807021645961
COn_F,23,0.8844983236696344
COn_F,24,0.8919738910030454
COn_F,25,0.8716956699309443
COn_F,26,0.8884836365600286
COn_F,27,0.859002245686542
COn_F,28,0.8919809328630454
COn_F,29,0.8782734670213808
COn_F,30,0.8918266965142739
COn_F,31,0.8881973454954862
COn_F,32,0.8843337199584157
COn_F,33,0.8950420717227607
COn_F,34,0.8860899870269989
COn_F,35,0.9036578229810938
COn_F,36,0.8828957540590298
COn_F,37,0.8985294591382721
COn_F,38,0.8879655144088182
COn_F,39,0.8897440252088809
COn_F,40,0.8907933182739421
COn_F,41,0.895215255094936
COn_F,42,0.8999677777686523
COn_F,43,0.878443184197565
COn_F,44,0.8902204826913194
COn_F,45,0.8832752190023723
COn_F,46,0.8747099322127708
COn_F,47,0.8850942063715309
COn_F,48,0.8872160125447927
COn_F,49,0.8872628373604009
COn_F,50,0.8760319306955193
COn_F,51,0.8973543863921771
COn_F,52,0.8907218875322899
COn_F,53,0.9004605673556476
COn_F,54,0.8769688702749519
COn_F,55,0.8724718316955538
COn_F,56,0.8866565205983626
COn_F,57,0.9107848580454658
COn_F,58,0.8910922591594141
COn_F,59,0.8760473365347162
COn_F,60,0.8784606790725135
COn_F,61,0.8671056797436588
COn_F,62,0.8988766078974197
COn_F,63,0.8840790055886432
COn_F,64,0.9019224766629647
COn_F,65,0.8995429031116267
COn_F,66,0.8924923014225663
COn_F,67,0.8717797385538488
COn_F,68,0.8814219568700369
COn_F,69,0.8767364661996188
COn_F,70,0.8759957166709533
COn_F,71,0.8898910933737059
COn_F,72,0.8942788354286356
COn_F,73,0.8889845083861357
COn_F,74,0.8916645414654645
COn_F,75,0.864854193986031
COn_F,76,0.8928656538560771
COn_F,77,0.8865854574827214
COn_F,78,0.8670794364053551
COn_F,79,0.8771975596355576
COn_F,80,0.8834412770387018
COn_F,81,0.8975024311125896
COn_F,82,0.87792066434096
COn_F,83,0.893542193737578
COn_F,84,0.8744736787524355
COn_F,85,0.8826131614631729
COn_F,86,0.8794866387906122
COn_F,87,0.8622867423997608
COn_F,88,0.8889732714552189
COn_F,89,0.8863324211301891
COn_F,90,0.8805365720634498
COn_F,91,0.8899795043779548
COn_F,92,0.8903315052295953
COn_F,93,0.8842001076058336
COn_F,94,0.8505235322205843
COn_F,95,0.8698100517915346
COn_F,96,0.9060074703061295
COn_F,97,0.8751583784348409
COn_F,98,0.8866834119373694
COn_F,99,0.8815326357971126
COn_F,100,0.879083680678209
COn_F,101,0.8890659477773603
COn_F,102,0.8865766121891413
COn_F,103,0.8734044547653382
COn_F,104,0.889351630156087
COn_F,105,0.8782464162668357
COn_F,106,0.8833803285565787
COn_F,107,0.8880370990659023
COn_F,108,0.8971376496828843
COn_F,109,0.8935284681187183
COn_F,110,0.8623489889349983
COn_F,111,0.8816359065689385
COn_F,112,0.8804740587414175
COn_F,113,0.8920184240038264
COn_F,114,0.8705585562456277
COn_F,115,0.8718344167919267
COn_F,116,0.8866898817745169
COn_F,117,0.871663624398793
COn_F,118,0.8956721719521742
COn_F,119,0.8797665215289439
COn_F,120,0.8857585250981828
COn_F,121,0.8895071940042218
COn_F,122,0.8793495341877821
COn_F,123,0.8883693991613861
COn_F,124,0.8697579568656086
COn_F,125,0.8809387192105426
COn_F,126,0.8819156012786649
COn_F,127,0.8710122177883148
COn_F,128,0.8796122817332407
COn_F,129,0.9031184925657016
COn_F,130,0.8825465421322602
COn_F,131,0.8761232802358075
COn_F,132,0.8754249269323289
COn_F,133,0.8839470413782665
COn_F,134,0.8847330605354063
COn_F,135,0.8823446192961399
COn_F,136,0.8843696646822987
COn_F,137,0.8925005434542446
COn_F,138,0.8918910633611694
COn_F,139,0.8897423984880142
COn_F,140,0.8858916175417512
COn_F,141,0.8997603798847625
COn_F,142,0.90261148315988
COn_F,143,0.887076109263556
COn_F,144,0.8746630349817052
COn_F,145,0.8994639519421019
COn_F,146,0.8855919131329251
COn_F,147,0.9001558130491256
COn_F,148,0.8892061735726381
COn_F,149,0.8882214483887363
COn_F,150,0.8927303201249697
COn_F,151,0.8907981715573602
COn_F,152,0.8759751638837249
COn_F,153,0.8949604978464126
COn_F,154,0.8902175608523141
COn_F,155,0.8855506867134071
COn_F,156,0.8829265980707305
COn_F,157,0.8884311583271574
COn_F,158,0.8894414542582071
COn_F,159,0.8885534913876584
COn_F,160,0.8800235585846381
COn_F,161,0.8841822534582603
COn_F,162,0.8890030726363746
COn_F,163,0.893647141936973
COn_F,164,0.8890430608951946
COn_F,165,0.8853102506890296
COn_F,166,0.8764298013936458
COn_F,167,0.8909310991008956
COn_F,168,0.8773840770600528
COn_F,169,0.8741963238413871
COn_F,170,0.8949575969343976
COn_F,171,0.8916121020875959
COn_F,172,0.8713876830657268
COn_F,173,0.8881659831518054
COn_F,174,0.894622476592666
COn_F,175,0.8759404056282712
COn_F,176,0.8852869887628142
COn_F,177,0.882801772006927
COn_F,178,0.8836469340255363
COn_F,179,0.8765616702396057
COn_F,180,0.891538003978583
COn_F,181,0.8781518742715085
COn_F,182,0.8961045370510715
COn_F,183,0.8827465098101492
COn_F,184,0.8799495996415061
COn_F,185,0.8731550478911277
COn_F,186,0.8825208065821059
COn_F,187,0.8865695137097002
COn_F,188,0.8823998107125649
COn_F,189,0.8806317753437769
COn_F,190,0.8881567293990812
COn_F,191,0.8800973947074145
COn_F,192,0.8790049281941307
COn_F,193,0.8903804813174062
COn_F,194,0.8728241546980038
COn_F,195,0.882240788898631
COn_F,196,0.8701845106487278
COn_F,197,0.8927445552351481
COn_F,198,0.8758531495466478
COn_F,199,0.8929759293528773
COn_F,200,0.886327948632675
COn_F,201,0.8774875166284264
COn_F,202,0.8904495374489333
COn_F,203,0.8636955742354283
COn_F,204,0.8841788195057984
COn_F,205,0.8833831973094673
COn_F,206,0.8990556406431346
COn_F,207,0.8817008891082725
COn_F,208,0.88328077390353
COn_F,209,0.8712809001247152
COn_F,210,0.8682853603878887
COn_F,211,0.8781481134453685
COn_F,212,0.8757120556627398
COn_F,213,0.8745171650249188
COn_F,214,0.8901871781952468
COn_F,215,0.9121854669555987
COn_F,216,0.8866914433862076
COn_F,217,0.8677695594568943
COn_F,218,0.8772937277428465
COn_F,219,0.8745049195197968
COn_F,220,0.8990453873473857
COn_F,221,0.8816707736625456
COn_F,222,0.9035118987314322
COn_F,223,0.8788605007764779
COn_F,224,0.8807306023475343
COn_F,225,0.8671520686868643
COn_F,226,0.8960083611659504
COn_F,227,0.8824977979230896
COn_F,228,0.8680263534870042
COn_F,229,0.89798302068678
COn_F,230,0.892710849559731
COn_F,231,0.8872523558870058
COn_F,232,0.8895579622019589
COn_F,233,0.9052803257184064
COn_F,234,0.8793278741579191
COn_F,235,0.8874407754882988
COn_F,236,0.9021111812907062
COn_F,237,0.890681338178132
COn_F,238,0.8947247152680745
COn_F,239,0.9030235524656383
COn_F,240,0.8735605348820965
COn_F,241,0.8857248193682437
COn_F,242,0.9038230983920112
COn_F,243,0.8717276496244797
COn_F,244,0.8754664282988112
COn_F,245,0.8987107072986952
COn_F,246,0.8816405305753531
COn_F,247,0.8696253112767218
COn_F,248,0.8920505847032637
COn_F,249,0.8612138653749861
COn_F,250,0.8993349517810383
COn_F,251,0.8949260813639642
COn_F,252,0.8756754678865519
COn_F,253,0.8844796616581321
COn_F,254,0.8737651402320794
COn_F,255,0.8868482421092831
COn_F,256,0.8857092077304844
COn_F,257,0.8714674792700065
COn_F,258,0.8737437705325958
COn_F,259,0.8919288445236128
COn_F,260,0.8723168084505627
COn_F,261,0.8770227021848844
COn_F,262,0.8989698992003782
COn_F,263,0.8884777684374874
COn_F,264,0.8737586903263775
COn_F,265,0.9012391216378429
COn_F,266,0.8675268546161868
COn_F,267,0.9012065320795875
COn_F,268,0.8693690385260141
COn_F,269,0.8790228475102189
COn_F,270,0.9055235142755954
COn_F,271,0.8973878864299181
COn_F,272,0.8973814739121012
COn_F,273,0.9030318267437579
COn_F,274,0.8962659395490288
COn_F,275,0.9114406643500442
COn_F,276,0.8867010267206882
COn_F,277,0.8915498502232131
COn_F,278,0.889499589883131
COn_F,279,0.8887830803163491
COn_F,280,0.8815127765540169
COn_F,281,0.8778948986480541
COn_F,282,0.8714487811011258
COn_F,283,0.8753547411474922
COn_F,284,0.8886775502506525
COn_F,285,0.8753002516749547
COn_F,286,0.889653946416509
COn_F,287,0.8580888263947198
COn_F,288,0.8855196111179415
COn_F,289,0.8841274182482298
COn_F,290,0.8777713108817762
COn_F,291,0.8844589241136321
COn_F,292,0.8961514122316653
COn_F,293,0.9008535001628837
COn_F,294,0.8916699514391545
COn_F,295,0.8854207572821373
COn_F,296,0.8858637935183666
COn_F,297,0.8828028000960971
COn_F,298,0.8927111591534211
COn_F,299,0.8715634775600086
COn_F,300,0.867508657445898
COn_F,301,0.8964495018932346
COn_F,302,0.8822878987355544
COn_F,303,0.8840668781336127
COn_F,304,0.8955475636295609
COn_F,305,0.8770909334854263
COn_F,306,0.880695835017724
COn_F,307,0.8884535827990756
COn_F,308,0.8801022682658983
COn_F,309,0.894661459671183
COn_F,310,0.8915253225054003
COn_F,311,0.8920472786512316
COn_F,312,0.8925762159028735
COn_F,313,0.8864519490300586
COn_F,314,0.8834270631202648
COn_F,315,0.8894778003748499
COn_F,316,0.8820147133751898
COn_F,317,0.8673548702373459
COn_F,318,0.8964866963224909
COn_F,319,0.8858078360524475
COn_F,320,0.9072640998277323
COn_F,321,0.877101701739479
COn_F,322,0.8716422013955865
COn_F,323,0.875273442206737
COn_F,324,0.8838026436590095
COn_F,325,0.8800865183152207
COn_F,326,0.8897069053317341
COn_F,327,0.8708083120529301
COn_F,328,0.871805891042491
COn_F,329,0.8920282665244926
COn_F,330,0.8903253060424717
COn_F,331,0.8692196947667657
COn_F,332,0.8874093775885814
COn_F,333,0.8820481276030346
COn_F,334,0.8909134440496527
COn_F,335,0.8682275194354853
COn_F,336,0.8748166226553505
COn_F,337,0.888249651065027
COn_F,338,0.8770060645981438
COn_F,339,0.890777013716679
COn_F,340,0.8807704787130592
COn_F,341,0.8689487860952853
COn_F,342,0.8928023002327996
COn_F,343,0.885051385261456
COn_F,344,0.8952124309154822
COn_F,345,0.8660146390831321
COn_F,346,0.8901264799774139
COn_F,347,0.8761116578870465
COn_F,348,0.8821248909233109
COn_F,349,0.8826307796130038
COn_F,350,0.8659554362283158
COn_F,351,0.8812236485231668
COn_F,352,0.8891095923891588
COn_F,353,0.8901171310961769
COn_F,354,0.8822616402036372
COn_F,355,0.8989267381758576
COn_F,356,0.8596349117909833
COn_F,357,0.8798713215075219
COn_F,358,0.873199579460667
COn_F,359,0.882221964009479
COn_F,360,0.8991085228702418
COn_F,361,0.9043926557204779
COn_F,362,0.8831571392580526
COn_F,363,0.8726831873928688
COn_F,364,0.898144061799181
COn_F,365,0.8888651691863964
COn_F,366,0.8655065168987578
COn_F,367,0.895272788970908
COn_F,368,0.8670603816478046
COn_F,369,0.874862972851826
COn_F,370,0.895814034536009
COn_F,371,0.8928013785918125
COn_F,372,0.8876740003230168
COn_F,373,0.8780680943987054
COn_F,374,0.8768292703322317
COn_F,375,0.9044269086571348
COn_F,376,0.8874101259909422
COn_F,377,0.8672214961817857
COn_F,378,0.8898364771104021
COn_F,379,0.8952429727675119
COn_F,380,0.9053475922755733
COn_F,381,0.8877489619280309
COn_F,382,0.8923183070872664
COn_F,383,0.8632234770784121
COn_F,384,0.8971907594065156
COn_F,385,0.8938407236667063
COn_F,386,0.8900548236035118
COn_F,387,0.8777388497150233
COn_F,388,0.8842225457629853
COn_F,389,0.8825424581785806
COn_F,390,0.877175606387484
COn_F,391,0.8890750362031471
COn_F,392,0.8744852921853772
COn_F,393,0.8959607522533534
COn_F,394,0.8600331064588712
COn_F,395,0.8774951969556737
COn_F,396,0.8816616438233525
COn_F,397,0.8923344113939558
COn_F,398,0.8934903955254924
COn_F,399,0.8667629997142479
COn_F,400,0.8755383864503896
COn_F,401,0.8968593285222219
COn_F,402,0.8882786084534202
COn_F,403,0.8782166646835754
COn_F,404,0.9075137705509685
COn_F,405,0.8846941188858911
COn_F,406,0.8960642731730616
COn_F,407,0.8664683661032361
COn_F,408,0.8856641018687194
COn_F,409,0.8923395018240035
COn_F,410,0.8951177836091179
COn_F,411,0.9027658935927141
COn_F,412,0.8832529636523315
COn_F,413,0.9031024878483717
COn_F,414,0.8722666774261894
COn_F,415,0.8729360957421178
COn_F,416,0.9075191729583572
COn_F,417,0.8990622873715255
COn_F,418,0.871993477830857
COn_F,419,0.8860680415488353
COn_F,420,0.8730877370074182
COn_F,421,0.876845965289576
COn_F,422,0.8780002042380092
COn_F,423,0.8724935652414108
COn_F,424,0.8735246082493365
COn_F,425,0.8754544290176158
COn_F,426,0.866004361734913
COn_F,427,0.8893276530370343
COn_F,428,0.8843538389038578
COn_F,429,0.9004343429737788
COn_F,430,0.877503926050512
COn_F,431,0.8863307225821925
COn_F,432,0.8899231999218725
COn_F,433,0.8839943035365753
COn_F,434,0.8820287802747584
COn_F,435,0.8976449445704567
COn_F,436,0.8877308496822415
COn_F,437,0.8991460396527602
COn_F,438,0.8980407421445225
COn_F,439,0.8794884834658435
COn_F,440,0.8925548997112394
COn_F,441,0.8924445693775399
COn_F,442,0.8828842011199323
COn_F,443,0.8849476873119608
COn_F,444,0.8747771881704589
COn_F,445,0.8932193816504338
COn_F,446,0.888407110092909
COn_F,447,0.8953603689747954
COn_F,448,0.8658774888167852
COn_F,449,0.8660331599631095
COn_F,450,0.8850225192204805
COn_F,451,0.8944668381897076
COn_F,452,0.8698839618818932
COn_F,453,0.8791935205417515
COn_F,454,0.8827123887578476
COn_F,455,0.8892286072433478
COn_F,456,0.8906692809013036
COn_F,457,0.8801507622218154
COn_F,458,0.8830294756828219
COn_F,459,0.897188575209163
COn_F,460,0.8728679304342432
COn_F,461,0.8966000171782574
COn_F,462,0.8716274547004407
COn_F,463,0.8900951181244784
COn_F,464,0.8891639442869673
COn_F,465,0.8816179752637862
COn_F,466,0.8929109737196488
COn_F,467,0.8988186964595791
COn_F,468,0.8810040362507493
COn_F,469,0.8927988152333202
COn_F,470,0.8705459276398813
COn_F,471,0.8943737184613564
COn_F,472,0.8816864758048186
COn_F,473,0.8872114563740107
COn_F,474,0.8808930283491213
COn_F,475,0.8798205629312964
COn_F,476,0.8870564179328039
COn_F,477,0.8822096228194226
COn_F,478,0.8813579562876827
COn_F,479,0.8747755897479363
COn_F,480,0.8934674888827753
COn_F,481,0.9131651328230489
COn_F,482,0.8879356111132719
COn_F,483,0.8836721466635402
COn_F,484,0.8870334959292459
COn_F,485,0.8988216830300728
COn_F,486,0.8884762115396722
COn_F,487,0.8723423431262957
COn_F,488,0.9022130700817247
COn_F,489,0.8921331980001789
COn_F,490,0.8868601489328622
COn_F,491,0.8864730690543965
COn_F,492,0.9109265558570703
COn_F,493,0.8814094197326273
COn_F,494,0.8768097274122193
COn_F,495,0.8888368198657318
COn_F,496,0.8988472162780139
COn_F,497,0.8942548001984943
COn_F,498,0.9006519503830438
COn_F,499,0.8783570998666509
COn_F,500,0.8772270297809878
COn_F,501,0.8901640018323225
COn_F,502,0.8674869941676857
COn_F,503,0.8746611439435141
COn_F,504,0.8968231271572027
COn_F,505,0.888357177857285
COn_F,506,0.8786438312162483
COn_F,507,0.871787776935109
COn_F,508,0.8797233247467182
COn_F,509,0.8832429060414133
COn_F,510,0.8741679144234074
COn_F,511,0.886128727618707
COn_F,512,0.8703697543814791
COn_F,513,0.8939209857650057
COn_F,514,0.8759662383178138
COn_F,515,0.8814368670120206
COn_F,516,0.8874870571527013
COn_F,517,0.8794805263005173
COn_F,518,0.8841518821422247
COn_F,519,0.8874494861647649
COn_F,520,0.892182749990287
COn_F,521,0.8741822706117857
COn_F,522,0.8966714775249734
COn_F,523,0.8797521532079319
COn_F,524,0.8793779345720647
COn_F,525,0.8978831024332585
COn_F,526,0.8834622167338521
COn_F,527,0.8652975407305992
COn_F,528,0.8510335550220764
COn_F,529,0.8894133208639016
COn_F,530,0.8904501718040024
COn_F,531,0.8802865362142083
COn_F,532,0.8743607245138488
COn_F,533,0.8879577631497849
COn_F,534,0.8792139052469694
COn_F,535,0.8853936859542972
COn_F,536,0.8681666791268766
COn_F,537,0.8704391166029075
COn_F,538,0.8804601609757853
COn_F,539,0.8668690778230292
COn_F,540,0.8803848425976802
COn_F,541,0.8876648782916472
COn_F,542,0.8742808331403268
COn_F,543,0.8967149420908996
COn_F,544,0.8970939067965801
COn_F,545,0.8809828220617101
COn_F,546,0.8885031948866147
COn_F,547,0.8889978173587434
COn_F,548,0.889132273331988
COn_F,549,0.8812670398570756
COn_F,550,0.8928711744916358
COn_F,551,0.8993686254809835
COn_F,552,0.8710203364494147
COn_F,553,0.8704552886447153
COn_F,554,0.9015530535241659
COn_F,555,0.8916501445733346
COn_F,556,0.8676633435579876
COn_F,557,0.887347013840099
COn_F,558,0.8944533057226791
COn_F,559,0.8833521820497019
COn_F,560,0.8758028408308218
COn_F,561,0.8928109116535737
COn_F,562,0.878157100593228
COn_F,563,0.8839255776370982
COn_F,564,0.8871929128242413
COn_F,565,0.8649959191643591
COn_F,566,0.8788349887002193
COn_F,567,0.8900654912398727
COn_F,568,0.8794560863432255
COn_F,569,0.882296053092903
COn_F,570,0.901364711990358
COn_F,571,0.9015228618888468
COn_F,572,0.87390514295913
COn_F,573,0.9015453208560497
COn_F,574,0.8961514070777753
COn_F,575,0.8886680243470687
COn_F,576,0.8975412895019353
COn_F,577,0.8867770502530314
COn_F,578,0.8916762659285062
COn_F,579,0.894149654001976
COn_F,580,0.8779560000270813
COn_F,581,0.8913843726807219
COn_F,582,0.8832645384950085
COn_F,583,0.8781975779003358
COn_F,584,0.8901155340365892
COn_F,585,0.883214719910031
COn_F,586,0.8732120031347308
COn_F,587,0.8804256908759412
COn_F,588,0.8860150255920022
COn_F,589,0.8918938082824395
COn_F,590,0.8945574912877364
COn_F,591,0.8871150729417998
COn_F,592,0.8675869864409947
COn_F,593,0.8991193361006398
COn_F,594,0.9067776231664668
COn_F,595,0.8779117265748639
COn_F,596,0.8706607502246614
COn_F,597,0.9107553074262157
COn_F,598,0.8807346794597594
COn_F,599,0.8734733257338936
COn_F,600,0.8873926550667165
COn_F,601,0.8927044746433088
COn_F,602,0.888450178552196
COn_F,603,0.8729023108959127
COn_F,604,0.8871670501251449
COn_F,605,0.8676595811768164
COn_F,606,0.8877744295620983
COn_F,607,0.8736795749453079
COn_F,608,0.8901489646682585
COn_F,609,0.8680141824176512
COn_F,610,0.8792189466225968
COn_F,611,0.8874274343797183
COn_F,612,0.8729877270148659
COn_F,613,0.8687755229384534
COn_F,614,0.8900123441228204
COn_F,615,0.9009404741761282
COn_F,616,0.882803820795786
COn_F,617,0.8789128397341652
COn_F,618,0.8953638336757661
COn_F,619,0.8914866550188588
COn_F,620,0.8955876955556638
COn_F,621,0.8816469871459113
COn_F,622,0.890478842404705
COn_F,623,0.8727189940418406
COn_F,624,0.882916816154073
COn_F,625,0.8848985800319484
COn_F,626,0.8701648735269029
COn_F,627,0.8923582275887787
COn_F,628,0.8799709581067341
COn_F,629,0.8721887048835429
COn_F,630,0.8792547630544992
COn_F,631,0.8718892638834772
COn_F,632,0.8708756155089479
COn_F,633,0.8940471312593977
COn_F,634,0.8807016543760854
COn_F,635,0.9006650513214218
COn_F,636,0.8808871355252845
COn_F,637,0.8888191576508315
COn_F,638,0.9042993176256912
COn_F,639,0.8694809319931233
COn_F,640,0.8844994467309584
COn_F,641,0.8788295982423007
COn_F,642,0.8924416640651819
COn_F,643,0.8711655384118364
COn_F,644,0.8912337784436655
COn_F,645,0.8878306409545512
COn_F,646,0.9039296918843677
COn_F,647,0.8784023383604361
COn_F,648,0.8825907075044289
COn_F,649,0.9052329675784628
COn_F,650,0.8745280872434934
COn_F,651,0.8931066667038597
COn_F,652,0.8873464376493093
COn_F,653,0.89314335870941
COn_F,654,0.9047439610166911
COn_F,655,0.8990457358546721
COn_F,656,0.8797088215768912
COn_F,657,0.9032087857076107
COn_F,658,0.8967605303355611
COn_F,659,0.8927125764040664
COn_F,660,0.8877997861420593
COn_F,661,0.8942005035504027
COn_F,662,0.9000263915747282
COn_F,663,0.9001190498231827
COn_F,664,0.8869357909821138
COn_F,665,0.9076009398107272
COn_F,666,0.8987211837715038
COn_F,667,0.8704449137171913
COn_F,668,0.8866876102717683
COn_F,669,0.8903118786231505
COn_F,670,0.8854869574351237
COn_F,671,0.8819536749228113
COn_F,672,0.8824680346679099
COn_F,673,0.9081026629972947
COn_F,674,0.9086563430232746
COn_F,675,0.8904480625044427
COn_F,676,0.8973762294552021
COn_F,677,0.8956022893453438
COn_F,678,0.8944380557720042
COn_F,679,0.8887523514963254
COn_F,680,0.8734396125241033
COn_F,681,0.884440723928341
COn_F,682,0.8919433223601253
COn_F,683,0.9060873519033802
COn_F,684,0.8987690656434252
COn_F,685,0.8904169473217177
COn_F,686,0.8704957450610233
COn_F,687,0.9091784664590868
COn_F,688,0.8809518733054787
COn_F,689,0.8973781640731383
COn_F,690,0.8956594719435264
COn_F,691,0.8953226724633039
COn_F,692,0.8706754224728194
COn_F,693,0.8678981150950613
COn_F,694,0.8765461824944668
COn_F,695,0.8719258397794573
COn_F,696,0.9029151845467086
COn_F,697,0.8937504928909191
COn_F,698,0.888249086380104
COn_F,699,0.8865794508102451
COn_F,700,0.8722362736922009
COn_F,701,0.8772912864037913
COn_F,702,0.8850982266477873
COn_F,703,0.8754453442769631
COn_F,704,0.8959119795219468
COn_F,705,0.882811506699927
COn_F,706,0.8787283473512165
COn_F,707,0.9038341761916139
COn_F,708,0.8959183507852225
COn_F,709,0.8593814683907625
COn_F,710,0.8707742622766869
COn_F,711,0.8950763665294713
COn_F,712,0.887164297866707
COn_F,713,0.8699539783386476
COn_F,714,0.9088035602217928
COn_F,715,0.8768274892071313
COn_F,716,0.87547254862174
COn_F,717,0.8936957273298801
COn_F,718,0.8882392815187529
COn_F,719,0.8777563867283383
COn_F,720,0.9016946196767075
COn_F,721,0.8885014637821659
COn_F,722,0.8755815319881209
COn_F,723,0.9064265771188029
COn_F,724,0.8660930995978853
COn_F,725,0.8742688425456601
COn_F,726,0.8482121466431578
COn_F,727,0.8754117111682191
COn_F,728,0.8796078608094081
COn_F,729,0.8787580152806702
COn_F,730,0.8694320906631676
COn_F,731,0.8914844413303378
COn_F,732,0.8850890074820663
COn_F,733,0.8818607870767202
COn_F,734,0.878786782980447
COn_F,735,0.8951247686119411
COn_F,736,0.8932406129226016
COn_F,737,0.8807324209733665
COn_F,738,0.8875326222149196
COn_F,739,0.8905822618005402
COn_F,740,0.870918051468422
COn_F,741,0.8787740618565036
COn_F,742,0.8871813377362888
COn_F,743,0.8955226768976012
COn_F,744,0.8885161748157017
COn_F,745,0.8909018630691873
COn_F,746,0.8766695313778425
COn_F,747,0.868722660392097
COn_F,748,0.8717427730348746
COn_F,749,0.8765289048017175
COn_F,750,0.881965253413805
COn_F,751,0.8871280305715092
COn_F,752,0.8875017327873952
COn_F,753,0.876678232413378
COn_F,754,0.8731579682839801
COn_F,755,0.8867509172125425
COn_F,756,0.8713596017145925
COn_F,757,0.8944035547801144
COn_F,758,0.879812740753611
COn_F,759,0.8794829473898493
COn_F,760,0.8795966469457297
COn_F,761,0.8808508806699002
COn_F,762,0.887900552336388
COn_F,763,0.8787651350327019
COn_F,764,0.8925834885532544
COn_F,765,0.8908832675969948
COn_F,766,0.9006682202858448
COn_F,767,0.8948373274538007
COn_F,768,0.8937550520459667
COn_F,769,0.8861452783417604
COn_F,770,0.8806239167343485
COn_F,771,0.8994045160619353
COn_F,772,0.8826668538895174
COn_F,773,0.8881106656096274
COn_F,774,0.8896821124390508
COn_F,775,0.86676509313973
COn_F,776,0.902174499820594
COn_F,777,0.890941776212134
COn_F,778,0.8872679590528306
COn_F,779,0.8889837791143492
COn_F,780,0.8938888004059907
COn_F,781,0.888223939358911
COn_F,782,0.8863859814847909
COn_F,783,0.9056188443855212
COn_F,784,0.8712466796010552
COn_F,785,0.89880321314318
COn_F,786,0.8805579664004021
COn_F,787,0.8757341495342926
COn_F,788,0.9003537005165584
COn_F,789,0.8905516392319638
COn_F,790,0.8838224445051259
COn_F,791,0.8699318153465352
COn_F,792,0.8871988491222895
COn_F,793,0.9030363045572043
COn_F,794,0.8844381807325281
COn_F,795,0.8917139634006753
COn_F,796,0.8876284594972548
COn_F,797,0.86829073864884
COn_F,798,0.8891162463271802
COn_F,799,0.8849566341483213
COn_F,800,0.895040547122084
COn_F,801,0.8778574402544463
COn_F,802,0.8819502298619027
COn_F,803,0.8985383678137498
COn_F,804,0.865030765081274
COn_F,805,0.9037867792765731
COn_F,806,0.8853888516398986
COn_F,807,0.8825295077719784
COn_F,808,0.8823752128830898
COn_F,809,0.8883956704180775
COn_F,810,0.882647509071038
COn_F,811,0.8813091412443083
COn_F,812,0.8905238574442617
COn_F,813,0.9001293793796684
COn_F,814,0.8956623770916938
COn_F,815,0.8916697976200413
COn_F,816,0.8889600654357518
COn_F,817,0.8764580522502671
COn_F,818,0.8918067168127376
COn_F,819,0.8876683155395554
COn_F,820,0.8768519188452754
COn_F,821,0.876327549762225
COn_F,822,0.8939394329367943
COn_F,823,0.8994906595035357
COn_F,824,0.8825547845061088
COn_F,825,0.8830179055139371
COn_F,826,0.8749041868011277
COn_F,827,0.8871543198844933
COn_F,828,0.8707988192782089
COn_F,829,0.892290556833541
COn_F,830,0.8897576661029841
COn_F,831,0.88295583231413
COn_F,832,0.8885731624432233
COn_F,833,0.8533637746652747
COn_F,834,0.8824373776955123
COn_F,835,0.8690821967396534
COn_F,836,0.8938657085956359
COn_F,837,0.8736250943167075
COn_F,838,0.888217756015184
COn_F,839,0.8819275705280527
COn_F,840,0.8967718832089462
COn_F,841,0.894557201469986
COn_F,842,0.8972341663749329
COn_F,843,0.879446473666225
COn_F,844,0.8655185357091312
COn_F,845,0.8771124771841906
COn_F,846,0.8889417187148702
COn_F,847,0.897934808505466
COn_F,848,0.8901248845049863
COn_F,849,0.8869787327722607
COn_F,850,0.901075837798661
COn_F,851,0.8642341948840269
COn_F,852,0.8863772583647793
COn_F,853,0.875840344431967
COn_F,854,0.9091793739754447
COn_F,855,0.8975429796642097
COn_F,856,0.8899996249248147
COn_F,857,0.8778986269747016
COn_F,858,0.8603527633418082
COn_F,859,0.904198128198479
COn_F,860,0.8802502780775909
COn_F,861,0.8779910750905667
COn_F,862,0.9121152284310825
COn_F,863,0.8826281451799005
COn_F,864,0.8843889978813458
COn_F,865,0.877395398078091
COn_F,866,0.8824879818497182
COn_F,867,0.8824839388499337
COn_F,868,0.8839838543870835
COn_F,869,0.8982084139806773
COn_F,870,0.8896723350927574
COn_F,871,0.8883917276560307
COn_F,872,0.8926081789229059
COn_F,873,0.8854714532633614
COn_F,874,0.8972345449947703
COn_F,875,0.8765687436451111
COn_F,876,0.8833234281370982
COn_F,877,0.8732385508567724
COn_F,878,0.8916973788986856
COn_F,879,0.8854934650027667
COn_F,880,0.8817281928120427
COn_F,881,0.8844057513447211
COn_F,882,0.880493116085909
COn_F,883,0.8901945841229528
COn_F,884,0.8944707343368595
COn_F,885,0.8791882571075211
COn_F,886,0.8807252285941428
COn_F,887,0.8915614717187387
COn_F,888,0.8791185908830118
COn_F,889,0.8757419751290612
COn_F,890,0.8850820310763436
COn_F,891,0.8950314995149222
COn_F,892,0.8781746058014687
COn_F,893,0.8992589409392168
COn_F,894,0.877770502908408
COn_F,895,0.8911284320090651
COn_F,896,0.9107942521930357
COn_F,897,0.893062879494354
COn_F,898,0.8783034902561546
COn_F,899,0.8967448817330279
COn_F,900,0.8876381052123155
COn_F,901,0.8853379131270699
COn_F,902,0.8906230618346204
COn_F,903,0.8869346475334304
COn_F,904,0.8789084024198137
COn_F,905,0.8875274029192184
COn_F,906,0.8829929899176698
COn_F,907,0.8856690059718658
COn_F,908,0.8591864977868667
COn_F,909,0.8698338234911623
COn_F,910,0.8806713142818114
COn_F,911,0.8717168220320997
COn_F,912,0.876823377696117
COn_F,913,0.8888490081239566
COn_F,914,0.8718757491684129
COn_F,915,0.873435760248424
COn_F,916,0.8797265556696615
COn_F,917,0.8985323373063657
COn_F,918,0.8958982147391877
COn_F,919,0.8817333425133294
COn_F,920,0.8785900416594619
COn_F,921,0.8844416639993786
COn_F,922,0.8740935883282228
COn_F,923,0.8867934028749328
COn_F,924,0.8904665834183404
COn_F,925,0.8729594508811591
COn_F,926,0.8749431521127368
COn_F,927,0.9028119529966488
COn_F,928,0.8946157993405027
COn_F,929,0.8842130006635085
COn_F,930,0.8814490898489518
COn_F,931,0.8846009060930594
COn_F,932,0.8824046342953482
COn_F,933,0.8763871728605391
COn_F,934,0.8799089786830989
COn_F,935,0.8956661691279233
COn_F,936,0.8874657596291718
COn_F,937,0.8985963399125619
COn_F,938,0.8789991590047375
COn_F,939,0.8858359159201445
COn_F,940,0.9050401005276661
COn_F,941,0.8811920468328999
COn_F,942,0.8917252218772461
COn_F,943,0.8844610218284146
COn_F,944,0.8905375809068713
COn_F,945,0.8844901700957726
COn_F,946,0.8807822050570904
COn_F,947,0.8641067223157802
COn_F,948,0.8695364418475332
COn_F,949,0.8824713767052536
COn_F,950,0.8924870427104172
COn_F,951,0.8918948875349592
COn_F,952,0.8816331913307944
COn_F,953,0.8876773157628101
COn_F,954,0.9140320823747604
COn_F,955,0.8839530674497869
COn_F,956,0.8948432888982992
COn_F,957,0.8852440483285194
COn_F,958,0.8816207709342684
COn_F,959,0.8790239405920076
COn_F,960,0.8939938553444745
COn_F,961,0.8827866788750965
COn_F,962,0.8849648130728778
COn_F,963,0.881804306608069
COn_F,964,0.8760854310553308
COn_F,965,0.8783874581324919
COn_F,966,0.8777227111860967
COn_F,967,0.8785450194306023
COn_F,968,0.8933363747232739
COn_F,969,0.8838116595727256
COn_F,970,0.8971126421301969
COn_F,971,0.8619841983867226
COn_F,972,0.8991674290854171
COn_F,973,0.8625305820397431
COn_F,974,0.8942202861067077
COn_F,975,0.8709367424408135
COn_F,976,0.8793359305553526
COn_F,977,0.8811057546409519
COn_F,978,0.8827566499693952
COn_F,979,0.8665252370921812
COn_F,980,0.8712169729212618
COn_F,981,0.8984789497198866
COn_F,982,0.8893251504020758
COn_F,983,0.8750753124605928
COn_F,984,0.8931781460778758
COn_F,985,0.8892140656917276
COn_F,986,0.8776867523288829
COn_F,987,0.8855555432110689
COn_F,988,0.8845909469322764
COn_F,989,0.8655306694274809
COn_F,990,0.8822075169997479
COn_F,991,0.8943704443105518
COn_F,992,0.8779214154756605
COn_F,993,0.875657792022037
COn_F,994,0.8737712016709677
COn_F,995,0.8733897529284758
COn_F,996,0.9037992650667801
COn_F,997,0.8872055476875736
COn_F,998,0.8922674818872887
COn_F,999,0.8996117104896587
COn_F,1000,0.879117788705885
COn_F,1001,0.8986569134964696
COn_F,1002,0.8938744002928289
COn_F,1003,0.874041581077267
COn_F,1004,0.884197807181983
COn_F,1005,0.9001568888838013
COn_F,1006,0.8708113589220394
COn_F,1007,0.8868930411907874
COn_F,1008,0.8735982528212528
COn_F,1009,0.8929587111010872
COn_F,1010,0.8816301097605995
COn_F,1011,0.8915268955535568
COn_F,1012,0.8706791469711185
COn_F,1013,0.8922175731545665
COn_F,1014,0.8818003324194996
COn_F,1015,0.9035236061532215
COn_F,1016,0.8576844384512108
COn_F,1017,0.89269540204618
COn_F,1018,0.8884060377515942
COn_F,1019,0.8872047016196625
COn_F,1020,0.8885144939431145
COn_F,1021,0.90731113111176
COn_F,1022,0.8980474207371011
COn_F,1023,0.8935503616219495
COn_F,1024,0.9000233404115798
COn_F,1025,0.8916258170610583
COn_F,1026,0.8918675935940499
COn_F,1027,0.8686922699515754
COn_F,1028,0.8606262984306435
COn_F,1029,0.891099567457456
COn_F,1030,0.8821201495805229
COn_F,1031,0.8992389972873884
COn_F,1032,0.8752410819697873
COn_F,1033,0.8757867426199133
COn_F,1034,0.8657022013785539
COn_F,1035,0.8822879138302334
COn_F,1036,0.8935814840149401
COn_F,1037,0.8853086284806705
COn_F,1038,0.891963930891749
COn_F,1039,0.883452027113266
COn_F,1040,0.8765313906386981
COn_F,1041,0.8735262223391721
COn_F,1042,0.8719331264305962
COn_F,1043,0.8822291337223304
COn_F,1044,0.8926805223951251
COn_F,1045,0.8890735977924962
COn_F,1046,0.8867464016126405
COn_F,1047,0.8853402297300302
COn_F,1048,0.8747686373336382
COn_F,1049,0.8696602306176743
COn_F,1050,0.8847758581452287
COn_F,1051,0.8936145851231075
COn_F,1052,0.8885001918035536
COn_F,1053,0.8970769831139865
COn_F,1054,0.8974500261080476
COn_F,1055,0.8854430767965961
COn_F,1056,0.8805782217841756
COn_F,1057,0.8754796257275984
COn_F,1058,0.8881468712696218
COn_F,1059,0.8980690578088626
COn_F,1060,0.8865301864000094
COn_F,1061,0.88363355018282
COn_F,1062,0.8893084058619214
COn_F,1063,0.8667064347412845
COn_F,1064,0.8977365539260953
COn_F,1065,0.8875991316173372
COn_F,1066,0.8798277618659922
COn_F,1067,0.8574610804095705
COn_F,1068,0.9088055064882795
COn_F,1069,0.8843511426950217
COn_F,1070,0.8665499911199636
COn_F,1071,0.8808302802057054
COn_F,1072,0.8923162817564301
COn_F,1073,0.8864630260846073
COn_F,1074,0.8728388951816947
COn_F,1075,0.8923354163515935
COn_F,1076,0.8729152345455443
COn_F,1077,0.8817683915130378
COn_F,1078,0.8813626680434465
COn_F,1079,0.8938375237375836
COn_F,1080,0.8860642597198451
COn_F,1081,0.8987045599755703
COn_F,1082,0.8944440311405908
COn_F,1083,0.8959534242038277
COn_F,1084,0.8829046047444727
COn_F,1085,0.8675654812932981
COn_F,1086,0.875578478006329
COn_F,1087,0.8862770353404364
COn_F,1088,0.8942753615891954
COn_F,1089,0.8784530568997129
COn_F,1090,0.8834295360036485
COn_F,1091,0.889413082442327
COn_F,1092,0.8780875978275058
COn_F,1093,0.8869290874400588
COn_F,1094,0.8857234220615601
COn_F,1095,0.8715096208836617
COn_F,1096,0.8761542593381547
COn_F,1097,0.8839644771739122
COn_F,1098,0.871307116690882
COn_F,1099,0.8875470484800869
COn_F,1100,0.8800845012691753
COn_F,1101,0.8460616513138652
COn_F,1102,0.8857175291062829
COn_F,1103,0.8758037738852393
COn_F,1104,0.8879547610206281
COn_F,1105,0.8888410076138692
COn_F,1106,0.8840324911811595
COn_F,1107,0.877280397368664
COn_F,1108,0.8853159551506967
COn_F,1109,0.8807108858123274
COn_F,1110,0.8908380834013403
COn_F,1111,0.873067442702568
COn_F,1112,0.8812980467286112
COn_F,1113,0.8776095563094805
COn_F,1114,0.8819487701833753
COn_F,1115,0.8881335662231485
COn_F,1116,0.8909806766667321
COn_F,1117,0.8803276913955828
COn_F,1118,0.8952532365870186
COn_F,1119,0.8960150203154529
COn_F,1120,0.8718587872038418
COn_F,1121,0.8726161338691306
COn_F,1122,0.8896065580820071
COn_F,1123,0.8924479588526572
COn_F,1124,0.8792381794318084
COn_F,1125,0.8978363233315247
COn_F,1126,0.8779524765215145
COn_F,1127,0.8848283431197208
COn_F,1128,0.8637801275263451
COn_F,1129,0.8921425231755329
COn_F,1130,0.8750178928945309
COn_F,1131,0.8818007643773226
COn_F,1132,0.8805123185250231
COn_F,1133,0.8922996280677783
COn_F,1134,0.8802702036272659
COn_F,1135,0.8839651471191682
COn_F,1136,0.8973683336859088
COn_F,1137,0.8880934513766119
COn_F,1138,0.8765626610465681
COn_F,1139,0.8969350647902411
COn_F,1140,0.8904708042719429
COn_F,1141,0.8855770102732904
COn_F,1142,0.8748702691371436
COn_F,1143,0.8894489138350553
COn_F,1144,0.8748904130916207
COn_F,1145,0.8984975991791474
COn_F,1146,0.8934118079184921
COn_F,1147,0.8789404100929369
COn_F,1148,0.9014598358500155
COn_F,1149,0.8909109205402677
COn_F,1150,0.882454723615711
COn_F,1151,0.9050591156782554
COn_F,1152,0.8919005618300043
COn_F,1153,0.8778951148125106
COn_F,1154,0.8559818159366808
COn_F,1155,0.894850930814277
COn_F,1156,0.8744081837169173
COn_F,1157,0.8909902854067969
COn_F,1158,0.8769220585781443
COn_F,1159,0.8788152561932563
COn_F,1160,0.8829867925328818
COn_F,1161,0.8754167492403264
COn_F,1162,0.8915070668193197
COn_F,1163,0.8916219073143882
COn_F,1164,0.8588506140219213
COn_F,1165,0.8900274467409255
COn_F,1166,0.892682667718217
COn_F,1167,0.8828997483043548
COn_F,1168,0.8940128963637299
COn_F,1169,0.879260600572418
COn_F,1170,0.8633671452012213
COn_F,1171,0.8919449485627549
COn_F,1172,0.8736739395083121
COn_F,1173,0.8906825695157392
COn_F,1174,0.888865060848604
COn_F,1175,0.880828554495436
COn_F,1176,0.8702160587721136
COn_F,1177,0.901399890804016
COn_F,1178,0.8813391609647346
COn_F,1179,0.8762565182962895
COn_F,1180,0.873898574880181
COn_F,1181,0.8781410813858477
COn_F,1182,0.8879534330241224
COn_F,1183,0.8859005326713396
COn_F,1184,0.8705548886326637
COn_F,1185,0.876287615073465
COn_F,1186,0.8874661284166391
COn_F,1187,0.8741132124648502
COn_F,1188,0.8996955016119424
COn_F,1189,0.8833799719115434
COn_F,1190,0.8746270598368229
COn_F,1191,0.8750109658630645
COn_F,1192,0.8807832914622279
COn_F,1193,0.8853461387904819
COn_F,1194,0.8924337995731713
COn_F,1195,0.8623181196698567
COn_F,1196,0.8946145806714096
COn_F,1197,0.8730849942359754
COn_F,1198,0.8758846519610258
COn_F,1199,0.8918418800227526
COn_F,1200,0.8886374765016539
COn_F,1201,0.8953383564876719
COn_F,1202,0.8879502723623439
COn_F,1203,0.8831136231346947
COn_F,1204,0.8851274872642477
COn_F,1205,0.8834553358864933
COn_F,1206,0.8782080723385279
COn_F,1207,0.883428023749374
COn_F,1208,0.8969419354533065
COn_F,1209,0.8841496430829331
COn_F,1210,0.868530992311823
COn_F,1211,0.8686147996841098
COn_F,1212,0.8864405396569645
COn_F,1213,0.8755302958534995
COn_F,1214,0.880565445261421
COn_F,1215,0.8587153605945451
COn_F,1216,0.888138360544237
COn_F,1217,0.8829427132537229
COn_F,1218,0.8946615993075411
COn_F,1219,0.8833934772413141
COn_F,1220,0.8881185608752735
COn_F,1221,0.8756632657526309
COn_F,1222,0.9021817063420414
COn_F,1223,0.8816092395446397
COn_F,1224,0.8927576749501037
COn_F,1225,0.8874078902352572
COn_F,1226,0.8914607987440463
COn_F,1227,0.8852051346694688
COn_F,1228,0.8818606922163831
COn_F,1229,0.8861863688341253
COn_F,1230,0.8850526644603766
COn_F,1231,0.9016783035849624
COn_F,1232,0.877996792409221
COn_F,1233,0.8745286030100332
COn_F,1234,0.8846884955853135
COn_F,1235,0.8914148819698041
COn_F,1236,0.8968840891242555
COn_F,1237,0.9108298677076643
COn_F,1238,0.8917600239764101
COn_F,1239,0.881294148377304
COn_F,1240,0.8825673933850932
COn_F,1241,0.8856165575494612
COn_F,1242,0.8886513021496147
COn_F,1243,0.869807114237819
COn_F,1244,0.8791719418351116
COn_F,1245,0.8692369603737305
COn_F,1246,0.8733307275671498
COn_F,1247,0.8787878967202482
COn_F,1248,0.897516342161586
COn_F,1249,0.8912061946194252
COn_F,1250,0.8931080608774673
COn_F,1251,0.8841289132210881
COn_F,1252,0.8975499594969653
COn_F,1253,0.8784563410341967
COn_F,1254,0.8896252007782189
COn_F,1255,0.8938468169102503
COn_F,1256,0.8731328044760209
COn_F,1257,0.8839346954482465
COn_F,1258,0.8951341785289546
COn_F,1259,0.8704150729180516
COn_F,1260,0.8856217013100969
COn_F,1261,0.8822503078273963
COn_F,1262,0.8880397889041165
COn_F,1263,0.8804190919939
COn_F,1264,0.881160917262673
COn_F,1265,0.8948816579885349
COn_F,1266,0.8764947746593208
COn_F,1267,0.8843292866003157
COn_F,1268,0.867124405039504
COn_F,1269,0.8992649784664318
COn_F,1270,0.9020669381433077
COn_F,1271,0.8794589912845026
COn_F,1272,0.880584376575318
COn_F,1273,0.8784590496726289
COn_F,1274,0.8724827015096335
COn_F,1275,0.8872758023083834
COn_F,1276,0.8820131370591412
COn_F,1277,0.8973683013521224
COn_F,1278,0.884218797767699
COn_F,1279,0.8835267304430158
COn_F,1280,0.8926086314766618
COn_F,1281,0.8863734589484751
COn_F,1282,0.8845175385448644
COn_F,1283,0.8556141739877747
COn_F,1284,0.873521618063032
COn_F,1285,0.8839675893395067
COn_F,1286,0.8696900830481509
COn_F,1287,0.8952136121161108
COn_F,1288,0.8820980616050652
COn_F,1289,0.8718536935003758
COn_F,1290,0.9038553915301796
COn_F,1291,0.870504741529187
COn_F,1292,0.8875333153440592
COn_F,1293,0.8837502411479167
COn_F,1294,0.9008181713607261
COn_F,1295,0.8848930322073342
COn_F,1296,0.8885652988972068
COn_F,1297,0.8998545258310578
COn_F,1298,0.8993589940701942
COn_F,1299,0.8806987805832894
COn_F,1300,0.8812608198663251
COn_F,1301,0.8941276411050844
COn_F,1302,0.8932076024606354
COn_F,1303,0.8731271789933539
COn_F,1304,0.8735929876624637
COn_F,1305,0.8879801205063926
COn_F,1306,0.9013837252724648
COn_F,1307,0.8808479514566386
COn_F,1308,0.8869624402437323
COn_F,1309,0.8879280967879963
COn_F,1310,0.9009798734011515
COn_F,1311,0.8771135782274857
COn_F,1312,0.8989267620537948
COn_F,1313,0.9004856735129315
COn_F,1314,0.8863395597315559
COn_F,1315,0.8923246708480564
COn_F,1316,0.8877708891880446
COn_F,1317,0.8776991214697231
COn_F,1318,0.9047588955207666
COn_F,1319,0.882933422584585
COn_F,1320,0.8832584161395236
COn_F,1321,0.8803830046464626
COn_F,1322,0.8997039858765971
COn_F,1323,0.8843230880729938
COn_F,1324,0.8723384134273969
COn_F,1325,0.8786015290071691
COn_F,1326,0.8792047012840606
COn_F,1327,0.8969198023143234
COn_F,1328,0.8830312860389438
COn_F,1329,0.8945558797434996
COn_F,1330,0.8937388288822387
COn_F,1331,0.9111897863156648
COn_F,1332,0.8962716475098218
COn_F,1333,0.8685223008969704
COn_F,1334,0.8687386855806786
COn_F,1335,0.8687080818410259
COn_F,1336,0.9038257171303298
COn_F,1337,0.8668881917861564
COn_F,1338,0.8924875884833633
COn_F,1339,0.897235954181979
COn_F,1340,0.8963379100408253
COn_F,1341,0.8732613725397156
COn_F,1342,0.8913364645601279
COn_F,1343,0.8859129834574083
COn_F,1344,0.8550564094989936
COn_F,1345,0.8910698951268267
COn_F,1346,0.8726157148137835
COn_F,1347,0.8781504100624026
COn_F,1348,0.8871666225350754
COn_F,1349,0.8937828387784683
COn_F,1350,0.8878267405676867
COn_F,1351,0.8931311958573153
COn_F,1352,0.8943296210340376
COn_F,1353,0.8778709836417797
COn_F,1354,0.8748169087655854
COn_F,1355,0.87218733569437
COn_F,1356,0.8868458121129578
COn_F,1357,0.8844221454244141
COn_F,1358,0.88117027494799
COn_F,1359,0.9043087967885196
COn_F,1360,0.8851446414081717
COn_F,1361,0.873296299961349
COn_F,1362,0.8756642760237053
COn_F,1363,0.8856891581786321
COn_F,1364,0.8745707814097339
COn_F,1365,0.8839924910107305
COn_F,1366,0.8778485224999403
COn_F,1367,0.8944997315907002
COn_F,1368,0.8874233680622835
COn_F,1369,0.8898637431863203
COn_F,1370,0.8879435324337994
COn_F,1371,0.8964272237948319
COn_F,1372,0.897275851326655
COn_F,1373,0.8942613731747208
COn_F,1374,0.8658035400915783
COn_F,1375,0.8752324377890293
COn_F,1376,0.8806182360006437
COn_F,1377,0.8784335978585873
COn_F,1378,0.8854586356042086
COn_F,1379,0.8693272135308838
COn_F,1380,0.896471922171223
COn_F,1381,0.9016898047360676
COn_F,1382,0.8798259288048159
COn_F,1383,0.8815188036929463
COn_F,1384,0.8831086593259844
COn_F,1385,0.8904322947950758
COn_F,1386,0.8991549241244167
COn_F,1387,0.8816576584973423
COn_F,1388,0.8847999720958706
COn_F,1389,0.8896652544498324
COn_F,1390,0.8793447686909283
COn_F,1391,0.8751510563555152
COn_F,1392,0.8795135165307655
COn_F,1393,0.8974692643067258
COn_F,1394,0.8969645895968705
COn_F,1395,0.8624944731073224
COn_F,1396,0.8787837438422699
COn_F,1397,0.8864593886601576
COn_F,1398,0.8886338108956633
COn_F,1399,0.8737518278480643
COn_F,1400,0.8814434287934925
COn_F,1401,0.9064667550019018
COn_F,1402,0.886311729718031
COn_F,1403,0.8691253959426194
COn_F,1404,0.8800401970440609
COn_F,1405,0.8854367893709112
COn_F,1406,0.8911018360980739
COn_F,1407,0.9088159154518642
COn_F,1408,0.8871319798906371
COn_F,1409,0.8856094470573407
COn_F,1410,0.8906498668597751
COn_F,1411,0.8905581454987083
COn_F,1412,0.8786966471099372
COn_F,1413,0.8909367043135841
COn_F,1414,0.8932314045178803
COn_F,1415,0.8852479601887344
COn_F,1416,0.9041371719165391
COn_F,1417,0.8882248744790038
COn_F,1418,0.8804275216990842
COn_F,1419,0.8816480020280411
COn_F,1420,0.8871182134575292
COn_F,1421,0.8883428541791929
COn_F,1422,0.8822483029072514
COn_F,1423,0.8892491046150575
COn_F,1424,0.8915109294546468
COn_F,1425,0.8780506783200304
COn_F,1426,0.8919053233599654
COn_F,1427,0.8852825157515816
COn_F,1428,0.8943697367373796
COn_F,1429,0.8865438789607853
COn_F,1430,0.8977963171854408
COn_F,1431,0.8894731090150776
COn_F,1432,0.8841783968469136
COn_F,1433,0.868883398750136
COn_F,1434,0.890277192186038
COn_F,1435,0.8739264711957334
COn_F,1436,0.8807582903749852
COn_F,1437,0.8959691676770404
COn_F,1438,0.9013396653054709
COn_F,1439,0.9017946412990758
COn_F,1440,0.8834456154109839
COn_F,1441,0.8860079307662502
COn_F,1442,0.8601398571502228
COn_F,1443,0.8830483176011004
COn_F,1444,0.8739383300196242
COn_F,1445,0.8797017556984855
COn_F,1446,0.8899541908365434
COn_F,1447,0.8891065971071673
COn_F,1448,0.8823658802272547
COn_F,1449,0.8827743359840091
COn_F,1450,0.8709172845269404
COn_F,1451,0.9000424976111338
COn_F,1452,0.8862324055837779
COn_F,1453,0.8962811019153158
COn_F,1454,0.8862966805840349
COn_F,1455,0.8986403185796125
COn_F,1456,0.89242095631863
COn_F,1457,0.8969881340043353
COn_F,1458,0.9057104631210361
COn_F,1459,0.8905637269229468
COn_F,1460,0.8983691699834849
COn_F,1461,0.8826917441841767
COn_F,1462,0.8956867870271088
COn_F,1463,0.8859635860056582
COn_F,1464,0.8871751450744758
COn_F,1465,0.8934441119031472
COn_F,1466,0.8958402197630647
COn_F,1467,0.8792883205382416
COn_F,1468,0.889229908524811
COn_F,1469,0.8773396935027609
COn_F,1470,0.8757094069617356
COn_F,1471,0.8971467023987839
COn_F,1472,0.8886519540938833
COn_F,1473,0.8845062930712155
COn_F,1474,0.8734393955868512
COn_F,1475,0.8986679172734563
COn_F,1476,0.8838397261305024
COn_F,1477,0.8738117916410388
COn_F,1478,0.8649757656334591
COn_F,1479,0.8876349128592986
COn_F,1480,0.9021822552816355
COn_F,1481,0.8835013604190224
COn_F,1482,0.8839213197509972
COn_F,1483,0.8775317163397537
COn_F,1484,0.8910274676043864
COn_F,1485,0.8801468280392958
COn_F,1486,0.8929039330915497
COn_F,1487,0.8926980854543285
COn_F,1488,0.8804214309810278
COn_F,1489,0.884519250306606
COn_F,1490,0.8947835295722217
COn_F,1491,0.8865368546202543
COn_F,1492,0.8746353247123073
COn_F,1493,0.8905164247313434
COn_F,1494,0.8773836699093243
COn_F,1495,0.8744166762207976
COn_F,1496,0.8974896115415083
COn_F,1497,0.8818644445194674
COn_F,1498,0.8679759490562141
COn_F,1499,0.8872071360856039
COn_F,1500,0.8864511773893411
COn_F,1501,0.875981721859736
COn_F,1502,0.8923702476535261
COn_F,1503,0.897308074364549
COn_F,1504,0.8826798551415022
COn_F,1505,0.9004793730477554
COn_F,1506,0.8617145180684991
COn_F,1507,0.8733046017277224
COn_F,1508,0.8910352697995261
COn_F,1509,0.897618936003717
COn_F,1510,0.8848359665567841
COn_F,1511,0.8986082811784033
COn_F,1512,0.8745069887267606
COn_F,1513,0.9061450105480106
COn_F,1514,0.8961301703572035
COn_F,1515,0.8750460928375642
COn_F,1516,0.887542491041104
COn_F,1517,0.8991659681925527
COn_F,1518,0.8935899651712712
COn_F,1519,0.8908999750925891
COn_F,1520,0.8699102269592465
COn_F,1521,0.8677063026600147
COn_F,1522,0.8917952635666817
COn_F,1523,0.8785120410687635
COn_F,1524,0.8785557513926182
COn_F,1525,0.8913369041385346
COn_F,1526,0.8932374754504012
COn_F,1527,0.8730645724210485
COn_F,1528,0.8717275702769708
COn_F,1529,0.8934279935827661
COn_F,1530,0.8900093353155114
COn_F,1531,0.8832173202037702
COn_F,1532,0.8742845657757962
COn_F,1533,0.8799613027101602
COn_F,1534,0.8625657730231839
COn_F,1535,0.8928170729526365
COn_F,1536,0.8851150530104817
COn_F,1537,0.8784480470709913
COn_F,1538,0.893091737969989
COn_F,1539,0.890558768233063
COn_F,1540,0.8770486730284945
COn_F,1541,0.9011449602412336
COn_F,1542,0.8945252951520201
COn_F,1543,0.8769848667720691
COn_F,1544,0.88105259098931
COn_F,1545,0.9133449068326646
COn_F,1546,0.8780118976512568
COn_F,1547,0.9005758872887085
COn_F,1548,0.8574202447638029
COn_F,1549,0.8906224610296202
COn_F,1550,0.8740019439115873
COn_F,1551,0.8884552042602274
COn_F,1552,0.8769586892432085
COn_F,1553,0.8844726406901661
COn_F,1554,0.8930106186522622
COn_F,1555,0.8883435734088279
COn_F,1556,0.904068810834225
COn_F,1557,0.8688878174724713
COn_F,1558,0.8871760883259134
COn_F,1559,0.8705800075112722
COn_F,1560,0.8955000327198197
COn_F,1561,0.8893453576272656
COn_F,1562,0.8726945154628701
COn_F,1563,0.883265743027791
COn_F,1564,0.88707515709314
COn_F,1565,0.8815298097769322
COn_F,1566,0.8871478123959383
COn_F,1567,0.9005830844767535
COn_F,1568,0.8935083023168952
COn_F,1569,0.8907369361049785
COn_F,1570,0.8716208357677844
COn_F,1571,0.8868631670536432
COn_F,1572,0.8800731369525645
COn_F,1573,0.8901986105205041
COn_F,1574,0.8841388727643009
COn_F,1575,0.895725924864166
COn_F,1576,0.8936592629939886
COn_F,1577,0.8984003044123083
COn_F,1578,0.8863215146825584
COn_F,1579,0.8683387272468907
COn_F,1580,0.8741637713300584
COn_F,1581,0.8753834254601063
COn_F,1582,0.8842108267857482
COn_F,1583,0.8853754002462589
COn_F,1584,0.8747630016264363
COn_F,1585,0.8703617264546871
COn_F,1586,0.8768241101795248
COn_F,1587,0.8871403119433869
COn_F,1588,0.8748293097400676
COn_F,1589,0.885125388320935
COn_F,1590,0.8742530649037338
COn_F,1591,0.8713640976849374
COn_F,1592,0.8909833094684032
COn_F,1593,0.8833166870792254
COn_F,1594,0.875177778630638
COn_F,1595,0.8813829116136497
COn_F,1596,0.8710094178925705
COn_F,1597,0.8826030039527152
COn_F,1598,0.8842895740718758
COn_F,1599,0.8671826404412825
COn_F,1600,0.8850882450581828
COn_F,1601,0.8889120676210572
COn_F,1602,0.9036891288405563
COn_F,1603,0.8924782121931168
COn_F,1604,0.8704607126072469
COn_F,1605,0.876715104812501
COn_F,1606,0.8798705714599511
COn_F,1607,0.8802639946398619
COn_F,1608,0.880517764378223
COn_F,1609,0.8850026824498153
COn_F,1610,0.8933709375556463
COn_F,1611,0.8901170287284321
COn_F,1612,0.8863989333157744
COn_F,1613,0.8801714080140899
COn_F,1614,0.9087635400715842
COn_F,1615,0.8839741198807829
COn_F,1616,0.8894175818358036
COn_F,1617,0.8784188343306211
COn_F,1618,0.8797092001311991
COn_F,1619,0.8634568224335561
COn_F,1620,0.8836266436195548
COn_F,1621,0.8769289331901987
COn_F,1622,0.907696630480807
COn_F,1623,0.8961173738383422
COn_F,1624,0.8856480569636933
COn_F,1625,0.8916713950523392
COn_F,1626,0.8909625596253629
COn_F,1627,0.879583904375731
COn_F,1628,0.8934976850787298
COn_F,1629,0.8903143622626698
COn_F,1630,0.8845356852356586
COn_F,1631,0.879785656195075
COn_F,1632,0.8695573081112463
COn_F,1633,0.8649554179775877
COn_F,1634,0.8969480114753794
COn_F,1635,0.8695495575096133
COn_F,1636,0.8991209050085336
COn_F,1637,0.9063638203094909
COn_F,1638,0.8775474916635367
COn_F,1639,0.8812285643350789
COn_F,1640,0.8901413120168715
COn_F,1641,0.8966139211720523
COn_F,1642,0.8781068831195571
COn_F,1643,0.8881727244831792
COn_F,1644,0.8993167726189933
COn_F,1645,0.9062242099401946
COn_F,1646,0.8888291862848682
COn_F,1647,0.9019145356925846
COn_F,1648,0.8906769409053173
COn_F,1649,0.8898435553418519
COn_F,1650,0.8775673448357294
COn_F,1651,0.8837212441391589
COn_F,1652,0.8759761728470091
COn_F,1653,0.889715277429332
COn_F,1654,0.8774470935693135
COn_F,1655,0.877315712940209
COn_F,1656,0.8809773607882991
COn_F,1657,0.873698644629338
COn_F,1658,0.8666066185753919
COn_F,1659,0.8821373702802628
COn_F,1660,0.8771366248110054
COn_F,1661,0.8989226606506926
COn_F,1662,0.8669031837748091
COn_F,1663,0.8950853531188615
COn_F,1664,0.8838743593395331
COn_F,1665,0.8824477377239145
COn_F,1666,0.8761273388029104
COn_F,1667,0.8729551337684462
COn_F,1668,0.8962883193702823
COn_F,1669,0.895039407474919
COn_F,1670,0.8740027394799349
COn_F,1671,0.8801241673018315
COn_F,1672,0.8836999520993638
COn_F,1673,0.8962712486607671
COn_F,1674,0.876151453656528
COn_F,1675,0.8969273351899145
COn_F,1676,0.8876282568262459
COn_F,1677,0.8896553281276095
COn_F,1678,0.8942242090660206
COn_F,1679,0.8872473569816914
COn_F,1680,0.8826620450516524
COn_F,1681,0.8778462997160149
COn_F,1682,0.8860149856556422
COn_F,1683,0.8868032099328362
COn_F,1684,0.8734042567223832
COn_F,1685,0.8839435487581648
COn_F,1686,0.8826691173548606
COn_F,1687,0.8837541815930965
COn_F,1688,0.8827221681189905
COn_F,1689,0.9022477129025455
COn_F,1690,0.8760905795049624
COn_F,1691,0.9078243990555908
COn_F,1692,0.8814381416012935
COn_F,1693,0.8867556920069734
COn_F,1694,0.8817526609927909
COn_F,1695,0.8789744929251578
COn_F,1696,0.8773555561259431
COn_F,1697,0.8786591886355417
COn_F,1698,0.8723079636309523
COn_F,1699,0.8767945824054177
COn_F,1700,0.9006822834642744
COn_F,1701,0.9009291731020962
COn_F,1702,0.8847322715475868
COn_F,1703,0.8872484613034505
COn_F,1704,0.8719977074419695
COn_F,1705,0.8908429598694946
COn_F,1706,0.8849974939143594
COn_F,1707,0.8946050032611459
COn_F,1708,0.8823647455492347
COn_F,1709,0.8760697914489013
COn_F,1710,0.9031807871698795
COn_F,1711,0.8822903829473816
COn_F,1712,0.8918654580765705
COn_F,1713,0.8933546678622427
COn_F,1714,0.8832449291009445
COn_F,1715,0.8910255141255035
COn_F,1716,0.8790336178254009
COn_F,1717,0.8644832858758235
COn_F,1718,0.8771376834564739
COn_F,1719,0.8846846545797465
COn_F,1720,0.8959540189208646
COn_F,1721,0.8898523139643755
COn_F,1722,0.8874948497596128
COn_F,1723,0.8810295990958127
COn_F,1724,0.8784026295392855
COn_F,1725,0.8994515816210903
COn_F,1726,0.8829960505682015
COn_F,1727,0.8909169099413837
COn_F,1728,0.8783676044388349
COn_F,1729,0.8844450118154488
COn_F,1730,0.868517390551855
COn_F,1731,0.8693165481047541
COn_F,1732,0.8873215418521959
COn_F,1733,0.8750330514492247
COn_F,1734,0.8845539236278475
COn_F,1735,0.880517778288121
COn_F,1736,0.8984536106880796
COn_F,1737,0.8871435766250191
COn_F,1738,0.8803112182527975
COn_F,1739,0.8844335650133278
COn_F,1740,0.8896172139566328
COn_F,1741,0.8801979864640392
COn_F,1742,0.8982606161402976
COn_F,1743,0.88174810789187
COn_F,1744,0.9032637420517344
COn_F,1745,0.8747469112307636
COn_F,1746,0.8606920809360865
COn_F,1747,0.8941036763536573
COn_F,1748,0.882725870679999
COn_F,1749,0.8901543396625521
COn_F,1750,0.8891460823167596
COn_F,1751,0.8876288981779762
COn_F,1752,0.8872583409699625
COn_F,1753,0.8980093278989103
COn_F,1754,0.8968284918813835
COn_F,1755,0.8875375417271713
COn_F,1756,0.889664623995895
COn_F,1757,0.8981373258663217
COn_F,1758,0.8795895623009066
COn_F,1759,0.88562571439539
COn_F,1760,0.879531874836702
COn_F,1761,0.8954517262213129
COn_F,1762,0.8782675491189371
COn_F,1763,0.8887487855123842
COn_F,1764,0.897468556870023
COn_F,1765,0.8864832698246954
COn_F,1766,0.8792376881675962
COn_F,1767,0.9063282045916544
COn_F,1768,0.886717585765304
COn_F,1769,0.8835248337559631
COn_F,1770,0.9021517127288967
COn_F,1771,0.8928821870967325
COn_F,1772,0.9141456292508914
COn_F,1773,0.8840905995692495
COn_F,1774,0.8674144056788297
COn_F,1775,0.9002097797240832
COn_F,1776,0.8942513485136411
COn_F,1777,0.8885612947006662
COn_F,1778,0.8959922855763158
COn_F,1779,0.9020631830161921
COn_F,1780,0.8837895198648938
COn_F,1781,0.8831749019208593
COn_F,1782,0.8797568999265066
COn_F,1783,0.8844028282719955
COn_F,1784,0.8882288873014653
COn_F,1785,0.8788704049251663
COn_F,1786,0.8753886815233294
COn_F,1787,0.8928566204574471
COn_F,1788,0.8897337823365539
COn_F,1789,0.8994963301329791
COn_F,1790,0.8705942046557201
COn_F,1791,0.8801049284607275
COn_F,1792,0.8866170666125752
COn_F,1793,0.8881889629613049
COn_F,1794,0.8865587315815296
COn_F,1795,0.8898275180988876
COn_F,1796,0.881558003390512
COn_F,1797,0.8827753513835528
COn_F,1798,0.8844284617644516
COn_F,1799,0.8826520145482468
COn_F,1800,0.8770371566488098
COn_F,1801,0.8945778294864699
COn_F,1802,0.8949999374248383
COn_F,1803,0.891310304457009
COn_F,1804,0.8769817365694716
COn_F,1805,0.8977170959820873
COn_F,1806,0.8794710151124391
COn_F,1807,0.8967886776090318
COn_F,1808,0.8842801743399538
COn_F,1809,0.9004793073884043
COn_F,1810,0.8924643159500608
COn_F,1811,0.881994448639992
COn_F,1812,0.8814302447818003
COn_F,1813,0.8895214941912989
COn_F,1814,0.8979203287443106
COn_F,1815,0.8657639201497593
COn_F,1816,0.8855030657227863
COn_F,1817,0.8839137571051552
COn_F,1818,0.8782505491880068
COn_F,1819,0.882128093111623
COn_F,1820,0.8725258898576692
COn_F,1821,0.8756750315055775
COn_F,1822,0.8957235077913723
COn_F,1823,0.8764683921323361
COn_F,1824,0.8857094796747077
COn_F,1825,0.8894410979547885
COn_F,1826,0.8903638332503747
COn_F,1827,0.8589952379458182
COn_F,1828,0.8813182583183936
COn_F,1829,0.8991754590332987
COn_F,1830,0.8740046103223361
COn_F,1831,0.8831722076294273
COn_F,1832,0.8772724507762275
COn_F,1833,0.9037522122262764
COn_F,1834,0.8855525451949483
COn_F,1835,0.9017208457862999
COn_F,1836,0.8748659693849717
COn_F,1837,0.88586679095242
COn_F,1838,0.8860698190852802
COn_F,1839,0.9007782487553196
COn_F,1840,0.89191326588423
COn_F,1841,0.8814763782695689
COn_F,1842,0.8720747244839695
COn_F,1843,0.8985948204469547
COn_F,1844,0.8957837278184974
COn_F,1845,0.8870307700054599
COn_F,1846,0.8800761332742402
COn_F,1847,0.8858638669093548
COn_F,1848,0.8833763733465497
COn_F,1849,0.8738064765811818
COn_F,1850,0.874331101911783
COn_F,1851,0.8818923887793769
COn_F,1852,0.8955983991043914
COn_F,1853,0.8824321417196032
COn_F,1854,0.8858935751758197
COn_F,1855,0.8858504148652474
COn_F,1856,0.8821051154755051
COn_F,1857,0.8919044195987366
COn_F,1858,0.8887235012885906
COn_F,1859,0.8983171624520719
COn_F,1860,0.8785530612009499
COn_F,1861,0.8839371886689058
COn_F,1862,0.8889201029884216
COn_F,1863,0.8931312553224867
COn_F,1864,0.8803300710962236
COn_F,1865,0.8956732442464115
COn_F,1866,0.8841015886330649
COn_F,1867,0.8876354182590603
COn_F,1868,0.8979641515168636
COn_F,1869,0.8894427907363096
COn_F,1870,0.8897735727963327
COn_F,1871,0.898793846433158
COn_F,1872,0.8812595882416433
COn_F,1873,0.9017436952184962
COn_F,1874,0.8828883165510615
COn_F,1875,0.9092673731749813
COn_F,1876,0.8927847128562246
COn_F,1877,0.8866868236745887
COn_F,1878,0.8875897951071531
COn_F,1879,0.8694588805186542
COn_F,1880,0.8781954152214745
COn_F,1881,0.8779147583704929
COn_F,1882,0.8905920389362858
COn_F,1883,0.8878866990038571
COn_F,1884,0.8775269476807213
COn_F,1885,0.8750352417553643
COn_F,1886,0.8787782766586233
COn_F,1887,0.9016010843287878
COn_F,1888,0.8803783337614078
COn_F,1889,0.8846269484763091
COn_F,1890,0.8735576746960124
COn_F,1891,0.8756722255491659
COn_F,1892,0.885988689579401
COn_F,1893,0.8832545213881944
COn_F,1894,0.8638465293959446
COn_F,1895,0.8944582243987789
COn_F,1896,0.88633693141433
COn_F,1897,0.8805288024706147
COn_F,1898,0.9050860238512519
COn_F,1899,0.8747439642184569
COn_F,1900,0.8885237653805814
COn_F,1901,0.8786957357573607
COn_F,1902,0.9008366894145654
COn_F,1903,0.8770598329350394
COn_F,1904,0.883867862427293
COn_F,1905,0.895335412848112
COn_F,1906,0.8896111446313913
COn_F,1907,0.8945329864030064
COn_F,1908,0.8753312648990451
COn_F,1909,0.8898382629213577
COn_F,1910,0.9048331623311443
COn_F,1911,0.9005527226941794
COn_F,1912,0.8715669846650164
COn_F,1913,0.9019129280833567
COn_F,1914,0.8754882228604641
COn_F,1915,0.8949827437050988
COn_F,1916,0.8766199799761382
COn_F,1917,0.9056552936892848
COn_F,1918,0.9003275028863812
COn_F,1919,0.881347506038876
COn_F,1920,0.8932626954691529
COn_F,1921,0.886226808321871
COn_F,1922,0.8940723290595157
COn_F,1923,0.8772509654046089
COn_F,1924,0.8980309287648481
COn_F,1925,0.8942232790081514
COn_F,1926,0.8841376940097776
COn_F,1927,0.8749747590026137
COn_F,1928,0.8778828246232433
COn_F,1929,0.8838208634751289
COn_F,1930,0.9068765369616064
COn_F,1931,0.9011289701796166
COn_F,1932,0.8926597614351504
COn_F,1933,0.8748210578136212
COn_F,1934,0.894680638920741
COn_F,1935,0.8926710423479353
COn_F,1936,0.8776706720608565
COn_F,1937,0.8936023266078479
COn_F,1938,0.8875935084296496
COn_F,1939,0.8766371439503187
COn_F,1940,0.8894654039374867
COn_F,1941,0.8910620848023233
COn_F,1942,0.8734725783093128
COn_F,1943,0.8864531434221036
COn_F,1944,0.8894599651431323
COn_F,1945,0.8737690743322057
COn_F,1946,0.8814076363085508
COn_F,1947,0.8915356898602567
COn_F,1948,0.8924395190695541
COn_F,1949,0.892087514748628
COn_F,1950,0.8795357238165531
COn_F,1951,0.8901436172863463
COn_F,1952,0.895631703957999
COn_F,1953,0.8925135111653456
COn_F,1954,0.8867032175436887
COn_F,1955,0.8853355931208516
COn_F,1956,0.8866068494263808
COn_F,1957,0.8921346587909135
COn_F,1958,0.8839602515622201
COn_F,1959,0.8933367911216594
COn_F,1960,0.8809202638689215
COn_F,1961,0.8650658629642561
COn_F,1962,0.8931467128655154
COn_F,1963,0.894199951044256
COn_F,1964,0.8973986743444001
COn_F,1965,0.8783464869505165
COn_F,1966,0.8801334085189797
COn_F,1967,0.8915922757614327
COn_F,1968,0.8859522540527248
COn_F,1969,0.8841625590819465
COn_F,1970,0.8889029205873304
COn_F,1971,0.8655101495458799
COn_F,1972,0.8956581115523123
COn_F,1973,0.89683303238282
COn_F,1974,0.8933565936916331
COn_F,1975,0.8770802233111608
COn_F,1976,0.8822416482010214
COn_F,1977,0.8761435289658511
COn_F,1978,0.8941924954029923
COn_F,1979,0.880087776089147
COn_F,1980,0.8858901890548008
COn_F,1981,0.8704176377079329
COn_F,1982,0.8884849296234956
COn_F,1983,0.8955967021659518
COn_F,1984,0.887406024145038
COn_F,1985,0.8703178004557898
COn_F,1986,0.8868292470363442
COn_F,1987,0.8868006307951225
COn_F,1988,0.876971787362138
COn_F,1989,0.895317964252979
COn_F,1990,0.8804525945937797
COn_F,1991,0.8769272435195642
COn_F,1992,0.8921441451743466
COn_F,1993,0.8803979339567182
COn_F,1994,0.8740138859836736
COn_F,1995,0.8933881825964151
COn_F,1996,0.8664679448666116
COn_F,1997,0.8890830584221421
COn_F,1998,0.8747871913943968
COn_F,1999,0.8728854647832999
COn_F,2000,0.8924976019261491
COn_F,2001,0.8879103892671428
COn_F,2002,0.8915300393212997
COn_F,2003,0.8786262297236661
COn_F,2004,0.8774677968225962
COn_F,2005,0.8884906229873264
COn_F,2006,0.8891567927001279
COn_F,2007,0.8837735351770376
COn_F,2008,0.8861370810470931
COn_F,2009,0.9008450606011177
COn_F,2010,0.8888453640311479
COn_F,2011,0.8875869275400202
COn_F,2012,0.8816371220665726
COn_F,2013,0.8884352768065816
COn_F,2014,0.8909546210183553
COn_F,2015,0.8686293603997559
COn_F,2016,0.8948898831335879
COn_F,2017,0.8851779165518712
COn_F,2018,0.8944490156081591
COn_F,2019,0.8743732746483591
COn_F,2020,0.8849362950619782
COn_F,2021,0.8863539774290373
COn_F,2022,0.8759107522916605
COn_F,2023,0.8954646814803093
COn_F,2024,0.88863484646985
COn_F,2025,0.8645065038785826
COn_F,2026,0.8825164889014697
COn_F,2027,0.9151196632334703
COn_F,2028,0.8640576994202543
COn_F,2029,0.8738343556695364
COn_F,2030,0.8976587642273156
COn_F,2031,0.8891215174770218
COn_F,2032,0.8587669263522358
COn_F,2033,0.8734145232747677
COn_F,2034,0.8887581165516797
COn_F,2035,0.8753292148127784
COn_F,2036,0.8880393009621779
COn_F,2037,0.8934789701858734
COn_F,2038,0.889592114153375
COn_F,2039,0.8922382620911115
COn_F,2040,0.8816049481293531
COn_F,2041,0.8832100050406116
COn_F,2042,0.8968994501526019
COn_F,2043,0.8991080639769388
COn_F,2044,0.8799677981596559
COn_F,2045,0.8941194207891945
COn_F,2046,0.8859279112264394
COn_F,2047,0.8569397107122674
COn_F,2048,0.8834472866249278
COn_F,2049,0.877225561871812
COn_F,2050,0.8829130920375626
COn_F,2051,0.9049658982550802
COn_F,2052,0.8786355879087135
COn_F,2053,0.8836329718323065
COn_F,2054,0.8918729490630295
COn_F,2055,0.9098173526608871
COn_F,2056,0.8907497878155063
COn_F,2057,0.881565930101267
COn_F,2058,0.8943399737647525
COn_F,2059,0.888484907521293
COn_F,2060,0.8873006991848577
COn_F,2061,0.8838133518356611
COn_F,2062,0.8845626760060171
COn_F,2063,0.8874541888604275
COn_F,2064,0.8920567861617361
COn_F,2065,0.8787705020302278
COn_F,2066,0.8886163260223159
COn_F,2067,0.8667751018647444
COn_F,2068,0.8799032659354117
COn_F,2069,0.8871292912062089
COn_F,2070,0.8901262133980881
COn_F,2071,0.8994830863597976
COn_F,2072,0.8942802765681982
COn_F,2073,0.9067750057230571
COn_F,2074,0.9095072052869189
COn_F,2075,0.8937084519276445
COn_F,2076,0.88325731342645
COn_F,2077,0.8922409831468685
COn_F,2078,0.8893893310015498
COn_F,2079,0.8794785534798367
COn_F,2080,0.8848651176395216
COn_F,2081,0.8885080581126443
COn_F,2082,0.8865210811145462
COn_F,2083,0.8827513090978509
COn_F,2084,0.8712227654139785
COn_F,2085,0.8595849708228173
COn_F,2086,0.8766479449484855
COn_F,2087,0.8989722313877241
COn_F,2088,0.8811105456205176
COn_F,2089,0.8956908475287083
COn_F,2090,0.8983974007547588
COn_F,2091,0.8728958925443435
COn_F,2092,0.8702051107254972
COn_F,2093,0.8909031868182623
COn_F,2094,0.8940281254112714
COn_F,2095,0.8921750311956069
COn_F,2096,0.8909349199071585
COn_F,2097,0.8836447503170601
COn_F,2098,0.8769162784629044
COn_F,2099,0.8780526965695674
COn_F,2100,0.8931662293299042
COn_F,2101,0.8916049795587361
COn_F,2102,0.8685120898828128
COn_F,2103,0.8886516585628135
COn_F,2104,0.8915920754432832
COn_F,2105,0.8819415173037795
COn_F,2106,0.8707748352140857
COn_F,2107,0.8870369028841987
COn_F,2108,0.8932447661041951
COn_F,2109,0.879973204888001
COn_F,2110,0.8743001993794908
COn_F,2111,0.8793288805157996
COn_F,2112,0.8829221060706127
COn_F,2113,0.874173037726561
COn_F,2114,0.8826360281922278
COn_F,2115,0.8730191332190644
COn_F,2116,0.884890170364669
COn_F,2117,0.8900791466396444
COn_F,2118,0.8806651811440862
COn_F,2119,0.8817414046178548
COn_F,2120,0.8686932981990797
COn_F,2121,0.872817314666075
COn_F,2122,0.8648572845343115
COn_F,2123,0.8701072639176033
COn_F,2124,0.8870488559932043
COn_F,2125,0.8931209747428295
COn_F,2126,0.8931739244040934
COn_F,2127,0.8832226485374352
COn_F,2128,0.8726649405644884
COn_F,2129,0.8890465793785504
COn_F,2130,0.8732486238273977
COn_F,2131,0.8854634165922336
COn_F,2132,0.8896286156215931
COn_F,2133,0.8851269437837317
COn_F,2134,0.8731941682173748
COn_F,2135,0.8957459357576895
COn_F,2136,0.8882598349365239
COn_F,2137,0.8821962189227874
COn_F,2138,0.8847956392192139
COn_F,2139,0.880380122907863
COn_F,2140,0.8953445520086354
COn_F,2141,0.8946556440750149
COn_F,2142,0.8770573185542369
COn_F,2143,0.895217105935256
COn_F,2144,0.894285892181266
COn_F,2145,0.8758387145840946
COn_F,2146,0.8732282736803499
COn_F,2147,0.8959733407516948
COn_F,2148,0.8965446840539905
COn_F,2149,0.8912417862412255
COn_F,2150,0.8929406468047468
COn_F,2151,0.8752196337559947
COn_F,2152,0.8898614284839468
COn_F,2153,0.8908052503953549
COn_F,2154,0.8902012010360941
COn_F,2155,0.8859459695517443
COn_F,2156,0.8739945460489065
COn_F,2157,0.873590877909959
COn_F,2158,0.8850339788867344
COn_F,2159,0.9002731931964568
COn_F,2160,0.8605668644513289
COn_F,2161,0.8743555018993859
COn_F,2162,0.8967764082365067
COn_F,2163,0.8789519315303099
COn_F,2164,0.8872696093283526
COn_F,2165,0.8933282969295246
COn_F,2166,0.8922838160129337
COn_F,2167,0.8877025390315081
COn_F,2168,0.8910518383714687
COn_F,2169,0.8767703213390746
COn_F,2170,0.872247466810637
COn_F,2171,0.8864150690028832
COn_F,2172,0.8689333697634634
COn_F,2173,0.898931415384939
COn_F,2174,0.8803200481336552
COn_F,2175,0.8800728416959709
COn_F,2176,0.8891230873972364
COn_F,2177,0.8851652958369066
COn_F,2178,0.8828003921384435
COn_F,2179,0.8865326912763346
COn_F,2180,0.9087227169011144
COn_F,2181,0.8848403766636739
COn_F,2182,0.8688360693386671
COn_F,2183,0.8812305038274121
COn_F,2184,0.8767208844260992
COn_F,2185,0.8754149344444825
COn_F,2186,0.8842710018133527
COn_F,2187,0.8990490679227756
COn_F,2188,0.880336134538056
COn_F,2189,0.8859330050929851
COn_F,2190,0.8862582838358467
COn_F,2191,0.8842913294780747
COn_F,2192,0.894133229823946
COn_F,2193,0.8953554033967225
COn_F,2194,0.8877891250084096
COn_F,2195,0.8964538772592487
COn_F,2196,0.8879979921056078
COn_F,2197,0.872594360549539
COn_F,2198,0.8828722174793411
COn_F,2199,0.8679680420596348
COn_F,2200,0.8958002360118223
COn_F,2201,0.8834617636064351
COn_F,2202,0.8896383361055599
COn_F,2203,0.899473327647527
COn_F,2204,0.9038029522928841
COn_F,2205,0.8787132041197612
COn_F,2206,0.8861559282240673
COn_F,2207,0.8769136701013117
COn_F,2208,0.8820802201984084
COn_F,2209,0.8796506077641134
COn_F,2210,0.8826298580341418
COn_F,2211,0.8757676166944095
COn_F,2212,0.8820316036505105
COn_F,2213,0.8857539769652801
COn_F,2214,0.8831816024284356
COn_F,2215,0.8869916662112507
COn_F,2216,0.8744179349689242
COn_F,2217,0.8810588379079243
COn_F,2218,0.8650952172193452
COn_F,2219,0.8754436363888258
COn_F,2220,0.8783938846477383
COn_F,2221,0.8689255505127464
COn_F,2222,0.8799849842944878
COn_F,2223,0.8821418908121968
COn_F,2224,0.8816942110698612
COn_F,2225,0.8811025144004397
COn_F,2226,0.8762895865499198
COn_F,2227,0.8888684056309375
COn_F,2228,0.8797257728006604
COn_F,2229,0.8825146823705817
COn_F,2230,0.8853526711919318
COn_F,2231,0.9073081969322291
COn_F,2232,0.8668520052944219
COn_F,2233,0.8837536172005622
COn_F,2234,0.8754460680606954
COn_F,2235,0.8704223741882854
COn_F,2236,0.8888199090845059
COn_F,2237,0.8906373239940156
COn_F,2238,0.894823975087414
COn_F,2239,0.8686768848695609
COn_F,2240,0.8871645378635515
COn_F,2241,0.8808087204538078
COn_F,2242,0.868085597666215
COn_F,2243,0.8742186166442704
COn_F,2244,0.8969820804318632
COn_F,2245,0.9128460791328517
COn_F,2246,0.8833238501108823
COn_F,2247,0.888852077128652
COn_F,2248,0.8894484099240356
COn_F,2249,0.8727704191764531
COn_F,2250,0.8856970166639553
COn_F,2251,0.8855423984095601
COn_F,2252,0.8860316022287287
COn_F,2253,0.8604816239650375
COn_F,2254,0.8743071694770915
COn_F,2255,0.8976919521825635
COn_F,2256,0.8721843439788001
COn_F,2257,0.8807888709455164
COn_F,2258,0.8786960395024986
COn_F,2259,0.8770778561400947
COn_F,2260,0.8752662658059492
COn_F,2261,0.8944318378771613
COn_F,2262,0.8711258370456408
COn_F,2263,0.8997197790828841
COn_F,2264,0.8781106626388864
COn_F,2265,0.8730888020637971
COn_F,2266,0.9027504657553781
COn_F,2267,0.882426732096488
COn_F,2268,0.873137742066134
COn_F,2269,0.872736553242946
COn_F,2270,0.899090520902154
COn_F,2271,0.8765358924987631
COn_F,2272,0.8824933388587531
COn_F,2273,0.8854986710798222
COn_F,2274,0.8941672682817445
COn_F,2275,0.8940601472761861
COn_F,2276,0.8972231436926116
COn_F,2277,0.8810320479612033
COn_F,2278,0.8907506377060781
COn_F,2279,0.8828011870665182
COn_F,2280,0.8754703236008469
COn_F,2281,0.8672585112622724
COn_F,2282,0.8984146657061388
COn_F,2283,0.8893737853598612
COn_F,2284,0.8881242986547058
COn_F,2285,0.8617954950880155
COn_F,2286,0.908036059289815
COn_F,2287,0.8744667010364234
COn_F,2288,0.887371892600394
COn_F,2289,0.888059664755386
COn_F,2290,0.8948238706906916
COn_F,2291,0.8936026604175801
COn_F,2292,0.8740603232283102
COn_F,2293,0.8566968329410486
COn_F,2294,0.8876031110690097
COn_F,2295,0.8846934173988658
COn_F,2296,0.9053251880121425
COn_F,2297,0.901419868070619
COn_F,2298,0.8694606610266491
COn_F,2299,0.8904108681399119
COn_F,2300,0.8813240848189317
COn_F,2301,0.8842991140943954
COn_F,2302,0.8802606522306629
COn_F,2303,0.8966470504909134
COn_F,2304,0.8956639072255473
COn_F,2305,0.8844684006518332
COn_F,2306,0.8955725596792625
COn_F,2307,0.8765047010908789
COn_F,2308,0.9027140983494228
COn_F,2309,0.8806915792367304
COn_F,2310,0.857016080415474
COn_F,2311,0.8802051502764604
COn_F,2312,0.8889187360644487
COn_F,2313,0.8883698371685048
COn_F,2314,0.8879049041055098
COn_F,2315,0.8919680408562313
COn_F,2316,0.8803865066417547
COn_F,2317,0.8848186801442752
COn_F,2318,0.88958314878198
COn_F,2319,0.8927171882978754
COn_F,2320,0.8810020951156833
COn_F,2321,0.8741170429868259
COn_F,2322,0.8876504468524623
COn_F,2323,0.9018694941379346
COn_F,2324,0.8616952295754361
COn_F,2325,0.8918012275247
COn_F,2326,0.8749257563222779
COn_F,2327,0.877628130259624
COn_F,2328,0.8940869647931415
COn_F,2329,0.8869230510357246
COn_F,2330,0.8830969493253756
COn_F,2331,0.8861383642994349
COn_F,2332,0.8832767566778602
COn_F,2333,0.8811883278225814
COn_F,2334,0.8936699852561463
COn_F,2335,0.883759041198562
COn_F,2336,0.8785783047398941
COn_F,2337,0.8868012916781453
COn_F,2338,0.8816126461761986
COn_F,2339,0.8890796791745482
COn_F,2340,0.8965147247302918
COn_F,2341,0.889098383290823
COn_F,2342,0.8809540607091629
COn_F,2343,0.8886525551919336
COn_F,2344,0.8676586291730644
COn_F,2345,0.8861507362091544
COn_F,2346,0.8763690477565782
COn_F,2347,0.8769016153183065
COn_F,2348,0.8955271010948969
COn_F,2349,0.8797703683920326
COn_F,2350,0.8871592979298766
COn_F,2351,0.8741783964552718
COn_F,2352,0.892434424796717
COn_F,2353,0.8924982778320288
COn_F,2354,0.8761569301527399
COn_F,2355,0.8898392675073112
COn_F,2356,0.8859809578303953
COn_F,2357,0.8919086334340139
COn_F,2358,0.8843449613502251
COn_F,2359,0.8838659700240911
COn_F,2360,0.883449001373902
COn_F,2361,0.8847635262823045
COn_F,2362,0.883423768888058
COn_F,2363,0.8880573247558037
COn_F,2364,0.8796685230681949
COn_F,2365,0.8807881738981143
COn_F,2366,0.8921993265452876
COn_F,2367,0.891410979990731
COn_F,2368,0.8783027227511842
COn_F,2369,0.8937834117229199
COn_F,2370,0.8992158922289303
COn_F,2371,0.9004184565293877
COn_F,2372,0.8788439077983404
COn_F,2373,0.8953456247477675
COn_F,2374,0.8822834443524578
COn_F,2375,0.8951127884619239
COn_F,2376,0.881976288200084
COn_F,2377,0.8943684459018691
COn_F,2378,0.8931441849407925
COn_F,2379,0.8999431415074753
COn_F,2380,0.8760339575896513
COn_F,2381,0.8750183001783786
COn_F,2382,0.8747583217528884
COn_F,2383,0.8795284116246002
COn_F,2384,0.8918547477641198
COn_F,2385,0.8963380445757935
COn_F,2386,0.9015512687514415
COn_F,2387,0.8996889024514921
COn_F,2388,0.8716201980108689
COn_F,2389,0.8933200396776072
COn_F,2390,0.885813549521604
COn_F,2391,0.8907631082349554
COn_F,2392,0.8860382461679798
COn_F,2393,0.8761011391330503
COn_F,2394,0.8970352944745655
COn_F,2395,0.8780686921148311
COn_F,2396,0.8843005248577378
COn_F,2397,0.9000844770527351
COn_F,2398,0.8832638455796286
COn_F,2399,0.8964122872977803
COn_F,2400,0.8784736842937572
COn_F,2401,0.9006404163169688
COn_F,2402,0.8792613865734352
COn_F,2403,0.8917242343740206
COn_F,2404,0.8883607965673171
COn_F,2405,0.8924717137859992
COn_F,2406,0.8823037939606229
COn_F,2407,0.8919410346049353
COn_F,2408,0.8837244618818509
COn_F,2409,0.8671121636494685
COn_F,2410,0.8954812432056658
COn_F,2411,0.8932163505355937
COn_F,2412,0.8837570513912105
COn_F,2413,0.8817400786604018
COn_F,2414,0.888240870561119
COn_F,2415,0.8701165153630297
COn_F,2416,0.8821074757340064
COn_F,2417,0.8765185537537755
COn_F,2418,0.8963059064361911
COn_F,2419,0.8983162144438663
COn_F,2420,0.8762203799043041
COn_F,2421,0.866343128372427
COn_F,2422,0.8845849677494454
COn_F,2423,0.8813689144689284
COn_F,2424,0.9025090475951929
COn_F,2425,0.8837376797243818
COn_F,2426,0.8840013919128321
COn_F,2427,0.8892454567538864
COn_F,2428,0.8985045225153694
COn_F,2429,0.8948961468488984
COn_F,2430,0.8885387520472523
COn_F,2431,0.8917126062377051
COn_F,2432,0.8696910904031605
COn_F,2433,0.8965206495694402
COn_F,2434,0.8887053135719802
COn_F,2435,0.8789354597344381
COn_F,2436,0.8873569744936427
COn_F,2437,0.8866152902238309
COn_F,2438,0.8925545136135117
COn_F,2439,0.8907328021363962
COn_F,2440,0.8791409432021872
COn_F,2441,0.8736190476564452
COn_F,2442,0.8803847587137411
COn_F,2443,0.8843745170894733
COn_F,2444,0.8888722694997021
COn_F,2445,0.8887229381439743
COn_F,2446,0.8970215888168638
COn_F,2447,0.8903628093239796
COn_F,2448,0.8734626312063355
COn_F,2449,0.8919679388823585
COn_F,2450,0.894615665804061
COn_F,2451,0.8814756362472072
COn_F,2452,0.8953311847839277
COn_F,2453,0.9019563318193627
COn_F,2454,0.8759449367659782
COn_F,2455,0.891405347206102
COn_F,2456,0.8916731565839686
COn_F,2457,0.889483995735986
COn_F,2458,0.8804511288680302
COn_F,2459,0.894651874015125
COn_F,2460,0.8890604669818718
COn_F,2461,0.8823150017355414
COn_F,2462,0.889103604387052
COn_F,2463,0.8617672875268487
COn_F,2464,0.8656189044401618
COn_F,2465,0.871105177102456
COn_F,2466,0.8987492574652514
COn_F,2467,0.8998410644233761
COn_F,2468,0.9060754440429551
COn_F,2469,0.8906260721954148
COn_F,2470,0.8954092007157777
COn_F,2471,0.902122539710007
COn_F,2472,0.8931438427219526
COn_F,2473,0.8931813234935679
COn_F,2474,0.8809263065439817
COn_F,2475,0.8806354863993351
COn_F,2476,0.8940435354724158
COn_F,2477,0.8708316286151246
COn_F,2478,0.8808191561180155
COn_F,2479,0.8823159752439051
COn_F,2480,0.8937026582837135
COn_F,2481,0.8810938143941102
COn_F,2482,0.8941347703938848
COn_F,2483,0.8901395444709881
COn_F,2484,0.9000386034462909
COn_F,2485,0.8940987617547033
COn_F,2486,0.8785802012325147
COn_F,2487,0.9108797504155103
COn_F,2488,0.9027682999742844
COn_F,2489,0.8916064037622101
COn_F,2490,0.8756442538132058
COn_F,2491,0.8775034889807497
COn_F,2492,0.882394764013101
COn_F,2493,0.8757928559092433
COn_F,2494,0.8777399965721162
COn_F,2495,0.8896977169436142
COn_F,2496,0.8926774006745928
COn_F,2497,0.8845586032117766
COn_F,2498,0.874639094139139
COn_F,2499,0.8836678928110819
COn_F,2500,0.882492711283675
COn_F,2501,0.8746217494895228
COn_F,2502,0.881632524019135
COn_F,2503,0.898516154524783
COn_F,2504,0.8981909754567988
COn_F,2505,0.886707923782143
COn_F,2506,0.8758803489668928
COn_F,2507,0.8931057120830384
COn_F,2508,0.8923261474183147
COn_F,2509,0.8856709724620545
COn_F,2510,0.9022577298355546
COn_F,2511,0.8972940992745604
COn_F,2512,0.8958017950440331
COn_F,2513,0.8957073025561921
COn_F,2514,0.9071275851796582
COn_F,2515,0.876777358549204
COn_F,2516,0.8733053106699294
COn_F,2517,0.8911674691015362
COn_F,2518,0.8829808608121552
COn_F,2519,0.902535889345149
COn_F,2520,0.8963265476503028
COn_F,2521,0.8885979070413946
COn_F,2522,0.8744273707246784
COn_F,2523,0.8783871987553802
COn_F,2524,0.8607920415449474
COn_F,2525,0.8916512696444887
COn_F,2526,0.8949709916029083
COn_F,2527,0.8887330887597341
COn_F,2528,0.9047369170781774
COn_F,2529,0.8850244434753369
COn_F,2530,0.8903055310462213
COn_F,2531,0.8863921642770487
COn_F,2532,0.889157082830314
COn_F,2533,0.890775629654674
COn_F,2534,0.8861267606894419
COn_F,2535,0.8830560673803054
COn_F,2536,0.8816950640577569
COn_F,2537,0.8738337164694909
COn_F,2538,0.9083608089351687
COn_F,2539,0.8927097747190403
COn_F,2540,0.9017353929768082
COn_F,2541,0.8928625862534046
COn_F,2542,0.876753461709239
COn_F,2543,0.8798025213048363
COn_F,2544,0.8880674480429988
COn_F,2545,0.8738259505644583
COn_F,2546,0.8895210593798095
COn_F,2547,0.8876943915478264
COn_F,2548,0.8825520209731612
COn_F,2549,0.8842039584563931
COn_F,2550,0.8776799672837126
COn_F,2551,0.8844061084690683
COn_F,2552,0.8931402194753475
COn_F,2553,0.8726819134951012
COn_F,2554,0.8798380698626581
COn_F,2555,0.8830642497487915
COn_F,2556,0.8857231340676666
COn_F,2557,0.8795662474300002
COn_F,2558,0.8870146081044289
COn_F,2559,0.8819669849791826
COn_F,2560,0.8866231581858713
COn_F,2561,0.8772286997651201
COn_F,2562,0.8973925281208256
COn_F,2563,0.8756476493406359
COn_F,2564,0.8813370279878062
COn_F,2565,0.8988861060795307
COn_F,2566,0.8822498371130392
COn_F,2567,0.8734492267543653
COn_F,2568,0.8848854190726155
COn_F,2569,0.8967290377345881
COn_F,2570,0.8760409800727235
COn_F,2571,0.8900648131144603
COn_F,2572,0.8691551349034851
COn_F,2573,0.8811964412851544
COn_F,2574,0.8902180501294122
COn_F,2575,0.885293590920559
COn_F,2576,0.8755617381622677
COn_F,2577,0.9020769838370427
COn_F,2578,0.8911328856925512
COn_F,2579,0.8973617729808253
COn_F,2580,0.8665558623203315
COn_F,2581,0.8893449911128174
COn_F,2582,0.8897487354168188
COn_F,2583,0.8999807029562331
COn_F,2584,0.8608622606578705
COn_F,2585,0.9003899815988224
COn_F,2586,0.9122762979785011
COn_F,2587,0.8862797772913226
COn_F,2588,0.8929980527823387
COn_F,2589,0.8933783972442118
COn_F,2590,0.896455078298886
COn_F,2591,0.8960695457672838
COn_F,2592,0.8844363102612496
COn_F,2593,0.8831843699051696
COn_F,2594,0.8932036825078652
COn_F,2595,0.8923024839533112
COn_F,2596,0.8894494059271424
COn_F,2597,0.8941793780593483
COn_F,2598,0.8926999077011345
COn_F,2599,0.8956108206115708
COn_F,2600,0.8962554064551519
COn_F,2601,0.8721047258967488
COn_F,2602,0.8848123176624287
COn_F,2603,0.9064807699475979
COn_F,2604,0.8891240176901355
COn_F,2605,0.8895171837148007
COn_F,2606,0.8772219043909232
COn_F,2607,0.8891644852388745
COn_F,2608,0.8885413672790602
COn_F,2609,0.8836922334684087
COn_F,2610,0.8929221498936806
COn_F,2611,0.8832162686624516
COn_F,2612,0.8976511897933588
COn_F,2613,0.887327963008664
COn_F,2614,0.8959103760549676
COn_F,2615,0.878146980192669
COn_F,2616,0.8962041877099985
COn_F,2617,0.8778110579475297
COn_F,2618,0.8834408417787121
COn_F,2619,0.8992906388473475
COn_F,2620,0.8893667734118419
COn_F,2621,0.893978044013191
COn_F,2622,0.8811745217742164
COn_F,2623,0.9008948185268252
COn_F,2624,0.8906966044868593
COn_F,2625,0.8765663588175953
COn_F,2626,0.8817189756664459
COn_F,2627,0.8934613820590119
COn_F,2628,0.8795149884671861
COn_F,2629,0.8909409372338836
COn_F,2630,0.8946299730647977
COn_F,2631,0.8781813402439846
COn_F,2632,0.8825461784471401
COn_F,2633,0.872270396418042
COn_F,2634,0.8857903262111119
COn_F,2635,0.9016898351948012
COn_F,2636,0.8853906579775167
COn_F,2637,0.8975133614884745
COn_F,2638,0.880299270526314
COn_F,2639,0.8776739445083493
COn_F,2640,0.8771578481017976
COn_F,2641,0.884168003411609
COn_F,2642,0.8909582927613389
COn_F,2643,0.8778042754497088
COn_F,2644,0.8845995962931259
COn_F,2645,0.8798764235964623
COn_F,2646,0.8842475208985551
COn_F,2647,0.8781633963022901
COn_F,2648,0.8883946140288268
COn_F,2649,0.8913150550788664
COn_F,2650,0.9073764834170603
COn_F,2651,0.887505162001191
COn_F,2652,0.8934158899574407
COn_F,2653,0.89081672172444
COn_F,2654,0.880443257587666
COn_F,2655,0.8930609883506657
COn_F,2656,0.8892112934968244
COn_F,2657,0.893084196305224
COn_F,2658,0.8774122676861997
COn_F,2659,0.8938642039332902
COn_F,2660,0.8749043562906307
COn_F,2661,0.882954721871209
COn_F,2662,0.8883610350910172
COn_F,2663,0.8794031241764811
COn_F,2664,0.8750545854217892
COn_F,2665,0.8949703743819508
COn_F,2666,0.8856216037836909
COn_F,2667,0.8551017883246218
COn_F,2668,0.9041180560097238
COn_F,2669,0.9051388359723564
COn_F,2670,0.8870390739462348
COn_F,2671,0.8721750045564003
COn_F,2672,0.875356169212427
COn_F,2673,0.9018285173853485
COn_F,2674,0.8875557574359484
COn_F,2675,0.8869751092060032
COn_F,2676,0.8993864653066883
COn_F,2677,0.8881508496951326
COn_F,2678,0.87920537861788
COn_F,2679,0.8981849105147118
COn_F,2680,0.882067490785579
COn_F,2681,0.8936980354388032
COn_F,2682,0.8775987789611733
COn_F,2683,0.9002719274424726
COn_F,2684,0.8913200179579311
COn_F,2685,0.8827151585497023
COn_F,2686,0.9007641850348851
COn_F,2687,0.9002115249235093
COn_F,2688,0.8801323438240779
COn_F,2689,0.8776924427197123
COn_F,2690,0.8924745489673487
COn_F,2691,0.8977131454380581
COn_F,2692,0.8931728120433443
COn_F,2693,0.8807508140280853
COn_F,2694,0.8749228501262752
COn_F,2695,0.8602538639507816
COn_F,2696,0.901718569270138
COn_F,2697,0.8831128906176077
COn_F,2698,0.8824824807912396
COn_F,2699,0.8909899692706382
COn_F,2700,0.9062786245632691
COn_F,2701,0.8590254300590395
COn_F,2702,0.8862787225423497
COn_F,2703,0.8811414896198185
COn_F,2704,0.8883796908967018
COn_F,2705,0.8904885319938559
COn_F,2706,0.8851340641840896
COn_F,2707,0.8862685643727389
COn_F,2708,0.8854444212493047
COn_F,2709,0.8788093255860242
COn_F,2710,0.8950212512941619
COn_F,2711,0.8821364767621869
COn_F,2712,0.8962753260372202
COn_F,2713,0.8854912933222568
COn_F,2714,0.8787947461871427
COn_F,2715,0.8842781599463426
COn_F,2716,0.8966694755841064
COn_F,2717,0.8766930728623529
COn_F,2718,0.8718688893193688
COn_F,2719,0.9017799172346358
COn_F,2720,0.892328392946061
COn_F,2721,0.8844841545738112
COn_F,2722,0.8771428981932127
COn_F,2723,0.8709341185112386
COn_F,2724,0.8649968958903544
COn_F,2725,0.8796759108189222
COn_F,2726,0.8912965399992647
COn_F,2727,0.8925929621916405
COn_F,2728,0.8908624587926917
COn_F,2729,0.8629571509704131
COn_F,2730,0.8867953762627616
COn_F,2731,0.8923335735968694
COn_F,2732,0.8952577422077607
COn_F,2733,0.8751190215842487
COn_F,2734,0.8855825729997782
COn_F,2735,0.8908117200650433
COn_F,2736,0.8833044493920931
COn_F,2737,0.8719295228209891
COn_F,2738,0.8766401834619042
COn_F,2739,0.894174084067621
COn_F,2740,0.8795491331544195
COn_F,2741,0.8897829721833412
COn_F,2742,0.8904995199041255
COn_F,2743,0.8892741934887013
COn_F,2744,0.8928280318583307
COn_F,2745,0.8702616770617823
COn_F,2746,0.8745508716227368
COn_F,2747,0.8745388900127161
COn_F,2748,0.8785404757055294
COn_F,2749,0.8770099762369822
COn_F,2750,0.8630093338473799
COn_F,2751,0.8894939585899204
COn_F,2752,0.9086196739554474
COn_F,2753,0.8774777979515989
COn_F,2754,0.8982588213789938
COn_F,2755,0.8894717129691343
COn_F,2756,0.8807855943206212
COn_F,2757,0.9049055938720683
COn_F,2758,0.878013587227561
COn_F,2759,0.8825685857612323
COn_F,2760,0.8789794019216339
COn_F,2761,0.9019039000705233
COn_F,2762,0.8878570023505202
COn_F,2763,0.8985874659735442
COn_F,2764,0.8943304801030681
COn_F,2765,0.8862667849065
COn_F,2766,0.8878136512834806
COn_F,2767,0.8717841619805486
COn_F,2768,0.877806786536045
COn_F,2769,0.902765489817617
COn_F,2770,0.8859460163816951
COn_F,2771,0.8809733323049445
COn_F,2772,0.8599782120185294
COn_F,2773,0.8959738943652023
COn_F,2774,0.8941136428672427
COn_F,2775,0.890000525338624
COn_F,2776,0.8906215789046366
COn_F,2777,0.876614804252082
COn_F,2778,0.8858682666162743
COn_F,2779,0.8716565230087263
COn_F,2780,0.8662013906994638
COn_F,2781,0.8870251170481511
COn_F,2782,0.886214190223816
COn_F,2783,0.8969911918456489
COn_F,2784,0.8866270154576279
COn_F,2785,0.8864241528404728
COn_F,2786,0.880177253110341
COn_F,2787,0.8977646494649504
COn_F,2788,0.8886309666508346
COn_F,2789,0.8880829435628785
COn_F,2790,0.8999101258837964
COn_F,2791,0.89858245278518
COn_F,2792,0.8859881886468942
COn_F,2793,0.9094898364079337
COn_F,2794,0.8899334786794149
COn_F,2795,0.8858685448901035
COn_F,2796,0.8937610718766074
COn_F,2797,0.899771014924261
COn_F,2798,0.8969169380351268
COn_F,2799,0.8930465770217312
COn_F,2800,0.8882489759738328
COn_F,2801,0.9012568357299957
COn_F,2802,0.8949928361478799
COn_F,2803,0.908401721553688
COn_F,2804,0.8831234791014735
COn_F,2805,0.9121654911408666
COn_F,2806,0.9010615358587337
COn_F,2807,0.8849152679798272
COn_F,2808,0.8751877760908093
COn_F,2809,0.8810245056397268
COn_F,2810,0.90061363080498
COn_F,2811,0.888059268990217
COn_F,2812,0.8890739370227155
COn_F,2813,0.8860935317395974
COn_F,2814,0.8630172876309018
COn_F,2815,0.8798280132146176
COn_F,2816,0.8841045553583736
COn_F,2817,0.8933953425892293
COn_F,2818,0.8882727310292381
COn_F,2819,0.8834933548924425
COn_F,2820,0.8809374023489436
COn_F,2821,0.8859592025888164
COn_F,2822,0.8730980340267457
COn_F,2823,0.8727969436050955
COn_F,2824,0.8914991146834618
COn_F,2825,0.8916035709837662
COn_F,2826,0.8939665725386842
COn_F,2827,0.8872158050018978
COn_F,2828,0.8865321108115695
COn_F,2829,0.8855052825820406
COn_F,2830,0.8709202974268192
COn_F,2831,0.8942472065378624
COn_F,2832,0.8796350753537068
COn_F,2833,0.8971084485860887
COn_F,2834,0.9048441051485481
COn_F,2835,0.8916647876268103
COn_F,2836,0.880280914706014
COn_F,2837,0.9120471024500666
COn_F,2838,0.8860837668069058
COn_F,2839,0.8921493541414127
COn_F,2840,0.8719584256449643
COn_F,2841,0.8847599315456339
COn_F,2842,0.8850710589261617
COn_F,2843,0.8939230353819263
COn_F,2844,0.8847943953994623
COn_F,2845,0.8983276134572521
COn_F,2846,0.8860640864825509
COn_F,2847,0.8892874664260669
COn_F,2848,0.8780864186068094
COn_F,2849,0.8810884240813749
COn_F,2850,0.8805571734223302
COn_F,2851,0.8828097122172599
COn_F,2852,0.875604212998425
COn_F,2853,0.8806473327135574
COn_F,2854,0.9048118909836403
COn_F,2855,0.8789224201764633
COn_F,2856,0.8974232602639693
COn_F,2857,0.8788642820088587
COn_F,2858,0.8637694217881199
COn_F,2859,0.9039450831848718
COn_F,2860,0.8880663900385947
COn_F,2861,0.8831352004555538
COn_F,2862,0.8801482670011959
COn_F,2863,0.8842081939857497
COn_F,2864,0.8931828672189773
COn_F,2865,0.8645802413621135
COn_F,2866,0.8888208129174526
COn_F,2867,0.8797703131556193
COn_F,2868,0.8800362021849182
COn_F,2869,0.8713594994824234
COn_F,2870,0.8766304540397684
COn_F,2871,0.8898648369206619
COn_F,2872,0.8903425227805521
COn_F,2873,0.8945859263007626
COn_F,2874,0.8927123872482456
COn_F,2875,0.8803140055209111
COn_F,2876,0.8901730736068658
COn_F,2877,0.8807067267883665
COn_F,2878,0.8931867721385301
COn_F,2879,0.8895312382613109
COn_F,2880,0.8765263425343359
COn_F,2881,0.8723516260249
COn_F,2882,0.8908142892240031
COn_F,2883,0.8772022262074646
COn_F,2884,0.8910333771823616
COn_F,2885,0.8709901407741155
COn_F,2886,0.881064996833362
COn_F,2887,0.8853062064391926
COn_F,2888,0.8951184212767478
COn_F,2889,0.8889844738837175
COn_F,2890,0.8832166470763209
COn_F,2891,0.8792374946420342
COn_F,2892,0.878697749636018
COn_F,2893,0.8925286484596326
COn_F,2894,0.8851928956938693
COn_F,2895,0.897098786732393
COn_F,2896,0.9080178739348894
COn_F,2897,0.8770332661258466
COn_F,2898,0.8842921351878433
COn_F,2899,0.8857663905014126
COn_F,2900,0.901789131281732
COn_F,2901,0.887448505428511
COn_F,2902,0.8846769167864972
COn_F,2903,0.8834248843332709
COn_F,2904,0.8799005954702928
COn_F,2905,0.8822856169362641
COn_F,2906,0.8933774083017779
COn_F,2907,0.9030259088891137
COn_F,2908,0.8918087329636253
COn_F,2909,0.9126448635764114
COn_F,2910,0.9074274728860398
COn_F,2911,0.8893240692891407
COn_F,2912,0.8950160108342468
COn_F,2913,0.887394209635444
COn_F,2914,0.8876528333639705
COn_F,2915,0.8968296628047983
COn_F,2916,0.8896205147078198
COn_F,2917,0.8686475671097424
COn_F,2918,0.8945183036533151
COn_F,2919,0.8891188934457499
COn_F,2920,0.8814042954240477
COn_F,2921,0.8923084217858307
COn_F,2922,0.8722371168041628
COn_F,2923,0.8982031214299672
COn_F,2924,0.8784364798704863
COn_F,2925,0.8832919878826988
COn_F,2926,0.8936886792599372
COn_F,2927,0.8965999707767748
COn_F,2928,0.8913923634720589
COn_F,2929,0.8892365371435479
COn_F,2930,0.8991647458933055
COn_F,2931,0.8983999257664481
COn_F,2932,0.897912422933579
COn_F,2933,0.8943822671252498
COn_F,2934,0.8974766026359915
COn_F,2935,0.8841641480845994
COn_F,2936,0.9106747531229004
COn_F,2937,0.8823635875175212
COn_F,2938,0.8825089899888177
COn_F,2939,0.8680593411846074
COn_F,2940,0.8930219679747132
COn_F,2941,0.8772056178434449
COn_F,2942,0.8877264060023269
COn_F,2943,0.8901427315433919
COn_F,2944,0.8799363901694782
COn_F,2945,0.8921000549302072
COn_F,2946,0.8960868362846313
COn_F,2947,0.8859577513364206
COn_F,2948,0.8717101252763767
COn_F,2949,0.877491112094795
COn_F,2950,0.896422059870572
COn_F,2951,0.8748412591722805
COn_F,2952,0.8825689730077846
COn_F,2953,0.8942543654786104
COn_F,2954,0.879289439412463
COn_F,2955,0.8733257689277322
COn_F,2956,0.890817535590645
COn_F,2957,0.8834816085785335
COn_F,2958,0.8750768180557583
COn_F,2959,0.8944069750613366
COn_F,2960,0.8888630514104542
COn_F,2961,0.8873669445754501
COn_F,2962,0.8712593676376524
COn_F,2963,0.8638595265826005
COn_F,2964,0.901562401142154
COn_F,2965,0.8850966024140243
COn_F,2966,0.8732895403359751
COn_F,2967,0.8970596553759919
COn_F,2968,0.8885250559838529
COn_F,2969,0.8907940340270408
COn_F,2970,0.8829130734285471
COn_F,2971,0.8905082773977476
COn_F,2972,0.8776584783952323
COn_F,2973,0.9019422050494338
COn_F,2974,0.9120342865172721
COn_F,2975,0.8680638118471815
COn_F,2976,0.867958458645644
COn_F,2977,0.8876959585052234
COn_F,2978,0.8718272517784266
COn_F,2979,0.8891924733567422
COn_F,2980,0.8940792414889247
COn_F,2981,0.8741749034794403
COn_F,2982,0.8817439692411916
COn_F,2983,0.8905061201760132
COn_F,2984,0.8914559875564323
COn_F,2985,0.8843325240706953
COn_F,2986,0.8899978846643585
COn_F,2987,0.8943674527373515
COn_F,2988,0.8849554866677615
COn_F,2989,0.8758952333002243
COn_F,2990,0.8696152900475458
COn_F,2991,0.8810831356497583
COn_F,2992,0.8840554657535641
COn_F,2993,0.8877078507760053
COn_F,2994,0.9005581848741819
COn_F,2995,0.8805401690385037
COn_F,2996,0.8797475393134422
COn_F,2997,0.8845043825247436
COn_F,2998,0.8815981023028812
COn_F,2999,0.8652420089009862
COn_F,3000,0.8898659969749554
COn_F,3001,0.8808505069535786
COn_F,3002,0.8729037508912739
COn_F,3003,0.8972482172637322
COn_F,3004,0.8819398085955918
COn_F,3005,0.8877279883283703
COn_F,3006,0.8863151910749568
COn_F,3007,0.8786481804635023
COn_F,3008,0.8914440903180749
COn_F,3009,0.8749619513660674
COn_F,3010,0.8891249192337457
COn_F,3011,0.8917484751114058
COn_F,3012,0.9007424929253116
COn_F,3013,0.8946524717619632
COn_F,3014,0.8959648662831468
COn_F,3015,0.8930478005422842
COn_F,3016,0.875372919422834
COn_F,3017,0.8933281438071736
COn_F,3018,0.8794918929218243
COn_F,3019,0.8872030043275038
COn_F,3020,0.8865381874106532
COn_F,3021,0.8956685409894208
COn_F,3022,0.9011311777955356
COn_F,3023,0.8801915101226881
COn_F,3024,0.8830297950066304
COn_F,3025,0.8945744733692519
COn_F,3026,0.893716420874141
COn_F,3027,0.8813201967949033
COn_F,3028,0.8775426555770227
COn_F,3029,0.8870270815219521
COn_F,3030,0.8932485203504225
COn_F,3031,0.8714713717678212
COn_F,3032,0.8789859813103736
COn_F,3033,0.8987321739126833
COn_F,3034,0.8981436954452807
COn_F,3035,0.8840870370672638
COn_F,3036,0.8975914689348179
COn_F,3037,0.881196116023469
COn_F,3038,0.8845432677908337
COn_F,3039,0.8929002442655927
COn_F,3040,0.8723370721472568
COn_F,3041,0.8792076927509669
COn_F,3042,0.8744817117881526
COn_F,3043,0.8802939265668163
COn_F,3044,0.8988654930391284
COn_F,3045,0.8833532261800422
COn_F,3046,0.8859354501752125
COn_F,3047,0.9043946385177005
COn_F,3048,0.8761669081891019
COn_F,3049,0.8918774489978898
COn_F,3050,0.895927081349174
COn_F,3051,0.8711797791526034
COn_F,3052,0.8917609812221493
COn_F,3053,0.8909219412466615
COn_F,3054,0.8870611376625769
COn_F,3055,0.9042543122780997
COn_F,3056,0.8707792199923328
COn_F,3057,0.884656239953651
COn_F,3058,0.9037564247166885
COn_F,3059,0.8913834111676516
COn_F,3060,0.8735891259784672
COn_F,3061,0.8680197735619798
COn_F,3062,0.8826084920331326
COn_F,3063,0.8741831121051478
COn_F,3064,0.8812091336878809
COn_F,3065,0.888271352924808
COn_F,3066,0.8931881009824814
COn_F,3067,0.8637105941008203
COn_F,3068,0.8859291232016421
COn_F,3069,0.8844154405972542
COn_F,3070,0.8893011943211496
COn_F,3071,0.8790025741381583
COn_F,3072,0.8803753167045196
COn_F,3073,0.8804417464931011
COn_F,3074,0.8915020716995972
COn_F,3075,0.8742817776049497
COn_F,3076,0.8816660880280357
COn_F,3077,0.8948590597995344
COn_F,3078,0.8897362072607934
COn_F,3079,0.8894695191905481
COn_F,3080,0.8929202630680498
COn_F,3081,0.8927031989633872
COn_F,3082,0.8940178515193206
COn_F,3083,0.8776281044161213
COn_F,3084,0.8777768027631992
COn_F,3085,0.8880531311512927
COn_F,3086,0.8894031240587343
COn_F,3087,0.8967339742819974
COn_F,3088,0.8850247423707688
COn_F,3089,0.8805728591904532
COn_F,3090,0.902050921522324
COn_F,3091,0.8700143690201223
COn_F,3092,0.8813499452632901
COn_F,3093,0.8899342468757361
COn_F,3094,0.8661585059182838
COn_F,3095,0.8822876949911997
COn_F,3096,0.8913689393692485
COn_F,3097,0.893906082708747
COn_F,3098,0.8900117522347566
COn_F,3099,0.8837432882566642
COn_F,3100,0.8964135084496029
COn_F,3101,0.8767107586457035
COn_F,3102,0.8671104458540335
COn_F,3103,0.8947585756102062
COn_F,3104,0.8924020485649885
COn_F,3105,0.8818465489799499
COn_F,3106,0.8905822454628739
COn_F,3107,0.8664793057375743
COn_F,3108,0.8868626339131784
COn_F,3109,0.8974673564818242
COn_F,3110,0.8743934841506106
COn_F,3111,0.8939940443287555
COn_F,3112,0.8953003939249465
COn_F,3113,0.8969330851222754
COn_F,3114,0.8783314593944904
COn_F,3115,0.8911313857903322
COn_F,3116,0.8829056287366941
COn_F,3117,0.8863891597616679
COn_F,3118,0.8761587507569799
COn_F,3119,0.8789510821759619
COn_F,3120,0.8924755605244754
COn_F,3121,0.8961677466747284
COn_F,3122,0.8734298879528928
COn_F,3123,0.8914281137567214
COn_F,3124,0.886542474292814
COn_F,3125,0.8871457166633028
COn_F,3126,0.8705361423778225
COn_F,3127,0.8777052411309131
COn_F,3128,0.9093940261449209
COn_F,3129,0.8962829917584758
COn_F,3130,0.8901481301398056
COn_F,3131,0.854496564607234
COn_F,3132,0.9012981596539603
COn_F,3133,0.8832247912123636
COn_F,3134,0.8701698392904982
COn_F,3135,0.9066015804607582
COn_F,3136,0.8883239219105876
COn_F,3137,0.8766717554319586
COn_F,3138,0.8816691508281943
COn_F,3139,0.8731082197599209
COn_F,3140,0.8918095852796107
COn_F,3141,0.9017750970617442
COn_F,3142,0.8857748010067666
COn_F,3143,0.8929575431851197
COn_F,3144,0.8907025704500975
COn_F,3145,0.8882989629276883
COn_F,3146,0.902603896868117
COn_F,3147,0.8880218001099893
COn_F,3148,0.8635412764332212
COn_F,3149,0.8817468985352485
COn_F,3150,0.888242685372643
COn_F,3151,0.8836127794421578
COn_F,3152,0.891890362335507
COn_F,3153,0.8900801691403245
COn_F,3154,0.8760629934163117
COn_F,3155,0.8747914917027231
COn_F,3156,0.88594932568169
COn_F,3157,0.8739457023715871
COn_F,3158,0.8727891762851779
COn_F,3159,0.8860327123742137
COn_F,3160,0.885796671043594
COn_F,3161,0.889038633367813
COn_F,3162,0.9085937086768467
COn_F,3163,0.8769734801102931
COn_F,3164,0.8791958154141625
COn_F,3165,0.8913897878057322
COn_F,3166,0.8750607751219345
COn_F,3167,0.8841063503531796
COn_F,3168,0.8788156295465752
COn_F,3169,0.8882799371942065
COn_F,3170,0.8590983188714485
COn_F,3171,0.8846566069509642
COn_F,3172,0.8951977933903403
COn_F,3173,0.8791478886476691
COn_F,3174,0.9116019936593233
COn_F,3175,0.8881842324628881
COn_F,3176,0.8736517881242267
COn_F,3177,0.8848127602543405
COn_F,3178,0.8722580007454389
COn_F,3179,0.8951290780117317
COn_F,3180,0.8824176812235996
COn_F,3181,0.8866667408463723
COn_F,3182,0.8723659954076181
COn_F,3183,0.8873651817521916
COn_F,3184,0.8851767273351573
COn_F,3185,0.8819189618706159
COn_F,3186,0.8745927325197338
COn_F,3187,0.8775438803343245
COn_F,3188,0.8798808322137455
COn_F,3189,0.9002906738067784
COn_F,3190,0.8896749567339259
COn_F,3191,0.8799062574315054
COn_F,3192,0.8941806404562666
COn_F,3193,0.91630922998135
COn_F,3194,0.9000382953279269
COn_F,3195,0.8794043363518064
COn_F,3196,0.8826582181791498
COn_F,3197,0.870993571105582
COn_F,3198,0.900655551525509
COn_F,3199,0.8788580023770763
COn_F,3200,0.8886213358632735
COn_F,3201,0.877096007461125
COn_F,3202,0.8725986145628889
COn_F,3203,0.8741292680089665
COn_F,3204,0.8799954855924386
COn_F,3205,0.8842541081201851
COn_F,3206,0.8737698135678302
COn_F,3207,0.8932742350450957
COn_F,3208,0.8957766888221221
COn_F,3209,0.8776847152255077
COn_F,3210,0.8777058535851993
COn_F,3211,0.8834092071273937
COn_F,3212,0.8805109088956133
COn_F,3213,0.8874721039337341
COn_F,3214,0.8914269226392283
COn_F,3215,0.8711706223717437
COn_F,3216,0.8857504622485245
COn_F,3217,0.8953520770079813
COn_F,3218,0.8904829739549819
COn_F,3219,0.894962554007076
COn_F,3220,0.8782378143221748
COn_F,3221,0.8889251307521027
COn_F,3222,0.8711330010136601
COn_F,3223,0.8871182493220345
COn_F,3224,0.8758342668822996
COn_F,3225,0.8913098508976566
COn_F,3226,0.8809688824811976
COn_F,3227,0.8826294459302262
COn_F,3228,0.8763265211436306
COn_F,3229,0.8840692604665149
COn_F,3230,0.8822747385193106
COn_F,3231,0.8829656360804681
COn_F,3232,0.9064580546085562
COn_F,3233,0.8741947297514194
COn_F,3234,0.8964178468875834
COn_F,3235,0.8995451137549972
COn_F,3236,0.8782558847944246
COn_F,3237,0.8854670933542371
COn_F,3238,0.8929906650260724
COn_F,3239,0.8906378427164112
COn_F,3240,0.8828011307648418
COn_F,3241,0.879683884563343
COn_F,3242,0.8987036881688311
COn_F,3243,0.9013841107021248
COn_F,3244,0.8714511753519916
COn_F,3245,0.9001284165546901
COn_F,3246,0.8785579558322214
COn_F,3247,0.8828927848659146
COn_F,3248,0.9005484255392391
COn_F,3249,0.8813064451754488
COn_F,3250,0.8697357525618211
COn_F,3251,0.8912315379378162
COn_F,3252,0.896070610112472
COn_F,3253,0.8946136262286989
COn_F,3254,0.8895323508974173
COn_F,3255,0.896940361757368
COn_F,3256,0.8908272228015734
COn_F,3257,0.8700054846445997
COn_F,3258,0.8636253884724345
COn_F,3259,0.9087476488719755
COn_F,3260,0.8900939344886744
COn_F,3261,0.8602929866725028
COn_F,3262,0.8844165116808248
COn_F,3263,0.8747458376274115
COn_F,3264,0.8903029637550934
COn_F,3265,0.8746653217636912
COn_F,3266,0.8788988308457695
COn_F,3267,0.884710193677892
COn_F,3268,0.8888482362952749
COn_F,3269,0.8950186606588002
COn_F,3270,0.9021132758632411
COn_F,3271,0.8816331733530575
COn_F,3272,0.8945158669722595
COn_F,3273,0.8913521366723041
COn_F,3274,0.8935745716330694
COn_F,3275,0.8889105802758217
COn_F,3276,0.882344956048903
COn_F,3277,0.890883347575205
COn_F,3278,0.8835073489943431
COn_F,3279,0.8906286199649014
COn_F,3280,0.8801307740995098
COn_F,3281,0.8645067666127833
COn_F,3282,0.8995090890505534
COn_F,3283,0.8824969894449737
COn_F,3284,0.88946899975052
COn_F,3285,0.8661654933322772
COn_F,3286,0.900465777780315
COn_F,3287,0.8770210466692527
COn_F,3288,0.8940988316239284
COn_F,3289,0.8794038170143416
COn_F,3290,0.903664726968521
COn_F,3291,0.8968081444860571
COn_F,3292,0.9059923707592771
COn_F,3293,0.8781048266174525
COn_F,3294,0.8856578821614493
COn_F,3295,0.867469746121361
COn_F,3296,0.8773204174970113
COn_F,3297,0.9088438190610721
COn_F,3298,0.8871225639731722
COn_F,3299,0.8799511861832761
COn_F,3300,0.8839988037244852
COn_F,3301,0.8832747489071558
COn_F,3302,0.8956665354503008
COn_F,3303,0.8739054009767837
COn_F,3304,0.8677031698889796
COn_F,3305,0.8697484529480889
COn_F,3306,0.8853237544042535
COn_F,3307,0.8928924249554832
COn_F,3308,0.8756626997453786
COn_F,3309,0.88147399119836
COn_F,3310,0.8742895703404635
COn_F,3311,0.8771992491508632
COn_F,3312,0.8794619954685341
COn_F,3313,0.8844483832292581
COn_F,3314,0.8604292052104919
COn_F,3315,0.8673535462727865
COn_F,3316,0.8734586352179718
COn_F,3317,0.8854785303475653
COn_F,3318,0.8810428372278842
COn_F,3319,0.8811433200091056
COn_F,3320,0.8807917549289819
COn_F,3321,0.884180225852216
COn_F,3322,0.8857615307717166
COn_F,3323,0.8917393777430636
COn_F,3324,0.9014075049071165
COn_F,3325,0.8929341735180361
COn_F,3326,0.8865334369512038
COn_F,3327,0.8756477807248263
COn_F,3328,0.8730858317481702
COn_F,3329,0.8765144552660744
COn_F,3330,0.8920348309004305
COn_F,3331,0.8873994793859707
COn_F,3332,0.87258092903284
COn_F,3333,0.8870899848591086
COn_F,3334,0.9033088190087168
COn_F,3335,0.8751007824175302
COn_F,3336,0.8959037347934696
COn_F,3337,0.8887152558923522
COn_F,3338,0.8950923176447056
COn_F,3339,0.8887913689450152
COn_F,3340,0.8978426161524317
COn_F,3341,0.891823303523717
COn_F,3342,0.8721910847377247
COn_F,3343,0.8728745523867922
COn_F,3344,0.8659150369745274
COn_F,3345,0.8862928781314172
COn_F,3346,0.872430062417334
COn_F,3347,0.8969028442245877
COn_F,3348,0.9058904581847541
COn_F,3349,0.8729429346194464
COn_F,3350,0.876118852138029
COn_F,3351,0.9065015936631035
COn_F,3352,0.8857409389315175
COn_F,3353,0.8887595661080087
COn_F,3354,0.8843447278458197
COn_F,3355,0.9039518409812108
COn_F,3356,0.8886916555754015
COn_F,3357,0.8966723168191668
COn_F,3358,0.8759673346507655
COn_F,3359,0.891707369665113
COn_F,3360,0.879932537928648
COn_F,3361,0.8740436346419281
COn_F,3362,0.8858856793041392
COn_F,3363,0.8861821824142628
COn_F,3364,0.8777010005004975
COn_F,3365,0.8838103359797496
COn_F,3366,0.8695759332481542
COn_F,3367,0.8723319289106184
COn_F,3368,0.8974625459582822
COn_F,3369,0.8939126087910637
COn_F,3370,0.8938548350507244
COn_F,3371,0.897997425868229
COn_F,3372,0.8956824610011389
COn_F,3373,0.8860814861734279
COn_F,3374,0.8933246302404614
COn_F,3375,0.8762861159668904
COn_F,3376,0.868562390217362
COn_F,3377,0.8833596316046858
COn_F,3378,0.8883888598726462
COn_F,3379,0.8587445087113441
COn_F,3380,0.8858991255176247
COn_F,3381,0.8887271475486717
COn_F,3382,0.893355986948687
COn_F,3383,0.8783933506357736
COn_F,3384,0.8884466166060042
COn_F,3385,0.8900956240985911
COn_F,3386,0.8732370061883485
COn_F,3387,0.8781208806510105
COn_F,3388,0.8825780439522801
COn_F,3389,0.8718776434372154
COn_F,3390,0.885140960131772
COn_F,3391,0.8815555439290785
COn_F,3392,0.8763646652081652
COn_F,3393,0.8809331757949895
COn_F,3394,0.8732797468066085
COn_F,3395,0.8942470309145726
COn_F,3396,0.9006164099742541
COn_F,3397,0.8999086271608391
COn_F,3398,0.8847552757604784
COn_F,3399,0.8960327611279282
COn_F,3400,0.8809515677480803
COn_F,3401,0.8897234756087616
COn_F,3402,0.8705913574804109
COn_F,3403,0.8829108665958082
COn_F,3404,0.8957147585967855
COn_F,3405,0.8980489129864496
COn_F,3406,0.8816128811401935
COn_F,3407,0.8995733203609908
COn_F,3408,0.8730018997088008
COn_F,3409,0.8786922282076368
COn_F,3410,0.9005208414874754
COn_F,3411,0.8922213142764083
COn_F,3412,0.8818861167670192
COn_F,3413,0.879420542206737
COn_F,3414,0.891483157536955
COn_F,3415,0.8847318346779811
COn_F,3416,0.8797064834643868
COn_F,3417,0.8893706427031711
COn_F,3418,0.8796655075232785
COn_F,3419,0.8864961831246897
COn_F,3420,0.8863201261365049
COn_F,3421,0.8997995396822555
COn_F,3422,0.865830831792001
COn_F,3423,0.8984793653299001
COn_F,3424,0.8897925282991537
COn_F,3425,0.8873750363800079
COn_F,3426,0.8805681247442491
COn_F,3427,0.8896246907167494
COn_F,3428,0.879302173647718
COn_F,3429,0.8849782376807499
COn_F,3430,0.8887784186853097
COn_F,3431,0.8837500953418038
COn_F,3432,0.8739644282483559
COn_F,3433,0.9027294786097004
COn_F,3434,0.8882387665948951
COn_F,3435,0.8765408644541323
COn_F,3436,0.8668399237924743
COn_F,3437,0.8853796928095498
COn_F,3438,0.8959333966308073
COn_F,3439,0.8865884387724213
COn_F,3440,0.8716470639597453
COn_F,3441,0.8979822302222755
COn_F,3442,0.8911210033891377
COn_F,3443,0.8903300590702387
COn_F,3444,0.8842469023921206
COn_F,3445,0.8783569682388368
COn_F,3446,0.8925963973408577
COn_F,3447,0.8853258022340021
COn_F,3448,0.8895921808000034
COn_F,3449,0.8861261344056578
COn_F,3450,0.8754261062792249
COn_F,3451,0.8605517722206336
COn_F,3452,0.8919588473272523
COn_F,3453,0.8796400923829659
COn_F,3454,0.8795274036276525
COn_F,3455,0.8699770680543587
COn_F,3456,0.8838120820504357
COn_F,3457,0.890584518068874
COn_F,3458,0.8795985886466208
COn_F,3459,0.8983548460195709
COn_F,3460,0.8807827378021899
COn_F,3461,0.8906064195989204
COn_F,3462,0.8820619849994272
COn_F,3463,0.8785006334061863
COn_F,3464,0.8853800399008217
COn_F,3465,0.8793145714965535
COn_F,3466,0.8682334724111761
COn_F,3467,0.869235242950263
COn_F,3468,0.8812143323884264
COn_F,3469,0.9044811435641691
COn_F,3470,0.8907464200612986
COn_F,3471,0.8986659738832556
COn_F,3472,0.8797044470754232
COn_F,3473,0.8857075403487077
COn_F,3474,0.8899635489550451
COn_F,3475,0.8852297267201875
COn_F,3476,0.8725078082616495
COn_F,3477,0.8690728753394902
COn_F,3478,0.8913667265564356
COn_F,3479,0.8862122296642058
COn_F,3480,0.8822648599020761
COn_F,3481,0.8671962401226373
COn_F,3482,0.8847698362134333
COn_F,3483,0.8824035160612418
COn_F,3484,0.90351043525685
COn_F,3485,0.8800692914334146
COn_F,3486,0.880563163637949
COn_F,3487,0.8808627836264065
COn_F,3488,0.890062378858607
COn_F,3489,0.8878817084666847
COn_F,3490,0.885401487598748
COn_F,3491,0.887679642429445
COn_F,3492,0.8918920310486009
COn_F,3493,0.8911159439696489
COn_F,3494,0.8888493244977343
COn_F,3495,0.8891502852902624
COn_F,3496,0.8783257933623192
COn_F,3497,0.8940237994261103
COn_F,3498,0.8666559595948338
COn_F,3499,0.8895785217066764
COn_F,3500,0.8956415431943178
COn_F,3501,0.8885171966779037
COn_F,3502,0.8871209389856531
COn_F,3503,0.8989342424476059
COn_F,3504,0.8826268690194892
COn_F,3505,0.8827049694817558
COn_F,3506,0.9004726144420467
COn_F,3507,0.8846573416331247
COn_F,3508,0.8862442459522489
COn_F,3509,0.8712185022660668
COn_F,3510,0.8757842362115726
COn_F,3511,0.8831044741283818
COn_F,3512,0.8716124489770932
COn_F,3513,0.8698614634100137
COn_F,3514,0.8971885160835587
COn_F,3515,0.8836982763472534
COn_F,3516,0.884602118878927
COn_F,3517,0.894645411513068
COn_F,3518,0.8925245308433996
COn_F,3519,0.8680375860095954
COn_F,3520,0.8622094563277625
COn_F,3521,0.9118990815471829
COn_F,3522,0.8944649954636937
COn_F,3523,0.8733621123496096
COn_F,3524,0.8691931044845141
COn_F,3525,0.8799430178555547
COn_F,3526,0.8762916249070528
COn_F,3527,0.8743395827968709
COn_F,3528,0.8945702015327428
COn_F,3529,0.904697373884208
COn_F,3530,0.885464777435773
COn_F,3531,0.8865327571716332
COn_F,3532,0.9087626124684239
COn_F,3533,0.8763392789297249
COn_F,3534,0.9047777073391675
COn_F,3535,0.9020764558502371
COn_F,3536,0.8900627817154118
COn_F,3537,0.9038174078207418
COn_F,3538,0.8994936689431545
COn_F,3539,0.8869509045200755
COn_F,3540,0.8821233635143738
COn_F,3541,0.8885441079325321
COn_F,3542,0.8972561401123335
COn_F,3543,0.8765082662559945
COn_F,3544,0.8739259272939819
COn_F,3545,0.8780378120599813
COn_F,3546,0.8976450568446434
COn_F,3547,0.903741604386499
COn_F,3548,0.8840008333547033
COn_F,3549,0.8730420098521069
COn_F,3550,0.8907086013981409
COn_F,3551,0.8703982616337387
COn_F,3552,0.900752392398366
COn_F,3553,0.8890886177777851
COn_F,3554,0.8767015795536761
COn_F,3555,0.8946891786007768
COn_F,3556,0.8957533812349426
COn_F,3557,0.89499330510851
COn_F,3558,0.8830789917031422
COn_F,3559,0.8811600640021414
COn_F,3560,0.8775882336209705
COn_F,3561,0.8726120045755418
COn_F,3562,0.8786807833464861
COn_F,3563,0.894321966798858
COn_F,3564,0.8861562758727509
COn_F,3565,0.8932990475192968
COn_F,3566,0.8961523498095351
COn_F,3567,0.9065399214149226
COn_F,3568,0.8755950544773605
COn_F,3569,0.8934726134888509
COn_F,3570,0.8884320709576969
COn_F,3571,0.8725898939167592
COn_F,3572,0.8841367551084358
COn_F,3573,0.872252112405809
COn_F,3574,0.8977637103943144
COn_F,3575,0.8692840162660093
COn_F,3576,0.8847496158112301
COn_F,3577,0.906929086089151
COn_F,3578,0.8750858915034264
COn_F,3579,0.8985693606312654
COn_F,3580,0.8993089144583623
COn_F,3581,0.8861346148941001
COn_F,3582,0.8949940619689186
COn_F,3583,0.8853602681923959
COn_F,3584,0.8929101587620828
COn_F,3585,0.9026539695462299
COn_F,3586,0.8784665795945351
COn_F,3587,0.8911466411128661
COn_F,3588,0.882231946907639
COn_F,3589,0.8941714680940843
COn_F,3590,0.8934518734343548
COn_F,3591,0.8849683164791327
COn_F,3592,0.8961540381963481
COn_F,3593,0.8886500678302408
COn_F,3594,0.8837323343493324
COn_F,3595,0.8789149943131808
COn_F,3596,0.8847472784855407
COn_F,3597,0.9050035924706268
COn_F,3598,0.8882049215980212
COn_F,3599,0.8779115383639472
COn_F,3600,0.8886756891227571
COn_F,3601,0.8890129061027746
COn_F,3602,0.8983713334948086
COn_F,3603,0.8737205349653595
COn_F,3604,0.8895737998592633
COn_F,3605,0.9031803062674835
COn_F,3606,0.8830400978042063
COn_F,3607,0.8830138169895332
COn_F,3608,0.9002027169805158
COn_F,3609,0.8938544200915196
COn_F,3610,0.8745391124464916
COn_F,3611,0.8793010126151924
COn_F,3612,0.8926660663239665
COn_F,3613,0.8867883977633323
COn_F,3614,0.8731247156400506
COn_F,3615,0.8960050508488231
COn_F,3616,0.874267811072556
COn_F,3617,0.8894744356636822
COn_F,3618,0.9013018610549108
COn_F,3619,0.8759111196103996
COn_F,3620,0.8834104960935272
COn_F,3621,0.8913629618188201
COn_F,3622,0.8908207351310672
COn_F,3623,0.8778546863000374
COn_F,3624,0.875329550483764
COn_F,3625,0.8845048429186871
COn_F,3626,0.8937539209100095
COn_F,3627,0.8824431462250942
COn_F,3628,0.880658896645815
COn_F,3629,0.8919241479200517
COn_F,3630,0.8826083854432669
COn_F,3631,0.892020436834532
COn_F,3632,0.8833763673513503
COn_F,3633,0.8962822008356445
COn_F,3634,0.8847108381667553
COn_F,3635,0.8846690404686316
COn_F,3636,0.8833053430911181
COn_F,3637,0.8809174067899314
COn_F,3638,0.8880896182896577
COn_F,3639,0.8848758166178444
COn_F,3640,0.8713157483806068
COn_F,3641,0.873296329337027
COn_F,3642,0.873462188067939
COn_F,3643,0.8801439598220175
COn_F,3644,0.8845157885696862
COn_F,3645,0.8736560039599409
COn_F,3646,0.8930518469316591
COn_F,3647,0.8716756817033912
COn_F,3648,0.893655220150664
COn_F,3649,0.8968255390317786
COn_F,3650,0.8881205479823896
COn_F,3651,0.8923024198701711
COn_F,3652,0.8893732391893041
COn_F,3653,0.8895696491757485
COn_F,3654,0.8915654222053148
COn_F,3655,0.8964567703933721
COn_F,3656,0.8934978849174352
COn_F,3657,0.8664589908093291
COn_F,3658,0.8947593210819335
COn_F,3659,0.8824818666658231
COn_F,3660,0.889092643151509
COn_F,3661,0.8833893768999551
COn_F,3662,0.8918295853857985
COn_F,3663,0.8880328316341103
COn_F,3664,0.8910479661885772
COn_F,3665,0.8841449980944268
COn_F,3666,0.8877656880750968
COn_F,3667,0.8896732884504409
COn_F,3668,0.8892064643803997
COn_F,3669,0.874966791525211
COn_F,3670,0.8782731693484337
COn_F,3671,0.8729503852554873
COn_F,3672,0.9037280532521669
COn_F,3673,0.8833451914885982
COn_F,3674,0.8790564382027725
COn_F,3675,0.8998703952517271
COn_F,3676,0.8881875488403675
COn_F,3677,0.8919876904718906
COn_F,3678,0.8795095107469786
COn_F,3679,0.861370114934245
COn_F,3680,0.9111091670319906
COn_F,3681,0.8782755812336834
COn_F,3682,0.8856119468254412
COn_F,3683,0.8884341014110881
COn_F,3684,0.890135203874013
COn_F,3685,0.8780163876393372
COn_F,3686,0.8918209436949437
COn_F,3687,0.886458322597442
COn_F,3688,0.8826322934963498
COn_F,3689,0.878524251223662
COn_F,3690,0.8863063954823764
COn_F,3691,0.867891065183222
COn_F,3692,0.9023516029004077
COn_F,3693,0.8886305032221015
COn_F,3694,0.8952512303435245
COn_F,3695,0.8875912632577297
COn_F,3696,0.8730115659150537
COn_F,3697,0.885571760002651
COn_F,3698,0.8839266776514947
COn_F,3699,0.8834459638661897
COn_F,3700,0.8769103708297391
COn_F,3701,0.8824692406072344
COn_F,3702,0.8599821395682973
COn_F,3703,0.8640926619163496
COn_F,3704,0.8931934625591087
COn_F,3705,0.8841781024351318
COn_F,3706,0.877592258697472
COn_F,3707,0.8842130493251537
COn_F,3708,0.8766200326674014
COn_F,3709,0.8782873627997511
COn_F,3710,0.9003973603313781
COn_F,3711,0.8560395251059055
COn_F,3712,0.8724934096465772
COn_F,3713,0.8777908729751446
COn_F,3714,0.9004606164297712
COn_F,3715,0.9036057463924095
COn_F,3716,0.8777132139206643
COn_F,3717,0.8782977219678223
COn_F,3718,0.8916487905475176
COn_F,3719,0.8995531158442008
COn_F,3720,0.8884486294387944
COn_F,3721,0.8881036343581309
COn_F,3722,0.8825054864906051
COn_F,3723,0.8868149458223398
COn_F,3724,0.8740674001412531
COn_F,3725,0.8910427647556807
COn_F,3726,0.8747563581090015
COn_F,3727,0.8851678270469828
COn_F,3728,0.8717338735360098
COn_F,3729,0.8794933156829493
COn_F,3730,0.8650710212166182
COn_F,3731,0.8994770912043251
COn_F,3732,0.8656034833151609
COn_F,3733,0.8767210896526505
COn_F,3734,0.8932901394699727
COn_F,3735,0.8775295957181058
COn_F,3736,0.8679774632255717
COn_F,3737,0.8741066858521996
COn_F,3738,0.8831560161261592
COn_F,3739,0.8786379105527647
COn_F,3740,0.8772364221682345
COn_F,3741,0.8765462977510101
COn_F,3742,0.8773342629856088
COn_F,3743,0.8751697229420808
COn_F,3744,0.8856536741598111
COn_F,3745,0.8772853581502155
COn_F,3746,0.8772929631793879
COn_F,3747,0.8859905841465813
COn_F,3748,0.8758655722039294
COn_F,3749,0.8945555464750088
COn_F,3750,0.8827282369038443
COn_F,3751,0.870218012593826
COn_F,3752,0.8646011284117088
COn_F,3753,0.8832354060549577
COn_F,3754,0.8790063924052567
COn_F,3755,0.8889732702030001
COn_F,3756,0.8833121761210821
COn_F,3757,0.8847412568929902
COn_F,3758,0.9015100485964475
COn_F,3759,0.8777857669407164
COn_F,3760,0.8684049991071189
COn_F,3761,0.8883507537876707
COn_F,3762,0.8689094045663002
COn_F,3763,0.8906724717337468
COn_F,3764,0.8924571310278124
COn_F,3765,0.8761537991570786
COn_F,3766,0.8749390684165453
COn_F,3767,0.9088745147793212
COn_F,3768,0.8891891079227602
COn_F,3769,0.8861333296900945
COn_F,3770,0.8830116340268993
COn_F,3771,0.8808966835774225
COn_F,3772,0.8887177574297762
COn_F,3773,0.9005019554021947
COn_F,3774,0.8935382973485458
COn_F,3775,0.8804059133977635
COn_F,3776,0.8983881274166758
COn_F,3777,0.8841550905300672
COn_F,3778,0.8909747351234388
COn_F,3779,0.883529294439346
COn_F,3780,0.8593689320449519
COn_F,3781,0.8851287991819613
COn_F,3782,0.8829189298745268
COn_F,3783,0.8970765325184304
COn_F,3784,0.8869543027507999
COn_F,3785,0.8893941414794202
COn_F,3786,0.8844975666246502
COn_F,3787,0.8641807132674898
COn_F,3788,0.8977504347197286
COn_F,3789,0.8981620648512976
COn_F,3790,0.9047796220581011
COn_F,3791,0.8555762333297438
COn_F,3792,0.8891265905975528
COn_F,3793,0.8726929477718197
COn_F,3794,0.8836220003589439
COn_F,3795,0.8872055413605949
COn_F,3796,0.8885998015063272
COn_F,3797,0.8889090646554649
COn_F,3798,0.8876622536983797
COn_F,3799,0.8727698031163452
COn_F,3800,0.8840042350092869
COn_F,3801,0.882696460054656
COn_F,3802,0.8881462307013718
COn_F,3803,0.883076406664406
COn_F,3804,0.8672888769657243
COn_F,3805,0.8787508935336481
COn_F,3806,0.8773172069357109
COn_F,3807,0.8736437936613283
COn_F,3808,0.8842402440162804
COn_F,3809,0.8786351107533694
COn_F,3810,0.8867804309888246
COn_F,3811,0.8872190204422203
COn_F,3812,0.8934223455977125
COn_F,3813,0.8877905464538178
COn_F,3814,0.8745715944955027
COn_F,3815,0.8902746827988706
COn_F,3816,0.8894885442885623
COn_F,3817,0.8790833871592256
COn_F,3818,0.8619336324497503
COn_F,3819,0.8905888849892166
COn_F,3820,0.8720932964750058
COn_F,3821,0.8851842185988623
COn_F,3822,0.8774764622204927
COn_F,3823,0.8885993811756838
COn_F,3824,0.8787141395780326
COn_F,3825,0.9027310223808354
COn_F,3826,0.8713650188832258
COn_F,3827,0.8949193106207333
COn_F,3828,0.892062560700195
COn_F,3829,0.882810529776641
COn_F,3830,0.8751067631284505
COn_F,3831,0.895203381988584
COn_F,3832,0.8855944432496318
COn_F,3833,0.8786815289299937
COn_F,3834,0.8820687112079844
COn_F,3835,0.8848990148570873
COn_F,3836,0.8923940286361947
COn_F,3837,0.8663661853544382
COn_F,3838,0.8947153300313474
COn_F,3839,0.8753925228379683
COn_F,3840,0.8857504565530411
COn_F,3841,0.8903338401850308
COn_F,3842,0.8855300545424096
COn_F,3843,0.882776848773602
COn_F,3844,0.8666943530715175
COn_F,3845,0.8731979447709599
COn_F,3846,0.8842738446395323
COn_F,3847,0.8988983849495146
COn_F,3848,0.8868899283694048
COn_F,3849,0.8727129883248902
COn_F,3850,0.8856583811146185
COn_F,3851,0.8884897256333737
COn_F,3852,0.8901699045353902
COn_F,3853,0.8960569423625082
COn_F,3854,0.8692860882003951
COn_F,3855,0.8794244211771245
COn_F,3856,0.8948902693560691
COn_F,3857,0.8814500292355658
COn_F,3858,0.895072982841464
COn_F,3859,0.8901234697784014
COn_F,3860,0.8713183970373126
COn_F,3861,0.8812047165103055
COn_F,3862,0.903902169333859
COn_F,3863,0.8889210779389218
COn_F,3864,0.8859213573061492
COn_F,3865,0.8757075744470114
COn_F,3866,0.8745622095234407
COn_F,3867,0.8859943028247295
COn_F,3868,0.896760582302798
COn_F,3869,0.9023125707135136
COn_F,3870,0.8884975637292406
COn_F,3871,0.8654760903610051
COn_F,3872,0.8870502865770534
COn_F,3873,0.8752357591403778
COn_F,3874,0.8967575917494045
COn_F,3875,0.8722854062572383
COn_F,3876,0.8907647198312532
COn_F,3877,0.9053629935704323
COn_F,3878,0.8775847549966931
COn_F,3879,0.8853473207116571
COn_F,3880,0.8830014496528499
COn_F,3881,0.8669019227803162
COn_F,3882,0.8955615496318925
COn_F,3883,0.8768655203076102
COn_F,3884,0.9025484394196578
COn_F,3885,0.905227458234848
COn_F,3886,0.8955485100081928
COn_F,3887,0.8882796951953744
COn_F,3888,0.8877381822986671
COn_F,3889,0.8659150342001047
COn_F,3890,0.8809448468940421
COn_F,3891,0.8865425088823716
COn_F,3892,0.8647924152812414
COn_F,3893,0.8744644230576709
COn_F,3894,0.8847671695967684
COn_F,3895,0.9011932090395036
COn_F,3896,0.8842370579318639
COn_F,3897,0.877074223377792
COn_F,3898,0.8876368197773007
COn_F,3899,0.8778648647844535
COn_F,3900,0.8824214961017676
COn_F,3901,0.8835043712331471
COn_F,3902,0.8833013168303957
COn_F,3903,0.888891125415868
COn_F,3904,0.8955993724377895
COn_F,3905,0.8728450406530968
COn_F,3906,0.8915352468625135
COn_F,3907,0.8823586313412628
COn_F,3908,0.8655102308296139
COn_F,3909,0.8687502149856194
COn_F,3910,0.8975986230686427
COn_F,3911,0.9007502943372946
COn_F,3912,0.8776513979024335
COn_F,3913,0.8791503042636247
COn_F,3914,0.8952882326371141
COn_F,3915,0.8890669733168878
COn_F,3916,0.8938103901825901
COn_F,3917,0.8941278390943324
COn_F,3918,0.8786172105028581
COn_F,3919,0.8943272370831692
COn_F,3920,0.8929145056360606
COn_F,3921,0.8971170841609283
COn_F,3922,0.9091179906461011
COn_F,3923,0.8788554511379904
COn_F,3924,0.8949747992276728
COn_F,3925,0.8785641331509146
COn_F,3926,0.8945477307425722
COn_F,3927,0.8903820783228634
COn_F,3928,0.8697682463459286
COn_F,3929,0.88009943115137
COn_F,3930,0.8781324144438889
COn_F,3931,0.8721112570036995
COn_F,3932,0.8880749046455513
COn_F,3933,0.8842581199215698
COn_F,3934,0.8915189087907586
COn_F,3935,0.8790278991825865
COn_F,3936,0.8947309724303651
COn_F,3937,0.8954151952709503
COn_F,3938,0.8748267936452254
COn_F,3939,0.8998040682698041
COn_F,3940,0.8750931167580228
COn_F,3941,0.8752875748961002
COn_F,3942,0.8893413924297321
COn_F,3943,0.8909390089665435
COn_F,3944,0.8842084528427169
COn_F,3945,0.901930651103271
COn_F,3946,0.8741050085906634
COn_F,3947,0.8947649375058365
COn_F,3948,0.8727368238150978
COn_F,3949,0.8884686759524228
COn_F,3950,0.8769454164406646
COn_F,3951,0.8817805286539093
COn_F,3952,0.8690637705358958
COn_F,3953,0.8813063220295223
COn_F,3954,0.8809857192765868
COn_F,3955,0.8894945429698714
COn_F,3956,0.8892444677694469
COn_F,3957,0.8712870976778427
COn_F,3958,0.8765117929216725
COn_F,3959,0.906564482456757
COn_F,3960,0.8840800523438116
COn_F,3961,0.8973739982923147
COn_F,3962,0.8683533920790674
COn_F,3963,0.8760690960930357
COn_F,3964,0.8857041447843239
COn_F,3965,0.8901334932911021
COn_F,3966,0.8642009215889663
COn_F,3967,0.8861040423019093
COn_F,3968,0.8807800457867977
COn_F,3969,0.8894691193329479
COn_F,3970,0.8912107204687276
COn_F,3971,0.9018191108676243
COn_F,3972,0.9019914881961103
COn_F,3973,0.889378555761794
COn_F,3974,0.8923965330404198
COn_F,3975,0.8694420346595328
COn_F,3976,0.876174085930457
COn_F,3977,0.8871184903667784
COn_F,3978,0.8761976982168043
COn_F,3979,0.8802147887338878
COn_F,3980,0.8901412824202802
COn_F,3981,0.8739242454779594
COn_F,3982,0.8883365680791467
COn_F,3983,0.8879137920500451
COn_F,3984,0.8883913531790723
COn_F,3985,0.9033616472534921
COn_F,3986,0.8867350931211216
COn_F,3987,0.8595454283822914
COn_F,3988,0.8555334087506882
COn_F,3989,0.8882478508356183
COn_F,3990,0.8857007351677131
COn_F,3991,0.8745739465834139
COn_F,3992,0.8811576492019595
COn_F,3993,0.8867480659122083
COn_F,3994,0.8902870353750142
COn_F,3995,0.8737862100838294
COn_F,3996,0.8856887120314101
COn_F,3997,0.8733739818881131
COn_F,3998,0.8920827493841896
COn_F,3999,0.8899566833866001
COn_F,4000,0.8847768587384296
COn_F,4001,0.8789005495571901
COn_F,4002,0.8734064558202005
COn_F,4003,0.8861955366554497
COn_F,4004,0.8765592758802385
COn_F,4005,0.856914182529714
COn_F,4006,0.8904213515732508
COn_F,4007,0.8655448628975331
COn_F,4008,0.9033075003572142
COn_F,4009,0.8787368586977953
COn_F,4010,0.890744007088943
COn_F,4011,0.8999468056621382
COn_F,4012,0.8837228199846509
COn_F,4013,0.8847125959529153
COn_F,4014,0.8894141825479571
COn_F,4015,0.9041494876516679
COn_F,4016,0.892118993950025
COn_F,4017,0.8877842489524048
COn_F,4018,0.8710481028732091
COn_F,4019,0.8813506521099441
COn_F,4020,0.9001270024972263
COn_F,4021,0.8771864775030208
COn_F,4022,0.8827724621219609
COn_F,4023,0.8890528866939496
COn_F,4024,0.9000768617667676
COn_F,4025,0.8994508940247021
COn_F,4026,0.8919901968463364
COn_F,4027,0.8847385657758097
COn_F,4028,0.8736620882466837
COn_F,4029,0.8897013592769086
COn_F,4030,0.9111645689896349
COn_F,4031,0.8803025839105066
COn_F,4032,0.8858302435648691
COn_F,4033,0.8887442111516565
COn_F,4034,0.8968046130647069
COn_F,4035,0.8661233321136672
COn_F,4036,0.8847216898119674
COn_F,4037,0.8804595287245742
COn_F,4038,0.8932617906776228
COn_F,4039,0.8970857952610976
COn_F,4040,0.8936784891033738
COn_F,4041,0.870632050123538
COn_F,4042,0.8866989459242965
COn_F,4043,0.8869399670340546
COn_F,4044,0.8757840242340269
COn_F,4045,0.8715677150948349
COn_F,4046,0.9037837028106142
COn_F,4047,0.8999903100200111
COn_F,4048,0.8904393539534776
COn_F,4049,0.8870499307541702
COn_F,4050,0.8757208812454905
COn_F,4051,0.8723027228745268
COn_F,4052,0.899720040398783
COn_F,4053,0.8845572617686536
COn_F,4054,0.8935555488822522
COn_F,4055,0.9000311824686583
COn_F,4056,0.8770705477018655
COn_F,4057,0.8957048241808593
COn_F,4058,0.8930273649207181
COn_F,4059,0.8940672605186439
COn_F,4060,0.888899595890879
COn_F,4061,0.892063545434914
COn_F,4062,0.8848152179911343
COn_F,4063,0.872587564757912
COn_F,4064,0.8705474300944769
COn_F,4065,0.8841428731821722
COn_F,4066,0.9001808243016176
COn_F,4067,0.8790204838626972
COn_F,4068,0.8869492142399554
COn_F,4069,0.8551595756518597
COn_F,4070,0.8567683406999086
COn_F,4071,0.8888731878775256
COn_F,4072,0.8787529237145358
COn_F,4073,0.8867675352699743
COn_F,4074,0.8994137883906795
COn_F,4075,0.8965294690529394
COn_F,4076,0.8717820120727758
COn_F,4077,0.8827107836028496
COn_F,4078,0.8906312410265961
COn_F,4079,0.8656132481950225
COn_F,4080,0.895231036083077
COn_F,4081,0.8911711866764537
COn_F,4082,0.8824164162371343
COn_F,4083,0.8763383969971198
COn_F,4084,0.8855321970302127
COn_F,4085,0.8914575135590971
COn_F,4086,0.8762132844266395
COn_F,4087,0.8935370152479548
COn_F,4088,0.8882015006029739
COn_F,4089,0.8712655458086072
COn_F,4090,0.8707752935492996
COn_F,4091,0.8797658209643947
COn_F,4092,0.8852943673067145
COn_F,4093,0.8904059495464324
COn_F,4094,0.8859251098941845
COn_F,4095,0.8862676693168934
COn_F,4096,0.8792726583859161
COn_F,4097,0.908725350073311
COn_F,4098,0.866476109048129
COn_F,4099,0.9033903383147042
COn_F,4100,0.8805196423264914
COn_F,4101,0.8954694783863966
COn_F,4102,0.8795615228272079
COn_F,4103,0.889759816185574
COn_F,4104,0.8963767190835238
COn_F,4105,0.8892713503987418
COn_F,4106,0.885307624965459
COn_F,4107,0.8715314891727725
COn_F,4108,0.8789519623921987
COn_F,4109,0.8783682687885357
COn_F,4110,0.8697523738550444
COn_F,4111,0.8906659690423888
COn_F,4112,0.8817601925085878
COn_F,4113,0.9091446444157064
COn_F,4114,0.8683730868082989
COn_F,4115,0.8714032615876899
COn_F,4116,0.8709953186987143
COn_F,4117,0.8711207255055232
COn_F,4118,0.8891550542893472
COn_F,4119,0.8886102450419315
COn_F,4120,0.8868336018237736
COn_F,4121,0.8725454278550719
COn_F,4122,0.8938441214359059
COn_F,4123,0.905578521267929
COn_F,4124,0.878217886215108
COn_F,4125,0.8955257715039732
COn_F,4126,0.8857656155786104
COn_F,4127,0.8804659648797317
COn_F,4128,0.8888338798174665
COn_F,4129,0.883071350748279
COn_F,4130,0.8734722378247215
COn_F,4131,0.8885534187776262
COn_F,4132,0.8941851480148552
COn_F,4133,0.8803554471580584
COn_F,4134,0.8904585030052947
COn_F,4135,0.8811973044762054
COn_F,4136,0.8702867551374924
COn_F,4137,0.8806883661390145
COn_F,4138,0.8877539163030952
COn_F,4139,0.8848369568623287
COn_F,4140,0.8948316680478237
COn_F,4141,0.8915555951129206
COn_F,4142,0.8694313849101778
COn_F,4143,0.898296061464192
COn_F,4144,0.9033250982786706
COn_F,4145,0.8700409478259589
COn_F,4146,0.8846241093242035
COn_F,4147,0.8667619835386643
COn_F,4148,0.8722237275169369
COn_F,4149,0.8944456366441912
COn_F,4150,0.8790117420797882
COn_F,4151,0.8661108206324873
COn_F,4152,0.8807421925787577
COn_F,4153,0.883128848742949
COn_F,4154,0.880009960784264
COn_F,4155,0.897694338196041
COn_F,4156,0.8952291115399027
COn_F,4157,0.8777845483814479
COn_F,4158,0.878709516715268
COn_F,4159,0.8901476989261132
COn_F,4160,0.8896991679957694
COn_F,4161,0.8790656106833399
COn_F,4162,0.8917956510528469
COn_F,4163,0.8780193591965805
COn_F,4164,0.8747483778461237
COn_F,4165,0.8850995790200076
COn_F,4166,0.8864101255033977
COn_F,4167,0.8697065028238534
COn_F,4168,0.8846232877672303
COn_F,4169,0.8739259411080615
COn_F,4170,0.8838563990143716
COn_F,4171,0.871649294703116
COn_F,4172,0.8873964395837306
COn_F,4173,0.8983015187320798
COn_F,4174,0.8917013776209336
COn_F,4175,0.9035122970727235
COn_F,4176,0.8962547404083331
COn_F,4177,0.8833267403920821
COn_F,4178,0.8881208767429783
COn_F,4179,0.8873893846759976
COn_F,4180,0.9013233595032147
COn_F,4181,0.8581136567507156
COn_F,4182,0.8956883362040321
COn_F,4183,0.8812799775498951
COn_F,4184,0.8837180551160084
COn_F,4185,0.8907828019969237
COn_F,4186,0.8947883871391489
COn_F,4187,0.8916930412788628
COn_F,4188,0.8780482821908692
COn_F,4189,0.8743828537008322
COn_F,4190,0.8860533754143924
COn_F,4191,0.8866762349658929
COn_F,4192,0.8874093387475274
COn_F,4193,0.8820750538831555
COn_F,4194,0.887185858646063
COn_F,4195,0.8983113942013986
COn_F,4196,0.8874595565203972
COn_F,4197,0.8781196638898056
COn_F,4198,0.8648760402580651
COn_F,4199,0.8670472246532325
COn_F,4200,0.895020918853664
COn_F,4201,0.8705021979055163
COn_F,4202,0.8800283223774568
COn_F,4203,0.8755522830664761
COn_F,4204,0.8679143779967219
COn_F,4205,0.8996523899707131
COn_F,4206,0.8769796754129708
COn_F,4207,0.8826623911616864
COn_F,4208,0.8907726358106786
COn_F,4209,0.880540635991573
COn_F,4210,0.8862598590355961
COn_F,4211,0.8714162078795278
COn_F,4212,0.8971510417243319
COn_F,4213,0.8758115128103375
COn_F,4214,0.8939861149529761
COn_F,4215,0.8954627221586124
COn_F,4216,0.8702104408619733
COn_F,4217,0.8659390566845552
COn_F,4218,0.8772382553893207
COn_F,4219,0.883363646171818
COn_F,4220,0.9049837318117157
COn_F,4221,0.8746566669266275
COn_F,4222,0.8744059265188594
COn_F,4223,0.8765739178394334
COn_F,4224,0.8920651627903333
COn_F,4225,0.8775381057433461
COn_F,4226,0.8807251246904995
COn_F,4227,0.8764472399972147
COn_F,4228,0.8925967216046985
COn_F,4229,0.8961422060446694
COn_F,4230,0.8789833703775114
COn_F,4231,0.8779975420059971
COn_F,4232,0.8875615882435369
COn_F,4233,0.8860497806439478
COn_F,4234,0.8915580102947833
COn_F,4235,0.895896409682841
COn_F,4236,0.848907451097618
COn_F,4237,0.8980315862463598
COn_F,4238,0.8757646556901217
COn_F,4239,0.9057217571005678
COn_F,4240,0.8806220070189792
COn_F,4241,0.8739666413488185
COn_F,4242,0.9011041812015824
COn_F,4243,0.8838940841940272
COn_F,4244,0.8860921121685746
COn_F,4245,0.9011257548765154
COn_F,4246,0.8848751949119013
COn_F,4247,0.8781262126438529
COn_F,4248,0.8816130234196223
COn_F,4249,0.8815147643680107
COn_F,4250,0.8723919935642641
COn_F,4251,0.8895783872014004
COn_F,4252,0.9003803814149753
COn_F,4253,0.8874683420103361
COn_F,4254,0.8748490120267235
COn_F,4255,0.8691108052540708
COn_F,4256,0.8763806518454895
COn_F,4257,0.8890429675187793
COn_F,4258,0.9021493225557201
COn_F,4259,0.8838075856461813
COn_F,4260,0.8818335535623266
COn_F,4261,0.9028038950765032
COn_F,4262,0.8875939247862844
COn_F,4263,0.8837345763107892
COn_F,4264,0.8852858334072305
COn_F,4265,0.8812420174428199
COn_F,4266,0.884588923441026
COn_F,4267,0.8921735275478427
COn_F,4268,0.8902889131278026
COn_F,4269,0.889955666911923
COn_F,4270,0.8933777153543766
COn_F,4271,0.9001721730993241
COn_F,4272,0.8799199110272913
COn_F,4273,0.8746918374582255
COn_F,4274,0.8780626938993062
COn_F,4275,0.8802254998964315
COn_F,4276,0.8746455510300766
COn_F,4277,0.8859290692434084
COn_F,4278,0.8926158463158311
COn_F,4279,0.8773088009336266
COn_F,4280,0.8883467893947157
COn_F,4281,0.8891195733478866
COn_F,4282,0.8755104874532715
COn_F,4283,0.8650398670080648
COn_F,4284,0.8898484150620831
COn_F,4285,0.8813057769505058
COn_F,4286,0.8782647279694376
COn_F,4287,0.8679871572896173
COn_F,4288,0.898832823068379
COn_F,4289,0.888387356941437
COn_F,4290,0.8783671632337908
COn_F,4291,0.8970282162887785
COn_F,4292,0.8825892872403208
COn_F,4293,0.8827898705940727
COn_F,4294,0.8781210795356394
COn_F,4295,0.9008745248705261
COn_F,4296,0.8626685531343049
COn_F,4297,0.8757357236784991
COn_F,4298,0.876470031362233
COn_F,4299,0.9017661112772708
COn_F,4300,0.8869013607250157
COn_F,4301,0.8918691113750586
COn_F,4302,0.869318347053162
COn_F,4303,0.8847885856622688
COn_F,4304,0.8743773876443387
COn_F,4305,0.8572112650814857
COn_F,4306,0.9001843679005113
COn_F,4307,0.8897516478393763
COn_F,4308,0.878497897224814
COn_F,4309,0.8776740917579189
COn_F,4310,0.9100046202216553
COn_F,4311,0.8835902105195875
COn_F,4312,0.8723727846978673
COn_F,4313,0.8883567734387338
COn_F,4314,0.8941315302953705
COn_F,4315,0.8759684763116645
COn_F,4316,0.8756728433892219
COn_F,4317,0.9053583227107489
COn_F,4318,0.891742174004362
COn_F,4319,0.8795692123813126
COn_F,4320,0.876373755021651
COn_F,4321,0.8993267769882966
COn_F,4322,0.8663191341817146
COn_F,4323,0.8794624091018196
COn_F,4324,0.9024041951895926
COn_F,4325,0.8994601811261482
COn_F,4326,0.8885920737745486
COn_F,4327,0.8740931142238558
COn_F,4328,0.8919346713949472
COn_F,4329,0.8734834536885112
COn_F,4330,0.8919369643805934
COn_F,4331,0.8893534905164779
COn_F,4332,0.8770480375751156
COn_F,4333,0.8598074937976753
COn_F,4334,0.8838047293536188
COn_F,4335,0.8786682324633067
COn_F,4336,0.8915628235755606
COn_F,4337,0.8817734348583981
COn_F,4338,0.870826669684415
COn_F,4339,0.8900364099335619
COn_F,4340,0.8739200828843728
COn_F,4341,0.8943126957535257
COn_F,4342,0.8894272518567958
COn_F,4343,0.8805397205308976
COn_F,4344,0.8948027979248099
COn_F,4345,0.8820635545847885
COn_F,4346,0.882353902573297
COn_F,4347,0.8864129203964797
COn_F,4348,0.8930310031847097
COn_F,4349,0.8819234493819543
COn_F,4350,0.872484000111648
COn_F,4351,0.9001565585266451
COn_F,4352,0.8818843255989652
COn_F,4353,0.8793262075748646
COn_F,4354,0.8976430084442292
COn_F,4355,0.8834143685893502
COn_F,4356,0.8913945621865396
COn_F,4357,0.8809031534620455
COn_F,4358,0.8649362625467397
COn_F,4359,0.8782127813296473
COn_F,4360,0.8677863825764615
COn_F,4361,0.8819893799331842
COn_F,4362,0.8800732056600317
COn_F,4363,0.8971956813266564
COn_F,4364,0.8804552903035101
COn_F,4365,0.8838925559449289
COn_F,4366,0.9080852652232266
COn_F,4367,0.8866523372936274
COn_F,4368,0.8933095557027247
COn_F,4369,0.8744949723965583
COn_F,4370,0.884052845489871
COn_F,4371,0.8846499437114285
COn_F,4372,0.8981899645854283
COn_F,4373,0.893314150771429
COn_F,4374,0.8764720077347775
COn_F,4375,0.865497687351198
COn_F,4376,0.888343083987779
COn_F,4377,0.8810132225024789
COn_F,4378,0.8807434678407521
COn_F,4379,0.8900718416378809
COn_F,4380,0.8680473095615455
COn_F,4381,0.8833969876577052
COn_F,4382,0.868520405817699
COn_F,4383,0.8934339235097296
COn_F,4384,0.8893223011174379
COn_F,4385,0.8733818416417386
COn_F,4386,0.8929858374307656
COn_F,4387,0.9009810625109654
COn_F,4388,0.8868819000993031
COn_F,4389,0.8687653972272544
COn_F,4390,0.8793924784539392
COn_F,4391,0.8872306994469948
COn_F,4392,0.8759504341407016
COn_F,4393,0.9002089687049869
COn_F,4394,0.8980523770804779
COn_F,4395,0.9021931024469236
COn_F,4396,0.9150673266874098
COn_F,4397,0.8772337003872961
COn_F,4398,0.8821545745508201
COn_F,4399,0.8662558299838212
COn_F,4400,0.903594685651164
COn_F,4401,0.8755890401823972
COn_F,4402,0.9023592985448303
COn_F,4403,0.8936582763874745
COn_F,4404,0.8988728370586461
COn_F,4405,0.8888729319194505
COn_F,4406,0.888954556562813
COn_F,4407,0.8762683608320646
COn_F,4408,0.8849239398752694
COn_F,4409,0.9018606826788647
COn_F,4410,0.8810457034600635
COn_F,4411,0.8835070285278888
COn_F,4412,0.8716887625447678
COn_F,4413,0.8723117545517208
COn_F,4414,0.8857125354289874
COn_F,4415,0.8760996677719456
COn_F,4416,0.877215527991962
COn_F,4417,0.8682707712653555
COn_F,4418,0.8950494953663929
COn_F,4419,0.8863427497477179
COn_F,4420,0.8883869775544438
COn_F,4421,0.863311679772566
COn_F,4422,0.880452397201611
COn_F,4423,0.8757251798944935
COn_F,4424,0.8799880455665526
COn_F,4425,0.8793054483815762
COn_F,4426,0.8909386760656651
COn_F,4427,0.8746462487539299
COn_F,4428,0.8659039798658197
COn_F,4429,0.8831470880358864
COn_F,4430,0.8795075153220835
COn_F,4431,0.8838878226362465
COn_F,4432,0.875205667955376
COn_F,4433,0.8892661989746553
COn_F,4434,0.8918266740677477
COn_F,4435,0.895590978843351
COn_F,4436,0.8828418671799892
COn_F,4437,0.8891833064758168
COn_F,4438,0.8906514805395439
COn_F,4439,0.8961262600419813
COn_F,4440,0.8635861322132162
COn_F,4441,0.8948422144971441
COn_F,4442,0.8957599799786471
COn_F,4443,0.8941010589741892
COn_F,4444,0.8916140472111781
COn_F,4445,0.8538100244895387
COn_F,4446,0.8983374945349947
COn_F,4447,0.8834052908113729
COn_F,4448,0.8802241236727512
COn_F,4449,0.8690053270730924
COn_F,4450,0.8844148567382163
COn_F,4451,0.8834108040919764
COn_F,4452,0.8838117042544509
COn_F,4453,0.8871231229207129
COn_F,4454,0.8845534588580815
COn_F,4455,0.8845337829926457
COn_F,4456,0.8804114935749467
COn_F,4457,0.8690092035952937
COn_F,4458,0.8873651265637126
COn_F,4459,0.9065987410713746
COn_F,4460,0.8894817376830612
COn_F,4461,0.8780381445615809
COn_F,4462,0.8729710674239787
COn_F,4463,0.8956122143924743
COn_F,4464,0.8858623192873065
COn_F,4465,0.8856518744585384
COn_F,4466,0.8949496019325123
COn_F,4467,0.8713067664430365
COn_F,4468,0.8807157525874826
COn_F,4469,0.8833361283865779
COn_F,4470,0.873085393439769
COn_F,4471,0.8864014794691656
COn_F,4472,0.8887267159713992
COn_F,4473,0.8749241484043463
COn_F,4474,0.8817516613748392
COn_F,4475,0.8746491192330732
COn_F,4476,0.905867790267006
COn_F,4477,0.8674622602200591
COn_F,4478,0.8986215635561116
COn_F,4479,0.8724532396664486
COn_F,4480,0.8841061830909862
COn_F,4481,0.8978437828186498
COn_F,4482,0.8633292842808901
COn_F,4483,0.8953112200018837
COn_F,4484,0.8864114794358912
COn_F,4485,0.8760019997720988
COn_F,4486,0.8876620922341011
COn_F,4487,0.8810754795066412
COn_F,4488,0.8863318725254721
COn_F,4489,0.9040818716878952
COn_F,4490,0.889767713585413
COn_F,4491,0.8853228569189395
COn_F,4492,0.9046893887510007
COn_F,4493,0.8868535642179077
COn_F,4494,0.8874830546640226
COn_F,4495,0.8931729075478126
COn_F,4496,0.8774690834482569
COn_F,4497,0.8796640035650075
COn_F,4498,0.8741515946726797
COn_F,4499,0.8962298210109032
COn_F,4500,0.8921743690715203
COn_F,4501,0.8924735378242098
COn_F,4502,0.8968055158304563
COn_F,4503,0.8898572296115905
COn_F,4504,0.8798461089082181
COn_F,4505,0.8821633536306707
COn_F,4506,0.8831990492328131
COn_F,4507,0.873942485902878
COn_F,4508,0.8782626220006098
COn_F,4509,0.8941162008477557
COn_F,4510,0.8794827463759708
COn_F,4511,0.8867275255105063
COn_F,4512,0.8901118121094048
COn_F,4513,0.8772791030646989
COn_F,4514,0.879881180092264
COn_F,4515,0.8863673109896216
COn_F,4516,0.8728482681771882
COn_F,4517,0.8833477351950862
COn_F,4518,0.8863465647727222
COn_F,4519,0.9024367337286251
COn_F,4520,0.8990279938378959
COn_F,4521,0.8874872334727361
COn_F,4522,0.8841488586367796
COn_F,4523,0.8952425637410378
COn_F,4524,0.8788586629597329
COn_F,4525,0.8896768741565755
COn_F,4526,0.8724116127072334
COn_F,4527,0.8844168457132165
COn_F,4528,0.883464954891061
COn_F,4529,0.8767159459672187
COn_F,4530,0.8832317422926463
COn_F,4531,0.8695853716210472
COn_F,4532,0.9152303962443887
COn_F,4533,0.8801307953952269
COn_F,4534,0.8894487067042436
COn_F,4535,0.8839836776745711
COn_F,4536,0.8697094559875239
COn_F,4537,0.9000226815111966
COn_F,4538,0.8950310513693416
COn_F,4539,0.8793444599562811
COn_F,4540,0.8841340595658864
COn_F,4541,0.8676668912345433
COn_F,4542,0.8928914310973864
COn_F,4543,0.8843614823145114
COn_F,4544,0.8940131246919499
COn_F,4545,0.8877525743678912
COn_F,4546,0.8870513034041734
COn_F,4547,0.8932455981204821
COn_F,4548,0.8800246582711321
COn_F,4549,0.904159691373637
COn_F,4550,0.881715424902889
COn_F,4551,0.8901941772206299
COn_F,4552,0.8938722048074564
COn_F,4553,0.8957932220436993
COn_F,4554,0.896826108385956
COn_F,4555,0.8756800433217102
COn_F,4556,0.8728628020037663
COn_F,4557,0.8931799522575407
COn_F,4558,0.8727803939113253
COn_F,4559,0.8946090367640388
COn_F,4560,0.8772500562238692
COn_F,4561,0.8764825064194879
COn_F,4562,0.8813498344264685
COn_F,4563,0.9016672646689315
COn_F,4564,0.8829801573653565
COn_F,4565,0.8669130104179374
COn_F,4566,0.8982187117782394
COn_F,4567,0.8811765011237707
COn_F,4568,0.8675212090060191
COn_F,4569,0.8914020876916289
COn_F,4570,0.8914783822350686
COn_F,4571,0.883153777129355
COn_F,4572,0.9048123867449409
COn_F,4573,0.8884827311511156
COn_F,4574,0.8997671685347978
COn_F,4575,0.8601297442309107
COn_F,4576,0.8783559662496211
COn_F,4577,0.8852896239926278
COn_F,4578,0.8914619205450226
COn_F,4579,0.8897630926971655
COn_F,4580,0.8879674261739723
COn_F,4581,0.8915985361111538
COn_F,4582,0.8909253936520586
COn_F,4583,0.8959756991064766
COn_F,4584,0.901398857652091
COn_F,4585,0.8787716266627333
COn_F,4586,0.8893294797347728
COn_F,4587,0.9061869415797158
COn_F,4588,0.902497501478183
COn_F,4589,0.882314353524678
COn_F,4590,0.8662777296983603
COn_F,4591,0.8954875157477482
COn_F,4592,0.87082927257429
COn_F,4593,0.8810023298690549
COn_F,4594,0.8777281587715406
COn_F,4595,0.8774889227657064
COn_F,4596,0.8765856680284874
COn_F,4597,0.8827241401188463
COn_F,4598,0.8933627920946509
COn_F,4599,0.8826539276757863
COn_F,4600,0.9029075068236093
COn_F,4601,0.8873402346648402
COn_F,4602,0.868533233014233
COn_F,4603,0.8770913191379865
COn_F,4604,0.8789526265751654
COn_F,4605,0.8895606032805793
COn_F,4606,0.882528255664124
COn_F,4607,0.8795527989730688
COn_F,4608,0.8794063430219454
COn_F,4609,0.8840130841602948
COn_F,4610,0.9030538083176317
COn_F,4611,0.8783160059052901
COn_F,4612,0.9079634569060353
COn_F,4613,0.8978354022726712
COn_F,4614,0.8783981770130652
COn_F,4615,0.876699524531851
COn_F,4616,0.8743962964768798
COn_F,4617,0.8668113543543923
COn_F,4618,0.8955852286507486
COn_F,4619,0.8839182959381187
COn_F,4620,0.8800076436444607
COn_F,4621,0.8821749513418945
COn_F,4622,0.8789195506933344
COn_F,4623,0.8869102280033946
COn_F,4624,0.885715620494372
COn_F,4625,0.8858713669991433
COn_F,4626,0.8798706032990848
COn_F,4627,0.8692109771029471
COn_F,4628,0.8930758704700724
COn_F,4629,0.8763255486529057
COn_F,4630,0.8918774687192756
COn_F,4631,0.8688693234507306
COn_F,4632,0.8750737540234238
COn_F,4633,0.8920262429449467
COn_F,4634,0.8909914699068475
COn_F,4635,0.8911858606192128
COn_F,4636,0.8789312321623036
COn_F,4637,0.8915356866762081
COn_F,4638,0.8771912254372862
COn_F,4639,0.888697944279318
COn_F,4640,0.8957781428859298
COn_F,4641,0.8843732402640339
COn_F,4642,0.8946898845229027
COn_F,4643,0.8952785835084809
COn_F,4644,0.8785767504905576
COn_F,4645,0.8934722155869245
COn_F,4646,0.8820603241562194
COn_F,4647,0.8875297049093717
COn_F,4648,0.8720032445141361
COn_F,4649,0.8799309695636065
COn_F,4650,0.8794771003269156
COn_F,4651,0.8859429631999617
COn_F,4652,0.8817800583626783
COn_F,4653,0.8677189378190487
COn_F,4654,0.897792649182238
COn_F,4655,0.8814716152861317
COn_F,4656,0.8936362397442471
COn_F,4657,0.874731396171944
COn_F,4658,0.8832574718080519
COn_F,4659,0.8986828160949286
COn_F,4660,0.8854468724541341
COn_F,4661,0.849628455351069
COn_F,4662,0.9032758127593389
COn_F,4663,0.885876875121262
COn_F,4664,0.8735135195381123
COn_F,4665,0.8742095680729748
COn_F,4666,0.8790273251954533
COn_F,4667,0.8820632619894756
COn_F,4668,0.858357856853223
COn_F,4669,0.8871683997299131
COn_F,4670,0.8904569364023742
COn_F,4671,0.8802449229738901
COn_F,4672,0.8812242907731889
COn_F,4673,0.899656789316117
COn_F,4674,0.8995976637829074
COn_F,4675,0.8802282524454205
COn_F,4676,0.8982460242511087
COn_F,4677,0.8806665798277941
COn_F,4678,0.8675504793755378
COn_F,4679,0.8977176706472083
COn_F,4680,0.8748662886179803
COn_F,4681,0.8782203902827836
COn_F,4682,0.8889379870346632
COn_F,4683,0.8808329105608264
COn_F,4684,0.8968532352859045
COn_F,4685,0.8783004018709082
COn_F,4686,0.8876203582329335
COn_F,4687,0.8931554177666756
COn_F,4688,0.898263910953719
COn_F,4689,0.8932682385939049
COn_F,4690,0.8931067783498966
COn_F,4691,0.886727676921826
COn_F,4692,0.8788987152717175
COn_F,4693,0.8916271254016145
COn_F,4694,0.8898416644880682
COn_F,4695,0.8850834953420503
COn_F,4696,0.900717068524854
COn_F,4697,0.8746809690598153
COn_F,4698,0.897058290416353
COn_F,4699,0.8859519195902184
COn_F,4700,0.8914259860504504
COn_F,4701,0.87952982833882
COn_F,4702,0.8814632657420874
COn_F,4703,0.8909143062661069
COn_F,4704,0.873616542682639
COn_F,4705,0.8836976178097786
COn_F,4706,0.8928035049113178
COn_F,4707,0.8891895015153191
COn_F,4708,0.8731967015121547
COn_F,4709,0.8899527457889025
COn_F,4710,0.8996656639955396
COn_F,4711,0.8844038586717318
COn_F,4712,0.8901575806412791
COn_F,4713,0.8934178649685035
COn_F,4714,0.8611191262032866
COn_F,4715,0.9020807433768889
COn_F,4716,0.8874609668768542
COn_F,4717,0.8929284831747523
COn_F,4718,0.879579671295585
COn_F,4719,0.8844533522842999
COn_F,4720,0.8877172321884695
COn_F,4721,0.8801702346483932
COn_F,4722,0.894944352692852
COn_F,4723,0.871103457720202
COn_F,4724,0.8813453195721244
COn_F,4725,0.8638240540123153
COn_F,4726,0.8921858756191355
COn_F,4727,0.8826117171961652
COn_F,4728,0.87807395414903
COn_F,4729,0.8977390724107316
COn_F,4730,0.8879261249908303
COn_F,4731,0.9014648324957191
COn_F,4732,0.8857164653422107
COn_F,4733,0.8833262423006163
COn_F,4734,0.8795922636320604
COn_F,4735,0.8880242521184926
COn_F,4736,0.8880052756854548
COn_F,4737,0.8757694158030878
COn_F,4738,0.8860498842351072
COn_F,4739,0.8920980174145068
COn_F,4740,0.8780873500642756
COn_F,4741,0.8721138882703393
COn_F,4742,0.8871574037053198
COn_F,4743,0.8872035981773636
COn_F,4744,0.8732876705326197
COn_F,4745,0.8709390752947624
COn_F,4746,0.8701082927736429
COn_F,4747,0.8892997152543964
COn_F,4748,0.883129083860868
COn_F,4749,0.87933752463708
COn_F,4750,0.8934803407920635
COn_F,4751,0.8887739897921866
COn_F,4752,0.8722770525229904
COn_F,4753,0.8865011632478957
COn_F,4754,0.8901431885726304
COn_F,4755,0.8888209717957717
COn_F,4756,0.890376238691518
COn_F,4757,0.8774240014459702
COn_F,4758,0.878131240849121
COn_F,4759,0.8916646712280876
COn_F,4760,0.8971835890962305
COn_F,4761,0.8902703633992044
COn_F,4762,0.8839055795288231
COn_F,4763,0.9066343411224228
COn_F,4764,0.8867724155951918
COn_F,4765,0.8836363802530915
COn_F,4766,0.8909557807298871
COn_F,4767,0.8646369251556818
COn_F,4768,0.8848529983401574
COn_F,4769,0.8879757103989444
COn_F,4770,0.8636170325129146
COn_F,4771,0.8895004590255859
COn_F,4772,0.8742489601528206
COn_F,4773,0.8884260976484465
COn_F,4774,0.8673245599647359
COn_F,4775,0.8758497008389923
COn_F,4776,0.893725565224063
COn_F,4777,0.8814711275878347
COn_F,4778,0.8790610703708135
COn_F,4779,0.8902317850856796
COn_F,4780,0.898995890571833
COn_F,4781,0.8766681172543144
COn_F,4782,0.8694389771716615
COn_F,4783,0.885628810500387
COn_F,4784,0.8937738953578441
COn_F,4785,0.8908667905889964
COn_F,4786,0.8897934770350249
COn_F,4787,0.8821988436464491
COn_F,4788,0.8871810542617571
COn_F,4789,0.8944465499915504
COn_F,4790,0.8821535126372182
COn_F,4791,0.8945034306323144
COn_F,4792,0.8864567452980333
COn_F,4793,0.9079154378571146
COn_F,4794,0.8707956549442902
COn_F,4795,0.8924006444081747
COn_F,4796,0.8763373596738041
COn_F,4797,0.8758999927984576
COn_F,4798,0.9008303334300468
COn_F,4799,0.8970368670907058
COn_F,4800,0.8837555511752022
COn_F,4801,0.8953939550181953
COn_F,4802,0.8899058840756741
COn_F,4803,0.8912994571976882
COn_F,4804,0.8877312602944919
COn_F,4805,0.864863915309605
COn_F,4806,0.911702773068184
COn_F,4807,0.899068149591943
COn_F,4808,0.872961110537698
COn_F,4809,0.8780671516145022
COn_F,4810,0.8829629950871123
COn_F,4811,0.8863102312918787
COn_F,4812,0.8873676408140087
COn_F,4813,0.8658024318598602
COn_F,4814,0.8888907469564027
COn_F,4815,0.8907734917982599
COn_F,4816,0.8943785006932938
COn_F,4817,0.8864159681808658
COn_F,4818,0.8934234223245624
COn_F,4819,0.8692273605305254
COn_F,4820,0.8760180225549786
COn_F,4821,0.8797841799596372
COn_F,4822,0.8905936260984104
COn_F,4823,0.888750102077711
COn_F,4824,0.872714121801645
COn_F,4825,0.890826373629501
COn_F,4826,0.8857800392598099
COn_F,4827,0.882099595436673
COn_F,4828,0.8806710258199679
COn_F,4829,0.8965384030266736
COn_F,4830,0.8945583409676848
COn_F,4831,0.8786180933122997
COn_F,4832,0.8836062838443797
COn_F,4833,0.8978525873804551
COn_F,4834,0.8885732467186453
COn_F,4835,0.8834131434934349
COn_F,4836,0.8878544568006081
COn_F,4837,0.8763726043240481
COn_F,4838,0.8877275093106841
COn_F,4839,0.8966708965603566
COn_F,4840,0.8930189887868295
COn_F,4841,0.8996540096418614
COn_F,4842,0.8836169395444635
COn_F,4843,0.8909576117785072
COn_F,4844,0.8790137036418186
COn_F,4845,0.892123203541661
COn_F,4846,0.8991384230752439
COn_F,4847,0.880005575253443
COn_F,4848,0.8766201280880281
COn_F,4849,0.8929080748995452
COn_F,4850,0.8957604746344462
COn_F,4851,0.8928664193462662
COn_F,4852,0.9055449942338369
COn_F,4853,0.8914243900466251
COn_F,4854,0.8777386889250106
COn_F,4855,0.894721546291656
COn_F,4856,0.8942744598806673
COn_F,4857,0.8881219618209112
COn_F,4858,0.8800133045389159
COn_F,4859,0.8775137834901812
COn_F,4860,0.8892592804598259
COn_F,4861,0.8834115122503953
COn_F,4862,0.8773104032862387
COn_F,4863,0.8967164779318371
COn_F,4864,0.8796877425690023
COn_F,4865,0.8924581564410492
COn_F,4866,0.8778248185510797
COn_F,4867,0.8844739047905734
COn_F,4868,0.8819310706464588
COn_F,4869,0.8980204408831473
COn_F,4870,0.8744297049689431
COn_F,4871,0.8922966466499925
COn_F,4872,0.8761560966110999
COn_F,4873,0.9010237086371964
COn_F,4874,0.886416917564504
COn_F,4875,0.884541660214597
COn_F,4876,0.8733579959856029
COn_F,4877,0.8895736421907792
COn_F,4878,0.885903701192962
COn_F,4879,0.8812838079899362
COn_F,4880,0.8960629890378582
COn_F,4881,0.8771702816048256
COn_F,4882,0.9032744637486582
COn_F,4883,0.875963461914169
COn_F,4884,0.8842336551865467
COn_F,4885,0.889573283350166
COn_F,4886,0.8969165727232662
COn_F,4887,0.8786462868450385
COn_F,4888,0.8804138695723246
COn_F,4889,0.8738392696423786
COn_F,4890,0.8765439888987799
COn_F,4891,0.8759454242631929
COn_F,4892,0.8987913772211504
COn_F,4893,0.9032459328268209
COn_F,4894,0.8806374518417798
COn_F,4895,0.8780009525361689
COn_F,4896,0.8809075890882372
COn_F,4897,0.8768503549018691
COn_F,4898,0.877765453365775
COn_F,4899,0.8905667131018276
COn_F,4900,0.8848874358306978
COn_F,4901,0.8710251436121508
COn_F,4902,0.879629041025764
COn_F,4903,0.8914365016959273
COn_F,4904,0.8885607364411398
COn_F,4905,0.8897161270682108
COn_F,4906,0.8811506050047705
COn_F,4907,0.8672357966126352
COn_F,4908,0.8888477207031905
COn_F,4909,0.8803994250047551
COn_F,4910,0.8765641621575626
COn_F,4911,0.9022381744518043
COn_F,4912,0.8971636752114115
COn_F,4913,0.8793672695288738
COn_F,4914,0.8867362777054952
COn_F,4915,0.8939417557139163
COn_F,4916,0.8813883365237656
COn_F,4917,0.8949109536767109
COn_F,4918,0.8882315088072211
COn_F,4919,0.8687137942190122
COn_F,4920,0.9030516886366939
COn_F,4921,0.8859140448485323
COn_F,4922,0.8894345623180089
COn_F,4923,0.896458011197078
COn_F,4924,0.8888067851056483
COn_F,4925,0.8904240283379304
COn_F,4926,0.8897225076448054
COn_F,4927,0.8634367547836301
COn_F,4928,0.8988555563425538
COn_F,4929,0.8792298174918256
COn_F,4930,0.8799084352878385
COn_F,4931,0.8755168604426463
COn_F,4932,0.8883395994651849
COn_F,4933,0.8820800803488172
COn_F,4934,0.9000351350636696
COn_F,4935,0.9023243970906715
COn_F,4936,0.8949463226126108
COn_F,4937,0.8902642859078163
COn_F,4938,0.8936973652411417
COn_F,4939,0.8699705962480131
COn_F,4940,0.8910568911753264
COn_F,4941,0.8925030440139526
COn_F,4942,0.9003398641331938
COn_F,4943,0.8945225112661962
COn_F,4944,0.9012844800368749
COn_F,4945,0.8943503000297899
COn_F,4946,0.8987469630750078
COn_F,4947,0.8652076451427912
COn_F,4948,0.8912703153057505
COn_F,4949,0.8922279657547607
COn_F,4950,0.8860750978657956
COn_F,4951,0.878318098487883
COn_F,4952,0.8935956927831
COn_F,4953,0.8901546884141774
COn_F,4954,0.8811918976918423
COn_F,4955,0.8697405760211209
COn_F,4956,0.8723221946084191
COn_F,4957,0.8875859143507198
COn_F,4958,0.8893071388809725
COn_F,4959,0.8754211420120444
COn_F,4960,0.8793640711819414
COn_F,4961,0.8887616111427136
COn_F,4962,0.8765662156097918
COn_F,4963,0.8869252750906269
COn_F,4964,0.8865843303702817
COn_F,4965,0.882015517431059
COn_F,4966,0.8863249924199476
COn_F,4967,0.8907845008287506
COn_F,4968,0.8863460129194344
COn_F,4969,0.8803580316610582
COn_F,4970,0.8807083564629624
COn_F,4971,0.9047619019361146
COn_F,4972,0.883428430884379
COn_F,4973,0.8779330754603585
COn_F,4974,0.8989325887266936
COn_F,4975,0.8687923399650409
COn_F,4976,0.8928578828530548
COn_F,4977,0.8830060618485952
COn_F,4978,0.9034904586088729
COn_F,4979,0.8728446926997618
COn_F,4980,0.8913136741728692
COn_F,4981,0.8776868576296752
COn_F,4982,0.8858023431692535
COn_F,4983,0.9013231634261692
COn_F,4984,0.8715012580089528
COn_F,4985,0.8768573276980242
COn_F,4986,0.8914375872748476
COn_F,4987,0.8933116795509195
COn_F,4988,0.8971701564905178
COn_F,4989,0.8954750949350067
COn_F,4990,0.8764051292873908
COn_F,4991,0.8991261111712894
COn_F,4992,0.8737342483734842
COn_F,4993,0.8963109544566882
COn_F,4994,0.8805108575998575
COn_F,4995,0.8716391231320508
COn_F,4996,0.8711124418589964
COn_F,4997,0.8817249699723899
COn_F,4998,0.8791785560514679
COn_F,4999,0.8835630036277792
COn_F,5000,0.8843095391194585
COn_F,5001,0.8727780386927224
COn_F,5002,0.9074062933997029
COn_F,5003,0.8891254847610883
COn_F,5004,0.8816409938843679
COn_F,5005,0.8927240057211069
COn_F,5006,0.9000374432993153
COn_F,5007,0.8737397961042472
COn_F,5008,0.896327043487848
COn_F,5009,0.8779745347332113
COn_F,5010,0.8932068644884353
COn_F,5011,0.9025373762369093
COn_F,5012,0.8578387216205142
COn_F,5013,0.8840872054562062
COn_F,5014,0.8825223250446648
COn_F,5015,0.8966276594809297
COn_F,5016,0.8623223147364836
COn_F,5017,0.8897423940284058
COn_F,5018,0.8759747246926937
COn_F,5019,0.8736852651175969
COn_F,5020,0.8786231132998159
COn_F,5021,0.8712441268243453
COn_F,5022,0.8939495497478064
COn_F,5023,0.8947999571007905
COn_F,5024,0.8892875871761527
COn_F,5025,0.8924981639815871
COn_F,5026,0.884977327986376
COn_F,5027,0.8951767817466241
COn_F,5028,0.8823743729984775
COn_F,5029,0.911622213638213
COn_F,5030,0.8915028752141089
COn_F,5031,0.8752366426192173
COn_F,5032,0.8826045862636099
COn_F,5033,0.8945642164160552
COn_F,5034,0.8840364726494571
COn_F,5035,0.881155976195289
COn_F,5036,0.8792592974791271
COn_F,5037,0.8930595232936169
COn_F,5038,0.8852582325971546
COn_F,5039,0.8684194607290214
COn_F,5040,0.8773089829833197
COn_F,5041,0.881821445129762
COn_F,5042,0.8710670763341647
COn_F,5043,0.8772021764247043
COn_F,5044,0.88762445945816
COn_F,5045,0.8660014374115053
COn_F,5046,0.8764540558967849
COn_F,5047,0.8994752569170643
COn_F,5048,0.8910530670429773
COn_F,5049,0.8862233272927357
COn_F,5050,0.8858312447747855
COn_F,5051,0.8776670382513881
COn_F,5052,0.882532010682305
COn_F,5053,0.8763259644693364
COn_F,5054,0.8862526698686299
COn_F,5055,0.8821972436579643
COn_F,5056,0.8953194353053959
COn_F,5057,0.8700140224677986
COn_F,5058,0.8979099691208005
COn_F,5059,0.8852767363443057
COn_F,5060,0.8656661685278604
COn_F,5061,0.896684899245665
COn_F,5062,0.9138031670617615
COn_F,5063,0.8945696359141814
COn_F,5064,0.8849514036130509
COn_F,5065,0.8938514419253693
COn_F,5066,0.8772755369371337
COn_F,5067,0.8791929878186409
COn_F,5068,0.8887543628197117
COn_F,5069,0.9045695662999119
COn_F,5070,0.8923709685570094
COn_F,5071,0.8846740017124125
COn_F,5072,0.8971796515744564
COn_F,5073,0.8844922272026793
COn_F,5074,0.8784153744490678
COn_F,5075,0.9046261461574736
COn_F,5076,0.8770959820662794
COn_F,5077,0.8874254332835827
COn_F,5078,0.8529411046038229
COn_F,5079,0.8879335202522817
COn_F,5080,0.8728508134228964
COn_F,5081,0.8835664787935632
COn_F,5082,0.8785499294908521
COn_F,5083,0.9058912364876417
COn_F,5084,0.8667028461083724
COn_F,5085,0.8829510509697043
COn_F,5086,0.8978185650652101
COn_F,5087,0.8867013218784298
COn_F,5088,0.8873896882765934
COn_F,5089,0.8814181604367309
COn_F,5090,0.9047962356047331
COn_F,5091,0.8805698317075364
COn_F,5092,0.8843918692903534
COn_F,5093,0.8772877320383631
COn_F,5094,0.8839077657033261
COn_F,5095,0.8605400922655706
COn_F,5096,0.8899149802464691
COn_F,5097,0.9024997377462884
COn_F,5098,0.8801793574268039
COn_F,5099,0.8943699468835411
COn_F,5100,0.8871170476299245
COn_F,5101,0.8945013952159637
COn_F,5102,0.8922217106337406
COn_F,5103,0.8903626476602964
COn_F,5104,0.8848710399384238
COn_F,5105,0.8877083047886013
COn_F,5106,0.888888946609131
COn_F,5107,0.8813793141565881
COn_F,5108,0.872378010519373
COn_F,5109,0.8974525753091098
COn_F,5110,0.8813004571601718
COn_F,5111,0.8844737291971387
COn_F,5112,0.8847870324592492
COn_F,5113,0.8805519130429205
COn_F,5114,0.8880421390624587
COn_F,5115,0.8898552754770731
COn_F,5116,0.8852302580864143
COn_F,5117,0.8894394131955908
COn_F,5118,0.9017200502856487
COn_F,5119,0.8933228054518082
COn_F,5120,0.8686832641457629
COn_F,5121,0.8888587466725099
COn_F,5122,0.8752119489823723
COn_F,5123,0.8813851807872386
COn_F,5124,0.8825022850530102
COn_F,5125,0.8656120148145866
COn_F,5126,0.8795013908600534
COn_F,5127,0.8979533482720123
COn_F,5128,0.902588163048803
COn_F,5129,0.8861120770629537
COn_F,5130,0.8745980443208418
COn_F,5131,0.8790128332765215
COn_F,5132,0.8820192963179948
COn_F,5133,0.8907597461058594
COn_F,5134,0.8856520025289681
COn_F,5135,0.8650286185062808
COn_F,5136,0.8747797299860463
COn_F,5137,0.8857359812186598
COn_F,5138,0.8963519344157568
COn_F,5139,0.8770679760331707
COn_F,5140,0.901109022673301
COn_F,5141,0.8739555586675296
COn_F,5142,0.8953378299706377
COn_F,5143,0.8873649940183853
COn_F,5144,0.8833420867030892
COn_F,5145,0.9039631856107649
COn_F,5146,0.8985978988049456
COn_F,5147,0.8970584376944563
COn_F,5148,0.8913897127778078
COn_F,5149,0.882811110902157
COn_F,5150,0.8665265174722758
COn_F,5151,0.8868671854644605
COn_F,5152,0.8944295641272892
COn_F,5153,0.8851577943413013
COn_F,5154,0.8773413833490655
COn_F,5155,0.8953403078396118
COn_F,5156,0.8817985424843843
COn_F,5157,0.8752898866749222
COn_F,5158,0.864138702725076
COn_F,5159,0.8832437369465967
COn_F,5160,0.8812526875993966
COn_F,5161,0.8851817119349376
COn_F,5162,0.8816584888145022
COn_F,5163,0.8929909174093071
COn_F,5164,0.879836347818372
COn_F,5165,0.8972998059293551
COn_F,5166,0.8812954413237326
COn_F,5167,0.8824796175599929
COn_F,5168,0.8947792790282962
COn_F,5169,0.8902925909040761
COn_F,5170,0.8707945608247621
COn_F,5171,0.8727701764685417
COn_F,5172,0.8843012164078209
COn_F,5173,0.8963952025282435
COn_F,5174,0.8949211071118954
COn_F,5175,0.8840976800607634
COn_F,5176,0.8805961985455223
COn_F,5177,0.8787626422067895
COn_F,5178,0.8923977127642887
COn_F,5179,0.8934218090965316
COn_F,5180,0.8847895869649112
COn_F,5181,0.8859484022643856
COn_F,5182,0.8986372074209702
COn_F,5183,0.8863903386475084
COn_F,5184,0.8756609092163714
COn_F,5185,0.8768915500234371
COn_F,5186,0.8874286146800242
COn_F,5187,0.8837662608082552
COn_F,5188,0.9064701179403921
COn_F,5189,0.9006338185244724
COn_F,5190,0.8757501261232528
COn_F,5191,0.8861266840315875
COn_F,5192,0.884989356911525
COn_F,5193,0.8770581408344236
COn_F,5194,0.8775179251811561
COn_F,5195,0.881470809538579
COn_F,5196,0.8967619207521027
COn_F,5197,0.8648926309264561
COn_F,5198,0.8828608400735511
COn_F,5199,0.876786201485405
COn_F,5200,0.9026105460089139
COn_F,5201,0.8985871845056358
COn_F,5202,0.8687940218721328
COn_F,5203,0.8921998534951626
COn_F,5204,0.8902843311068213
COn_F,5205,0.8710579460809144
COn_F,5206,0.8614434378905202
COn_F,5207,0.8902969214415488
COn_F,5208,0.892414871355539
COn_F,5209,0.8827281774277383
COn_F,5210,0.8985768117035788
COn_F,5211,0.8923500239757712
COn_F,5212,0.8891918384174888
COn_F,5213,0.8837579814571067
COn_F,5214,0.8692080031182219
COn_F,5215,0.8716524252936481
COn_F,5216,0.8984252888831409
COn_F,5217,0.8629967711550434
COn_F,5218,0.8450082827355069
COn_F,5219,0.889165170872659
COn_F,5220,0.8840077491316456
COn_F,5221,0.8971783653571554
COn_F,5222,0.8877768003041732
COn_F,5223,0.8816345508726348
COn_F,5224,0.8785635988467224
COn_F,5225,0.8844779598090936
COn_F,5226,0.8878280797761985
COn_F,5227,0.9063868657572728
COn_F,5228,0.888730666341823
COn_F,5229,0.8670143601351988
COn_F,5230,0.8872475395724744
COn_F,5231,0.8651842460009559
COn_F,5232,0.8712321162591805
COn_F,5233,0.8808502881881487
COn_F,5234,0.8771073605977417
COn_F,5235,0.8957567511187875
COn_F,5236,0.8786857489311867
COn_F,5237,0.8863283286720737
COn_F,5238,0.8917274021890386
COn_F,5239,0.8920020208762912
COn_F,5240,0.894585965662297
COn_F,5241,0.8870581375421441
COn_F,5242,0.8713739286312673
COn_F,5243,0.8831057258070495
COn_F,5244,0.8853413046960497
COn_F,5245,0.8883323954798147
COn_F,5246,0.8997378138161681
COn_F,5247,0.8835360343636145
COn_F,5248,0.8803525327441557
COn_F,5249,0.8836565842112359
COn_F,5250,0.8861874434785818
COn_F,5251,0.8816581674399661
COn_F,5252,0.8895637239766205
COn_F,5253,0.9046620320358973
COn_F,5254,0.8766355780213259
COn_F,5255,0.8940447312932486
COn_F,5256,0.8874476518890543
COn_F,5257,0.8798257712356855
COn_F,5258,0.8731327003601459
COn_F,5259,0.8905798101152335
COn_F,5260,0.8926403509291854
COn_F,5261,0.8982657333896216
COn_F,5262,0.8771425643347817
COn_F,5263,0.886052108000885
COn_F,5264,0.8872213499627172
COn_F,5265,0.8874823237945044
COn_F,5266,0.8693999066414371
COn_F,5267,0.9008599978140714
COn_F,5268,0.8744046436082934
COn_F,5269,0.8829494369449347
COn_F,5270,0.8891858865524567
COn_F,5271,0.877514267819388
COn_F,5272,0.8824834862912375
COn_F,5273,0.8785032707627884
COn_F,5274,0.8815910532316678
COn_F,5275,0.8779394387874483
COn_F,5276,0.8829244474175133
COn_F,5277,0.873922507766472
COn_F,5278,0.892561110497441
COn_F,5279,0.8797693235859669
COn_F,5280,0.8877926489245503
COn_F,5281,0.882561314049857
COn_F,5282,0.8865952247790866
COn_F,5283,0.8939750386373253
COn_F,5284,0.8705733217986791
COn_F,5285,0.8900892797519667
COn_F,5286,0.8970874171758844
COn_F,5287,0.8942090017761446
COn_F,5288,0.889645676719285
COn_F,5289,0.8852524718903572
COn_F,5290,0.8976601428301708
COn_F,5291,0.8753560970941381
COn_F,5292,0.8988189993362087
COn_F,5293,0.8963432019443708
COn_F,5294,0.8976970403333936
COn_F,5295,0.8805052279565478
COn_F,5296,0.8890930032962199
COn_F,5297,0.864240626901946
COn_F,5298,0.8995498953568101
COn_F,5299,0.9019171859458044
COn_F,5300,0.8834044416113097
COn_F,5301,0.8704150612146501
COn_F,5302,0.894026308391312
COn_F,5303,0.8892862254404577
COn_F,5304,0.8710980226949729
COn_F,5305,0.8683711952059981
COn_F,5306,0.8981172810507653
COn_F,5307,0.8855120767958687
COn_F,5308,0.8960442578716706
COn_F,5309,0.8774515590504958
COn_F,5310,0.8910432290100995
COn_F,5311,0.8896112733023153
COn_F,5312,0.8793985407718224
COn_F,5313,0.8660850480550868
COn_F,5314,0.8877118311177754
COn_F,5315,0.8715368310996952
COn_F,5316,0.8760485929906426
COn_F,5317,0.8758167658417597
COn_F,5318,0.8729357695607831
COn_F,5319,0.8836701671094843
COn_F,5320,0.8834294924321435
COn_F,5321,0.8792640212916664
COn_F,5322,0.8964454880820976
COn_F,5323,0.8931954791429453
COn_F,5324,0.889488014977749
COn_F,5325,0.873012583621058
COn_F,5326,0.8876245880576011
COn_F,5327,0.8719900279123818
COn_F,5328,0.8885879189195216
COn_F,5329,0.8656020497110064
COn_F,5330,0.8940333853250327
COn_F,5331,0.8768341801631943
COn_F,5332,0.8545265497302076
COn_F,5333,0.8833850818874428
COn_F,5334,0.900458033419714
COn_F,5335,0.8983067224815621
COn_F,5336,0.8777544180281172
COn_F,5337,0.8771485633985178
COn_F,5338,0.8878215744009843
COn_F,5339,0.8777703211577669
COn_F,5340,0.8801089360978045
COn_F,5341,0.8751633885351265
COn_F,5342,0.8573152807811139
COn_F,5343,0.8869253660854822
COn_F,5344,0.879236855442836
COn_F,5345,0.8731605987895777
COn_F,5346,0.8783782209175627
COn_F,5347,0.8972241253688815
COn_F,5348,0.8852011338301238
COn_F,5349,0.8739042447610119
COn_F,5350,0.8807960926573772
COn_F,5351,0.897806639052891
COn_F,5352,0.8706163996673277
COn_F,5353,0.8737963159204579
COn_F,5354,0.8858168441221722
COn_F,5355,0.8734853919354004
COn_F,5356,0.881668895350925
COn_F,5357,0.8814949599107134
COn_F,5358,0.8735885448245814
COn_F,5359,0.87915386681905
COn_F,5360,0.8946773222090814
COn_F,5361,0.876587319938475
COn_F,5362,0.8963356059210185
COn_F,5363,0.891736681174978
COn_F,5364,0.8753442568310121
COn_F,5365,0.9062639226252834
COn_F,5366,0.887578882894958
COn_F,5367,0.8851381742331136
COn_F,5368,0.8849624368217445
COn_F,5369,0.9030121009133459
COn_F,5370,0.8765759436936202
COn_F,5371,0.9116703815509878
COn_F,5372,0.8772550853487682
COn_F,5373,0.8743792676236603
COn_F,5374,0.8722291194901939
COn_F,5375,0.8907466834990496
COn_F,5376,0.8643411647545074
COn_F,5377,0.884096824027361
COn_F,5378,0.8725735110850085
COn_F,5379,0.8834537497162822
COn_F,5380,0.8656813336601529
COn_F,5381,0.8933658592983628
COn_F,5382,0.9007897163754511
COn_F,5383,0.8683913146969717
COn_F,5384,0.897930102556639
COn_F,5385,0.8734558578854803
COn_F,5386,0.8902442016609566
COn_F,5387,0.8866190744730813
COn_F,5388,0.8848540863605191
COn_F,5389,0.8863757926126589
COn_F,5390,0.8944976098573831
COn_F,5391,0.8828536135120882
COn_F,5392,0.8886580662426667
COn_F,5393,0.8960109622242063
COn_F,5394,0.8799378059391018
COn_F,5395,0.8943663595676693
COn_F,5396,0.8896291915097286
COn_F,5397,0.8763640011880738
COn_F,5398,0.8944231932612636
COn_F,5399,0.905679392971683
COn_F,5400,0.8786369423695478
COn_F,5401,0.901589052383312
COn_F,5402,0.8758412161099728
COn_F,5403,0.8978645048397468
COn_F,5404,0.8738101433351959
COn_F,5405,0.8925021838662299
COn_F,5406,0.8670920392419057
COn_F,5407,0.8709367476838473
COn_F,5408,0.888656317600916
COn_F,5409,0.889197103767147
COn_F,5410,0.8796758538201083
COn_F,5411,0.8883709904119284
COn_F,5412,0.8897776553433752
COn_F,5413,0.8714817558062613
COn_F,5414,0.8799821089798481
COn_F,5415,0.8859035238027497
COn_F,5416,0.8724017008671401
COn_F,5417,0.8770784365951113
COn_F,5418,0.8886661577151203
COn_F,5419,0.8745482760083498
COn_F,5420,0.8836757156038345
COn_F,5421,0.8778051672867226
COn_F,5422,0.883343446900752
COn_F,5423,0.8712607553861832
COn_F,5424,0.8911323722378265
COn_F,5425,0.878548980300296
COn_F,5426,0.8946200651658094
COn_F,5427,0.8892625983589703
COn_F,5428,0.8979694326859241
COn_F,5429,0.895254161492236
COn_F,5430,0.8750510361588552
COn_F,5431,0.8918319704686194
COn_F,5432,0.8715743842852163
COn_F,5433,0.880601286756477
COn_F,5434,0.888208869391245
COn_F,5435,0.8915951784023769
COn_F,5436,0.8804362931995586
COn_F,5437,0.8874242825886716
COn_F,5438,0.8704409916640469
COn_F,5439,0.867226694023686
COn_F,5440,0.9037068748482102
COn_F,5441,0.8832125544739856
COn_F,5442,0.8925029750858499
COn_F,5443,0.8827624963072367
COn_F,5444,0.8832695655368837
COn_F,5445,0.8882574363677466
COn_F,5446,0.884675986019935
COn_F,5447,0.8661656826065167
COn_F,5448,0.8724552430906577
COn_F,5449,0.8790308897219734
COn_F,5450,0.8867003166042856
COn_F,5451,0.8976640279928879
COn_F,5452,0.9037380444043105
COn_F,5453,0.8928550567124773
COn_F,5454,0.8852087473746201
COn_F,5455,0.8808759132744012
COn_F,5456,0.8964657701723373
COn_F,5457,0.8767779514335898
COn_F,5458,0.8877108091228493
COn_F,5459,0.8945718688167149
COn_F,5460,0.8576544094533808
COn_F,5461,0.8792519228356546
COn_F,5462,0.8783572709529849
COn_F,5463,0.8777200170641968
COn_F,5464,0.8936737905976502
COn_F,5465,0.8820918302536268
COn_F,5466,0.8595831957751922
COn_F,5467,0.8903013959034146
COn_F,5468,0.8840467411057571
COn_F,5469,0.8876205615181012
COn_F,5470,0.9022096943767937
COn_F,5471,0.8880868453111364
COn_F,5472,0.8825009980628743
COn_F,5473,0.8927174637236114
COn_F,5474,0.9036014129974254
COn_F,5475,0.8871005608822693
COn_F,5476,0.891362421875106
COn_F,5477,0.879354814516426
COn_F,5478,0.8769051721017128
COn_F,5479,0.8851491671223735
COn_F,5480,0.8782893787267663
COn_F,5481,0.8689627212170442
COn_F,5482,0.9055960110281841
COn_F,5483,0.896736686453209
COn_F,5484,0.896775167192575
COn_F,5485,0.8983415758589526
COn_F,5486,0.8933920005592367
COn_F,5487,0.8812398064185164
COn_F,5488,0.8769746475321031
COn_F,5489,0.883300387901795
COn_F,5490,0.8960659284958403
COn_F,5491,0.8762560710016271
COn_F,5492,0.8789800815922133
COn_F,5493,0.8817607090237428
COn_F,5494,0.8900560496141878
COn_F,5495,0.8818707202778803
COn_F,5496,0.8851919955001925
COn_F,5497,0.8868304696117478
COn_F,5498,0.883217437973923
COn_F,5499,0.8812511085610253
COn_F,5500,0.8661641823709784
COn_F,5501,0.8916395965413343
COn_F,5502,0.8708372391995893
COn_F,5503,0.8944846682257627
COn_F,5504,0.8889063808525172
COn_F,5505,0.8819665329636016
COn_F,5506,0.8748180987158964
COn_F,5507,0.8891502241066396
COn_F,5508,0.8990456470165855
COn_F,5509,0.8812796126838749
COn_F,5510,0.8815914361407883
COn_F,5511,0.8792014045699748
COn_F,5512,0.8902191761052368
COn_F,5513,0.886603014061523
COn_F,5514,0.8683383279026495
COn_F,5515,0.8783429151978787
COn_F,5516,0.8929584361761878
COn_F,5517,0.8901630803859998
COn_F,5518,0.8767238936104249
COn_F,5519,0.8675097992613837
COn_F,5520,0.8772339641736862
COn_F,5521,0.870783530826891
COn_F,5522,0.8835632678875764
COn_F,5523,0.887997255234807
COn_F,5524,0.8844404612918494
COn_F,5525,0.9019905439270652
COn_F,5526,0.8693859108489761
COn_F,5527,0.9056334693062661
COn_F,5528,0.8879457500083475
COn_F,5529,0.894086611595518
COn_F,5530,0.870347928812717
COn_F,5531,0.9026830632310381
COn_F,5532,0.8894496345277568
COn_F,5533,0.8896944007962962
COn_F,5534,0.8864147376474877
COn_F,5535,0.8902588123927955
COn_F,5536,0.896471082590433
COn_F,5537,0.8870687443676287
COn_F,5538,0.8743993605233102
COn_F,5539,0.8900303988900817
COn_F,5540,0.8812136515252265
COn_F,5541,0.8929726061759461
COn_F,5542,0.8934397062618428
COn_F,5543,0.881182986020806
COn_F,5544,0.8909980945576899
COn_F,5545,0.8922567014861793
COn_F,5546,0.8655118782343251
COn_F,5547,0.8948767764664085
COn_F,5548,0.8902410600773786
COn_F,5549,0.9005207076376543
COn_F,5550,0.8999618103017135
COn_F,5551,0.8794724852710155
COn_F,5552,0.8885287433317972
COn_F,5553,0.8623155782120492
COn_F,5554,0.88940817603198
COn_F,5555,0.8703777719773508
COn_F,5556,0.8937635703853415
COn_F,5557,0.8791085444542994
COn_F,5558,0.8612424556709113
COn_F,5559,0.8879800032862344
COn_F,5560,0.8928223383120664
COn_F,5561,0.886221408498768
COn_F,5562,0.893972972983216
COn_F,5563,0.8688967075296397
COn_F,5564,0.8858192618039659
COn_F,5565,0.8943057234102474
COn_F,5566,0.9105244162575754
COn_F,5567,0.8974967171114329
COn_F,5568,0.8728573063247281
COn_F,5569,0.8866686360146318
COn_F,5570,0.8951004646937266
COn_F,5571,0.8824647623857824
COn_F,5572,0.8675523391323205
COn_F,5573,0.8969687056481733
COn_F,5574,0.8949895851978307
COn_F,5575,0.8946943782675314
COn_F,5576,0.8814793699040347
COn_F,5577,0.9043179181254434
COn_F,5578,0.8890736282604831
COn_F,5579,0.8986872631877197
COn_F,5580,0.8843753241881844
COn_F,5581,0.8913261343556287
COn_F,5582,0.8705259752176323
COn_F,5583,0.8958658255262725
COn_F,5584,0.8761918642362091
COn_F,5585,0.8819620272263796
COn_F,5586,0.8682082314078001
COn_F,5587,0.8788433457315755
COn_F,5588,0.8753726893218977
COn_F,5589,0.8729165958523989
COn_F,5590,0.8559426960890837
COn_F,5591,0.9060597448499165
COn_F,5592,0.8917768862901145
COn_F,5593,0.8808075410179868
COn_F,5594,0.8854879952718806
COn_F,5595,0.8839328532214977
COn_F,5596,0.8893847627786385
COn_F,5597,0.8659257305882164
COn_F,5598,0.8717231000304873
COn_F,5599,0.8740959555459802
COn_F,5600,0.8809929271731061
COn_F,5601,0.8994640104754391
COn_F,5602,0.8785927847635792
COn_F,5603,0.8925263390148468
COn_F,5604,0.8858316816292146
COn_F,5605,0.8940731591825334
COn_F,5606,0.8964730473381517
COn_F,5607,0.8758121043299454
COn_F,5608,0.8907702971227548
COn_F,5609,0.9105090065937502
COn_F,5610,0.8845040694914903
COn_F,5611,0.8877911707721925
COn_F,5612,0.8875884493909841
COn_F,5613,0.8812219819637966
COn_F,5614,0.8967686321548798
COn_F,5615,0.8829430753022095
COn_F,5616,0.8816708988526628
COn_F,5617,0.8923063068760438
COn_F,5618,0.9097245032240792
COn_F,5619,0.8633283129743677
COn_F,5620,0.8992435400904797
COn_F,5621,0.8870487187048883
COn_F,5622,0.8775766829891299
COn_F,5623,0.8820399034558997
COn_F,5624,0.8832704896795812
COn_F,5625,0.8895452655948288
COn_F,5626,0.8870956246839355
COn_F,5627,0.8885665378389485
COn_F,5628,0.9006181662118034
COn_F,5629,0.8968229862366718
COn_F,5630,0.9002494396031228
COn_F,5631,0.8873567349681164
COn_F,5632,0.8798271173797417
COn_F,5633,0.8956663112298072
COn_F,5634,0.8823107527389152
COn_F,5635,0.8709242802991267
COn_F,5636,0.8738860057092971
COn_F,5637,0.8952355672293528
COn_F,5638,0.8981273352228817
COn_F,5639,0.8822915264732305
COn_F,5640,0.8751123504794451
COn_F,5641,0.9026513340633836
COn_F,5642,0.857704329912059
COn_F,5643,0.8868900125869024
COn_F,5644,0.8898679419852543
COn_F,5645,0.8853957782200791
COn_F,5646,0.8907434431426048
COn_F,5647,0.8973535181733385
COn_F,5648,0.8964313663150204
COn_F,5649,0.88860109276353
COn_F,5650,0.8768258896915256
COn_F,5651,0.8806327928526749
COn_F,5652,0.8953980491064693
COn_F,5653,0.9049274208549425
COn_F,5654,0.8851889813677518
COn_F,5655,0.8910811512327281
COn_F,5656,0.8931576322071143
COn_F,5657,0.8861454926935665
COn_F,5658,0.8925403558851128
COn_F,5659,0.8958491878502006
COn_F,5660,0.8984806194127515
COn_F,5661,0.8900337256738868
COn_F,5662,0.8950622244981293
COn_F,5663,0.9023113587564228
COn_F,5664,0.8705761614620545
COn_F,5665,0.8799531202006274
COn_F,5666,0.8826829239621189
COn_F,5667,0.8911258055031392
COn_F,5668,0.8782291004240746
COn_F,5669,0.8848036423898664
COn_F,5670,0.8681487152184396
COn_F,5671,0.8676830617362544
COn_F,5672,0.8858677232323846
COn_F,5673,0.9025613528791946
COn_F,5674,0.8928131502161901
COn_F,5675,0.888278897841888
COn_F,5676,0.8792881337384991
COn_F,5677,0.8816222382417344
COn_F,5678,0.8857914375529281
COn_F,5679,0.8775843451377141
COn_F,5680,0.8835421200501643
COn_F,5681,0.8814376928371906
COn_F,5682,0.8541631368993504
COn_F,5683,0.8880589120538642
COn_F,5684,0.8974047184758025
COn_F,5685,0.8957961667941694
COn_F,5686,0.8636395764973718
COn_F,5687,0.8971973207769967
COn_F,5688,0.8766673646277173
COn_F,5689,0.8733933034433544
COn_F,5690,0.8806016687958098
COn_F,5691,0.8907276232926007
COn_F,5692,0.8775416990840029
COn_F,5693,0.898582213554581
COn_F,5694,0.8795362731640147
COn_F,5695,0.8875335798228883
COn_F,5696,0.8939183048746656
COn_F,5697,0.8692115693216679
COn_F,5698,0.8800162001303338
COn_F,5699,0.8824990951071843
COn_F,5700,0.8857209718885238
COn_F,5701,0.8861261423705519
COn_F,5702,0.880733622938286
COn_F,5703,0.8942044663284775
COn_F,5704,0.8817301909719186
COn_F,5705,0.8746487495538193
COn_F,5706,0.8707162407611305
COn_F,5707,0.8779253201575766
COn_F,5708,0.8767995092392832
COn_F,5709,0.8951473422598999
COn_F,5710,0.8681124504604585
COn_F,5711,0.8898269578002915
COn_F,5712,0.8760502938680353
COn_F,5713,0.9049008761373064
COn_F,5714,0.8849973735891671
COn_F,5715,0.8997378536485637
COn_F,5716,0.8744024171105071
COn_F,5717,0.8807254133102338
COn_F,5718,0.8812315065329619
COn_F,5719,0.879067008839508
COn_F,5720,0.8974535433722612
COn_F,5721,0.8848996942197711
COn_F,5722,0.8900111065316786
COn_F,5723,0.8982018411705984
COn_F,5724,0.8892986561221544
COn_F,5725,0.8894271788930893
COn_F,5726,0.8927658116217918
COn_F,5727,0.8598907048619032
COn_F,5728,0.8925541411874741
COn_F,5729,0.9073043289885524
COn_F,5730,0.8842666666770397
COn_F,5731,0.8812498135577448
COn_F,5732,0.8861744388263257
COn_F,5733,0.9000800002481316
COn_F,5734,0.8806628256588308
COn_F,5735,0.9013470948316851
COn_F,5736,0.8790223975117046
COn_F,5737,0.8553670884367266
COn_F,5738,0.8832133187245552
COn_F,5739,0.8962502292214447
COn_F,5740,0.8697067664685902
COn_F,5741,0.879556355653925
COn_F,5742,0.8842641732286599
COn_F,5743,0.8794538151769428
COn_F,5744,0.8938071460671221
COn_F,5745,0.8904066520168944
COn_F,5746,0.8840042813673198
COn_F,5747,0.8773033171699344
COn_F,5748,0.8951321730861583
COn_F,5749,0.8901996597843452
COn_F,5750,0.8832887324588181
COn_F,5751,0.8661598985339692
COn_F,5752,0.8829021671058225
COn_F,5753,0.8885841348711484
COn_F,5754,0.8970069306435317
COn_F,5755,0.8875505561311394
COn_F,5756,0.8841875156556193
COn_F,5757,0.8967659404478416
COn_F,5758,0.9127183317084729
COn_F,5759,0.8772221669408141
COn_F,5760,0.8732168935351394
COn_F,5761,0.865106288407308
COn_F,5762,0.8787053679239513
COn_F,5763,0.8800558076915221
COn_F,5764,0.8797996642806964
COn_F,5765,0.8667409488668428
COn_F,5766,0.8812993937616536
COn_F,5767,0.880091719064912
COn_F,5768,0.8761203414656045
COn_F,5769,0.8943517320054408
COn_F,5770,0.871104818081505
COn_F,5771,0.8875771527240327
COn_F,5772,0.8638861988877625
COn_F,5773,0.8768660656364874
COn_F,5774,0.8837476285093571
COn_F,5775,0.8851755741404644
COn_F,5776,0.891509734743866
COn_F,5777,0.8790600506643262
COn_F,5778,0.8972296788247464
COn_F,5779,0.8830825826724525
COn_F,5780,0.8746015031808154
COn_F,5781,0.8671521058764692
COn_F,5782,0.8817467812179217
COn_F,5783,0.8776792327996743
COn_F,5784,0.8712078324448559
COn_F,5785,0.8828765764736933
COn_F,5786,0.882141932447596
COn_F,5787,0.8879337109583811
COn_F,5788,0.8832675565099496
COn_F,5789,0.8780890991343419
COn_F,5790,0.8790584810448051
COn_F,5791,0.8947372361575833
COn_F,5792,0.8848598006516157
COn_F,5793,0.8772067671948027
COn_F,5794,0.8683395477655397
COn_F,5795,0.8774800678556998
COn_F,5796,0.8759670801127157
COn_F,5797,0.8968540086925121
COn_F,5798,0.8785830988290987
COn_F,5799,0.8792151750479092
COn_F,5800,0.8867330667101624
COn_F,5801,0.8830234047770869
COn_F,5802,0.8861988012530042
COn_F,5803,0.8723816265418416
COn_F,5804,0.873154831515924
COn_F,5805,0.8954710211256474
COn_F,5806,0.8942648236882531
COn_F,5807,0.8826598924778468
COn_F,5808,0.8794189432432441
COn_F,5809,0.8981324908290743
COn_F,5810,0.8872762057276783
COn_F,5811,0.8878770833680498
COn_F,5812,0.9036774701608054
COn_F,5813,0.8873167574886899
COn_F,5814,0.8928397624776863
COn_F,5815,0.8991646822286714
COn_F,5816,0.8809853261063049
COn_F,5817,0.8705283394009566
COn_F,5818,0.8806651144340127
COn_F,5819,0.8785333498608832
COn_F,5820,0.8939232750492673
COn_F,5821,0.9002804295448449
COn_F,5822,0.8730802924639876
COn_F,5823,0.8908092283230398
COn_F,5824,0.8993956600762234
COn_F,5825,0.8897932944228695
COn_F,5826,0.8799836240609346
COn_F,5827,0.8795231896545677
COn_F,5828,0.8903570269925153
COn_F,5829,0.902463182003655
COn_F,5830,0.8963527193442186
COn_F,5831,0.8746276589371851
COn_F,5832,0.9087176805693747
COn_F,5833,0.8988585889053026
COn_F,5834,0.8739040958938984
COn_F,5835,0.8997869642777901
COn_F,5836,0.8887944030260441
COn_F,5837,0.8968829801720066
COn_F,5838,0.8854633649939724
COn_F,5839,0.8658789713416726
COn_F,5840,0.8869122481134252
COn_F,5841,0.8758420078118089
COn_F,5842,0.8899856431287838
COn_F,5843,0.9004971135638161
COn_F,5844,0.8874650524558668
COn_F,5845,0.8733037341368508
COn_F,5846,0.8945884599427814
COn_F,5847,0.8661794114770982
COn_F,5848,0.8830885202170413
COn_F,5849,0.8786918181538058
COn_F,5850,0.8936642197945311
COn_F,5851,0.8763991420250593
COn_F,5852,0.8831001298069104
COn_F,5853,0.884095964889275
COn_F,5854,0.9108817419441243
COn_F,5855,0.8860072637635036
COn_F,5856,0.8827772917173082
COn_F,5857,0.8760221624037673
COn_F,5858,0.887606279647344
COn_F,5859,0.8990564520762275
COn_F,5860,0.8792083052188682
COn_F,5861,0.8813924540720253
COn_F,5862,0.8754946964183795
COn_F,5863,0.8762476843448536
COn_F,5864,0.8886106154362055
COn_F,5865,0.8773342008204588
COn_F,5866,0.8865241313416498
COn_F,5867,0.8645644195258292
COn_F,5868,0.8801110780443464
COn_F,5869,0.9013556106552705
COn_F,5870,0.8969922764961383
COn_F,5871,0.8743200402779535
COn_F,5872,0.8857862346650202
COn_F,5873,0.8728146068018002
COn_F,5874,0.8977317606178057
COn_F,5875,0.8850288310076915
COn_F,5876,0.894634192784299
COn_F,5877,0.8922292331171483
COn_F,5878,0.8936989454741354
COn_F,5879,0.8989341242934108
COn_F,5880,0.8911890917938746
COn_F,5881,0.8729163720975591
COn_F,5882,0.8776805455543889
COn_F,5883,0.8921682423881717
COn_F,5884,0.9019685551993174
COn_F,5885,0.9139813131343807
COn_F,5886,0.8774355217902009
COn_F,5887,0.8662767059723047
COn_F,5888,0.879146893637837
COn_F,5889,0.8694554313964531
COn_F,5890,0.8687448101710218
COn_F,5891,0.8780351517958696
COn_F,5892,0.8911777544313179
COn_F,5893,0.883184154670441
COn_F,5894,0.8968047181627923
COn_F,5895,0.8613809126242522
COn_F,5896,0.8956351378362072
COn_F,5897,0.8645682318772296
COn_F,5898,0.8886097945676054
COn_F,5899,0.8689584690040971
COn_F,5900,0.8862260005883167
COn_F,5901,0.8969415340458574
COn_F,5902,0.8846629522388288
COn_F,5903,0.8853943173054212
COn_F,5904,0.884532445177143
COn_F,5905,0.882282664776611
COn_F,5906,0.8790031591280733
COn_F,5907,0.8831914746762873
COn_F,5908,0.8900996792628973
COn_F,5909,0.8868509226406156
COn_F,5910,0.861874092166204
COn_F,5911,0.8872314142316189
COn_F,5912,0.8762227467027195
COn_F,5913,0.8848885619937406
COn_F,5914,0.8803457746979222
COn_F,5915,0.8944288651155992
COn_F,5916,0.8848377793374385
COn_F,5917,0.8994052992374248
COn_F,5918,0.8752469371228113
COn_F,5919,0.8853751912673068
COn_F,5920,0.8692275502040376
COn_F,5921,0.8668657118449096
COn_F,5922,0.8745387511669004
COn_F,5923,0.8944704790709821
COn_F,5924,0.8916477295840037
COn_F,5925,0.8879196018032033
COn_F,5926,0.9018793130189896
COn_F,5927,0.8722753339083849
COn_F,5928,0.9028961618357364
COn_F,5929,0.8876248644392251
COn_F,5930,0.8783472690702323
COn_F,5931,0.889220441056135
COn_F,5932,0.8985986485728271
COn_F,5933,0.8666588459075059
COn_F,5934,0.8814789451236721
COn_F,5935,0.8738687239849943
COn_F,5936,0.8780604536284883
COn_F,5937,0.8851486287234633
COn_F,5938,0.8657052702369278
COn_F,5939,0.8692158788229658
COn_F,5940,0.8928318071411961
COn_F,5941,0.8849772132012658
COn_F,5942,0.8782053221704467
COn_F,5943,0.8984425289682848
COn_F,5944,0.9081624670502189
COn_F,5945,0.8758563421939453
COn_F,5946,0.8966296801981659
COn_F,5947,0.8685018903535946
COn_F,5948,0.8644453929402908
COn_F,5949,0.9013894797903182
COn_F,5950,0.8868362140700261
COn_F,5951,0.8803599271293134
COn_F,5952,0.8968200855590799
COn_F,5953,0.8872252086377381
COn_F,5954,0.8758150906006695
COn_F,5955,0.8876261801114286
COn_F,5956,0.8878483100378479
COn_F,5957,0.8845179269926007
COn_F,5958,0.8988328806661425
COn_F,5959,0.8823374403275646
COn_F,5960,0.8978667146642605
COn_F,5961,0.8740321718970868
COn_F,5962,0.8905455833223157
COn_F,5963,0.876940588629612
COn_F,5964,0.8988184605214693
COn_F,5965,0.896611346915237
COn_F,5966,0.8978467585172175
COn_F,5967,0.8828971624534369
COn_F,5968,0.883442899591737
COn_F,5969,0.8981284505525343
COn_F,5970,0.8919512014571768
COn_F,5971,0.881013995193536
COn_F,5972,0.8819649573348421
COn_F,5973,0.8806289845677916
COn_F,5974,0.8571798345848044
COn_F,5975,0.8858114903647417
COn_F,5976,0.8877604494645092
COn_F,5977,0.8896982576641547
COn_F,5978,0.8816523510240974
COn_F,5979,0.888093264825737
COn_F,5980,0.8951326343571829
COn_F,5981,0.8982673829318595
COn_F,5982,0.8879244166437598
COn_F,5983,0.8783574775125174
COn_F,5984,0.8842419252122188
COn_F,5985,0.9015971140655824
COn_F,5986,0.8839606482534537
COn_F,5987,0.9034892819481645
COn_F,5988,0.892933221445667
COn_F,5989,0.883174471571754
COn_F,5990,0.8909057517513297
COn_F,5991,0.8806115540373717
COn_F,5992,0.865016585601347
COn_F,5993,0.8746857463047195
COn_F,5994,0.8910098141126428
COn_F,5995,0.8979747739042583
COn_F,5996,0.8638797346871886
COn_F,5997,0.8988166834252358
COn_F,5998,0.8783545718697803
COn_F,5999,0.8927831383671175
COn_F,6000,0.8594959541643137
COn_F,6001,0.8903194144476272
COn_F,6002,0.876195584740242
COn_F,6003,0.8688347272310925
COn_F,6004,0.8762631908492258
COn_F,6005,0.8878958126628219
COn_F,6006,0.899936276611426
COn_F,6007,0.8907964248418495
COn_F,6008,0.891442590473918
COn_F,6009,0.8815838712861247
COn_F,6010,0.8696080986885013
COn_F,6011,0.8845083557269655
COn_F,6012,0.9054007326997092
COn_F,6013,0.8837318489609274
COn_F,6014,0.8842406254970285
COn_F,6015,0.8869502605653811
COn_F,6016,0.8900491635161283
COn_F,6017,0.8894726236040686
COn_F,6018,0.8641086228660569
COn_F,6019,0.8941439731918998
COn_F,6020,0.895048841924296
COn_F,6021,0.8934709877552078
COn_F,6022,0.9093802994971265
COn_F,6023,0.8831591116313532
COn_F,6024,0.8934994072246224
COn_F,6025,0.8818255856836847
COn_F,6026,0.8676686328754677
COn_F,6027,0.893359322584352
COn_F,6028,0.8801479233604025
COn_F,6029,0.8794412095571204
COn_F,6030,0.8899911735773646
COn_F,6031,0.9048243930032669
COn_F,6032,0.889124864086535
COn_F,6033,0.8909923605154811
COn_F,6034,0.9011814760268974
COn_F,6035,0.903954667440787
COn_F,6036,0.8842996291477802
COn_F,6037,0.9110508150024659
COn_F,6038,0.8572770271790165
COn_F,6039,0.8915865557388365
COn_F,6040,0.8873176143202915
COn_F,6041,0.8823403349218839
COn_F,6042,0.8699225006765006
COn_F,6043,0.8857710199413424
COn_F,6044,0.8784636019219357
COn_F,6045,0.8942393768523239
COn_F,6046,0.8892565179308775
COn_F,6047,0.8839480632032984
COn_F,6048,0.8840620081875802
COn_F,6049,0.8959828242405544
COn_F,6050,0.89168382156256
COn_F,6051,0.8817919409913282
COn_F,6052,0.8877675467161519
COn_F,6053,0.8786607041064699
COn_F,6054,0.8964300840754326
COn_F,6055,0.8827186641439163
COn_F,6056,0.8775733870559526
COn_F,6057,0.9048765140600554
COn_F,6058,0.8709490614227545
COn_F,6059,0.8927998046622659
COn_F,6060,0.9023107386057306
COn_F,6061,0.8565275990652207
COn_F,6062,0.8726943532286767
COn_F,6063,0.8857953911983735
COn_F,6064,0.8690767981525402
COn_F,6065,0.8772197870119188
COn_F,6066,0.8969022268751192
COn_F,6067,0.8916256921038879
COn_F,6068,0.9002997360273117
COn_F,6069,0.8960452849090961
COn_F,6070,0.8684000369991538
COn_F,6071,0.9002457932790578
COn_F,6072,0.8853233808548273
COn_F,6073,0.8816020867779936
COn_F,6074,0.8853829755067112
COn_F,6075,0.8754281408807906
COn_F,6076,0.8832908880978437
COn_F,6077,0.8776813405606771
COn_F,6078,0.8940611838270875
COn_F,6079,0.8915527546443461
COn_F,6080,0.8725738655577694
COn_F,6081,0.8793168209222152
COn_F,6082,0.8859485769853453
COn_F,6083,0.8984395779920635
COn_F,6084,0.8841090673442942
COn_F,6085,0.8731879424216986
COn_F,6086,0.8886595808474439
COn_F,6087,0.8958952866758091
COn_F,6088,0.8889568625238882
COn_F,6089,0.8691475139378312
COn_F,6090,0.8865739597692773
COn_F,6091,0.8790525368401213
COn_F,6092,0.8751687662225682
COn_F,6093,0.8876713071891961
COn_F,6094,0.8849478257922421
COn_F,6095,0.8883412421695164
COn_F,6096,0.8762195910960905
COn_F,6097,0.8939868959884602
COn_F,6098,0.8787638869439295
COn_F,6099,0.8889575072115103
COn_F,6100,0.8633965470672825
COn_F,6101,0.8798444680262303
COn_F,6102,0.8979349219519585
COn_F,6103,0.8808346964110586
COn_F,6104,0.8889813383250564
COn_F,6105,0.8852205761328801
COn_F,6106,0.8832135460927273
COn_F,6107,0.8831241221032758
COn_F,6108,0.8834703779040634
COn_F,6109,0.9048038358685462
COn_F,6110,0.8860338109113108
COn_F,6111,0.8958877403950768
COn_F,6112,0.87500078519748
COn_F,6113,0.8846194764790736
COn_F,6114,0.8892309470923466
COn_F,6115,0.8737623824574239
COn_F,6116,0.8990808187459647
COn_F,6117,0.8751422359401727
COn_F,6118,0.8708273674702852
COn_F,6119,0.8739360415360203
COn_F,6120,0.8936531057782453
COn_F,6121,0.8822978647643048
COn_F,6122,0.8873339141332008
COn_F,6123,0.8791986814303683
COn_F,6124,0.8751757539375579
COn_F,6125,0.8766858254156205
COn_F,6126,0.8964457571254725
COn_F,6127,0.898553700004539
COn_F,6128,0.8844879165159426
COn_F,6129,0.8793334725412617
COn_F,6130,0.8752547004816207
COn_F,6131,0.8655594848698905
COn_F,6132,0.8775467002956919
COn_F,6133,0.9042354905176012
COn_F,6134,0.8854945986382871
COn_F,6135,0.8783008328232424
COn_F,6136,0.8657301313730003
COn_F,6137,0.8892582828724958
COn_F,6138,0.8913762182190177
COn_F,6139,0.898418132079874
COn_F,6140,0.8969903679735217
COn_F,6141,0.8676623885064522
COn_F,6142,0.8715749867619548
COn_F,6143,0.8988930876770268
COn_F,6144,0.8922130993627789
COn_F,6145,0.8810853024376833
COn_F,6146,0.8795466458870003
COn_F,6147,0.8799794877954475
COn_F,6148,0.9016401080461451
COn_F,6149,0.8818750081266205
COn_F,6150,0.8863073927005989
COn_F,6151,0.8901667765740028
COn_F,6152,0.8836628984739449
COn_F,6153,0.8798821683162871
COn_F,6154,0.8809097783152738
COn_F,6155,0.8874264485083853
COn_F,6156,0.8802390178323056
COn_F,6157,0.8970041948258956
COn_F,6158,0.8845777974469775
COn_F,6159,0.8810194089035928
COn_F,6160,0.8946670287380406
COn_F,6161,0.8793103705920157
COn_F,6162,0.8950117927051411
COn_F,6163,0.894211093344241
COn_F,6164,0.8957396876711186
COn_F,6165,0.898731772163432
COn_F,6166,0.8840348877452109
COn_F,6167,0.8879638108727419
COn_F,6168,0.8839797056546115
COn_F,6169,0.8917647825185334
COn_F,6170,0.8937574480933512
COn_F,6171,0.8751449569255286
COn_F,6172,0.8896561593541371
COn_F,6173,0.8790504591908211
COn_F,6174,0.8716690061497075
COn_F,6175,0.8873987937713073
COn_F,6176,0.8791479643802989
COn_F,6177,0.8683503421732112
COn_F,6178,0.8844042306012316
COn_F,6179,0.8824002273097457
COn_F,6180,0.8894150943758378
COn_F,6181,0.8967000716371224
COn_F,6182,0.8589831745806911
COn_F,6183,0.8792752606099952
COn_F,6184,0.8888055077756838
COn_F,6185,0.8916609419366304
COn_F,6186,0.8915530583000488
COn_F,6187,0.8926319602071645
COn_F,6188,0.8803246572217547
COn_F,6189,0.8670638058448094
COn_F,6190,0.880545915572867
COn_F,6191,0.8872676811995607
COn_F,6192,0.8759092814287068
COn_F,6193,0.8999750065335029
COn_F,6194,0.8755603975586226
COn_F,6195,0.8741060453353251
COn_F,6196,0.8820038363680524
COn_F,6197,0.8967983300790339
COn_F,6198,0.8720454487426884
COn_F,6199,0.881242648475847
COn_F,6200,0.8915746359975041
COn_F,6201,0.8832526452256815
COn_F,6202,0.8852126739679286
COn_F,6203,0.8846144358474473
COn_F,6204,0.8988962879868186
COn_F,6205,0.8709181954301709
COn_F,6206,0.8845366635960438
COn_F,6207,0.8765103788813811
COn_F,6208,0.8924060875808495
COn_F,6209,0.8640813180552067
COn_F,6210,0.8852433059989321
COn_F,6211,0.8971743748894935
COn_F,6212,0.8898891569222497
COn_F,6213,0.8790315140537392
COn_F,6214,0.8717774432464666
COn_F,6215,0.8812781065890278
COn_F,6216,0.8930187927574372
COn_F,6217,0.8973684253136973
COn_F,6218,0.8835009653050383
COn_F,6219,0.8924346918618814
COn_F,6220,0.8928357135018197
COn_F,6221,0.8713298268858443
COn_F,6222,0.8932527503244957
COn_F,6223,0.8996551962108351
COn_F,6224,0.891796638998069
COn_F,6225,0.871203709399652
COn_F,6226,0.8916707310905551
COn_F,6227,0.894819274345263
COn_F,6228,0.8830146492857112
COn_F,6229,0.884227626606101
COn_F,6230,0.8883166444351707
COn_F,6231,0.8785370601010086
COn_F,6232,0.8804542958791896
COn_F,6233,0.9062851486970213
COn_F,6234,0.8773200876829589
COn_F,6235,0.8909197754742811
COn_F,6236,0.8778145744742702
COn_F,6237,0.8903212499212031
COn_F,6238,0.9014990682056958
COn_F,6239,0.8876547730564014
COn_F,6240,0.8629148859929162
COn_F,6241,0.8771719658569658
COn_F,6242,0.8853655131262423
COn_F,6243,0.8817082999474758
COn_F,6244,0.871764798113337
COn_F,6245,0.8928202705174864
COn_F,6246,0.8958235715911084
COn_F,6247,0.8890511257498774
COn_F,6248,0.8712117688158904
COn_F,6249,0.8667936360680605
COn_F,6250,0.8890804502687077
COn_F,6251,0.8882440561942985
COn_F,6252,0.8824202281726174
COn_F,6253,0.8920647207618831
COn_F,6254,0.8897080732037461
COn_F,6255,0.8941787450516262
COn_F,6256,0.90768351136353
COn_F,6257,0.8909268087280646
COn_F,6258,0.8836406577256759
COn_F,6259,0.873492276350648
COn_F,6260,0.8841800248963124
COn_F,6261,0.8753728162799924
COn_F,6262,0.8782411745880541
COn_F,6263,0.8768225114654238
COn_F,6264,0.8933058232474556
COn_F,6265,0.9039937993200678
COn_F,6266,0.8730378403681036
COn_F,6267,0.8938941503772593
COn_F,6268,0.9000249680068522
COn_F,6269,0.8978300165312308
COn_F,6270,0.8850666971872332
COn_F,6271,0.8816600335504879
COn_F,6272,0.8861050838516505
COn_F,6273,0.8823894959540548
COn_F,6274,0.8893803273715926
COn_F,6275,0.8937542802651255
COn_F,6276,0.8778953668167091
COn_F,6277,0.896399931895501
COn_F,6278,0.8782898221063479
COn_F,6279,0.8709475485449324
COn_F,6280,0.9162650876404888
COn_F,6281,0.8961182987950199
COn_F,6282,0.8907123602198153
COn_F,6283,0.882223958598663
COn_F,6284,0.891308600567323
COn_F,6285,0.8836460599183819
COn_F,6286,0.8756619546586415
COn_F,6287,0.9040421178539046
COn_F,6288,0.8812078680242066
COn_F,6289,0.8948838139019475
COn_F,6290,0.9025735718808344
COn_F,6291,0.8907977388744795
COn_F,6292,0.8961759693582542
COn_F,6293,0.8917854663178827
COn_F,6294,0.8724410861813929
COn_F,6295,0.87411930315768
COn_F,6296,0.9035448290479277
COn_F,6297,0.9100683078232706
COn_F,6298,0.8815219596667568
COn_F,6299,0.8823664541869316
COn_F,6300,0.8766795419167653
COn_F,6301,0.8905895563521529
COn_F,6302,0.8821877992218387
COn_F,6303,0.8866376894986848
COn_F,6304,0.8906509405434246
COn_F,6305,0.8710034697308425
COn_F,6306,0.8925240494784464
COn_F,6307,0.8779655639495432
COn_F,6308,0.8923269252909913
COn_F,6309,0.8664498469740597
COn_F,6310,0.8694733016908527
COn_F,6311,0.8910353787007592
COn_F,6312,0.8836108667768051
COn_F,6313,0.8850205505351897
COn_F,6314,0.8808829216708775
COn_F,6315,0.8818691292800194
COn_F,6316,0.9013916199630753
COn_F,6317,0.9024186559318842
COn_F,6318,0.8952594116115125
COn_F,6319,0.9011299056074216
COn_F,6320,0.8867928592672897
COn_F,6321,0.8702922193595456
COn_F,6322,0.8917150959485444
COn_F,6323,0.8852810801887431
COn_F,6324,0.889992565195936
COn_F,6325,0.8836535294115105
COn_F,6326,0.8860556738779352
COn_F,6327,0.8863494401521542
COn_F,6328,0.872248170172024
COn_F,6329,0.8742311669377621
COn_F,6330,0.8979017654872675
COn_F,6331,0.8791008115050826
COn_F,6332,0.8688602901447275
COn_F,6333,0.8891295719909253
COn_F,6334,0.8755678812320916
COn_F,6335,0.877444661610388
COn_F,6336,0.9088292429905692
COn_F,6337,0.8738536450771064
COn_F,6338,0.8764998341381592
COn_F,6339,0.8703523091392791
COn_F,6340,0.8983593824947935
COn_F,6341,0.873715517697624
COn_F,6342,0.8752813584959838
COn_F,6343,0.8761409939158729
COn_F,6344,0.8919531139438062
COn_F,6345,0.90630824062233
COn_F,6346,0.888558148485411
COn_F,6347,0.9008271286199931
COn_F,6348,0.8912971671564578
COn_F,6349,0.8881565072031451
COn_F,6350,0.8729508641788867
COn_F,6351,0.8820595611995788
COn_F,6352,0.9022617281353987
COn_F,6353,0.869508324472832
COn_F,6354,0.8798373002464445
COn_F,6355,0.8770058735398409
COn_F,6356,0.8716681620783338
COn_F,6357,0.8794400938000255
COn_F,6358,0.8819858575942646
COn_F,6359,0.8962345473019954
COn_F,6360,0.8771644064305822
COn_F,6361,0.8939132434507809
COn_F,6362,0.8736236610456182
COn_F,6363,0.879993011045735
COn_F,6364,0.8765923483788717
COn_F,6365,0.8850537001755612
COn_F,6366,0.8753474410238375
COn_F,6367,0.8926309588313215
COn_F,6368,0.8724562954867767
COn_F,6369,0.8903747565637995
COn_F,6370,0.8797739603743787
COn_F,6371,0.8805530170197847
COn_F,6372,0.8858614044619177
COn_F,6373,0.8606797395349829
COn_F,6374,0.9031985186690882
COn_F,6375,0.8853188201777847
COn_F,6376,0.8854645446637647
COn_F,6377,0.8666349872271965
COn_F,6378,0.8740595878049974
COn_F,6379,0.9071371467255832
COn_F,6380,0.8818567916031865
COn_F,6381,0.8746811289598557
COn_F,6382,0.8891581495105833
COn_F,6383,0.8802496935815696
COn_F,6384,0.8789551704336297
COn_F,6385,0.8905181006740405
COn_F,6386,0.8805138111458158
COn_F,6387,0.8824019790496243
COn_F,6388,0.8791308722899593
COn_F,6389,0.8908831491467196
COn_F,6390,0.8830109151849515
COn_F,6391,0.8756455703020327
COn_F,6392,0.8964803867321275
COn_F,6393,0.8886862615813294
COn_F,6394,0.8989436453531925
COn_F,6395,0.8874091958215075
COn_F,6396,0.8772428423766905
COn_F,6397,0.8849137223953571
COn_F,6398,0.8844058066614633
COn_F,6399,0.8836636599206902
COn_F,6400,0.8950526327123154
COn_F,6401,0.8954120937909003
COn_F,6402,0.8745294807379811
COn_F,6403,0.877720057645261
COn_F,6404,0.8852072797941908
COn_F,6405,0.9038339179656553
COn_F,6406,0.8872084703633057
COn_F,6407,0.8988012479778987
COn_F,6408,0.887140929046681
COn_F,6409,0.888692764034979
COn_F,6410,0.9001596368119207
COn_F,6411,0.8988727671662433
COn_F,6412,0.8912332323008014
COn_F,6413,0.8721822453271753
COn_F,6414,0.8749053613689102
COn_F,6415,0.8803331073797199
COn_F,6416,0.8971885488254556
COn_F,6417,0.8784704209680966
COn_F,6418,0.8847552539449337
COn_F,6419,0.9004031013223459
COn_F,6420,0.890564928793346
COn_F,6421,0.8962796498432565
COn_F,6422,0.8938504547421895
COn_F,6423,0.8933869628275313
COn_F,6424,0.8883086254499025
COn_F,6425,0.8755431639308612
COn_F,6426,0.8917418948841713
COn_F,6427,0.8662560480060203
COn_F,6428,0.873652957094694
COn_F,6429,0.8853665193825654
COn_F,6430,0.8963032294694105
COn_F,6431,0.9071545416185628
COn_F,6432,0.8835812062633192
COn_F,6433,0.8824859181395649
COn_F,6434,0.8895854412538844
COn_F,6435,0.8781952333161193
COn_F,6436,0.8772317280041141
COn_F,6437,0.879215886445223
COn_F,6438,0.899305392500047
COn_F,6439,0.8717210694603768
COn_F,6440,0.8790556928954425
COn_F,6441,0.8835087371043459
COn_F,6442,0.864511981690119
COn_F,6443,0.888518928059695
COn_F,6444,0.8717950586273191
COn_F,6445,0.8782467169732445
COn_F,6446,0.8859757123628416
COn_F,6447,0.8901873469932522
COn_F,6448,0.8887387551596945
COn_F,6449,0.8712147474552527
COn_F,6450,0.8659259949767311
COn_F,6451,0.8832313906556749
COn_F,6452,0.8684826042303141
COn_F,6453,0.8728143121925092
COn_F,6454,0.8874351083249931
COn_F,6455,0.8876621926407489
COn_F,6456,0.8805251431638362
COn_F,6457,0.8874152808637777
COn_F,6458,0.8871382782135202
COn_F,6459,0.8701511519467627
COn_F,6460,0.8764048843357185
COn_F,6461,0.878977723905829
COn_F,6462,0.8803481241862928
COn_F,6463,0.8859637717269075
COn_F,6464,0.8831929753266641
COn_F,6465,0.8698995732831806
COn_F,6466,0.8959486309110579
COn_F,6467,0.8918803996659274
COn_F,6468,0.8889784298069461
COn_F,6469,0.8796781625843904
COn_F,6470,0.8738737310191336
COn_F,6471,0.8896628365664734
COn_F,6472,0.8911085244056715
COn_F,6473,0.9008047207538252
COn_F,6474,0.8728765794709495
COn_F,6475,0.8926051301245412
COn_F,6476,0.89993362903868
COn_F,6477,0.887544787280104
COn_F,6478,0.8969420366164194
COn_F,6479,0.898609101890623
COn_F,6480,0.8907063861732493
COn_F,6481,0.8909263024323838
COn_F,6482,0.9030286297463747
COn_F,6483,0.8860600345519034
COn_F,6484,0.8911314639316865
COn_F,6485,0.8857556145150053
COn_F,6486,0.8790118757446534
COn_F,6487,0.9020211954705564
COn_F,6488,0.8807824194276245
COn_F,6489,0.8910579901873258
COn_F,6490,0.8859995385689899
COn_F,6491,0.8822247276223835
COn_F,6492,0.8704065401979191
COn_F,6493,0.909055845969784
COn_F,6494,0.8700669323825722
COn_F,6495,0.8930188359447251
COn_F,6496,0.8837667023561354
COn_F,6497,0.8903861648127475
COn_F,6498,0.8836443511420143
COn_F,6499,0.8801189076630787
COn_F,6500,0.8840821730328203
COn_F,6501,0.8768175857127508
COn_F,6502,0.8890874418560669
COn_F,6503,0.8784524272540599
COn_F,6504,0.8907642480640835
COn_F,6505,0.8774029920233333
COn_F,6506,0.8950594811760427
COn_F,6507,0.8853330967147943
COn_F,6508,0.8954608118140609
COn_F,6509,0.8854355885771211
COn_F,6510,0.8829756268251433
COn_F,6511,0.8880762876705501
COn_F,6512,0.8886316172982444
COn_F,6513,0.8921390926892592
COn_F,6514,0.8805718683039406
COn_F,6515,0.8771173856381772
COn_F,6516,0.8771822958704604
COn_F,6517,0.8855767305937758
COn_F,6518,0.8872553520463942
COn_F,6519,0.8724083675241413
COn_F,6520,0.8967979237650889
COn_F,6521,0.8827061455788098
COn_F,6522,0.8878629573251174
COn_F,6523,0.8767537470278267
COn_F,6524,0.885369828810068
COn_F,6525,0.8972046411458765
COn_F,6526,0.874743230723354
COn_F,6527,0.8987455877386084
COn_F,6528,0.8837865558732462
COn_F,6529,0.8723166818518969
COn_F,6530,0.8915149410528714
COn_F,6531,0.8886369668628697
COn_F,6532,0.8904651959761918
COn_F,6533,0.8847596894415648
COn_F,6534,0.8915045350210264
COn_F,6535,0.8856841662204992
COn_F,6536,0.861231524124961
COn_F,6537,0.887910685592468
COn_F,6538,0.8813741593394462
COn_F,6539,0.8995648725493304
COn_F,6540,0.8861870112568951
COn_F,6541,0.8809521858628685
COn_F,6542,0.8827243661525533
COn_F,6543,0.8885976665620134
COn_F,6544,0.8817984185941282
COn_F,6545,0.8983687845326322
COn_F,6546,0.877709428360632
COn_F,6547,0.8870724309864391
COn_F,6548,0.8741586067479701
COn_F,6549,0.8797227239158876
COn_F,6550,0.8733488479389934
COn_F,6551,0.8850444217872756
COn_F,6552,0.898850671182263
COn_F,6553,0.8719713833468878
COn_F,6554,0.8769422383873644
COn_F,6555,0.8688785592407386
COn_F,6556,0.8610291155982421
COn_F,6557,0.8886913373126515
COn_F,6558,0.897543204486186
COn_F,6559,0.8931307131025429
COn_F,6560,0.8663202751180271
COn_F,6561,0.8759048584742829
COn_F,6562,0.8882020719542801
COn_F,6563,0.8821772507087996
COn_F,6564,0.8947226663934945
COn_F,6565,0.8665441216387852
COn_F,6566,0.872490348592172
COn_F,6567,0.8837204196203805
COn_F,6568,0.9018004112568505
COn_F,6569,0.879511065102378
COn_F,6570,0.9007009680823472
COn_F,6571,0.8899195999457888
COn_F,6572,0.8776394599562746
COn_F,6573,0.8859351063672252
COn_F,6574,0.8877580031359046
COn_F,6575,0.8890401573939138
COn_F,6576,0.8892110315535168
COn_F,6577,0.8756165280947767
COn_F,6578,0.8816047098482305
COn_F,6579,0.8825820679858036
COn_F,6580,0.8740165151491409
COn_F,6581,0.8826177320040355
COn_F,6582,0.894218718180583
COn_F,6583,0.8865712426295281
COn_F,6584,0.9002342735749981
COn_F,6585,0.870610770833963
COn_F,6586,0.8943082482550088
COn_F,6587,0.9078766651823973
COn_F,6588,0.9018744382213623
COn_F,6589,0.8995664447811291
COn_F,6590,0.8955718513904402
COn_F,6591,0.8807899188638866
COn_F,6592,0.8778961350351189
COn_F,6593,0.8886232167078274
COn_F,6594,0.9000463704256534
COn_F,6595,0.8828670780577794
COn_F,6596,0.8885760332120519
COn_F,6597,0.8959727199635734
COn_F,6598,0.8959980798804528
COn_F,6599,0.8664782040337878
COn_F,6600,0.8867123430788441
COn_F,6601,0.8817385107542185
COn_F,6602,0.8806584038169144
COn_F,6603,0.8960056041871001
COn_F,6604,0.8799828397827365
COn_F,6605,0.8767579672514574
COn_F,6606,0.8859293231080535
COn_F,6607,0.8846248628528307
COn_F,6608,0.871445169295856
COn_F,6609,0.8839350670310931
COn_F,6610,0.8704104178023437
COn_F,6611,0.8809975553141041
COn_F,6612,0.8891590442122896
COn_F,6613,0.8873344971512411
COn_F,6614,0.8788336712953814
COn_F,6615,0.886593643149987
COn_F,6616,0.8964113500232866
COn_F,6617,0.8768137946790779
COn_F,6618,0.8713929989228943
COn_F,6619,0.8679771581002997
COn_F,6620,0.901427349454611
COn_F,6621,0.8961314725387823
COn_F,6622,0.8836444003466299
COn_F,6623,0.8824082679628878
COn_F,6624,0.9001751672217236
COn_F,6625,0.8848984609876528
COn_F,6626,0.9020474139730759
COn_F,6627,0.876577577244391
COn_F,6628,0.8898385131422386
COn_F,6629,0.8801847860843716
COn_F,6630,0.8819005273963557
COn_F,6631,0.8819280841961764
COn_F,6632,0.8937429003688662
COn_F,6633,0.8803296376592341
COn_F,6634,0.8932703261388255
COn_F,6635,0.8852915523044893
COn_F,6636,0.8819985270469569
COn_F,6637,0.8831597731859828
COn_F,6638,0.8799599431118543
COn_F,6639,0.9053911523808148
COn_F,6640,0.8955596356492503
COn_F,6641,0.897443873737768
COn_F,6642,0.8740607836812974
COn_F,6643,0.888265479737125
COn_F,6644,0.8835287766595565
COn_F,6645,0.8922575924343458
COn_F,6646,0.8927897115145313
COn_F,6647,0.8878859353963824
COn_F,6648,0.8905702126224133
COn_F,6649,0.8849462002019505
COn_F,6650,0.8806406741614142
COn_F,6651,0.8999196849259858
COn_F,6652,0.8881677652351959
COn_F,6653,0.8816339351837406
COn_F,6654,0.871617878060803
COn_F,6655,0.8840396643060341
COn_F,6656,0.8894204265266711
COn_F,6657,0.9001795286119691
COn_F,6658,0.8870243292961454
COn_F,6659,0.8854303152746096
COn_F,6660,0.9082101933206245
COn_F,6661,0.8770583422484776
COn_F,6662,0.9072283424364157
COn_F,6663,0.8909261244759162
COn_F,6664,0.898026474263895
COn_F,6665,0.8803781682830781
COn_F,6666,0.8746443164831802
COn_F,6667,0.8727668429244333
COn_F,6668,0.874503616784933
COn_F,6669,0.8867914790994291
COn_F,6670,0.8912250019557639
COn_F,6671,0.8624904414592337
COn_F,6672,0.8802872325008648
COn_F,6673,0.8969847662175117
COn_F,6674,0.8996889028849548
COn_F,6675,0.8775656406593
COn_F,6676,0.8881336701147909
COn_F,6677,0.8852906192827364
COn_F,6678,0.8924176409185197
COn_F,6679,0.8822025331171995
COn_F,6680,0.8815812546987896
COn_F,6681,0.8998322940130478
COn_F,6682,0.8630869624251863
COn_F,6683,0.888619020120489
COn_F,6684,0.871621132388017
COn_F,6685,0.8760426762894442
COn_F,6686,0.8861140152430145
COn_F,6687,0.8953729479594184
COn_F,6688,0.8904516744559535
COn_F,6689,0.8950693061369422
COn_F,6690,0.8887959726619051
COn_F,6691,0.8920747370993392
COn_F,6692,0.8968508159265971
COn_F,6693,0.87006851063353
COn_F,6694,0.8812637356279175
COn_F,6695,0.8884122533225559
COn_F,6696,0.8888387218822204
COn_F,6697,0.8887575783744701
COn_F,6698,0.8958007612817507
COn_F,6699,0.878375391075018
COn_F,6700,0.8919696964985707
COn_F,6701,0.8902625069157412
COn_F,6702,0.8911071903074694
COn_F,6703,0.8820251302798624
COn_F,6704,0.8654267799560318
COn_F,6705,0.8840028187642837
COn_F,6706,0.8662796538330831
COn_F,6707,0.8784812367130354
COn_F,6708,0.8932868740193134
COn_F,6709,0.8956348265654713
COn_F,6710,0.8994999347815743
COn_F,6711,0.8637558858161885
COn_F,6712,0.9052403658911586
COn_F,6713,0.8907126751595479
COn_F,6714,0.8886364539431002
COn_F,6715,0.8778311038715574
COn_F,6716,0.8655330274575358
COn_F,6717,0.888822488170735
COn_F,6718,0.867164182773505
COn_F,6719,0.8739854921004494
COn_F,6720,0.8828847199715021
COn_F,6721,0.8887926646379976
COn_F,6722,0.8769686969642959
COn_F,6723,0.8676829084353106
COn_F,6724,0.886119830607554
COn_F,6725,0.8993677418264268
COn_F,6726,0.8813945046021621
COn_F,6727,0.8872259411673874
COn_F,6728,0.8822541670346762
COn_F,6729,0.8621290376036206
COn_F,6730,0.8715822725668659
COn_F,6731,0.8757472772324872
COn_F,6732,0.8756227461933582
COn_F,6733,0.8891340947222498
COn_F,6734,0.8856152944781589
COn_F,6735,0.8853994163257577
COn_F,6736,0.8831244792015468
COn_F,6737,0.8980027916924053
COn_F,6738,0.8988596549390129
COn_F,6739,0.8771581629516871
COn_F,6740,0.881257358420595
COn_F,6741,0.8816920087035452
COn_F,6742,0.8636701882930301
COn_F,6743,0.8810769346035122
COn_F,6744,0.8924165744719549
COn_F,6745,0.8987189932870437
COn_F,6746,0.900595884393207
COn_F,6747,0.8953726643109974
COn_F,6748,0.8920156336987851
COn_F,6749,0.8815459683473827
COn_F,6750,0.8756050885628222
COn_F,6751,0.9021965248770359
COn_F,6752,0.87736390146746
COn_F,6753,0.8727858702545611
COn_F,6754,0.8763455875707592
COn_F,6755,0.8846282192775414
COn_F,6756,0.892789184972332
COn_F,6757,0.8842567947773596
COn_F,6758,0.884526657937355
COn_F,6759,0.8941960355892055
COn_F,6760,0.8893184747654663
COn_F,6761,0.8851654361900145
COn_F,6762,0.8600420407608249
COn_F,6763,0.8863597709739157
COn_F,6764,0.8930061529191231
COn_F,6765,0.8844750140040827
COn_F,6766,0.8868208565697531
COn_F,6767,0.8834503696279697
COn_F,6768,0.9092263751511203
COn_F,6769,0.8900440052233313
COn_F,6770,0.8955476096206139
COn_F,6771,0.8907826037726743
COn_F,6772,0.892852716898816
COn_F,6773,0.8824912394325324
COn_F,6774,0.8919842401766127
COn_F,6775,0.8883885995874636
COn_F,6776,0.8722083633380543
COn_F,6777,0.8763097626686045
COn_F,6778,0.8827563864784759
COn_F,6779,0.8805348392401247
COn_F,6780,0.8720430295769249
COn_F,6781,0.9021301579535318
COn_F,6782,0.8896439001124994
COn_F,6783,0.8943113129229182
COn_F,6784,0.8681972988901459
COn_F,6785,0.8919087088068075
COn_F,6786,0.901721494092913
COn_F,6787,0.8734516217547144
COn_F,6788,0.877117210185372
COn_F,6789,0.8754010079486835
COn_F,6790,0.8856786961285742
COn_F,6791,0.8965686395705433
COn_F,6792,0.8648209496689281
COn_F,6793,0.868566921179096
COn_F,6794,0.8913458494000129
COn_F,6795,0.8963115495391185
COn_F,6796,0.9016553760692191
COn_F,6797,0.9041327999117401
COn_F,6798,0.8914642363124239
COn_F,6799,0.8732980756169808
COn_F,6800,0.8930236139571918
COn_F,6801,0.9010059329793502
COn_F,6802,0.8911864067194136
COn_F,6803,0.8666023732482915
COn_F,6804,0.8970352798440183
COn_F,6805,0.8801217253897855
COn_F,6806,0.8767539078580677
COn_F,6807,0.8830763088112394
COn_F,6808,0.8774208862689279
COn_F,6809,0.8753934393694074
COn_F,6810,0.8868596840751337
COn_F,6811,0.9000511850405699
COn_F,6812,0.8911493955435257
COn_F,6813,0.8734200783310688
COn_F,6814,0.8924172856034943
COn_F,6815,0.8788884175073343
COn_F,6816,0.8698905984339111
COn_F,6817,0.9088306374405766
COn_F,6818,0.8903835246956914
COn_F,6819,0.883574397985754
COn_F,6820,0.8985838581561288
COn_F,6821,0.8696918924935529
COn_F,6822,0.8807656762276389
COn_F,6823,0.8883044302288173
COn_F,6824,0.8792492212360222
COn_F,6825,0.8854665676195592
COn_F,6826,0.8774038682173161
COn_F,6827,0.8931554861276062
COn_F,6828,0.9032541398277546
COn_F,6829,0.8820255114572504
COn_F,6830,0.895541701424502
COn_F,6831,0.8816523550005136
COn_F,6832,0.8931412417924068
COn_F,6833,0.8920915400750452
COn_F,6834,0.8715338291950426
COn_F,6835,0.8898647291219404
COn_F,6836,0.8925515561832956
COn_F,6837,0.8833879407932699
COn_F,6838,0.8846458416204859
COn_F,6839,0.8808533029949593
COn_F,6840,0.8987095503414303
COn_F,6841,0.902031621853965
COn_F,6842,0.8948605565777976
COn_F,6843,0.8842481546569284
COn_F,6844,0.8959034995372023
COn_F,6845,0.8891850824431987
COn_F,6846,0.8644027109781846
COn_F,6847,0.8803544781198789
COn_F,6848,0.8641389152667218
COn_F,6849,0.8667341702720628
COn_F,6850,0.8787453153994459
COn_F,6851,0.8997380086092859
COn_F,6852,0.8838588097198672
COn_F,6853,0.8747806131323004
COn_F,6854,0.8817697725520324
COn_F,6855,0.8986414350764491
COn_F,6856,0.8770738537861554
COn_F,6857,0.8974540970748391
COn_F,6858,0.8893289028517949
COn_F,6859,0.8917210583928112
COn_F,6860,0.8794998713153682
COn_F,6861,0.8671540534154846
COn_F,6862,0.871353670318724
COn_F,6863,0.8664245415892783
COn_F,6864,0.87822958479616
COn_F,6865,0.8999928195305479
COn_F,6866,0.894226642781255
COn_F,6867,0.8940841801633886
COn_F,6868,0.877267778043877
COn_F,6869,0.8820407157680079
COn_F,6870,0.8925568329225403
COn_F,6871,0.8859652290912798
COn_F,6872,0.8790464659308238
COn_F,6873,0.8880507695846687
COn_F,6874,0.877786043467044
COn_F,6875,0.868646950368329
COn_F,6876,0.8893866423164626
COn_F,6877,0.8707278542418792
COn_F,6878,0.8828578878600719
COn_F,6879,0.8907785334820059
COn_F,6880,0.8760877144574376
COn_F,6881,0.8764482745935666
COn_F,6882,0.8800489340749422
COn_F,6883,0.8938397127771369
COn_F,6884,0.8833250808051404
COn_F,6885,0.8535688660594952
COn_F,6886,0.887939177627166
COn_F,6887,0.8815632263572869
COn_F,6888,0.8956197450073269
COn_F,6889,0.9012485102687007
COn_F,6890,0.8781752791080517
COn_F,6891,0.8891748188588032
COn_F,6892,0.8904833449397821
COn_F,6893,0.8789067114470595
COn_F,6894,0.8951178194422589
COn_F,6895,0.8772418532551676
COn_F,6896,0.907470038328772
COn_F,6897,0.8894781307623987
COn_F,6898,0.8793370415278605
COn_F,6899,0.8769088635605989
COn_F,6900,0.8614836899604018
COn_F,6901,0.8913995244875449
COn_F,6902,0.8701393273753208
COn_F,6903,0.8826680092031539
COn_F,6904,0.8809766780953431
COn_F,6905,0.888823647640773
COn_F,6906,0.8847278091695179
COn_F,6907,0.8928666801627565
COn_F,6908,0.8901226511598227
COn_F,6909,0.8729565401116044
COn_F,6910,0.8791920505047471
COn_F,6911,0.9041606521215033
COn_F,6912,0.884202835611
COn_F,6913,0.9035363250446229
COn_F,6914,0.888101494876694
COn_F,6915,0.890077255682491
COn_F,6916,0.8729297428559019
COn_F,6917,0.9007222281984815
COn_F,6918,0.8782270369303621
COn_F,6919,0.8947326244575834
COn_F,6920,0.8827883850235964
COn_F,6921,0.8611419892741818
COn_F,6922,0.8962251779951311
COn_F,6923,0.882561259942718
COn_F,6924,0.8744394136480436
COn_F,6925,0.8842794099951453
COn_F,6926,0.8802116874630708
COn_F,6927,0.8805605168811246
COn_F,6928,0.9109267044710614
COn_F,6929,0.8798891438868812
COn_F,6930,0.9015239577898009
COn_F,6931,0.8964179229833965
COn_F,6932,0.8847036558388005
COn_F,6933,0.8866544866865292
COn_F,6934,0.87782827607701
COn_F,6935,0.8663284084538343
COn_F,6936,0.8892072095667993
COn_F,6937,0.8783573130643361
COn_F,6938,0.9044812461525961
COn_F,6939,0.8661149426210004
COn_F,6940,0.8789083123454536
COn_F,6941,0.8678685905000867
COn_F,6942,0.8972845331117126
COn_F,6943,0.892094087695438
COn_F,6944,0.893502342788356
COn_F,6945,0.8952094528335511
COn_F,6946,0.8660560071922596
COn_F,6947,0.8941751608590675
COn_F,6948,0.8919273315989205
COn_F,6949,0.8788078648179789
COn_F,6950,0.882088332598685
COn_F,6951,0.8708253554236169
COn_F,6952,0.8719519436417201
COn_F,6953,0.8941324446076979
COn_F,6954,0.8827533387714016
COn_F,6955,0.8839781837941326
COn_F,6956,0.8728742847521144
COn_F,6957,0.9062619963594403
COn_F,6958,0.8803807897206862
COn_F,6959,0.8925944396745648
COn_F,6960,0.8770362562309805
COn_F,6961,0.895488720835862
COn_F,6962,0.8808279247822436
COn_F,6963,0.8695128493398395
COn_F,6964,0.9042387915853711
COn_F,6965,0.8719566883123593
COn_F,6966,0.893407220412455
COn_F,6967,0.8970663521799643
COn_F,6968,0.8921766900097376
COn_F,6969,0.8853096851093563
COn_F,6970,0.8791204027203772
COn_F,6971,0.9005776552713955
COn_F,6972,0.9000305712569925
COn_F,6973,0.8842664066952892
COn_F,6974,0.888390323051447
COn_F,6975,0.8907832480421154
COn_F,6976,0.8786234671057898
COn_F,6977,0.8702266543274432
COn_F,6978,0.8805123736189183
COn_F,6979,0.8923245985540259
COn_F,6980,0.8823800593192658
COn_F,6981,0.8775238374777473
COn_F,6982,0.890695389085905
COn_F,6983,0.8847814630406936
COn_F,6984,0.8986305114872231
COn_F,6985,0.8781311870893108
COn_F,6986,0.8812068290004081
COn_F,6987,0.8928851922045062
COn_F,6988,0.899837530461587
COn_F,6989,0.8800333824408989
COn_F,6990,0.8873317354094555
COn_F,6991,0.8873812126701539
COn_F,6992,0.8931045905594545
COn_F,6993,0.8913529464159888
COn_F,6994,0.8858551421677692
COn_F,6995,0.8842001295186632
COn_F,6996,0.879493020001544
COn_F,6997,0.8767310232454456
COn_F,6998,0.8820886981584483
COn_F,6999,0.887651349231415
COn_F,7000,0.8913795651233949
COn_F,7001,0.8931589388152256
COn_F,7002,0.8532105304641301
COn_F,7003,0.8936234811953083
COn_F,7004,0.8774983707290828
COn_F,7005,0.8954447765933995
COn_F,7006,0.8916993468984894
COn_F,7007,0.8979089417148963
COn_F,7008,0.8708233046726078
COn_F,7009,0.8868517264538236
COn_F,7010,0.8956040412764574
COn_F,7011,0.8906762241605921
COn_F,7012,0.8689064676471931
COn_F,7013,0.8931465969358274
COn_F,7014,0.8684905587035154
COn_F,7015,0.8748778170655259
COn_F,7016,0.8849617374471372
COn_F,7017,0.8830725156541575
COn_F,7018,0.8855147407083057
COn_F,7019,0.8832579881178524
COn_F,7020,0.8694885636952183
COn_F,7021,0.88522839779319
COn_F,7022,0.8827640427373664
COn_F,7023,0.8924413468415329
COn_F,7024,0.8781275448636091
COn_F,7025,0.9013826521973539
COn_F,7026,0.8899001600758631
COn_F,7027,0.8955149246167844
COn_F,7028,0.9002823228018776
COn_F,7029,0.8717224091674388
COn_F,7030,0.8910183495898647
COn_F,7031,0.8838488602521448
COn_F,7032,0.8815113707524516
COn_F,7033,0.8813876141269821
COn_F,7034,0.8784825427760382
COn_F,7035,0.8988676319374611
COn_F,7036,0.8776999159692186
COn_F,7037,0.8839876185631363
COn_F,7038,0.8901489364851534
COn_F,7039,0.872428679825533
COn_F,7040,0.8916844433806893
COn_F,7041,0.8714520631131139
COn_F,7042,0.8920350859431183
COn_F,7043,0.9004760390934757
COn_F,7044,0.8839317303891973
COn_F,7045,0.8894333787923384
COn_F,7046,0.8728257985800691
COn_F,7047,0.8845515308648076
COn_F,7048,0.8803838050985703
COn_F,7049,0.885371303794624
COn_F,7050,0.8869005899614801
COn_F,7051,0.8932639556040414
COn_F,7052,0.8803107026972805
COn_F,7053,0.8770895649916723
COn_F,7054,0.889159062547038
COn_F,7055,0.8787216748732272
COn_F,7056,0.8817432148598549
COn_F,7057,0.8672741293601645
COn_F,7058,0.8755412707402881
COn_F,7059,0.8918717616858302
COn_F,7060,0.8925872748044947
COn_F,7061,0.890698469714846
COn_F,7062,0.8930252049390911
COn_F,7063,0.8741743519961215
COn_F,7064,0.8862020751766659
COn_F,7065,0.8855106862705112
COn_F,7066,0.8893532736783826
COn_F,7067,0.9088078562037526
COn_F,7068,0.8977732786031497
COn_F,7069,0.8677509908091948
COn_F,7070,0.8829230369355304
COn_F,7071,0.8782311007330289
COn_F,7072,0.8662192382978148
COn_F,7073,0.8917348159358953
COn_F,7074,0.8696218807240484
COn_F,7075,0.8938627562697004
COn_F,7076,0.8857670824350775
COn_F,7077,0.883420536640417
COn_F,7078,0.8812747800666135
COn_F,7079,0.8880193261814916
COn_F,7080,0.8892745201522367
COn_F,7081,0.8922947524935656
COn_F,7082,0.8786358766459168
COn_F,7083,0.8830936920429749
COn_F,7084,0.8758290436356776
COn_F,7085,0.8985664737096712
COn_F,7086,0.8872193714415298
COn_F,7087,0.8967117733171188
COn_F,7088,0.8894320397119587
COn_F,7089,0.8865595482334867
COn_F,7090,0.8796830459895656
COn_F,7091,0.8834049271789048
COn_F,7092,0.8901064138897276
COn_F,7093,0.8633666755108805
COn_F,7094,0.8796188574629062
COn_F,7095,0.8839931881639727
COn_F,7096,0.8819318363864936
COn_F,7097,0.8957545355142948
COn_F,7098,0.8769698299640757
COn_F,7099,0.8779468605333658
COn_F,7100,0.8815418746706281
COn_F,7101,0.8707868141489568
COn_F,7102,0.8625857687614771
COn_F,7103,0.8967165979012852
COn_F,7104,0.8933629029124485
COn_F,7105,0.8783106937276226
COn_F,7106,0.8806525145458755
COn_F,7107,0.9057523503934979
COn_F,7108,0.8906526292012932
COn_F,7109,0.9011596623601958
COn_F,7110,0.8803139252791512
COn_F,7111,0.8725491741396354
COn_F,7112,0.8914497594995285
COn_F,7113,0.8870239085373572
COn_F,7114,0.8821180330545025
COn_F,7115,0.8952452229116116
COn_F,7116,0.892544008840214
COn_F,7117,0.8890393952860426
COn_F,7118,0.8837082309550679
COn_F,7119,0.8854513969542086
COn_F,7120,0.8875414252722889
COn_F,7121,0.8868308929956571
COn_F,7122,0.8798160138485237
COn_F,7123,0.8843105048148282
COn_F,7124,0.9018411163306134
COn_F,7125,0.881874933341428
COn_F,7126,0.8887355051176967
COn_F,7127,0.9022520635451037
COn_F,7128,0.8794033726627897
COn_F,7129,0.8782285720866614
COn_F,7130,0.883874987314809
COn_F,7131,0.8806122171691877
COn_F,7132,0.8758492731844145
COn_F,7133,0.8707373236916842
COn_F,7134,0.8805388824144232
COn_F,7135,0.8955022164502059
COn_F,7136,0.8813260681467193
COn_F,7137,0.8683292078958091
COn_F,7138,0.8952246869731366
COn_F,7139,0.8911020531422876
COn_F,7140,0.884827494933894
COn_F,7141,0.8815365984500969
COn_F,7142,0.8800371096874879
COn_F,7143,0.8767005989566935
COn_F,7144,0.8824980666898524
COn_F,7145,0.8946358165981703
COn_F,7146,0.8674097135737618
COn_F,7147,0.8893726718599461
COn_F,7148,0.86670833983792
COn_F,7149,0.8808071280613559
COn_F,7150,0.8772552552349528
COn_F,7151,0.8962812396027316
COn_F,7152,0.8852202229328615
COn_F,7153,0.8651780502456065
COn_F,7154,0.8967788322985475
COn_F,7155,0.8787742185194274
COn_F,7156,0.8819298527200828
COn_F,7157,0.8805949114242657
COn_F,7158,0.887125917448252
COn_F,7159,0.8854517387581304
COn_F,7160,0.8826277927469095
COn_F,7161,0.8895103556091165
COn_F,7162,0.8719182233283521
COn_F,7163,0.8710342576644342
COn_F,7164,0.8810537224381703
COn_F,7165,0.8837988984470356
COn_F,7166,0.883199266198595
COn_F,7167,0.8842749087831286
COn_F,7168,0.8898642580913441
COn_F,7169,0.8862498401793806
COn_F,7170,0.8984879235716073
COn_F,7171,0.8632395291680899
COn_F,7172,0.9002192031801441
COn_F,7173,0.8889839482972454
COn_F,7174,0.874776869250012
COn_F,7175,0.8874123930843475
COn_F,7176,0.873127969878159
COn_F,7177,0.8976666185006967
COn_F,7178,0.8876710392703068
COn_F,7179,0.9032946125353455
COn_F,7180,0.8618953077050818
COn_F,7181,0.8809516827798859
COn_F,7182,0.8709340798153102
COn_F,7183,0.8847489926825515
COn_F,7184,0.8674546219013062
COn_F,7185,0.8817541630656537
COn_F,7186,0.8785315476934346
COn_F,7187,0.880747215319925
COn_F,7188,0.8888852650756117
COn_F,7189,0.8939388941737609
COn_F,7190,0.8832642150217506
COn_F,7191,0.8695863948098834
COn_F,7192,0.8732915576352206
COn_F,7193,0.8936823063456563
COn_F,7194,0.8856521362330083
COn_F,7195,0.881183719776944
COn_F,7196,0.8888995074700946
COn_F,7197,0.8697525768951
COn_F,7198,0.8999637905659519
COn_F,7199,0.8850001141712912
COn_F,7200,0.8673757001554006
COn_F,7201,0.8777163638696827
COn_F,7202,0.8906270476537664
COn_F,7203,0.8958681303609756
COn_F,7204,0.8831146482737283
COn_F,7205,0.891245005421505
COn_F,7206,0.8924880624064743
COn_F,7207,0.8674825708199176
COn_F,7208,0.8711299118134482
COn_F,7209,0.8865640169748306
COn_F,7210,0.8754440586072731
COn_F,7211,0.872742616741954
COn_F,7212,0.8913115716745524
COn_F,7213,0.8995055538936993
COn_F,7214,0.8700635568508721
COn_F,7215,0.8934269427656145
COn_F,7216,0.8894241587445316
COn_F,7217,0.8779502410083112
COn_F,7218,0.8634932464847375
COn_F,7219,0.8786726402236067
COn_F,7220,0.8677463886079255
COn_F,7221,0.8850206398827476
COn_F,7222,0.87991901850721
COn_F,7223,0.8824466678553496
COn_F,7224,0.887041433874195
COn_F,7225,0.8572929546632322
COn_F,7226,0.8893445859303977
COn_F,7227,0.8858089683645551
COn_F,7228,0.8932596872721124
COn_F,7229,0.8874914979679719
COn_F,7230,0.8845018016076639
COn_F,7231,0.898249005905788
COn_F,7232,0.8761405357223623
COn_F,7233,0.8901510197130668
COn_F,7234,0.8678092020029421
COn_F,7235,0.8813231805051492
COn_F,7236,0.8757985761883206
COn_F,7237,0.8668393218284036
COn_F,7238,0.8797238583574317
COn_F,7239,0.8789778407879005
COn_F,7240,0.8856653002529474
COn_F,7241,0.8795594359748425
COn_F,7242,0.8889832787353655
COn_F,7243,0.8795302132173504
COn_F,7244,0.8829910658197998
COn_F,7245,0.8923318063179304
COn_F,7246,0.8858895508956067
COn_F,7247,0.8906088756405786
COn_F,7248,0.8861649113194879
COn_F,7249,0.8932037222506722
COn_F,7250,0.8876716296517809
COn_F,7251,0.8966169091723879
COn_F,7252,0.8791921080632945
COn_F,7253,0.8720175748462046
COn_F,7254,0.8935764382635035
COn_F,7255,0.8856602823815513
COn_F,7256,0.8878796091487055
COn_F,7257,0.8891236693108862
COn_F,7258,0.8786489704040451
COn_F,7259,0.8721741093886046
COn_F,7260,0.8877182772749068
COn_F,7261,0.8927592033110475
COn_F,7262,0.8677879487165778
COn_F,7263,0.8965700366719523
COn_F,7264,0.8867630547083005
COn_F,7265,0.8809791759878385
COn_F,7266,0.8779507541012072
COn_F,7267,0.8916057999172913
COn_F,7268,0.8746949849519939
COn_F,7269,0.8788584095341827
COn_F,7270,0.8914286278489542
COn_F,7271,0.8811819093870187
COn_F,7272,0.8896931249475568
COn_F,7273,0.8651577190509324
COn_F,7274,0.8886836862941015
COn_F,7275,0.8904935699484575
COn_F,7276,0.8886647225410502
COn_F,7277,0.8907009065539849
COn_F,7278,0.8825950515927167
COn_F,7279,0.8935325159590618
COn_F,7280,0.8945142569539899
COn_F,7281,0.8793909406203425
COn_F,7282,0.8955339433193364
COn_F,7283,0.8944331237595021
COn_F,7284,0.8881024638985807
COn_F,7285,0.8807377126551283
COn_F,7286,0.8820698336205905
COn_F,7287,0.8971565835554361
COn_F,7288,0.8781515871735889
COn_F,7289,0.8830570503985605
COn_F,7290,0.8836215417321062
COn_F,7291,0.8908609008752473
COn_F,7292,0.8813490012543689
COn_F,7293,0.8684723742136758
COn_F,7294,0.8931017710094854
COn_F,7295,0.8844445859742152
COn_F,7296,0.8849806697671291
COn_F,7297,0.883008240439432
COn_F,7298,0.8673022672751594
COn_F,7299,0.8817712704466117
COn_F,7300,0.8761125451639971
COn_F,7301,0.8876228226990082
COn_F,7302,0.8784991513595074
COn_F,7303,0.8911546496011196
COn_F,7304,0.8907603990655131
COn_F,7305,0.8773772209233348
COn_F,7306,0.8917673427880993
COn_F,7307,0.8741091262877511
COn_F,7308,0.8956943707769627
COn_F,7309,0.888306886637056
COn_F,7310,0.8852319354082969
COn_F,7311,0.8984038611337832
COn_F,7312,0.880093822189701
COn_F,7313,0.899862670750801
COn_F,7314,0.8823848235484242
COn_F,7315,0.8757813918630821
COn_F,7316,0.8953582596875369
COn_F,7317,0.8847310388590058
COn_F,7318,0.8963069899492562
COn_F,7319,0.8731238071438264
COn_F,7320,0.8740492665535471
COn_F,7321,0.8961765974329247
COn_F,7322,0.874186046479243
COn_F,7323,0.8887886107061431
COn_F,7324,0.8871835514386855
COn_F,7325,0.8809854695226648
COn_F,7326,0.9061656949775164
COn_F,7327,0.8946345061030282
COn_F,7328,0.881579500672515
COn_F,7329,0.8609163019899911
COn_F,7330,0.9051621702225007
COn_F,7331,0.9005212391889628
COn_F,7332,0.8807898031968611
COn_F,7333,0.880184465244232
COn_F,7334,0.8979479258749248
COn_F,7335,0.8802902444594236
COn_F,7336,0.8948877906943228
COn_F,7337,0.8921247435962468
COn_F,7338,0.8862091073592943
COn_F,7339,0.8860232278044249
COn_F,7340,0.8781201581608652
COn_F,7341,0.8918159635119544
COn_F,7342,0.8867139945705059
COn_F,7343,0.9033725132885423
COn_F,7344,0.8821206118591718
COn_F,7345,0.868349187761457
COn_F,7346,0.8809368056914154
COn_F,7347,0.8949277756288939
COn_F,7348,0.8815349115155007
COn_F,7349,0.8866191380578036
COn_F,7350,0.8706846029290245
COn_F,7351,0.8774414162256574
COn_F,7352,0.8898443533168868
COn_F,7353,0.9058080009137133
COn_F,7354,0.8744728918944528
COn_F,7355,0.8923013379984339
COn_F,7356,0.8865532939039921
COn_F,7357,0.8714954889527103
COn_F,7358,0.884589523331595
COn_F,7359,0.8883572969184591
COn_F,7360,0.8859250203780965
COn_F,7361,0.8694165548483183
COn_F,7362,0.8891771306276329
COn_F,7363,0.884097024587915
COn_F,7364,0.8946935359311249
COn_F,7365,0.8845176805365004
COn_F,7366,0.9120330261215693
COn_F,7367,0.8773063747845674
COn_F,7368,0.8848256562715116
COn_F,7369,0.8819435599375303
COn_F,7370,0.8878155049151055
COn_F,7371,0.8915818083434831
COn_F,7372,0.8887233001233179
COn_F,7373,0.88103291180503
COn_F,7374,0.8961341495275851
COn_F,7375,0.8988361869343079
COn_F,7376,0.871910668289309
COn_F,7377,0.8639342678383768
COn_F,7378,0.8968687714203246
COn_F,7379,0.8791855692614646
COn_F,7380,0.8741987714691404
COn_F,7381,0.8956949121286781
COn_F,7382,0.8771530242535601
COn_F,7383,0.8655459313121724
COn_F,7384,0.8829511995414933
COn_F,7385,0.8788250499757952
COn_F,7386,0.8844228427594025
COn_F,7387,0.8823889334861234
COn_F,7388,0.8848599807334736
COn_F,7389,0.8792045080148231
COn_F,7390,0.8711224949142714
COn_F,7391,0.8950818005955284
COn_F,7392,0.8657882163868248
COn_F,7393,0.8842882274350927
COn_F,7394,0.8823424452009115
COn_F,7395,0.8846336727597849
COn_F,7396,0.8919238461467284
COn_F,7397,0.8788370580999926
COn_F,7398,0.8766533784943656
COn_F,7399,0.8789662813668275
COn_F,7400,0.8954781612420439
COn_F,7401,0.8768863369762023
COn_F,7402,0.892804771139175
COn_F,7403,0.8852260748260733
COn_F,7404,0.880465470237245
COn_F,7405,0.887083710552886
COn_F,7406,0.8856444024956532
COn_F,7407,0.8835396895566235
COn_F,7408,0.8792281021777942
COn_F,7409,0.8841702535051476
COn_F,7410,0.8950040183067965
COn_F,7411,0.863209083494808
COn_F,7412,0.8855586170077562
COn_F,7413,0.8738411844443986
COn_F,7414,0.8927945117744441
COn_F,7415,0.8694101472222764
COn_F,7416,0.8888624331100473
COn_F,7417,0.8994967380719103
COn_F,7418,0.878541253052423
COn_F,7419,0.9013749897789055
COn_F,7420,0.8806091210019837
COn_F,7421,0.8676956227175713
COn_F,7422,0.8743834867989436
COn_F,7423,0.8872675668603961
COn_F,7424,0.8894740344957754
COn_F,7425,0.8841890524670323
COn_F,7426,0.8904288171980388
COn_F,7427,0.896006889312367
COn_F,7428,0.9050220822129935
COn_F,7429,0.890946937810372
COn_F,7430,0.8655669269838341
COn_F,7431,0.8860706079792201
COn_F,7432,0.8805958159035702
COn_F,7433,0.8797356950113968
COn_F,7434,0.8779487535482652
COn_F,7435,0.8775428342827327
COn_F,7436,0.8961712005716245
COn_F,7437,0.8908792625349321
COn_F,7438,0.8810191827058123
COn_F,7439,0.8992989915102827
COn_F,7440,0.9017381574237255
COn_F,7441,0.880722852630044
COn_F,7442,0.8843013205446825
COn_F,7443,0.8887184969970049
COn_F,7444,0.88080083062585
COn_F,7445,0.8737419086731111
COn_F,7446,0.882702105546616
COn_F,7447,0.893552132824975
COn_F,7448,0.8844316023592708
COn_F,7449,0.9011261504662291
COn_F,7450,0.9024658946365027
COn_F,7451,0.8811647214026539
COn_F,7452,0.9038274249498217
COn_F,7453,0.8803479384166567
COn_F,7454,0.882481135248273
COn_F,7455,0.8906877722430725
COn_F,7456,0.8712791204103679
COn_F,7457,0.8799373029415374
COn_F,7458,0.8758199057907164
COn_F,7459,0.8929765159537134
COn_F,7460,0.8687391923789074
COn_F,7461,0.8965954719300944
COn_F,7462,0.8741123499339502
COn_F,7463,0.8802512736968753
COn_F,7464,0.8793458238700452
COn_F,7465,0.8951931071537798
COn_F,7466,0.8685308663745958
COn_F,7467,0.8939868539097774
COn_F,7468,0.8875826183347703
COn_F,7469,0.897456769282222
COn_F,7470,0.889328942217406
COn_F,7471,0.884579784907697
COn_F,7472,0.8789032881905318
COn_F,7473,0.8876176350688182
COn_F,7474,0.8897797298752465
COn_F,7475,0.8868007280150257
COn_F,7476,0.8796291619809861
COn_F,7477,0.8840677772895622
COn_F,7478,0.8948324413321188
COn_F,7479,0.8934751657495474
COn_F,7480,0.903280563925585
COn_F,7481,0.8752870167858443
COn_F,7482,0.884546819621671
COn_F,7483,0.8808163225150047
COn_F,7484,0.8723224666284723
COn_F,7485,0.8698959814687351
COn_F,7486,0.883415656771517
COn_F,7487,0.8899946851345896
COn_F,7488,0.8839209979309821
COn_F,7489,0.8954176809028543
COn_F,7490,0.8721368732158616
COn_F,7491,0.8974819821506247
COn_F,7492,0.8892022505635268
COn_F,7493,0.8798947991558271
COn_F,7494,0.8732947811346963
COn_F,7495,0.8808234977125231
COn_F,7496,0.8926092165317809
COn_F,7497,0.9038187806825357
COn_F,7498,0.8952036645903076
COn_F,7499,0.8685820765182214
COn_F,7500,0.8966359906284218
COn_F,7501,0.8890865186582299
COn_F,7502,0.8696909297854544
COn_F,7503,0.8830682912091039
COn_F,7504,0.8716450043134897
COn_F,7505,0.8764655837941687
COn_F,7506,0.899608074304268
COn_F,7507,0.9024944215697105
COn_F,7508,0.8884185697637148
COn_F,7509,0.8823614077719256
COn_F,7510,0.8848861348305844
COn_F,7511,0.8789005187625737
COn_F,7512,0.876574810093652
COn_F,7513,0.87454184979166
COn_F,7514,0.8973461629198973
COn_F,7515,0.8888286642758414
COn_F,7516,0.8846493715906766
COn_F,7517,0.8955138480409538
COn_F,7518,0.886153818678743
COn_F,7519,0.8835928909459642
COn_F,7520,0.8799321602513387
COn_F,7521,0.8896384865894446
COn_F,7522,0.8727127433696581
COn_F,7523,0.8838913956601745
COn_F,7524,0.8804950735690833
COn_F,7525,0.8874973277187419
COn_F,7526,0.8764900628753712
COn_F,7527,0.8875937889439032
COn_F,7528,0.8897196006961561
COn_F,7529,0.8851745035147963
COn_F,7530,0.8851099775501882
COn_F,7531,0.8927517818673484
COn_F,7532,0.891513282386234
COn_F,7533,0.8825316200220917
COn_F,7534,0.8703651395583666
COn_F,7535,0.8686752480000038
COn_F,7536,0.9066533412116794
COn_F,7537,0.9043612830900146
COn_F,7538,0.8908381327336592
COn_F,7539,0.9131248308850205
COn_F,7540,0.8818523694974825
COn_F,7541,0.8925812463412078
COn_F,7542,0.8668449935836975
COn_F,7543,0.8792420406264687
COn_F,7544,0.8716471137775396
COn_F,7545,0.8802010852803909
COn_F,7546,0.8925573426464334
COn_F,7547,0.8777523382755504
COn_F,7548,0.8829581739862103
COn_F,7549,0.8883286432526394
COn_F,7550,0.8892238800061338
COn_F,7551,0.87980689237497
COn_F,7552,0.8799337776287343
COn_F,7553,0.8691228110376855
COn_F,7554,0.8732059844957495
COn_F,7555,0.8952495000802706
COn_F,7556,0.8885461885814133
COn_F,7557,0.8875575131459016
COn_F,7558,0.8816661973797667
COn_F,7559,0.8795424833744997
COn_F,7560,0.903940698801509
COn_F,7561,0.8769673227930997
COn_F,7562,0.8943637631366069
COn_F,7563,0.8974204976679571
COn_F,7564,0.8819873669581703
COn_F,7565,0.8768234565850828
COn_F,7566,0.8881031303002768
COn_F,7567,0.8802445879667046
COn_F,7568,0.8784837028519853
COn_F,7569,0.870913518672007
COn_F,7570,0.8652198075173175
COn_F,7571,0.8864550756163445
COn_F,7572,0.8991179302910721
COn_F,7573,0.8790800714846435
COn_F,7574,0.8834710011062247
COn_F,7575,0.8835719217403222
COn_F,7576,0.8927437773365732
COn_F,7577,0.8899355425316785
COn_F,7578,0.888135158048016
COn_F,7579,0.8814761738879108
COn_F,7580,0.8875843038819696
COn_F,7581,0.8966529619938359
COn_F,7582,0.8987387313935618
COn_F,7583,0.8851811848906247
COn_F,7584,0.8896777415581654
COn_F,7585,0.9067803092699279
COn_F,7586,0.8849053309703185
COn_F,7587,0.8848072486021581
COn_F,7588,0.8877565814512245
COn_F,7589,0.8649685961282361
COn_F,7590,0.875716498255018
COn_F,7591,0.8712631299620389
COn_F,7592,0.8901372978325187
COn_F,7593,0.8717856568711904
COn_F,7594,0.8878530040688667
COn_F,7595,0.886759244221064
COn_F,7596,0.8933938238755534
COn_F,7597,0.8917514717675527
COn_F,7598,0.8725306281815263
COn_F,7599,0.8709776057764808
COn_F,7600,0.8858027238916815
COn_F,7601,0.8857591054678398
COn_F,7602,0.8957545305995737
COn_F,7603,0.8881404340426498
COn_F,7604,0.8892804384343368
COn_F,7605,0.893270897007847
COn_F,7606,0.8820035523772164
COn_F,7607,0.8865035510782393
COn_F,7608,0.8805555995006188
COn_F,7609,0.8918006395500486
COn_F,7610,0.8891451778612249
COn_F,7611,0.86620291339612
COn_F,7612,0.8929952167732531
COn_F,7613,0.8911766114817847
COn_F,7614,0.8839037694435727
COn_F,7615,0.8804714065865156
COn_F,7616,0.8870514821316183
COn_F,7617,0.8927765270492812
COn_F,7618,0.8669649722591757
COn_F,7619,0.9041165701429602
COn_F,7620,0.881118330135008
COn_F,7621,0.8706647124831356
COn_F,7622,0.8788361084247394
COn_F,7623,0.8833694098622318
COn_F,7624,0.8860596033186822
COn_F,7625,0.8939607679160174
COn_F,7626,0.9049485007483912
COn_F,7627,0.8979557653703604
COn_F,7628,0.8874970057867841
COn_F,7629,0.8773282734466915
COn_F,7630,0.8858192429646898
COn_F,7631,0.869312691410997
COn_F,7632,0.8782766513603817
COn_F,7633,0.8961030934930371
COn_F,7634,0.8892330002800233
COn_F,7635,0.8844981594101806
COn_F,7636,0.869212294029329
COn_F,7637,0.8896687412615395
COn_F,7638,0.8825476767612043
COn_F,7639,0.8849723546036571
COn_F,7640,0.8855748900045544
COn_F,7641,0.873388202798781
COn_F,7642,0.8951309984474413
COn_F,7643,0.8944125038792332
COn_F,7644,0.8927861244237948
COn_F,7645,0.8848342243865347
COn_F,7646,0.8866836178023302
COn_F,7647,0.8802354491004432
COn_F,7648,0.8825351419463306
COn_F,7649,0.8799684732244766
COn_F,7650,0.8867268192970752
COn_F,7651,0.8832598747848577
COn_F,7652,0.88954956904412
COn_F,7653,0.8929039542852221
COn_F,7654,0.8761989514211027
COn_F,7655,0.8770617389188
COn_F,7656,0.8884756721353793
COn_F,7657,0.8631594231571099
COn_F,7658,0.8816065004330703
COn_F,7659,0.8788860928710125
COn_F,7660,0.8934948684977875
COn_F,7661,0.8885833509593078
COn_F,7662,0.8739658261156498
COn_F,7663,0.883438790492778
COn_F,7664,0.8702349060294637
COn_F,7665,0.8906934414707959
COn_F,7666,0.8814860323725394
COn_F,7667,0.8813620485174137
COn_F,7668,0.8680768024399351
COn_F,7669,0.8849709029549523
COn_F,7670,0.8960667184888816
COn_F,7671,0.8853003518103459
COn_F,7672,0.8820147731357278
COn_F,7673,0.8928038287512073
COn_F,7674,0.8615224097286195
COn_F,7675,0.9013470335304851
COn_F,7676,0.8838786644152478
COn_F,7677,0.9013941938341457
COn_F,7678,0.8755778104475355
COn_F,7679,0.8665248541722845
COn_F,7680,0.8923729854514757
COn_F,7681,0.8947146016814604
COn_F,7682,0.8952382392304593
COn_F,7683,0.8935419405039696
COn_F,7684,0.8786145802961011
COn_F,7685,0.8862363177824283
COn_F,7686,0.8946225591420366
COn_F,7687,0.8946863222092879
COn_F,7688,0.8819807777686574
COn_F,7689,0.870472231982515
COn_F,7690,0.8853859006417245
COn_F,7691,0.8778658292187765
COn_F,7692,0.8744950700799887
COn_F,7693,0.8841256555068921
COn_F,7694,0.8855554055040746
COn_F,7695,0.8704124778475325
COn_F,7696,0.8822146989177204
COn_F,7697,0.8872612667908365
COn_F,7698,0.8833425503606692
COn_F,7699,0.8858574278151441
COn_F,7700,0.876788732017539
COn_F,7701,0.8875261527421034
COn_F,7702,0.8825304351659259
COn_F,7703,0.8989879459888609
COn_F,7704,0.8803294817691633
COn_F,7705,0.8907187425792585
COn_F,7706,0.8863653627576655
COn_F,7707,0.9059787714008642
COn_F,7708,0.8669115832769319
COn_F,7709,0.886505767933292
COn_F,7710,0.886379720324411
COn_F,7711,0.8821450092616495
COn_F,7712,0.884423373796507
COn_F,7713,0.8815455508181701
COn_F,7714,0.8847424233939843
COn_F,7715,0.8837170085735414
COn_F,7716,0.8853004146117348
COn_F,7717,0.8907259149849002
COn_F,7718,0.8959151826328736
COn_F,7719,0.8972941081363327
COn_F,7720,0.8877993197587198
COn_F,7721,0.8844433819872533
COn_F,7722,0.8857228556602752
COn_F,7723,0.8934815961817889
COn_F,7724,0.8802562080573102
COn_F,7725,0.8899938385593591
COn_F,7726,0.890238376869964
COn_F,7727,0.8916999019772355
COn_F,7728,0.8863486545597654
COn_F,7729,0.8807235918148916
COn_F,7730,0.8829300669258848
COn_F,7731,0.8902071029985145
COn_F,7732,0.8865108421905485
COn_F,7733,0.8652664834280943
COn_F,7734,0.8830583001837201
COn_F,7735,0.8777321539850551
COn_F,7736,0.8838899904625993
COn_F,7737,0.8906763103583537
COn_F,7738,0.8893136495386965
COn_F,7739,0.8870987524460916
COn_F,7740,0.8997915346667447
COn_F,7741,0.8978258815170087
COn_F,7742,0.8872285103966256
COn_F,7743,0.877194989659874
COn_F,7744,0.8970286158860539
COn_F,7745,0.8932333929979009
COn_F,7746,0.876831712578329
COn_F,7747,0.8944857162270408
COn_F,7748,0.8808658843933518
COn_F,7749,0.8791647973646147
COn_F,7750,0.8868102968824862
COn_F,7751,0.892200757022012
COn_F,7752,0.9102773117759765
COn_F,7753,0.8849002752976834
COn_F,7754,0.8929666437774412
COn_F,7755,0.8822170905420451
COn_F,7756,0.8865096204146595
COn_F,7757,0.8737256503200298
COn_F,7758,0.8959982617589869
COn_F,7759,0.8646677122471127
COn_F,7760,0.8878818848879577
COn_F,7761,0.8766972973610226
COn_F,7762,0.8900971117238163
COn_F,7763,0.8966557077578806
COn_F,7764,0.8971798532511642
COn_F,7765,0.8745938454523807
COn_F,7766,0.8870412081600346
COn_F,7767,0.8791996457662364
COn_F,7768,0.9180087035005918
COn_F,7769,0.8788457340169797
COn_F,7770,0.8905059241302726
COn_F,7771,0.8930479871380377
COn_F,7772,0.8966897886520564
COn_F,7773,0.8883860800938903
COn_F,7774,0.8922456947451729
COn_F,7775,0.8886557887848241
COn_F,7776,0.8792153429268771
COn_F,7777,0.8838612158630067
COn_F,7778,0.8803826665532378
COn_F,7779,0.8784937975299277
COn_F,7780,0.8937611256623258
COn_F,7781,0.8873635536113561
COn_F,7782,0.8862051099369813
COn_F,7783,0.8914329387515464
COn_F,7784,0.9001090049614398
COn_F,7785,0.8755908031484245
COn_F,7786,0.8839205616051092
COn_F,7787,0.896519856412327
COn_F,7788,0.8818530501226002
COn_F,7789,0.8928410928434416
COn_F,7790,0.8879391644532085
COn_F,7791,0.8990856427746747
COn_F,7792,0.8793096778011569
COn_F,7793,0.8845858862197187
COn_F,7794,0.8960058793251523
COn_F,7795,0.8811403539767755
COn_F,7796,0.8860172279783993
COn_F,7797,0.8788793150410771
COn_F,7798,0.8963372087040502
COn_F,7799,0.8714675897146904
COn_F,7800,0.8911949578591801
COn_F,7801,0.8811484194186898
COn_F,7802,0.8727283797196624
COn_F,7803,0.8888177109031874
COn_F,7804,0.8766305975038661
COn_F,7805,0.8809414156892299
COn_F,7806,0.8832644006226843
COn_F,7807,0.8933935204782986
COn_F,7808,0.8720964163050905
COn_F,7809,0.8689737253824794
COn_F,7810,0.8762301719236094
COn_F,7811,0.8910438454609975
COn_F,7812,0.8654732905818406
COn_F,7813,0.8832163452419567
COn_F,7814,0.8944065131994926
COn_F,7815,0.8620890845137311
COn_F,7816,0.8893352692137296
COn_F,7817,0.8860976305476319
COn_F,7818,0.8739142491297327
COn_F,7819,0.889298558499047
COn_F,7820,0.8821203892883132
COn_F,7821,0.888989415202677
COn_F,7822,0.8719627881660447
COn_F,7823,0.8792148139004066
COn_F,7824,0.8834959570447152
COn_F,7825,0.8924417746507738
COn_F,7826,0.8858028297792198
COn_F,7827,0.8888807729906956
COn_F,7828,0.8774057935900025
COn_F,7829,0.8771818863361193
COn_F,7830,0.8907173633370732
COn_F,7831,0.8901748881432128
COn_F,7832,0.8955890926064171
COn_F,7833,0.8830024995941925
COn_F,7834,0.8729409581484445
COn_F,7835,0.9173531167259705
COn_F,7836,0.8985054517087144
COn_F,7837,0.8825324737291458
COn_F,7838,0.8836157131734129
COn_F,7839,0.8754559559383089
COn_F,7840,0.8729625540082977
COn_F,7841,0.8767185704992005
COn_F,7842,0.8911198185948171
COn_F,7843,0.8627927460869054
COn_F,7844,0.8795948043163155
COn_F,7845,0.8849133944909989
COn_F,7846,0.8710144844272935
COn_F,7847,0.8895657003228492
COn_F,7848,0.8975739212352308
COn_F,7849,0.8839583881493577
COn_F,7850,0.8902800810274745
COn_F,7851,0.8823266821679231
COn_F,7852,0.8863748147501646
COn_F,7853,0.8744014076580265
COn_F,7854,0.8962983687370357
COn_F,7855,0.8972440818378623
COn_F,7856,0.8885214237047676
COn_F,7857,0.881129417268897
COn_F,7858,0.87267740850457
COn_F,7859,0.8791796100863596
COn_F,7860,0.8799080402744751
COn_F,7861,0.8906194848788793
COn_F,7862,0.8830160121923001
COn_F,7863,0.882754798001673
COn_F,7864,0.8810024498073756
COn_F,7865,0.9030038411425647
COn_F,7866,0.8894731623567157
COn_F,7867,0.8921012301781704
COn_F,7868,0.896547864454471
COn_F,7869,0.87823331506971
COn_F,7870,0.8699980441565821
COn_F,7871,0.8756602590355195
COn_F,7872,0.8807343006638609
COn_F,7873,0.8878959679850809
COn_F,7874,0.8886858875297805
COn_F,7875,0.8846437026711019
COn_F,7876,0.8940854123488738
COn_F,7877,0.8780631088220263
COn_F,7878,0.879687866897426
COn_F,7879,0.8857496037934737
COn_F,7880,0.8778814386210738
COn_F,7881,0.8827662519765613
COn_F,7882,0.8978503904697829
COn_F,7883,0.8767562862930277
COn_F,7884,0.880526093467101
COn_F,7885,0.8917473264117305
COn_F,7886,0.8749024475488204
COn_F,7887,0.8815708165212011
COn_F,7888,0.8968808326418417
COn_F,7889,0.9133135368238104
COn_F,7890,0.8861408645117951
COn_F,7891,0.8825450599386571
COn_F,7892,0.8862256479309645
COn_F,7893,0.8765295336132907
COn_F,7894,0.8775210957029073
COn_F,7895,0.8854776949117289
COn_F,7896,0.8933692580867145
COn_F,7897,0.8683192056345239
COn_F,7898,0.8812237180990803
COn_F,7899,0.871803852915755
COn_F,7900,0.8967333713999955
COn_F,7901,0.8658253534774115
COn_F,7902,0.8864993255005796
COn_F,7903,0.8968007206324043
COn_F,7904,0.88570501992445
COn_F,7905,0.8972872588893913
COn_F,7906,0.9034351709602998
COn_F,7907,0.9023315422845264
COn_F,7908,0.898077391432943
COn_F,7909,0.8844576159019484
COn_F,7910,0.8827739530953017
COn_F,7911,0.8969743803519762
COn_F,7912,0.870341870622375
COn_F,7913,0.8989135291243803
COn_F,7914,0.8900611996476437
COn_F,7915,0.8982926164886934
COn_F,7916,0.878807996129748
COn_F,7917,0.892036096497124
COn_F,7918,0.8732254410137334
COn_F,7919,0.8820729366703125
COn_F,7920,0.8961765183585934
COn_F,7921,0.8915821899273736
COn_F,7922,0.8667437679299791
COn_F,7923,0.8837059956476457
COn_F,7924,0.9049317184111887
COn_F,7925,0.8643439348918018
COn_F,7926,0.8916041527594126
COn_F,7927,0.8919013669554552
COn_F,7928,0.8916466987961115
COn_F,7929,0.885387082383319
COn_F,7930,0.888697708914913
COn_F,7931,0.9032465259286259
COn_F,7932,0.8802473008887617
COn_F,7933,0.8844619776769934
COn_F,7934,0.8960905270702202
COn_F,7935,0.8888565880837143
COn_F,7936,0.886245752475253
COn_F,7937,0.8869863299185818
COn_F,7938,0.8900532298198124
COn_F,7939,0.875198202950472
COn_F,7940,0.8816810173618632
COn_F,7941,0.8948898546614132
COn_F,7942,0.8791794644472049
COn_F,7943,0.8786827174505704
COn_F,7944,0.8853100703410731
COn_F,7945,0.8984858034235575
COn_F,7946,0.8927162249176973
COn_F,7947,0.8698707043715397
COn_F,7948,0.8946987096781366
COn_F,7949,0.8996014005445518
COn_F,7950,0.884486282181892
COn_F,7951,0.8952889368826673
COn_F,7952,0.8842410216499927
COn_F,7953,0.8831085683914519
COn_F,7954,0.8864857695577603
COn_F,7955,0.9060283988053811
COn_F,7956,0.8729916344766814
COn_F,7957,0.8786196978864425
COn_F,7958,0.8905900136091421
COn_F,7959,0.8802630193893712
COn_F,7960,0.8767530264900392
COn_F,7961,0.8865695635240096
COn_F,7962,0.8836547831742969
COn_F,7963,0.8784512928799821
COn_F,7964,0.9093645782225929
COn_F,7965,0.8685022152605153
COn_F,7966,0.8775291264472812
COn_F,7967,0.9004583829034013
COn_F,7968,0.876227260611811
COn_F,7969,0.878317021551297
COn_F,7970,0.9031379386502973
COn_F,7971,0.8715971723740217
COn_F,7972,0.8518188339128561
COn_F,7973,0.8817482674773394
COn_F,7974,0.9110595978808346
COn_F,7975,0.889019417459722
COn_F,7976,0.873905493752775
COn_F,7977,0.8673512435763214
COn_F,7978,0.8671068700605895
COn_F,7979,0.888383828645857
COn_F,7980,0.8916107181571885
COn_F,7981,0.8839351056340308
COn_F,7982,0.8918076762990572
COn_F,7983,0.884880596359786
COn_F,7984,0.8734965469540411
COn_F,7985,0.8835495014653449
COn_F,7986,0.8988737886860285
COn_F,7987,0.8839119321191325
COn_F,7988,0.8690404099305477
COn_F,7989,0.8916274864798298
COn_F,7990,0.9041933952285822
COn_F,7991,0.879821238510534
COn_F,7992,0.8816813464942259
COn_F,7993,0.8997324486255709
COn_F,7994,0.8944950893670306
COn_F,7995,0.8881606340425382
COn_F,7996,0.8936464359069783
COn_F,7997,0.8778291374357233
COn_F,7998,0.8800429423642903
COn_F,7999,0.8870160463584786
COn_F,8000,0.8760060185843379
COn_F,8001,0.892939243545436
COn_F,8002,0.8790426411889007
COn_F,8003,0.8730369820216669
COn_F,8004,0.8934623680525913
COn_F,8005,0.878668804050734
COn_F,8006,0.8776777183241105
COn_F,8007,0.8803324119668663
COn_F,8008,0.8909774058387746
COn_F,8009,0.8894462374017822
COn_F,8010,0.8927332162412084
COn_F,8011,0.886832245511057
COn_F,8012,0.8831818769424551
COn_F,8013,0.8894978338306598
COn_F,8014,0.869388091630636
COn_F,8015,0.8729502382179688
COn_F,8016,0.8636330550305903
COn_F,8017,0.8900396336017279
COn_F,8018,0.895980010499679
COn_F,8019,0.8943028074817869
COn_F,8020,0.8910148383501916
COn_F,8021,0.8955104526717784
COn_F,8022,0.8934574408725849
COn_F,8023,0.8933554311301911
COn_F,8024,0.8760498127050174
COn_F,8025,0.8761442058950756
COn_F,8026,0.8911188421509563
COn_F,8027,0.8804907219721664
COn_F,8028,0.8693918422015776
COn_F,8029,0.8765816253393686
COn_F,8030,0.8952280828484186
COn_F,8031,0.8789993475382212
COn_F,8032,0.8631872954491048
COn_F,8033,0.8945447689820203
COn_F,8034,0.8912796996571132
COn_F,8035,0.8825630045887451
COn_F,8036,0.8755704396990445
COn_F,8037,0.8845812168517054
COn_F,8038,0.892010353225906
COn_F,8039,0.8824762747217181
COn_F,8040,0.8729987329524752
COn_F,8041,0.8914087601749806
COn_F,8042,0.8878349806439585
COn_F,8043,0.8817078642728396
COn_F,8044,0.890531395339367
COn_F,8045,0.8883193875895409
COn_F,8046,0.8965694035524516
COn_F,8047,0.885552461772737
COn_F,8048,0.8771185757716687
COn_F,8049,0.8979930983590064
COn_F,8050,0.8906822864182457
COn_F,8051,0.9001164012953019
COn_F,8052,0.8710730314630893
COn_F,8053,0.8843855609398537
COn_F,8054,0.8826157931850501
COn_F,8055,0.8888876115458038
COn_F,8056,0.8832468986792824
COn_F,8057,0.8759059358482875
COn_F,8058,0.8851867318355126
COn_F,8059,0.8776006198381986
COn_F,8060,0.8864889666585519
COn_F,8061,0.881765084615488
COn_F,8062,0.897697935297877
COn_F,8063,0.8889598345062696
COn_F,8064,0.8834958816917271
COn_F,8065,0.8765544137825156
COn_F,8066,0.9030269898138722
COn_F,8067,0.8859827602722905
COn_F,8068,0.9056626602800891
COn_F,8069,0.8777559380003689
COn_F,8070,0.8794670254266638
COn_F,8071,0.9043386818047326
COn_F,8072,0.8912072731214128
COn_F,8073,0.8877778463764735
COn_F,8074,0.885034346597973
COn_F,8075,0.9093286202253622
COn_F,8076,0.8953262200148808
COn_F,8077,0.8853941033526237
COn_F,8078,0.887387935615815
COn_F,8079,0.8779009870619009
COn_F,8080,0.8953008488857084
COn_F,8081,0.8969298666199804
COn_F,8082,0.8764676162379506
COn_F,8083,0.8781457504139526
COn_F,8084,0.8831548661101457
COn_F,8085,0.8797632389993693
COn_F,8086,0.9030319807930788
COn_F,8087,0.8784340279829713
COn_F,8088,0.8926046690403535
COn_F,8089,0.8821735726847401
COn_F,8090,0.8677640921526516
COn_F,8091,0.8921411872542032
COn_F,8092,0.8961531821201759
COn_F,8093,0.8941298363996907
COn_F,8094,0.878255575753739
COn_F,8095,0.8908310869125653
COn_F,8096,0.8951739149676495
COn_F,8097,0.8616535811005269
COn_F,8098,0.8720246035752722
COn_F,8099,0.8928849132823605
COn_F,8100,0.8849369613150109
COn_F,8101,0.8981697916626735
COn_F,8102,0.8789448017433374
COn_F,8103,0.8963977923730496
COn_F,8104,0.8678638558439403
COn_F,8105,0.8767380387814702
COn_F,8106,0.8774394256479582
COn_F,8107,0.889639568835181
COn_F,8108,0.8828725413586492
COn_F,8109,0.8783826220574326
COn_F,8110,0.8535964313985628
COn_F,8111,0.8911471193305879
COn_F,8112,0.8921498289626338
COn_F,8113,0.8794622494654646
COn_F,8114,0.8831098167972057
COn_F,8115,0.8840935298531075
COn_F,8116,0.8799493848255673
COn_F,8117,0.8886602774171899
COn_F,8118,0.8802201507395919
COn_F,8119,0.8770859378613047
COn_F,8120,0.8766337607173803
COn_F,8121,0.8840895036120693
COn_F,8122,0.8864828205874102
COn_F,8123,0.8902978373370866
COn_F,8124,0.8741181678744625
COn_F,8125,0.8821386759592013
COn_F,8126,0.8843039001059647
COn_F,8127,0.8705046805866916
COn_F,8128,0.8933196885337957
COn_F,8129,0.8832831802107923
COn_F,8130,0.9021356911641792
COn_F,8131,0.8961151177261678
COn_F,8132,0.8696454752635324
COn_F,8133,0.8774279083495039
COn_F,8134,0.8832553760147078
COn_F,8135,0.875947606481766
COn_F,8136,0.8834480252000863
COn_F,8137,0.8735793099441433
COn_F,8138,0.8871995680828457
COn_F,8139,0.8737585755449541
COn_F,8140,0.8891986024725332
COn_F,8141,0.8753301313821692
COn_F,8142,0.8647896785542252
COn_F,8143,0.8853951131455273
COn_F,8144,0.8852479852471331
COn_F,8145,0.8613915444211182
COn_F,8146,0.8778398433088352
COn_F,8147,0.8816157830894786
COn_F,8148,0.8928029371794144
COn_F,8149,0.8820099943584412
COn_F,8150,0.872391288308913
COn_F,8151,0.8923060415711179
COn_F,8152,0.9023304201301264
COn_F,8153,0.8690471522727268
COn_F,8154,0.892998867205297
COn_F,8155,0.8831647888397414
COn_F,8156,0.8939827553073652
COn_F,8157,0.8960731179557792
COn_F,8158,0.879072527173721
COn_F,8159,0.8855708831012411
COn_F,8160,0.8913505234960529
COn_F,8161,0.8859494383786042
COn_F,8162,0.8982840629698408
COn_F,8163,0.8717756576934871
COn_F,8164,0.898762807765444
COn_F,8165,0.8746756828481065
COn_F,8166,0.8742463297540565
COn_F,8167,0.8790862793272844
COn_F,8168,0.8755699813417152
COn_F,8169,0.8618946835239405
COn_F,8170,0.8983846080827034
COn_F,8171,0.8933647310888889
COn_F,8172,0.9009759116154324
COn_F,8173,0.8826292257612456
COn_F,8174,0.8823626691646499
COn_F,8175,0.8909812376388082
COn_F,8176,0.8801170698608746
COn_F,8177,0.8945274175432576
COn_F,8178,0.8730484017270446
COn_F,8179,0.9009100409501511
COn_F,8180,0.8777434361943207
COn_F,8181,0.8843759554698492
COn_F,8182,0.8898916836578827
COn_F,8183,0.8995687207822026
COn_F,8184,0.9051184874772656
COn_F,8185,0.8931074194464695
COn_F,8186,0.8779147925293408
COn_F,8187,0.892766038033673
COn_F,8188,0.896982171876109
COn_F,8189,0.9035242200990687
COn_F,8190,0.8789360357772686
COn_F,8191,0.8796680428441347
COn_F,8192,0.8728668863959596
COn_F,8193,0.8708201947803398
COn_F,8194,0.8945386312242767
COn_F,8195,0.8818719700948549
COn_F,8196,0.8955840428400892
COn_F,8197,0.8702866394396849
COn_F,8198,0.8762887999939678
COn_F,8199,0.8902232363013656
COn_F,8200,0.8898544868439506
COn_F,8201,0.8936553132336025
COn_F,8202,0.8843983258012145
COn_F,8203,0.8899317352985993
COn_F,8204,0.893221758906379
COn_F,8205,0.8893261116638903
COn_F,8206,0.8825698489016539
COn_F,8207,0.8793061812207036
COn_F,8208,0.8767087240216981
COn_F,8209,0.8872549788336371
COn_F,8210,0.8791000919651188
COn_F,8211,0.8783551172716036
COn_F,8212,0.8856313679694744
COn_F,8213,0.8873834718183777
COn_F,8214,0.8786292776706204
COn_F,8215,0.8796350205780638
COn_F,8216,0.8906949527489275
COn_F,8217,0.9063268407296343
COn_F,8218,0.8710680215375731
COn_F,8219,0.887423573315474
COn_F,8220,0.8898982753159687
COn_F,8221,0.9026431736878845
COn_F,8222,0.8842569819894641
COn_F,8223,0.8766717412694769
COn_F,8224,0.8671858117051222
COn_F,8225,0.8820361717382158
COn_F,8226,0.8691608535226982
COn_F,8227,0.9035277424297575
COn_F,8228,0.8856063946906001
COn_F,8229,0.8746998832240686
COn_F,8230,0.8938897061466282
COn_F,8231,0.8872435099522936
COn_F,8232,0.8835900536735268
COn_F,8233,0.8959730252626329
COn_F,8234,0.8790842240132161
COn_F,8235,0.8850197475438014
COn_F,8236,0.8914602851151446
COn_F,8237,0.8970826647154444
COn_F,8238,0.8643637571961365
COn_F,8239,0.8965197827000895
COn_F,8240,0.8982592925141005
COn_F,8241,0.8906217401393822
COn_F,8242,0.8805856488392606
COn_F,8243,0.891196059359208
COn_F,8244,0.8964419018668018
COn_F,8245,0.8899036292151539
COn_F,8246,0.8813101107348672
COn_F,8247,0.8881011693922071
COn_F,8248,0.8854846088245146
COn_F,8249,0.9060752161021864
COn_F,8250,0.8799083622215611
COn_F,8251,0.8704790263072264
COn_F,8252,0.9153292607932526
COn_F,8253,0.8801234905608798
COn_F,8254,0.8936182275839896
COn_F,8255,0.8979142375312567
COn_F,8256,0.8833414534470844
COn_F,8257,0.8947604155832811
COn_F,8258,0.8722607613473125
COn_F,8259,0.8738509802020661
COn_F,8260,0.8951311039773596
COn_F,8261,0.877983022958068
COn_F,8262,0.897433292953408
COn_F,8263,0.8848724090725743
COn_F,8264,0.8748572730484617
COn_F,8265,0.8989967918401616
COn_F,8266,0.8762885624350688
COn_F,8267,0.8940192499509013
COn_F,8268,0.9029132174865818
COn_F,8269,0.8968285756522658
COn_F,8270,0.8918543056482304
COn_F,8271,0.8910738576998698
COn_F,8272,0.8879281416231561
COn_F,8273,0.8857304972498512
COn_F,8274,0.9002337557490901
COn_F,8275,0.8918875002354728
COn_F,8276,0.8882367011974598
COn_F,8277,0.8995744636376048
COn_F,8278,0.8926153926756731
COn_F,8279,0.8995541858164057
COn_F,8280,0.8785614206676964
COn_F,8281,0.8773030399852423
COn_F,8282,0.8790252232286392
COn_F,8283,0.8847910559107016
COn_F,8284,0.8877985153808708
COn_F,8285,0.8756907552504791
COn_F,8286,0.9012207619273804
COn_F,8287,0.8858081154173177
COn_F,8288,0.8826279990502595
COn_F,8289,0.8904787827851929
COn_F,8290,0.9009310455640773
COn_F,8291,0.871657062046721
COn_F,8292,0.8877122719300458
COn_F,8293,0.8770236251533793
COn_F,8294,0.8939950627431907
COn_F,8295,0.8791090930819333
COn_F,8296,0.8928266763754649
COn_F,8297,0.882499186588856
COn_F,8298,0.8821807184377491
COn_F,8299,0.8848537060030979
COn_F,8300,0.8695298086294254
COn_F,8301,0.8956130623652667
COn_F,8302,0.8926747384280024
COn_F,8303,0.8746175086694393
COn_F,8304,0.8884458764064792
COn_F,8305,0.9045278593917834
COn_F,8306,0.8731533182797278
COn_F,8307,0.8981109065373932
COn_F,8308,0.8893988911864293
COn_F,8309,0.8762251058603573
COn_F,8310,0.9001894820600608
COn_F,8311,0.8842167731488534
COn_F,8312,0.8874089514653952
COn_F,8313,0.8893221564166043
COn_F,8314,0.8979062852453692
COn_F,8315,0.8767675732186826
COn_F,8316,0.8852658891135736
COn_F,8317,0.897409967086037
COn_F,8318,0.873652926726329
COn_F,8319,0.890979395125474
COn_F,8320,0.8858130091972266
COn_F,8321,0.8895840068888049
COn_F,8322,0.8900148152310777
COn_F,8323,0.8990118731195595
COn_F,8324,0.8760114103054178
COn_F,8325,0.8783119781589677
COn_F,8326,0.8844771811694987
COn_F,8327,0.8917878645912238
COn_F,8328,0.8890859526107767
COn_F,8329,0.8541126701502708
COn_F,8330,0.8917986996530235
COn_F,8331,0.8951700346919186
COn_F,8332,0.8766064530214145
COn_F,8333,0.876739871489844
COn_F,8334,0.9048947366831042
COn_F,8335,0.9069784922362875
COn_F,8336,0.8860845938804293
COn_F,8337,0.881341814561786
COn_F,8338,0.8794844320039455
COn_F,8339,0.8973701124686264
COn_F,8340,0.8973087556040757
COn_F,8341,0.8939911449389698
COn_F,8342,0.8881086748173973
COn_F,8343,0.8939310998059884
COn_F,8344,0.8890819076853793
COn_F,8345,0.8766656936296798
COn_F,8346,0.8882237148250353
COn_F,8347,0.8912352437687904
COn_F,8348,0.8856813851570059
COn_F,8349,0.8856414616373116
COn_F,8350,0.899561522573557
COn_F,8351,0.8735169022656613
COn_F,8352,0.8630790249557458
COn_F,8353,0.8806773617850407
COn_F,8354,0.8748973191649927
COn_F,8355,0.8792591407822795
COn_F,8356,0.8992615243998676
COn_F,8357,0.8915024127158551
COn_F,8358,0.8864271457096142
COn_F,8359,0.8705450261269592
COn_F,8360,0.8917579015511053
COn_F,8361,0.8883594425943264
COn_F,8362,0.889613829847181
COn_F,8363,0.8850340873217605
COn_F,8364,0.8829330795014321
COn_F,8365,0.8890517073395849
COn_F,8366,0.8788795822703722
COn_F,8367,0.8862765187313915
COn_F,8368,0.8788918837280224
COn_F,8369,0.8920264455104769
COn_F,8370,0.9013259607892423
COn_F,8371,0.8944256943925191
COn_F,8372,0.8798051421532168
COn_F,8373,0.8898625783772618
COn_F,8374,0.8896572452977413
COn_F,8375,0.895131015159845
COn_F,8376,0.8866299507053962
COn_F,8377,0.8835076927778288
COn_F,8378,0.8887426881023344
COn_F,8379,0.8905314263864859
COn_F,8380,0.8894240426477426
COn_F,8381,0.8713156560118694
COn_F,8382,0.9009485244794238
COn_F,8383,0.8944771877479237
COn_F,8384,0.8779310565307354
COn_F,8385,0.8759817145051351
COn_F,8386,0.9028378875868492
COn_F,8387,0.8935044612111246
COn_F,8388,0.8714377136482453
COn_F,8389,0.8768851134397192
COn_F,8390,0.8631916382390107
COn_F,8391,0.8917921829572015
COn_F,8392,0.8869540129637792
COn_F,8393,0.8650821325029721
COn_F,8394,0.8795997671926156
COn_F,8395,0.8959228944966784
COn_F,8396,0.8715702513699545
COn_F,8397,0.8980878866974905
COn_F,8398,0.8990387950093431
COn_F,8399,0.8698344666792317
COn_F,8400,0.8799581111725443
COn_F,8401,0.886677380181573
COn_F,8402,0.8963302791326888
COn_F,8403,0.8975095858251014
COn_F,8404,0.8944581289190989
COn_F,8405,0.8913261655985786
COn_F,8406,0.8755786893972488
COn_F,8407,0.8880816127544846
COn_F,8408,0.8973173913179046
COn_F,8409,0.897669242835555
COn_F,8410,0.8876706731089933
COn_F,8411,0.8786465838734806
COn_F,8412,0.8806124287719082
COn_F,8413,0.8745493057494611
COn_F,8414,0.8858260783361374
COn_F,8415,0.8943517310932315
COn_F,8416,0.8860685551373539
COn_F,8417,0.8855978835923161
COn_F,8418,0.8786336557055158
COn_F,8419,0.8899198995564022
COn_F,8420,0.8739008397902764
COn_F,8421,0.8863567227042539
COn_F,8422,0.8908161815964775
COn_F,8423,0.8852404282577199
COn_F,8424,0.898242092003377
COn_F,8425,0.8595369492617791
COn_F,8426,0.885615540334918
COn_F,8427,0.8752246198597554
COn_F,8428,0.8765809945784507
COn_F,8429,0.8717724697660175
COn_F,8430,0.86498956662921
COn_F,8431,0.8860842614324079
COn_F,8432,0.8760426018203342
COn_F,8433,0.900476639774841
COn_F,8434,0.8532830818673395
COn_F,8435,0.8815064269603491
COn_F,8436,0.8731779046791484
COn_F,8437,0.8854958921793541
COn_F,8438,0.8856030060417437
COn_F,8439,0.8902665557117134
COn_F,8440,0.8808254262722489
COn_F,8441,0.8939591556128775
COn_F,8442,0.8848566233247253
COn_F,8443,0.8871015310720002
COn_F,8444,0.8788984859862696
COn_F,8445,0.8758177997412447
COn_F,8446,0.8847895616867989
COn_F,8447,0.8923212215392387
COn_F,8448,0.8724607240886214
COn_F,8449,0.8941062383982116
COn_F,8450,0.8924686614413174
COn_F,8451,0.8804468308370774
COn_F,8452,0.881003367097617
COn_F,8453,0.8580379465838973
COn_F,8454,0.8697430717487367
COn_F,8455,0.887401548252978
COn_F,8456,0.88929785338616
COn_F,8457,0.8903254261038128
COn_F,8458,0.8780238289111463
COn_F,8459,0.8893523663844062
COn_F,8460,0.8896356094068801
COn_F,8461,0.8886111667693237
COn_F,8462,0.8664597605837637
COn_F,8463,0.8752261767407317
COn_F,8464,0.8740173342550943
COn_F,8465,0.8821817253569462
COn_F,8466,0.8888400028653455
COn_F,8467,0.8785304430456131
COn_F,8468,0.8821865065391298
COn_F,8469,0.8699708317632201
COn_F,8470,0.8758630069667795
COn_F,8471,0.8821968354816271
COn_F,8472,0.8726513514237583
COn_F,8473,0.8971121386331937
COn_F,8474,0.8724837107972564
COn_F,8475,0.8779367977057227
COn_F,8476,0.8912722393693704
COn_F,8477,0.8792790707351303
COn_F,8478,0.8824288023277531
COn_F,8479,0.8938880256709185
COn_F,8480,0.8936786433149875
COn_F,8481,0.9000151421619954
COn_F,8482,0.8893131744307459
COn_F,8483,0.8784092703218206
COn_F,8484,0.8804520995817848
COn_F,8485,0.8992855950868462
COn_F,8486,0.8827944368198646
COn_F,8487,0.8876078841096112
COn_F,8488,0.8748996681910459
COn_F,8489,0.874094451848483
COn_F,8490,0.8746774477280161
COn_F,8491,0.8800792530980664
COn_F,8492,0.90053101222565
COn_F,8493,0.8750056364093306
COn_F,8494,0.879667330090709
COn_F,8495,0.8769810150131548
COn_F,8496,0.8941103239596734
COn_F,8497,0.8881417288116786
COn_F,8498,0.8815679298948353
COn_F,8499,0.891656367504181
COn_F,8500,0.9060304785353743
COn_F,8501,0.8918368077401609
COn_F,8502,0.8650931499647648
COn_F,8503,0.8885783641913655
COn_F,8504,0.9057044058441933
COn_F,8505,0.886578859533031
COn_F,8506,0.8944864695436214
COn_F,8507,0.8962303904898996
COn_F,8508,0.8780161361206703
COn_F,8509,0.8947898651046419
COn_F,8510,0.883710410107104
COn_F,8511,0.8849841360924052
COn_F,8512,0.8909225550178437
COn_F,8513,0.8891570022025762
COn_F,8514,0.89243067866776
COn_F,8515,0.8901956926551794
COn_F,8516,0.8896327381296351
COn_F,8517,0.89417807002583
COn_F,8518,0.9006977827309786
COn_F,8519,0.8928168479991969
COn_F,8520,0.8865900940507601
COn_F,8521,0.8955020423252634
COn_F,8522,0.8898939499768053
COn_F,8523,0.8688734382854806
COn_F,8524,0.8769031546158358
COn_F,8525,0.8816060752864644
COn_F,8526,0.9030772073109896
COn_F,8527,0.9060181099940087
COn_F,8528,0.8841043582679943
COn_F,8529,0.8861694602356406
COn_F,8530,0.8968851803050629
COn_F,8531,0.8956834185355115
COn_F,8532,0.8750052123902069
COn_F,8533,0.8815912908615641
COn_F,8534,0.8882526076329169
COn_F,8535,0.8823534226004518
COn_F,8536,0.8933742279763319
COn_F,8537,0.8852269014973104
COn_F,8538,0.8765655038436411
COn_F,8539,0.8712870301422115
COn_F,8540,0.882383151054669
COn_F,8541,0.8803774896253168
COn_F,8542,0.8783597675317915
COn_F,8543,0.8689527958509072
COn_F,8544,0.9052319314630741
COn_F,8545,0.8777001110061878
COn_F,8546,0.8784547783558682
COn_F,8547,0.89397218064987
COn_F,8548,0.8912048708785293
COn_F,8549,0.8841235328151087
COn_F,8550,0.8842560559818176
COn_F,8551,0.9052119513930539
COn_F,8552,0.8797590365471296
COn_F,8553,0.8858406127752356
COn_F,8554,0.8793523357610936
COn_F,8555,0.8814182960792927
COn_F,8556,0.888634445444519
COn_F,8557,0.874955698661415
COn_F,8558,0.8842004248082521
COn_F,8559,0.8771982309040774
COn_F,8560,0.8858277617438568
COn_F,8561,0.9010712243623495
COn_F,8562,0.8929606686962192
COn_F,8563,0.87478540090685
COn_F,8564,0.9036022694619273
COn_F,8565,0.9030172403289713
COn_F,8566,0.8887037024171157
COn_F,8567,0.8957062659969338
COn_F,8568,0.8821450585602838
COn_F,8569,0.8654043646387195
COn_F,8570,0.8877792414271282
COn_F,8571,0.8922399684442778
COn_F,8572,0.8985874802196004
COn_F,8573,0.8828694079521768
COn_F,8574,0.8864323938037463
COn_F,8575,0.8667260779245877
COn_F,8576,0.8674216208036697
COn_F,8577,0.8676375725168544
COn_F,8578,0.8809952821850009
COn_F,8579,0.8826862570680305
COn_F,8580,0.8876702115670398
COn_F,8581,0.8682866970669858
COn_F,8582,0.8961535751132315
COn_F,8583,0.8799882011898904
COn_F,8584,0.8873638523611402
COn_F,8585,0.8893331417976394
COn_F,8586,0.8760295933908204
COn_F,8587,0.8921027684533245
COn_F,8588,0.8826533794955638
COn_F,8589,0.894565076615731
COn_F,8590,0.8850886756521957
COn_F,8591,0.8902203066397946
COn_F,8592,0.8796497078333424
COn_F,8593,0.8909247253008559
COn_F,8594,0.8998902086599307
COn_F,8595,0.8926282335631682
COn_F,8596,0.8939682291656034
COn_F,8597,0.8792165244476315
COn_F,8598,0.8968787368287741
COn_F,8599,0.8705932202585225
COn_F,8600,0.8752525655705249
COn_F,8601,0.8874319382846242
COn_F,8602,0.883164932846845
COn_F,8603,0.8960393426867524
COn_F,8604,0.8850431816413709
COn_F,8605,0.8895089253879155
COn_F,8606,0.879408558826627
COn_F,8607,0.8828689116275737
COn_F,8608,0.9020169501418682
COn_F,8609,0.8803906800200808
COn_F,8610,0.8859576778929025
COn_F,8611,0.8943582052907059
COn_F,8612,0.8897547443509005
COn_F,8613,0.8694325757219309
COn_F,8614,0.8907227740001277
COn_F,8615,0.8977560393591966
COn_F,8616,0.8835742771516989
COn_F,8617,0.8884629670012912
COn_F,8618,0.8737550246663414
COn_F,8619,0.8964397366715067
COn_F,8620,0.8635012153949106
COn_F,8621,0.8860879807752347
COn_F,8622,0.8864371083330013
COn_F,8623,0.9022290002956378
COn_F,8624,0.8720722558386691
COn_F,8625,0.8702831916553548
COn_F,8626,0.8864505498779133
COn_F,8627,0.886114209275683
COn_F,8628,0.8750745834905412
COn_F,8629,0.8704663992489079
COn_F,8630,0.8875959175385139
COn_F,8631,0.9028944433421118
COn_F,8632,0.872017857333017
COn_F,8633,0.8782925189014122
COn_F,8634,0.8621644354317395
COn_F,8635,0.8777581750888269
COn_F,8636,0.8798687784220589
COn_F,8637,0.8579649687621206
COn_F,8638,0.8758730735306776
COn_F,8639,0.86384852976866
COn_F,8640,0.8842546966247241
COn_F,8641,0.8821189394317669
COn_F,8642,0.8872378561995964
COn_F,8643,0.9039454526595357
COn_F,8644,0.9022482450434083
COn_F,8645,0.8771431753336263
COn_F,8646,0.886192210854693
COn_F,8647,0.8888557488866099
COn_F,8648,0.8912227904489689
COn_F,8649,0.8806123022744482
COn_F,8650,0.8830359789611778
COn_F,8651,0.8626926045976958
COn_F,8652,0.9000252677429756
COn_F,8653,0.884961126739665
COn_F,8654,0.8895438830761919
COn_F,8655,0.886730709566313
COn_F,8656,0.8758827710816321
COn_F,8657,0.8945719849418279
COn_F,8658,0.876670333548743
COn_F,8659,0.8839870232284824
COn_F,8660,0.8688488922423747
COn_F,8661,0.8891300539627995
COn_F,8662,0.8763624683349206
COn_F,8663,0.8907369969725393
COn_F,8664,0.8855566028773062
COn_F,8665,0.8976151002921571
COn_F,8666,0.9018430448768594
COn_F,8667,0.8874115802569771
COn_F,8668,0.8747877942049335
COn_F,8669,0.8962140326983988
COn_F,8670,0.8696434518809105
COn_F,8671,0.8870581054257237
COn_F,8672,0.8847564905140752
COn_F,8673,0.8940778506485859
COn_F,8674,0.8762762233789281
COn_F,8675,0.8838565768173291
COn_F,8676,0.8714330119168021
COn_F,8677,0.8697977219114518
COn_F,8678,0.907898856610727
COn_F,8679,0.8690326792865832
COn_F,8680,0.8950742706923019
COn_F,8681,0.8855094355808064
COn_F,8682,0.8933068807999345
COn_F,8683,0.8845734939948408
COn_F,8684,0.9021713891515827
COn_F,8685,0.901463476420864
COn_F,8686,0.8723268317687549
COn_F,8687,0.8840057113653201
COn_F,8688,0.8762595208636341
COn_F,8689,0.8860600223957864
COn_F,8690,0.8844025276860344
COn_F,8691,0.8774758635132677
COn_F,8692,0.8736839810531684
COn_F,8693,0.8863417865899065
COn_F,8694,0.8699963402774181
COn_F,8695,0.8938272482768234
COn_F,8696,0.8819174026619301
COn_F,8697,0.8906819539973446
COn_F,8698,0.8854387506941864
COn_F,8699,0.8877368731505947
COn_F,8700,0.8814370819150211
COn_F,8701,0.8726348682893535
COn_F,8702,0.8911194464972698
COn_F,8703,0.8845303067672939
COn_F,8704,0.886711539779084
COn_F,8705,0.8717560922381236
COn_F,8706,0.8789456968180998
COn_F,8707,0.8876656553679126
COn_F,8708,0.8641671580892906
COn_F,8709,0.8972799097785819
COn_F,8710,0.8871184675624875
COn_F,8711,0.867808561035819
COn_F,8712,0.8834107496616452
COn_F,8713,0.8849202114784193
COn_F,8714,0.8829187959616117
COn_F,8715,0.9060009294151302
COn_F,8716,0.8870636158964914
COn_F,8717,0.8751376872018795
COn_F,8718,0.8830579426612006
COn_F,8719,0.8898898492283956
COn_F,8720,0.8613891230670013
COn_F,8721,0.8943265261520446
COn_F,8722,0.8980950646563685
COn_F,8723,0.8868739374193789
COn_F,8724,0.8957247040045001
COn_F,8725,0.896956137648094
COn_F,8726,0.8931220399372791
COn_F,8727,0.8977691381066387
COn_F,8728,0.8870877135610349
COn_F,8729,0.8878575983296285
COn_F,8730,0.8907348696409435
COn_F,8731,0.8942363209835832
COn_F,8732,0.8823829104026929
COn_F,8733,0.8881439567430452
COn_F,8734,0.8826114617845889
COn_F,8735,0.8697828392473562
COn_F,8736,0.8836873788888084
COn_F,8737,0.891483242367453
COn_F,8738,0.8894063048492665
COn_F,8739,0.8896676555069768
COn_F,8740,0.88292578122292
COn_F,8741,0.8853642242365183
COn_F,8742,0.8953533244785632
COn_F,8743,0.8779672486258909
COn_F,8744,0.8805423845710747
COn_F,8745,0.8777103475672373
COn_F,8746,0.8737168859617792
COn_F,8747,0.8920392127097849
COn_F,8748,0.8825675197155873
COn_F,8749,0.8861395228763641
COn_F,8750,0.8990598121875631
COn_F,8751,0.8819086086627198
COn_F,8752,0.8646503000284911
COn_F,8753,0.8948116105605216
COn_F,8754,0.883871688953073
COn_F,8755,0.9016936044565974
COn_F,8756,0.8806905830181783
COn_F,8757,0.8804779486118067
COn_F,8758,0.890734657273323
COn_F,8759,0.8704349310181052
COn_F,8760,0.8896121882249741
COn_F,8761,0.8897593905431628
COn_F,8762,0.9133180404065155
COn_F,8763,0.886867204503619
COn_F,8764,0.8777436389635159
COn_F,8765,0.8879736084997226
COn_F,8766,0.8646995362056547
COn_F,8767,0.8685351004682819
COn_F,8768,0.8865104801135931
COn_F,8769,0.8827801617385344
COn_F,8770,0.879345384794609
COn_F,8771,0.8775443407217351
COn_F,8772,0.8881744271717928
COn_F,8773,0.8904409510075016
COn_F,8774,0.8816471512117235
COn_F,8775,0.8801547253575408
COn_F,8776,0.8902095288225989
COn_F,8777,0.8932470326051228
COn_F,8778,0.8806468515105328
COn_F,8779,0.8835571995473175
COn_F,8780,0.8966060982165542
COn_F,8781,0.8771759998773792
COn_F,8782,0.876579780340094
COn_F,8783,0.9052939134087757
COn_F,8784,0.8800497674912456
COn_F,8785,0.8672452159377874
COn_F,8786,0.8910422108767101
COn_F,8787,0.8690678573281072
COn_F,8788,0.8856609404187286
COn_F,8789,0.8866885623074279
COn_F,8790,0.8852179681141761
COn_F,8791,0.884287599176375
COn_F,8792,0.8780184286982639
COn_F,8793,0.8983219808743007
COn_F,8794,0.8795992807527993
COn_F,8795,0.8985132499675009
COn_F,8796,0.8906679504664005
COn_F,8797,0.8815010362510752
COn_F,8798,0.8888539817453046
COn_F,8799,0.8914765943669576
COn_F,8800,0.8745101607169797
COn_F,8801,0.8929486969598934
COn_F,8802,0.8676315167312025
COn_F,8803,0.8710949499029927
COn_F,8804,0.8805214196799076
COn_F,8805,0.8953711790812299
COn_F,8806,0.8761864136727353
COn_F,8807,0.8850758065835935
COn_F,8808,0.8766210502096826
COn_F,8809,0.8975959872194651
COn_F,8810,0.876508119396856
COn_F,8811,0.899299023559087
COn_F,8812,0.8891290596182896
COn_F,8813,0.896615223677075
COn_F,8814,0.8796883283880963
COn_F,8815,0.8793035375971894
COn_F,8816,0.880162682928085
COn_F,8817,0.8806366888470011
COn_F,8818,0.8975169248599822
COn_F,8819,0.8869630579780278
COn_F,8820,0.8850030823715594
COn_F,8821,0.9001408641159352
COn_F,8822,0.8830017814780046
COn_F,8823,0.8604536619858814
COn_F,8824,0.8796764671373812
COn_F,8825,0.8761919453842233
COn_F,8826,0.8891647774756996
COn_F,8827,0.8778448686304958
COn_F,8828,0.8720111955927314
COn_F,8829,0.8794048117649498
COn_F,8830,0.8857465983138283
COn_F,8831,0.8753797109386408
COn_F,8832,0.8710027594891205
COn_F,8833,0.9048181283069056
COn_F,8834,0.8818180284097441
COn_F,8835,0.8954462313186894
COn_F,8836,0.871182865773697
COn_F,8837,0.8961728535689636
COn_F,8838,0.882524558960911
COn_F,8839,0.8756872894645281
COn_F,8840,0.8755626621604204
COn_F,8841,0.8657733725065611
COn_F,8842,0.8788379427410794
COn_F,8843,0.891430239251151
COn_F,8844,0.8752985031719883
COn_F,8845,0.8855204976208345
COn_F,8846,0.8814020257195126
COn_F,8847,0.8870916327059459
COn_F,8848,0.8895741886863306
COn_F,8849,0.8979656779267853
COn_F,8850,0.8770516456700301
COn_F,8851,0.8957819672740543
COn_F,8852,0.868682134935263
COn_F,8853,0.8695468912219134
COn_F,8854,0.8782184620629035
COn_F,8855,0.875186560416471
COn_F,8856,0.8793177495671575
COn_F,8857,0.8889941015377351
COn_F,8858,0.875460091331869
COn_F,8859,0.8809987840966408
COn_F,8860,0.8782704051599329
COn_F,8861,0.8808220743550021
COn_F,8862,0.8877850696048228
COn_F,8863,0.892026460652097
COn_F,8864,0.890320445916726
COn_F,8865,0.8926444921443647
COn_F,8866,0.89320966288367
COn_F,8867,0.8945604568105014
COn_F,8868,0.8931668586944204
COn_F,8869,0.8919702453979078
COn_F,8870,0.8868495045358179
COn_F,8871,0.8869041828140479
COn_F,8872,0.8751456600602738
COn_F,8873,0.8832999129325703
COn_F,8874,0.8956810785857505
COn_F,8875,0.868591177309377
COn_F,8876,0.899254336825396
COn_F,8877,0.877427704085331
COn_F,8878,0.8867686359759123
COn_F,8879,0.8883394738616758
COn_F,8880,0.8808829805070966
COn_F,8881,0.9066873475137123
COn_F,8882,0.8849020832573553
COn_F,8883,0.8782483165217236
COn_F,8884,0.8706355283949546
COn_F,8885,0.8877483484978215
COn_F,8886,0.8800975189751352
COn_F,8887,0.8765516876490024
COn_F,8888,0.9000443046442818
COn_F,8889,0.886504416298321
COn_F,8890,0.9025444200165961
COn_F,8891,0.8670027505249706
COn_F,8892,0.8845625966188332
COn_F,8893,0.885519906727197
COn_F,8894,0.885265522935483
COn_F,8895,0.8881602076120234
COn_F,8896,0.9027226476058916
COn_F,8897,0.8857248598357197
COn_F,8898,0.9026153657767374
COn_F,8899,0.8740392289742926
COn_F,8900,0.8965276353331078
COn_F,8901,0.8812256463118823
COn_F,8902,0.8920303863010495
COn_F,8903,0.8827954703314879
COn_F,8904,0.8911371364266459
COn_F,8905,0.8861024526713009
COn_F,8906,0.8870938009410285
COn_F,8907,0.8963844464335932
COn_F,8908,0.9057788028327144
COn_F,8909,0.8920421897464788
COn_F,8910,0.8720811058597233
COn_F,8911,0.8974226311902527
COn_F,8912,0.8951738027552741
COn_F,8913,0.8924208803156981
COn_F,8914,0.8956561280139326
COn_F,8915,0.8739889320827186
COn_F,8916,0.8899554760758045
COn_F,8917,0.8911484042787506
COn_F,8918,0.897123999042272
COn_F,8919,0.8848538684573207
COn_F,8920,0.887655225769343
COn_F,8921,0.8814934936774931
COn_F,8922,0.8951929828110626
COn_F,8923,0.882582741952134
COn_F,8924,0.8840411019077277
COn_F,8925,0.885513679417226
COn_F,8926,0.8957198216073144
COn_F,8927,0.8751120313532509
COn_F,8928,0.8785876123135258
COn_F,8929,0.8870915878302388
COn_F,8930,0.8927327858848526
COn_F,8931,0.8842090786799855
COn_F,8932,0.8804565827162256
COn_F,8933,0.8902125642062394
COn_F,8934,0.8818591705473765
COn_F,8935,0.8803481805414357
COn_F,8936,0.8717168717547036
COn_F,8937,0.894026888322386
COn_F,8938,0.9026980312548349
COn_F,8939,0.883762713760959
COn_F,8940,0.8895915788540693
COn_F,8941,0.8798347451970142
COn_F,8942,0.8783305612138479
COn_F,8943,0.8920310401772887
COn_F,8944,0.9054081506488348
COn_F,8945,0.8891331991864759
COn_F,8946,0.8864467752238611
COn_F,8947,0.8810964166874709
COn_F,8948,0.8839782931539414
COn_F,8949,0.8824861188602348
COn_F,8950,0.8973899599028679
COn_F,8951,0.8839523057859594
COn_F,8952,0.8729588087854101
COn_F,8953,0.8947497719628561
COn_F,8954,0.8980861172678387
COn_F,8955,0.8808012528069343
COn_F,8956,0.8983642310086675
COn_F,8957,0.8822597373319521
COn_F,8958,0.8777839131116508
COn_F,8959,0.8909670535773732
COn_F,8960,0.8693655241854354
COn_F,8961,0.8944116273142181
COn_F,8962,0.8708502703189855
COn_F,8963,0.8885623546306327
COn_F,8964,0.8736955298419419
COn_F,8965,0.8884320891243785
COn_F,8966,0.8841149274390768
COn_F,8967,0.895303443558599
COn_F,8968,0.8736537296947308
COn_F,8969,0.8901917499964619
COn_F,8970,0.8849670288825106
COn_F,8971,0.8935351633821553
COn_F,8972,0.8800653981181524
COn_F,8973,0.890660928807366
COn_F,8974,0.8713826915653855
COn_F,8975,0.8999143703621878
COn_F,8976,0.8943003748798873
COn_F,8977,0.8873303719918385
COn_F,8978,0.8521326192008175
COn_F,8979,0.895333917923324
COn_F,8980,0.8769948994934536
COn_F,8981,0.8836409277189825
COn_F,8982,0.8836573585203265
COn_F,8983,0.899656700971959
COn_F,8984,0.8779096734766775
COn_F,8985,0.887534952063641
COn_F,8986,0.8611662303553679
COn_F,8987,0.8856612919726224
COn_F,8988,0.8727760793550435
COn_F,8989,0.882692182912968
COn_F,8990,0.8850777322973853
COn_F,8991,0.8852670585445829
COn_F,8992,0.8896040376112067
COn_F,8993,0.873018752911665
COn_F,8994,0.8821714932399548
COn_F,8995,0.8698855350905302
COn_F,8996,0.8929882698206721
COn_F,8997,0.8850434161322592
COn_F,8998,0.904906104643657
COn_F,8999,0.9033194915284346
COn_F,9000,0.8769225200240921
COn_F,9001,0.8990360296593745
COn_F,9002,0.9036329127075146
COn_F,9003,0.8783469742082384
COn_F,9004,0.8756021356610778
COn_F,9005,0.8920098654762634
COn_F,9006,0.8913883489826514
COn_F,9007,0.8954175228172108
COn_F,9008,0.8988898898432484
COn_F,9009,0.8729288766204474
COn_F,9010,0.8755267735741536
COn_F,9011,0.8935804484161793
COn_F,9012,0.876279918105092
COn_F,9013,0.8914611466892396
COn_F,9014,0.8925806527034996
COn_F,9015,0.8921859278727513
COn_F,9016,0.8856009003136291
COn_F,9017,0.8808567634645135
COn_F,9018,0.890005341673014
COn_F,9019,0.8993137028460917
COn_F,9020,0.8749919451317325
COn_F,9021,0.8906420853177776
COn_F,9022,0.8973543883757231
COn_F,9023,0.8829355213196994
COn_F,9024,0.8774862860961337
COn_F,9025,0.8756703703112861
COn_F,9026,0.8775009532214666
COn_F,9027,0.9106310382508439
COn_F,9028,0.8794328836364463
COn_F,9029,0.8932936248946101
COn_F,9030,0.8895915188798532
COn_F,9031,0.88910553337534
COn_F,9032,0.8804860643952513
COn_F,9033,0.886737206861967
COn_F,9034,0.897128755129035
COn_F,9035,0.8700367755217261
COn_F,9036,0.886945855270049
COn_F,9037,0.884423720537993
COn_F,9038,0.8782063259807205
COn_F,9039,0.8898583842996056
COn_F,9040,0.861582065291483
COn_F,9041,0.8987504452251777
COn_F,9042,0.8706493854506832
COn_F,9043,0.896949763438317
COn_F,9044,0.8773904292322947
COn_F,9045,0.8920341740287323
COn_F,9046,0.8679645420306373
COn_F,9047,0.8798597148885934
COn_F,9048,0.872998599844877
COn_F,9049,0.8779916361278608
COn_F,9050,0.8994814727652084
COn_F,9051,0.8921011453635902
COn_F,9052,0.889501438074326
COn_F,9053,0.8764548025510002
COn_F,9054,0.8822659008410365
COn_F,9055,0.8884157173043987
COn_F,9056,0.8795323683290966
COn_F,9057,0.8997378720113683
COn_F,9058,0.8639603929382101
COn_F,9059,0.8688466116906904
COn_F,9060,0.8733216871258522
COn_F,9061,0.8949294253342291
COn_F,9062,0.8741172895768271
COn_F,9063,0.8814571895049174
COn_F,9064,0.8878948245337747
COn_F,9065,0.8892092245484265
COn_F,9066,0.8849354259345175
COn_F,9067,0.8802107125266726
COn_F,9068,0.8729677913141843
COn_F,9069,0.8920715627912883
COn_F,9070,0.8927208686104096
COn_F,9071,0.9014526607012371
COn_F,9072,0.8744806195160687
COn_F,9073,0.8910515224727474
COn_F,9074,0.880726680481477
COn_F,9075,0.8912773160876887
COn_F,9076,0.8876055276642659
COn_F,9077,0.8968189280626712
COn_F,9078,0.8616051618514797
COn_F,9079,0.8838185617115675
COn_F,9080,0.8687496039373023
COn_F,9081,0.8813955478418967
COn_F,9082,0.8810954748686225
COn_F,9083,0.8939589748597799
COn_F,9084,0.8921024707800577
COn_F,9085,0.9071155267027923
COn_F,9086,0.8871389240972267
COn_F,9087,0.8994686356863182
COn_F,9088,0.8801349480740195
COn_F,9089,0.8919941043789493
COn_F,9090,0.9074362698636741
COn_F,9091,0.8708097690560691
COn_F,9092,0.8973187923086894
COn_F,9093,0.8777095437753863
COn_F,9094,0.8854613477871939
COn_F,9095,0.8868471995412769
COn_F,9096,0.8782489853090203
COn_F,9097,0.8850613448797435
COn_F,9098,0.884126778517923
COn_F,9099,0.8832885727856051
COn_F,9100,0.8812714539518623
COn_F,9101,0.8986784133229442
COn_F,9102,0.8725832805936135
COn_F,9103,0.8797102215896978
COn_F,9104,0.887717752735324
COn_F,9105,0.8867346140023912
COn_F,9106,0.897906380451611
COn_F,9107,0.8922738144254977
COn_F,9108,0.9014340180740116
COn_F,9109,0.8857932178352879
COn_F,9110,0.8879220067373194
COn_F,9111,0.9008239265117336
COn_F,9112,0.8814654868307108
COn_F,9113,0.8810941441102303
COn_F,9114,0.8866489597745815
COn_F,9115,0.8875337884133055
COn_F,9116,0.8806898566506282
COn_F,9117,0.878232609186654
COn_F,9118,0.8822755518669778
COn_F,9119,0.9047885914131428
COn_F,9120,0.8786135408218245
COn_F,9121,0.888136221398205
COn_F,9122,0.8867575202989543
COn_F,9123,0.8912818580970712
COn_F,9124,0.8805262963806582
COn_F,9125,0.8973015813589065
COn_F,9126,0.9022022964148281
COn_F,9127,0.8906796268039759
COn_F,9128,0.8838452637196037
COn_F,9129,0.8760588275005649
COn_F,9130,0.8867656602948819
COn_F,9131,0.8847064338572214
COn_F,9132,0.8846814983104019
COn_F,9133,0.8823721366310638
COn_F,9134,0.8877993981155573
COn_F,9135,0.8788100303228016
COn_F,9136,0.8852163755413354
COn_F,9137,0.8844206504349108
COn_F,9138,0.8923883713396397
COn_F,9139,0.8861306093956521
COn_F,9140,0.8650053806018447
COn_F,9141,0.8813165377378577
COn_F,9142,0.8706421356470897
COn_F,9143,0.8729781802510612
COn_F,9144,0.8721132289201858
COn_F,9145,0.874701180036023
COn_F,9146,0.8816445086016441
COn_F,9147,0.8894506745156988
COn_F,9148,0.8792843290738649
COn_F,9149,0.9000679411404775
COn_F,9150,0.8620829497027598
COn_F,9151,0.885390896616471
COn_F,9152,0.8607972255208299
COn_F,9153,0.8632881711924828
COn_F,9154,0.8907485257210026
COn_F,9155,0.8957205541967465
COn_F,9156,0.8850468099900554
COn_F,9157,0.8977605786959146
COn_F,9158,0.8650054069900698
COn_F,9159,0.871382588163767
COn_F,9160,0.89165825285234
COn_F,9161,0.8891021379463764
COn_F,9162,0.8751431107679525
COn_F,9163,0.8762868697130819
COn_F,9164,0.8776491807344369
COn_F,9165,0.8804890665417341
COn_F,9166,0.8843031239124072
COn_F,9167,0.8645978212858316
COn_F,9168,0.8886121121547423
COn_F,9169,0.8914227568176168
COn_F,9170,0.8759758350385489
COn_F,9171,0.8920345357398695
COn_F,9172,0.8903394410402642
COn_F,9173,0.879376081936871
COn_F,9174,0.874698297138318
COn_F,9175,0.882830799341397
COn_F,9176,0.8755941314966375
COn_F,9177,0.8883183440005485
COn_F,9178,0.8941988594147617
COn_F,9179,0.8965688652198466
COn_F,9180,0.8806621518331932
COn_F,9181,0.8950505269095589
COn_F,9182,0.882708724445634
COn_F,9183,0.8858264970123944
COn_F,9184,0.8905499217384586
COn_F,9185,0.8832265736359719
COn_F,9186,0.8994789189628593
COn_F,9187,0.8939092656931562
COn_F,9188,0.9019260876268528
COn_F,9189,0.8776471625805713
COn_F,9190,0.8673624459863781
COn_F,9191,0.8733070609154282
COn_F,9192,0.8820091674097483
COn_F,9193,0.8796045485459987
COn_F,9194,0.8952635874916053
COn_F,9195,0.8879762817591651
COn_F,9196,0.8958395293106355
COn_F,9197,0.8793487781276966
COn_F,9198,0.9077829944327521
COn_F,9199,0.8698567872542191
COn_F,9200,0.8841200958517927
COn_F,9201,0.8728503311345872
COn_F,9202,0.8953824665321425
COn_F,9203,0.8862817054000708
COn_F,9204,0.8709871312269749
COn_F,9205,0.8714151041064876
COn_F,9206,0.889303958584132
COn_F,9207,0.8776886133526868
COn_F,9208,0.8805433642835749
COn_F,9209,0.8915558716063433
COn_F,9210,0.9083025560731263
COn_F,9211,0.8695246419918111
COn_F,9212,0.875710629559908
COn_F,9213,0.8981401065397281
COn_F,9214,0.8886238868277774
COn_F,9215,0.8705597219107695
COn_F,9216,0.9020111486607408
COn_F,9217,0.8881047456256526
COn_F,9218,0.9072471550217781
COn_F,9219,0.8762166597704375
COn_F,9220,0.8826281756631155
COn_F,9221,0.8929897451821801
COn_F,9222,0.8892228621787799
COn_F,9223,0.8827258672757285
COn_F,9224,0.8863820707162282
COn_F,9225,0.8977152822901133
COn_F,9226,0.875312216300474
COn_F,9227,0.8981248385130506
COn_F,9228,0.8855501200284968
COn_F,9229,0.8721673808639642
COn_F,9230,0.884010080085935
COn_F,9231,0.879512588435221
COn_F,9232,0.8879651498907543
COn_F,9233,0.8889881731469979
COn_F,9234,0.882009322792694
COn_F,9235,0.8787150741934822
COn_F,9236,0.8964238752843081
COn_F,9237,0.8770572405783142
COn_F,9238,0.9152465961399449
COn_F,9239,0.8838431851796059
COn_F,9240,0.8920904834495281
COn_F,9241,0.8835458786416421
COn_F,9242,0.8854339289652483
COn_F,9243,0.8859999136250434
COn_F,9244,0.8791432113679886
COn_F,9245,0.8725774671108735
COn_F,9246,0.9006663269914814
COn_F,9247,0.8841852336027435
COn_F,9248,0.880646348474488
COn_F,9249,0.8897604240596355
COn_F,9250,0.8877456363998898
COn_F,9251,0.8813792799113235
COn_F,9252,0.8865158282886538
COn_F,9253,0.8911715767167191
COn_F,9254,0.879516184717747
COn_F,9255,0.8920986458204962
COn_F,9256,0.9061420685590311
COn_F,9257,0.8880615027136876
COn_F,9258,0.8966742157849489
COn_F,9259,0.8984122002763244
COn_F,9260,0.8833568787388909
COn_F,9261,0.892347387435328
COn_F,9262,0.8871297543397365
COn_F,9263,0.8891282402222367
COn_F,9264,0.8798960550852046
COn_F,9265,0.8911228459814605
COn_F,9266,0.8917965673654281
COn_F,9267,0.8859868521409836
COn_F,9268,0.8935587933838591
COn_F,9269,0.8693713582374931
COn_F,9270,0.8967496030222574
COn_F,9271,0.8864424642012678
COn_F,9272,0.8884661136108637
COn_F,9273,0.8772397744881342
COn_F,9274,0.8949879097856681
COn_F,9275,0.8858996695664257
COn_F,9276,0.8916584147481968
COn_F,9277,0.8908607146627492
COn_F,9278,0.8735474983809015
COn_F,9279,0.8822300692743227
COn_F,9280,0.8955645419808211
COn_F,9281,0.8822843343549918
COn_F,9282,0.8752386751828565
COn_F,9283,0.8770554326908541
COn_F,9284,0.87497940893495
COn_F,9285,0.8668964258962685
COn_F,9286,0.8877372607764634
COn_F,9287,0.9016928622721292
COn_F,9288,0.8614410203369898
COn_F,9289,0.8820940882832129
COn_F,9290,0.8835086824084711
COn_F,9291,0.9087414084363813
COn_F,9292,0.866880122506554
COn_F,9293,0.8877154373419243
COn_F,9294,0.8896111219293583
COn_F,9295,0.9001979361964569
COn_F,9296,0.8768625882508183
COn_F,9297,0.8976602690107711
COn_F,9298,0.8787618441561406
COn_F,9299,0.8855666922990484
COn_F,9300,0.88167744253151
COn_F,9301,0.8975822685825586
COn_F,9302,0.8898389647095661
COn_F,9303,0.8864705192655785
COn_F,9304,0.891845090072544
COn_F,9305,0.8911354531334679
COn_F,9306,0.8777271117565466
COn_F,9307,0.8975909928508861
COn_F,9308,0.8848496621284216
COn_F,9309,0.8787141899023123
COn_F,9310,0.8951159653657296
COn_F,9311,0.8950353861636905
COn_F,9312,0.8999816720634515
COn_F,9313,0.8885642036122029
COn_F,9314,0.8959152318944015
COn_F,9315,0.902709863173534
COn_F,9316,0.88531905475941
COn_F,9317,0.8861465716341299
COn_F,9318,0.8711435842163318
COn_F,9319,0.8762199737785692
COn_F,9320,0.8701309194377199
COn_F,9321,0.8833195046148541
COn_F,9322,0.9043271498807475
COn_F,9323,0.892543477951887
COn_F,9324,0.8957846706924574
COn_F,9325,0.8946181815097173
COn_F,9326,0.8933037840417968
COn_F,9327,0.8790787939023732
COn_F,9328,0.8699502330804569
COn_F,9329,0.8827435486698939
COn_F,9330,0.8690860976525862
COn_F,9331,0.8766116070977825
COn_F,9332,0.8979345092577815
COn_F,9333,0.885439871084927
COn_F,9334,0.901371894787851
COn_F,9335,0.869295705963851
COn_F,9336,0.8846128058743676
COn_F,9337,0.8907787647635891
COn_F,9338,0.8816572003674883
COn_F,9339,0.8785151619839998
COn_F,9340,0.8788601393167603
COn_F,9341,0.8891034199555671
COn_F,9342,0.8890982251067001
COn_F,9343,0.9004489348692457
COn_F,9344,0.8837674465857283
COn_F,9345,0.8810291759967463
COn_F,9346,0.8690162295217809
COn_F,9347,0.8833948983673587
COn_F,9348,0.8808037515836397
COn_F,9349,0.8899882919682782
COn_F,9350,0.890711034121838
COn_F,9351,0.8769427356821495
COn_F,9352,0.8830871922105904
COn_F,9353,0.8838524320572206
COn_F,9354,0.892984928739593
COn_F,9355,0.8781554902628297
COn_F,9356,0.8784160692398512
COn_F,9357,0.8613526154349254
COn_F,9358,0.8844539201798913
COn_F,9359,0.868511114316331
COn_F,9360,0.8694556535383852
COn_F,9361,0.8971307294848878
COn_F,9362,0.8968321020750271
COn_F,9363,0.8744595706621744
COn_F,9364,0.8931888654427375
COn_F,9365,0.8831514699913705
COn_F,9366,0.8741429784224186
COn_F,9367,0.881105706927747
COn_F,9368,0.8931553092371685
COn_F,9369,0.8659789255523144
COn_F,9370,0.8791670935354052
COn_F,9371,0.879158424966728
COn_F,9372,0.8872179525678928
COn_F,9373,0.8875689023997203
COn_F,9374,0.88223719338557
COn_F,9375,0.8811123977339096
COn_F,9376,0.8896514459261559
COn_F,9377,0.8726192260825681
COn_F,9378,0.8837947331416728
COn_F,9379,0.891710260282037
COn_F,9380,0.8827785638090407
COn_F,9381,0.9042054408877106
COn_F,9382,0.8868689207146078
COn_F,9383,0.8820125551780824
COn_F,9384,0.8648061849932208
COn_F,9385,0.8927123985362134
COn_F,9386,0.87843636765562
COn_F,9387,0.8919745429871645
COn_F,9388,0.8978959439129147
COn_F,9389,0.8833593771254193
COn_F,9390,0.8761242070154701
COn_F,9391,0.8764281195739052
COn_F,9392,0.8883124185913855
COn_F,9393,0.8780813919200556
COn_F,9394,0.8862386117441327
COn_F,9395,0.8629129787769824
COn_F,9396,0.8815551689323483
COn_F,9397,0.8905091574951719
COn_F,9398,0.8904991261707093
COn_F,9399,0.8995087608188498
COn_F,9400,0.8787827964561621
COn_F,9401,0.8799126456123123
COn_F,9402,0.9012397605617375
COn_F,9403,0.8881899638906406
COn_F,9404,0.8872616542502147
COn_F,9405,0.8996639468959229
COn_F,9406,0.8751788728100238
COn_F,9407,0.8994673896787062
COn_F,9408,0.8873402534588976
COn_F,9409,0.8806268458750386
COn_F,9410,0.8806743560827048
COn_F,9411,0.8670589611353404
COn_F,9412,0.8850572387095715
COn_F,9413,0.8843587021296465
COn_F,9414,0.8979045712131406
COn_F,9415,0.891121461901965
COn_F,9416,0.901826206676392
COn_F,9417,0.853552884955241
COn_F,9418,0.9055430068328226
COn_F,9419,0.9043023826642099
COn_F,9420,0.8954744247740425
COn_F,9421,0.8908591011400377
COn_F,9422,0.8890566283156628
COn_F,9423,0.883705922991967
COn_F,9424,0.9162755172051785
COn_F,9425,0.8850142225330635
COn_F,9426,0.8893942559577627
COn_F,9427,0.8948369527103934
COn_F,9428,0.892046661010122
COn_F,9429,0.8755547853706707
COn_F,9430,0.8891866063259343
COn_F,9431,0.8811007528566944
COn_F,9432,0.8828130620680009
COn_F,9433,0.9018676280689393
COn_F,9434,0.8679702040679849
COn_F,9435,0.9062680908527385
COn_F,9436,0.8884288171364011
COn_F,9437,0.8930656741627186
COn_F,9438,0.8728538808285974
COn_F,9439,0.8791870740675208
COn_F,9440,0.8819075941451541
COn_F,9441,0.8899312185768098
COn_F,9442,0.8915407153273051
COn_F,9443,0.8775110075361433
COn_F,9444,0.8803053329085393
COn_F,9445,0.904291261405442
COn_F,9446,0.8950058687381812
COn_F,9447,0.8951604275477048
COn_F,9448,0.890363874298161
COn_F,9449,0.8740450074404056
COn_F,9450,0.8763676583293825
COn_F,9451,0.8877086718107713
COn_F,9452,0.8816662199964269
COn_F,9453,0.8879117600975437
COn_F,9454,0.9016984628638154
COn_F,9455,0.877797545624663
COn_F,9456,0.8916379237331246
COn_F,9457,0.8811797759736962
COn_F,9458,0.8902785995204822
COn_F,9459,0.8872466311257313
COn_F,9460,0.871757211202083
COn_F,9461,0.9020486533359198
COn_F,9462,0.8976816497258854
COn_F,9463,0.8899561899183702
COn_F,9464,0.8976820516388349
COn_F,9465,0.895785930449398
COn_F,9466,0.8859002181243464
COn_F,9467,0.8755007565294515
COn_F,9468,0.8891311946467948
COn_F,9469,0.8833095725782081
COn_F,9470,0.878534652521363
COn_F,9471,0.8797267129606333
COn_F,9472,0.8876007369830256
COn_F,9473,0.8831446222260296
COn_F,9474,0.8792213030513378
COn_F,9475,0.878337750424537
COn_F,9476,0.8854850982366375
COn_F,9477,0.8587487870707299
COn_F,9478,0.8833856137251906
COn_F,9479,0.8856350899520374
COn_F,9480,0.8869156879913648
COn_F,9481,0.880949388463093
COn_F,9482,0.8871077797186399
COn_F,9483,0.8844238237433582
COn_F,9484,0.8778263516321507
COn_F,9485,0.8989443849034151
COn_F,9486,0.8842364526696991
COn_F,9487,0.8957624491900354
COn_F,9488,0.8747084773319159
COn_F,9489,0.8692788544844107
COn_F,9490,0.888613893136368
COn_F,9491,0.8783531633689032
COn_F,9492,0.8947855637228571
COn_F,9493,0.8676245082640599
COn_F,9494,0.8582732479490104
COn_F,9495,0.9097762384661795
COn_F,9496,0.8713950302273826
COn_F,9497,0.8944298743105792
COn_F,9498,0.8805712729170235
COn_F,9499,0.8982815960680055
COn_F,9500,0.8936308219535076
COn_F,9501,0.8857855329181001
COn_F,9502,0.8850206349857778
COn_F,9503,0.8800210259957261
COn_F,9504,0.8885673436983429
COn_F,9505,0.8800184193924728
COn_F,9506,0.8962308808720421
COn_F,9507,0.9062616467128651
COn_F,9508,0.8883801940696597
COn_F,9509,0.8993996346928848
COn_F,9510,0.8806079442916817
COn_F,9511,0.8903118253461496
COn_F,9512,0.8829527996068238
COn_F,9513,0.8902251736860252
COn_F,9514,0.9084949099461491
COn_F,9515,0.8843227879297088
COn_F,9516,0.9100685879406173
COn_F,9517,0.8815778813348607
COn_F,9518,0.8879473098077494
COn_F,9519,0.8746785274870894
COn_F,9520,0.8922931841993965
COn_F,9521,0.8959917141151728
COn_F,9522,0.8738606150083948
COn_F,9523,0.8622487794760094
COn_F,9524,0.865015059022151
COn_F,9525,0.8919471802702548
COn_F,9526,0.889995556403749
COn_F,9527,0.8990294036409529
COn_F,9528,0.8803487993612488
COn_F,9529,0.8888206754110883
COn_F,9530,0.8764889955565808
COn_F,9531,0.8968608075876116
COn_F,9532,0.8824167269290975
COn_F,9533,0.8907352998105604
COn_F,9534,0.8793969606285866
COn_F,9535,0.8694890685165747
COn_F,9536,0.8893429139641845
COn_F,9537,0.8939729832882566
COn_F,9538,0.8848523184794388
COn_F,9539,0.9001245945735817
COn_F,9540,0.8802019009721148
COn_F,9541,0.8753904245748461
COn_F,9542,0.8936443304815784
COn_F,9543,0.8935962170720558
COn_F,9544,0.8850777503367165
COn_F,9545,0.8761932596132022
COn_F,9546,0.8693207160535953
COn_F,9547,0.8773395796967859
COn_F,9548,0.8966721909516225
COn_F,9549,0.8755260849754241
COn_F,9550,0.8774505343937198
COn_F,9551,0.8863754048451277
COn_F,9552,0.8769963340214705
COn_F,9553,0.8742437790443259
COn_F,9554,0.8864131549046543
COn_F,9555,0.8891236721304302
COn_F,9556,0.8774850389492689
COn_F,9557,0.8715392885164835
COn_F,9558,0.8853538025610419
COn_F,9559,0.8898024384921938
COn_F,9560,0.9000429782978131
COn_F,9561,0.8744317435896121
COn_F,9562,0.8740872592075553
COn_F,9563,0.8886846764919201
COn_F,9564,0.8857110423984458
COn_F,9565,0.8710978701809616
COn_F,9566,0.8976285848316994
COn_F,9567,0.8604874386656198
COn_F,9568,0.8868865301643383
COn_F,9569,0.891123456048679
COn_F,9570,0.8846270193727545
COn_F,9571,0.8616532633725102
COn_F,9572,0.8891969888603308
COn_F,9573,0.8782939197504667
COn_F,9574,0.8804860471428868
COn_F,9575,0.8887064696521155
COn_F,9576,0.8868067158244407
COn_F,9577,0.8931395022563468
COn_F,9578,0.8896146989125092
COn_F,9579,0.8680571872979344
COn_F,9580,0.8844497944638942
COn_F,9581,0.8743534153611359
COn_F,9582,0.8837600732161492
COn_F,9583,0.8849219013928256
COn_F,9584,0.8667065540266707
COn_F,9585,0.8765685918542353
COn_F,9586,0.8860451132656926
COn_F,9587,0.8951334272277656
COn_F,9588,0.8923355659420521
COn_F,9589,0.876428226257245
COn_F,9590,0.8964811522812329
COn_F,9591,0.8914721195669013
COn_F,9592,0.8928111886199597
COn_F,9593,0.8771580155940303
COn_F,9594,0.88779828648323
COn_F,9595,0.8919447911875018
COn_F,9596,0.8697545636109368
COn_F,9597,0.8910073729835607
COn_F,9598,0.894426683900963
COn_F,9599,0.8737894685029746
COn_F,9600,0.8828586039220132
COn_F,9601,0.8877582040149514
COn_F,9602,0.8808507533641273
COn_F,9603,0.8905733579199636
COn_F,9604,0.8816432007889563
COn_F,9605,0.8839052373095008
COn_F,9606,0.8814114916793391
COn_F,9607,0.8908863032639563
COn_F,9608,0.8925795899165059
COn_F,9609,0.891719807909448
COn_F,9610,0.8966350669685688
COn_F,9611,0.8739450830599709
COn_F,9612,0.8865054325735686
COn_F,9613,0.879011499025143
COn_F,9614,0.8954773047338507
COn_F,9615,0.8825933759656627
COn_F,9616,0.8898245552358488
COn_F,9617,0.8939977745259376
COn_F,9618,0.8770482096996902
COn_F,9619,0.9158380824679755
COn_F,9620,0.8740028697114731
COn_F,9621,0.8876504900519686
COn_F,9622,0.894472971615292
COn_F,9623,0.8882856628397945
COn_F,9624,0.8946448191140569
COn_F,9625,0.8895657995257215
COn_F,9626,0.886251887720085
COn_F,9627,0.8786763546810468
COn_F,9628,0.8878278167315959
COn_F,9629,0.8816841458444974
COn_F,9630,0.8914478830542263
COn_F,9631,0.8938836632165045
COn_F,9632,0.883991194273794
COn_F,9633,0.8913934417432758
COn_F,9634,0.8886774115792547
COn_F,9635,0.8893044102837435
COn_F,9636,0.885438266745198
COn_F,9637,0.8861431005818518
COn_F,9638,0.8942956959444737
COn_F,9639,0.8807999880488829
COn_F,9640,0.9112918018105106
COn_F,9641,0.896417149067957
COn_F,9642,0.8990121639024728
COn_F,9643,0.8796337421961398
COn_F,9644,0.8787596549055167
COn_F,9645,0.875106363523534
COn_F,9646,0.8790858350874431
COn_F,9647,0.8836362126725433
COn_F,9648,0.8890807827626177
COn_F,9649,0.8904398373650954
COn_F,9650,0.8815280704748254
COn_F,9651,0.8866216207072398
COn_F,9652,0.8901291060248907
COn_F,9653,0.8974276307464247
COn_F,9654,0.8837532871625671
COn_F,9655,0.8692718730250605
COn_F,9656,0.9012205972715531
COn_F,9657,0.873313098529691
COn_F,9658,0.8743099865849151
COn_F,9659,0.8937025048612321
COn_F,9660,0.8705054668912505
COn_F,9661,0.8986004854310858
COn_F,9662,0.8904055479796699
COn_F,9663,0.8819985483160027
COn_F,9664,0.8893425247848675
COn_F,9665,0.8738420660850449
COn_F,9666,0.8913355417352153
COn_F,9667,0.8747084738673259
COn_F,9668,0.8902961091473586
COn_F,9669,0.8926497328436487
COn_F,9670,0.8947545777554574
COn_F,9671,0.8684868071356006
COn_F,9672,0.8902789415433049
COn_F,9673,0.8875894416526037
COn_F,9674,0.8792551257085028
COn_F,9675,0.8880157942470951
COn_F,9676,0.8887236510369675
COn_F,9677,0.8917970022803277
COn_F,9678,0.9038431110090053
COn_F,9679,0.8946645877073987
COn_F,9680,0.8838249130696131
COn_F,9681,0.8968537428728635
COn_F,9682,0.8967836256486289
COn_F,9683,0.8823825644457366
COn_F,9684,0.8785256190400069
COn_F,9685,0.8671284229601312
COn_F,9686,0.8914700559487142
COn_F,9687,0.9002600925063138
COn_F,9688,0.8988656965944628
COn_F,9689,0.9028754163143047
COn_F,9690,0.8672318553934144
COn_F,9691,0.866896408363733
COn_F,9692,0.8872610319963883
COn_F,9693,0.8824393457575014
COn_F,9694,0.8791048405092581
COn_F,9695,0.8943774876328732
COn_F,9696,0.8953807839204772
COn_F,9697,0.8889948435394464
COn_F,9698,0.8797790273435795
COn_F,9699,0.8793282165050967
COn_F,9700,0.8841499679518651
COn_F,9701,0.8954165711268005
COn_F,9702,0.8845337453425927
COn_F,9703,0.8961360489986326
COn_F,9704,0.8812142808967813
COn_F,9705,0.8876099430756973
COn_F,9706,0.8872608623540046
COn_F,9707,0.891832367369579
COn_F,9708,0.8841402059017265
COn_F,9709,0.8753803394541505
COn_F,9710,0.8792351484371335
COn_F,9711,0.891715259207519
COn_F,9712,0.8954485684786447
COn_F,9713,0.8770524608905403
COn_F,9714,0.9008587421703258
COn_F,9715,0.8862451590547104
COn_F,9716,0.90239341715446
COn_F,9717,0.8771706287725446
COn_F,9718,0.8626965233284904
COn_F,9719,0.8854600246033622
COn_F,9720,0.8937449140527542
COn_F,9721,0.8767016108598775
COn_F,9722,0.8893461485203155
COn_F,9723,0.8985902621715336
COn_F,9724,0.8896590679710408
COn_F,9725,0.869420581125369
COn_F,9726,0.890940677291584
COn_F,9727,0.8910334919255865
COn_F,9728,0.8805077025755494
COn_F,9729,0.8960105073859346
COn_F,9730,0.8836227643685428
COn_F,9731,0.8828825360487662
COn_F,9732,0.8810368628323101
COn_F,9733,0.8832510977468466
COn_F,9734,0.8840721383182545
COn_F,9735,0.8786723502190562
COn_F,9736,0.8754406521433838
COn_F,9737,0.8710113974121915
COn_F,9738,0.8932055713479854
COn_F,9739,0.8895577814104956
COn_F,9740,0.8848702506382318
COn_F,9741,0.8974573310455863
COn_F,9742,0.870890524570979
COn_F,9743,0.8696221521733557
COn_F,9744,0.885846001097835
COn_F,9745,0.8683972200809356
COn_F,9746,0.8777686165382392
COn_F,9747,0.8841787400628294
COn_F,9748,0.8966099619301243
COn_F,9749,0.8800776552384465
COn_F,9750,0.8807892315191794
COn_F,9751,0.8846564728565417
COn_F,9752,0.8884428660145598
COn_F,9753,0.8761345490828304
COn_F,9754,0.8838958863231856
COn_F,9755,0.8896823460353932
COn_F,9756,0.8784106057483607
COn_F,9757,0.8764446408488505
COn_F,9758,0.8954002837881446
COn_F,9759,0.8844093730763247
COn_F,9760,0.8709731307620906
COn_F,9761,0.8711652209812197
COn_F,9762,0.8800181608649037
COn_F,9763,0.8818172276952833
COn_F,9764,0.8959976622309826
COn_F,9765,0.8823774707287754
COn_F,9766,0.8773533765699804
COn_F,9767,0.8737379787247039
COn_F,9768,0.8709697296383265
COn_F,9769,0.8829532658266438
COn_F,9770,0.8889629523936184
COn_F,9771,0.8682867838382955
COn_F,9772,0.8798214352948164
COn_F,9773,0.8705496977874193
COn_F,9774,0.8709752928502427
COn_F,9775,0.8872918484505853
COn_F,9776,0.8679724432697487
COn_F,9777,0.8824075577268955
COn_F,9778,0.896009323932711
COn_F,9779,0.8904673767482162
COn_F,9780,0.8882270604622683
COn_F,9781,0.8879780478119867
COn_F,9782,0.8756176058272456
COn_F,9783,0.8836083397542824
COn_F,9784,0.8732396190984367
COn_F,9785,0.8904505792460709
COn_F,9786,0.8803495672871101
COn_F,9787,0.8948777080664568
COn_F,9788,0.8969644944919504
COn_F,9789,0.892442816283572
COn_F,9790,0.8810805096750682
COn_F,9791,0.8891078671291771
COn_F,9792,0.8949341744076583
COn_F,9793,0.8835223049359399
COn_F,9794,0.8788374670326374
COn_F,9795,0.873913280513826
COn_F,9796,0.8799770213725268
COn_F,9797,0.8765027616359702
COn_F,9798,0.898820933740752
COn_F,9799,0.8719887238700744
COn_F,9800,0.8758420069415732
COn_F,9801,0.8833116612524137
COn_F,9802,0.8704361588139637
COn_F,9803,0.8833672837179137
COn_F,9804,0.8964023051656816
COn_F,9805,0.8844532296286162
COn_F,9806,0.8747895623228014
COn_F,9807,0.8885972684995803
COn_F,9808,0.8890916525121983
COn_F,9809,0.9065872468254077
COn_F,9810,0.8959599243238392
COn_F,9811,0.9060044607204556
COn_F,9812,0.8905134651254237
COn_F,9813,0.9000302156333004
COn_F,9814,0.8934965722857314
COn_F,9815,0.8857283317979964
COn_F,9816,0.8873561518056766
COn_F,9817,0.8807270798012115
COn_F,9818,0.8827452836711531
COn_F,9819,0.8724393155976138
COn_F,9820,0.8985275973032809
COn_F,9821,0.8867666621926584
COn_F,9822,0.8858463513324862
COn_F,9823,0.8855606530099811
COn_F,9824,0.8760606112183007
COn_F,9825,0.8914379195750207
COn_F,9826,0.8995881721602895
COn_F,9827,0.8832133800068633
COn_F,9828,0.8779107773576872
COn_F,9829,0.8886152197293837
COn_F,9830,0.8767015608869881
COn_F,9831,0.8995664989122364
COn_F,9832,0.8941250577053677
COn_F,9833,0.8932206849051312
COn_F,9834,0.8824096063865428
COn_F,9835,0.8729863544053872
COn_F,9836,0.8826606265615765
COn_F,9837,0.8995761734789408
COn_F,9838,0.8971292435243502
COn_F,9839,0.8896403514223251
COn_F,9840,0.8797796356414921
COn_F,9841,0.8811108354587683
COn_F,9842,0.8753309643221691
COn_F,9843,0.8797802026391066
COn_F,9844,0.9005627016771497
COn_F,9845,0.8848982951124328
COn_F,9846,0.9033118686923377
COn_F,9847,0.8781553827940687
COn_F,9848,0.887281273652397
COn_F,9849,0.874135019181146
COn_F,9850,0.884696429838225
COn_F,9851,0.8833904416378264
COn_F,9852,0.8924902360068028
COn_F,9853,0.8943835088584412
COn_F,9854,0.8863234847748188
COn_F,9855,0.8727174586443721
COn_F,9856,0.8902960697415239
COn_F,9857,0.8671654971128624
COn_F,9858,0.8881512380755977
COn_F,9859,0.8899176296639579
COn_F,9860,0.8853033659092093
COn_F,9861,0.8763664560428266
COn_F,9862,0.8842357272505147
COn_F,9863,0.8848390106225675
COn_F,9864,0.8867612493063997
COn_F,9865,0.8803026417517767
COn_F,9866,0.8690026734307085
COn_F,9867,0.8920122658216227
COn_F,9868,0.8884664414849032
COn_F,9869,0.8874073516069598
COn_F,9870,0.890483316176623
COn_F,9871,0.8752574037354423
COn_F,9872,0.8662913445974829
COn_F,9873,0.8810226603946227
COn_F,9874,0.8904510994246134
COn_F,9875,0.8859955113481081
COn_F,9876,0.8882676320542636
COn_F,9877,0.8881381515156761
COn_F,9878,0.9031654621608006
COn_F,9879,0.8940477788830153
COn_F,9880,0.8991019864547362
COn_F,9881,0.8833821667059464
COn_F,9882,0.8971959623378962
COn_F,9883,0.8693983990570473
COn_F,9884,0.8936506719154632
COn_F,9885,0.8734975729666802
COn_F,9886,0.8882968811541833
COn_F,9887,0.8913196434763047
COn_F,9888,0.8890902125323931
COn_F,9889,0.9009281956413958
COn_F,9890,0.8840531616344341
COn_F,9891,0.8797184409539459
COn_F,9892,0.8788968144097616
COn_F,9893,0.877879702552084
COn_F,9894,0.8846354994333259
COn_F,9895,0.8709502835192919
COn_F,9896,0.8767280859614844
COn_F,9897,0.8871791196008134
COn_F,9898,0.8983872332047861
COn_F,9899,0.8799674950528104
COn_F,9900,0.9011230744294492
COn_F,9901,0.8888784256126546
COn_F,9902,0.8897122737764818
COn_F,9903,0.8895304681500439
COn_F,9904,0.8915928486800581
COn_F,9905,0.8963508831925381
COn_F,9906,0.8989406663132797
COn_F,9907,0.8763529980934232
COn_F,9908,0.8651323049714245
COn_F,9909,0.8929006082026081
COn_F,9910,0.8919762831541663
COn_F,9911,0.9001964829818684
COn_F,9912,0.8893497691579696
COn_F,9913,0.8870861806491946
COn_F,9914,0.8865938314530113
COn_F,9915,0.8983075111290909
COn_F,9916,0.891578588160631
COn_F,9917,0.9149470853806104
COn_F,9918,0.8970192044057441
COn_F,9919,0.8767615307865121
COn_F,9920,0.8887728070566069
COn_F,9921,0.8937352989233242
COn_F,9922,0.8946798456713366
COn_F,9923,0.8931532796533121
COn_F,9924,0.8950286338809884
COn_F,9925,0.8948027517486448
COn_F,9926,0.9041628092995159
COn_F,9927,0.8806188303439686
COn_F,9928,0.8970440393676922
COn_F,9929,0.8849283829395462
COn_F,9930,0.8912377974321908
COn_F,9931,0.8818337819484288
COn_F,9932,0.8820844346607626
COn_F,9933,0.9031788300781887
COn_F,9934,0.8833888945336072
COn_F,9935,0.8644573475424409
COn_F,9936,0.8966516249143236
COn_F,9937,0.8632578067168395
COn_F,9938,0.9005281574536635
COn_F,9939,0.9007914152641048
COn_F,9940,0.8900908393958916
COn_F,9941,0.881120177137123
COn_F,9942,0.8746085566148072
COn_F,9943,0.8617693583745245
COn_F,9944,0.8972650797270557
COn_F,9945,0.8833701433448035
COn_F,9946,0.8734712992465523
COn_F,9947,0.8846248207610813
COn_F,9948,0.8786377659336616
COn_F,9949,0.8765236592420577
COn_F,9950,0.8892230551566995
COn_F,9951,0.8880264539218992
COn_F,9952,0.8750716238205716
COn_F,9953,0.8927862611418865
COn_F,9954,0.8782508422357914
COn_F,9955,0.8756969668509407
COn_F,9956,0.8802490090594606
COn_F,9957,0.9014999396915323
COn_F,9958,0.8904005583602723
COn_F,9959,0.8703438147270518
COn_F,9960,0.888836375364174
COn_F,9961,0.8938009224251919
COn_F,9962,0.8797841215422828
COn_F,9963,0.8768290352927652
COn_F,9964,0.8901881716041852
COn_F,9965,0.8896898372868421
COn_F,9966,0.8863717389663944
COn_F,9967,0.8917060025628771
COn_F,9968,0.8654467316249249
COn_F,9969,0.8824703529520043
COn_F,9970,0.8984292659076246
COn_F,9971,0.87424640333967
COn_F,9972,0.8979782216012452
COn_F,9973,0.8825526460267071
COn_F,9974,0.879951019583475
COn_F,9975,0.8895183196584798
COn_F,9976,0.885134248421692
COn_F,9977,0.8722736282822074
COn_F,9978,0.881368560114576
COn_F,9979,0.8918849643348636
COn_F,9980,0.8826951396269506
COn_F,9981,0.9097591159189866
COn_F,9982,0.8808027937149198
COn_F,9983,0.8807775954433099
COn_F,9984,0.8801509504613483
COn_F,9985,0.8791641922599632
COn_F,9986,0.9097589297403129
COn_F,9987,0.891334794689417
COn_F,9988,0.8735946275578144
COn_F,9989,0.8835869008292704
COn_F,9990,0.8912873243474057
COn_F,9991,0.8823963257666518
COn_F,9992,0.8909702695270557
COn_F,9993,0.8855647827608003
COn_F,9994,0.894402361698368
COn_F,9995,0.879448467767163
COn_F,9996,0.8738829509597072
COn_F,9997,0.8856257580513294
COn_F,9998,0.8819221033159048
COn_F,9999,0.8770907815497212
