row_index,time,midi,conf,rms,flux,abs_dm,local_pitch_std,onset_probability,offset_probability,onset_label_corrected,offset_label_corrected
55,0.55,57.16033725311239,0.0072452751919627,0.0168411470949649,0.2815375328063965,0.009704322162733,0.0107213425503285,0.0072597946436023,0.001302185279528,0,0
56,0.56,57.14092860878692,0.0079838391393423,0.0187096633017063,0.2509714663028717,0.009704322162733,0.0197757093280729,0.0166626143763159,0.001302185279528,0,0
57,0.57,57.14092860878692,0.0089241825044155,0.0286558009684085,0.3642995655536651,0.0,0.0324446576968375,0.0293263997182377,0.0028396247867872,0,0
58,0.58,57.14092860878692,0.00939073972404,0.0556595884263515,0.4946971535682678,0.0,0.2502306707836454,0.0789965793488499,0.008525278964511,0,0
59,0.59,57.14092860878692,0.2782419919967651,0.0854042395949363,0.5060574412345886,0.0289225137743613,0.3559380723247616,0.1304305152340652,0.0106628173302769,0,0
60,0.6,57.198773636335645,0.544804573059082,0.142422154545784,0.3374113142490387,0.0470439367054673,0.5277986708877918,0.2030365781801928,0.0372310610238482,0,0
61,0.61,57.23501648219786,0.5522260665893555,0.1632168889045715,1.1830689907073977,0.3551835564662262,0.6174352950573329,0.355461263974507,0.0357372040750242,1,0
62,0.62,57.9091407492681,0.6018397212028503,0.1753524541854858,0.6353516578674316,0.3945292091535002,0.6897283626403,0.6222684095675576,0.053103559157862,1,0
63,0.63,58.02407490050486,0.715319812297821,0.1871760338544845,0.0238613039255142,0.3221804820174228,0.7532475841066061,0.7777555789362968,0.0556677707103217,1,0
64,0.64,58.55350171330294,0.8574510216712952,0.2033927291631698,0.087799996137619,0.2803513271801776,0.7464101735584022,0.6377939432686599,0.0746951348518418,0,0
65,0.65,58.58477755486521,0.8801000118255615,0.2030023336410522,0.2247263193130493,0.1303248399909051,0.6771314365238119,0.6775544667385042,0.089574374609546,0,0
66,0.66,58.81415139328475,0.8961756229400635,0.2350146323442459,0.2376578450202942,0.2762891932011264,0.5104533818607634,0.3715379835479708,0.0636708856194625,0,0
67,0.67,59.137355941267465,0.91882985830307,0.2591230273246765,0.2042933255434036,0.1819075315155736,0.424403769216377,0.3930511141863069,0.0767476289312781,0,0
68,0.68,59.1779664563159,0.91882985830307,0.2825002372264862,0.1262433677911758,0.0420169151228932,0.2862497071613071,0.3993395305530017,0.1004876223433028,0,0
69,0.69,59.22138977151325,0.91882985830307,0.2925650179386139,0.0865083262324333,0.02382582220174,0.2323971239180346,0.3751101120671753,0.116021690068842,0,0
70,0.7,59.22561810071938,0.91882985830307,0.3005282282829284,0.0723877772688865,0.0021141646030642,0.1346630833159005,0.1551010773695576,0.0780110597422567,0,0
71,0.71,59.22561810071938,0.91882985830307,0.296378880739212,0.0747324675321579,0.0,0.0308223582485035,0.0709158438562631,0.0317755990734229,0,0
72,0.72,59.22561810071938,0.91882985830307,0.2946110963821411,0.0765482634305954,0.0,0.0285054194975187,0.0465229969111798,0.0276063396148286,0,0
73,0.73,59.22561810071938,0.9236966967582704,0.2837026715278625,0.1009108871221542,0.0021141646030642,0.0341097665557883,0.0125047155296472,0.0356941363559468,0,0
74,0.74,59.22138977151325,0.91882985830307,0.2808286249637604,0.0895187482237815,0.0145561616716811,0.0382662645425221,0.0339070568800534,0.0381673719594827,0,0
75,0.75,59.19650577737602,0.9089714288711548,0.2680730819702148,0.0907447338104248,0.0378030107803688,0.0395905594405308,0.0093419467781138,0.0349716285455553,0,0
76,0.76,59.145783749952514,0.9058504104614258,0.254388689994812,0.0839690789580345,0.0253610137117519,0.0386455103526044,0.0249071295261457,0.0654683713809733,0,0
77,0.77,59.145783749952514,0.9058504104614258,0.2293432354927063,0.0703823268413543,0.0,0.0348881581480317,0.0138227044425581,0.051241641475843,0,0
78,0.78,59.145783749952514,0.9020599126815796,0.2203157097101211,0.1205358579754829,0.0,0.0496128978452461,0.0271170527396793,0.2453388866465381,0,0
79,0.79,59.145783749952514,0.8979458808898926,0.2104339003562927,0.3447082638740539,0.0,0.1140116774382763,0.0484639632191161,0.3016259626311303,0,0
80,0.8,59.145783749952514,0.8979458808898926,0.214138001203537,0.2776301205158233,0.0233289826816118,0.1727514000187976,0.2602879689145054,0.4105667445909041,0,0
81,0.81,59.19244171531574,0.9020599126815796,0.2237830609083175,0.1214257851243019,0.0711996142024631,0.2820159682752975,0.1899878622923958,0.3657245048387754,0,0
82,0.82,59.28818297835744,0.9020599126815796,0.2377970963716507,0.1041023284196853,0.1473150435442818,0.3773780840073796,0.4984663983501923,0.3167362613085019,0,0
83,0.83,59.4870718024043,0.9033539295196532,0.2386028170585632,0.1175674945116043,0.1567814527941458,0.4378917072755145,0.3884479196040573,0.3838014272163338,0,1
84,0.84,59.60174588394573,0.9033539295196532,0.2397752553224563,0.1507631242275238,0.2310037425604605,0.5119229657420269,0.2132533382072207,0.2657042251717028,0,1
85,0.85,59.94907928752522,0.9057261347770692,0.2452320754528045,0.1919316798448562,0.2762887760978501,0.5275236816152526,0.2479855417179891,0.2877343007462302,0,1
86,0.86,60.15432343614143,0.9110496640205384,0.2507861852645874,0.1300732642412185,0.1495179176560057,0.4991177931618026,0.2460758894939807,0.3162818390736683,0,0
87,0.87,60.248115122837234,0.9110496640205384,0.2551423907279968,0.0870579853653907,0.2060282150952801,0.4345969235521754,0.2061022858257645,0.1987834460658613,0,0
88,0.88,60.56637986633199,0.9135247468948364,0.2592003941535949,0.0896328091621398,0.1649204009413836,0.358504903212846,0.2504687057616451,0.1739839270077259,0,0
89,0.89,60.57795592472,0.9171763062477112,0.2633102536201477,0.082510158419609,0.0106372245107806,0.2442303632778856,0.1214680315938448,0.0784255111969139,0,0
90,0.9,60.587654315353554,0.9239283800125122,0.2626926004886627,0.0651020854711532,0.0048491953167761,0.1683450980349114,0.0608229552232861,0.0264547337001905,0,0
91,0.91,60.587654315353554,0.9283183813095092,0.2637009024620056,0.0673921480774879,0.0,0.1099385204123881,0.0386761985683236,0.0242943639312292,0,0
92,0.92,60.587654315353554,0.9345353245735168,0.26633220911026,0.0537353120744228,0.0048491953167761,0.0294439998577403,0.0368336427222597,0.0081446141612578,0,0
93,0.93,60.57795592472,0.9413344860076904,0.2665493488311767,0.0975952968001365,0.0106372245107806,0.0337654082179867,0.020625248611262,0.0305634588634786,0,0
94,0.94,60.56637986633199,0.9345353245735168,0.2604652941226959,0.0725819915533065,0.0316229132510166,0.0358049290136424,0.0090549561822644,0.0349726626870078,0,0
95,0.95,60.51471009821797,0.9345353245735168,0.2518855333328247,0.0679518952965736,0.0258348840570121,0.0394942746970316,0.01286185830382,0.0657483805080803,0,0
96,0.96,60.51471009821797,0.9345353245735168,0.2342617660760879,0.0509080067276954,0.0,0.0399845581905198,0.0100203036959192,0.0604462973508969,0,0
97,0.97,60.51471009821797,0.9345353245735168,0.2294177711009979,0.0575820952653884,0.0,0.0360760348353313,0.0460000924077775,0.2558845897789388,0,0
98,0.98,60.51471009821797,0.9327373504638672,0.2487101852893829,0.5362832546234131,0.0158239538287681,0.0293074477532518,0.1295651197744406,0.4492891494886834,0,0
99,0.99,60.48306219056043,0.9327373504638672,0.2558279037475586,0.4497679769992828,0.0185393982001365,0.0185171592697864,0.4280487499297629,0.7384264388755518,0,0
100,1.0,60.477631301817695,0.9327373504638672,0.2628823220729828,0.1333081871271133,0.0027154443713683,0.0218060321810167,0.4229658222946892,0.5351262223776553,1,0
101,1.01,60.477631301817695,0.9327373504638672,0.2713659703731537,0.0636935010552406,0.0,0.024455007799425,0.7145830779843416,0.2604443987465382,1,0
102,1.02,60.477631301817695,0.9327373504638672,0.2594472467899322,0.0816589668393135,0.0027154443713683,0.0266555489231383,0.6120316225020411,0.2001773641921245,1,0
103,1.03,60.48306219056043,0.957082748413086,0.2560211718082428,0.0753454118967056,0.0280610244057086,0.0604717167061939,0.176444180575388,0.0579362580524225,0,0
104,1.04,60.53375335062911,0.9618470668792723,0.2590070068836212,0.0889216139912605,0.0253455800343402,0.0990185587417434,0.1604073384099236,0.0578804781111091,0,0
105,1.05,60.53375335062911,0.9618470668792723,0.2671148777008056,0.1183156222105026,0.0,0.1174868317615655,0.0393523651784995,0.0353351904272029,0,0
106,1.06,60.53375335062911,0.9618470668792723,0.2799071967601776,0.1144385263323783,0.0648905781794582,0.1276290370326874,0.0504820651369244,0.0412218742474237,0,0
107,1.07,60.66353450698803,0.9655905961990356,0.2857465744018554,0.0732057094573974,0.1136818949196794,0.1283053740863463,0.0325508421840144,0.0334539814452903,0,0
108,1.08,60.76111714046847,0.9655905961990356,0.2846725285053253,0.0901954621076583,0.0502647663823765,0.1391596851678933,0.0333582634331516,0.0272776545223141,0,0
109,1.09,60.76406403975278,0.957082748413086,0.2867357432842254,0.062270451337099,0.0110645471076011,0.1506293949680783,0.0108587186888873,0.0168567020221051,0,0
110,1.1,60.78324623468367,0.9565874338150024,0.2882135510444641,0.0623275227844715,0.0136703438166989,0.1471521859439458,0.0168833246113849,0.0153450825248812,0,0
111,1.11,60.79140472738618,0.9560918211936952,0.285881370306015,0.0757363885641098,0.0674507900668963,0.1219574099934423,0.0193061571162824,0.0143899412544593,0,0
112,1.12,60.918147814817466,0.9560918211936952,0.2814842760562897,0.0407204069197177,0.0901941147844738,0.1087650831403836,0.0237810139614411,0.031552135611927,0,0
113,1.13,60.97179295695513,0.9539511799812316,0.2827813625335693,0.0344517081975936,0.0372795267824379,0.1048605013157254,0.0228435627334365,0.022368930363862,0,0
114,1.14,60.99270686838234,0.9539101719856262,0.2796961665153503,0.0310985669493675,0.0119213137551525,0.0991119973016201,0.0025940377590007,0.013370954227048,0,0
115,1.15,60.99563558446543,0.9530999064445496,0.2802654504776001,0.0466783791780471,0.0033678438363295,0.0871536903778294,0.0050282557128078,0.0086300702193368,0,0
116,1.16,60.999442556055,0.952483057975769,0.2763234376907348,0.0557333528995513,0.0087895206417236,0.056957851988385,0.0014612499162703,0.0163643832158041,0,0
117,1.17,61.01321462574888,0.952483057975769,0.2763972878456116,0.0325658470392227,0.0340603556071599,0.0483922251930453,0.0124451361765354,0.026612002555031,0,0
118,1.18,61.06756326726932,0.9530999064445496,0.2778889238834381,0.0363439247012138,0.0376798199812462,0.045174292151675,0.0057133340201237,0.0155291992040013,0,0
119,1.19,61.08857426571137,0.9530999064445496,0.2823184430599212,0.0436135530471801,0.0105054992210256,0.0419645966782541,0.0042341622307399,0.0204949730155087,0,0
120,1.2,61.08857426571137,0.953493595123291,0.2833321392536163,0.0572178289294242,0.0,0.035779779821668,0.0024625366550238,0.0037332408460735,0,0
121,1.21,61.08857426571137,0.953493595123291,0.285407155752182,0.0840072408318519,0.0,0.0252205649573976,0.0084001970446552,0.0112686625021884,0,0
122,1.22,61.08857426571137,0.953493595123291,0.2884442806243896,0.026944663375616,0.0,0.0389157010297169,0.0060235143728682,0.0132861556034868,0,0
123,1.23,61.08857426571137,0.953493595123291,0.2863762378692627,0.0547697432339191,0.0,0.0595068410398365,0.0028959733695549,0.0098840029731952,0,0
124,1.24,61.08857426571137,0.953493595123291,0.2810657918453216,0.0822156965732574,0.0,0.1282982817677859,0.0107112432428494,0.0622466942698528,0,0
125,1.25,61.08857426571137,0.953493595123291,0.26752969622612,0.0804096236824989,0.0587486334904063,0.1848642795090652,0.0146394933484456,0.0828185438645618,0,0
126,1.26,60.97107699873056,0.9475328922271729,0.2546603679656982,0.0898185595870018,0.0749447663955074,0.24010545374113,0.0155514219985268,0.1735864618186693,0,0
127,1.27,60.93868473292036,0.9457566738128662,0.2390250265598297,0.173144519329071,0.1292753185579691,0.3049227083081753,0.0185406327696822,0.2086106152545247,0,0
128,1.28,60.71252636161462,0.932671844959259,0.2389529049396515,0.1709939688444137,0.1689228261040334,0.4220427983924893,0.0461639335211715,0.3385244078612787,0,0
129,1.29,60.60083908071229,0.8988632559776306,0.2475944906473159,0.4417730271816253,0.1231296396834551,0.5340691268435902,0.040582352828719,0.3195381107358677,0,0
130,1.3,60.46626708224771,0.8843643665313721,0.2285047024488449,0.5111615061759949,0.1682090075557063,0.6532187047528099,0.0735105027319384,0.3953151543694277,0,1
131,1.31,60.26442106560088,0.7088046073913574,0.2246412485837936,0.1016412228345871,0.3163428942707256,0.7100396048523813,0.0684421818208152,0.4278576213223811,0,1
132,1.32,59.83358129370626,0.4221395254135132,0.2015182375907898,0.0624863989651203,0.3737001710638274,0.6969868313429332,0.0752569048319649,0.4645530871639085,0,1
133,1.33,59.51702072347322,0.3251086473464966,0.1790674179792404,0.0744717717170715,0.3678194470462372,0.6581057574595918,0.1015081533578897,0.4190453003444594,0,0
134,1.34,59.097942399613785,0.223400205373764,0.1535640358924865,0.0905313342809677,0.2445293622087661,0.5830803227364558,0.0691590395609069,0.396746723723077,0,0
135,1.35,59.02796199905569,0.2198190540075302,0.142507866024971,0.2652748227119446,0.0349902002790472,0.4644024019075283,0.0867953853534976,0.2950004008614243,0,0
136,1.36,59.02796199905569,0.2198190540075302,0.1668879985809326,0.0934038609266281,0.0,0.3023195093237801,0.0703660796624008,0.2477404508253331,0,0
137,1.37,59.02796199905569,0.2198190540075302,0.1913239061832428,0.3331828415393829,0.0225046766305894,0.1694581616841302,0.0895805087189171,0.168342068939938,0,0
138,1.38,58.98295264579451,0.2198190540075302,0.1858229786157608,0.6285536289215088,0.0225046766305894,0.041459180038243,0.1316757030706858,0.1309359031038313,0,0
139,1.39,58.98295264579451,0.3082855641841888,0.1809170544147491,0.2225470840930938,0.0,0.0379933628482699,0.1379034461912364,0.129621305121072,0,0
140,1.4,58.98295264579451,0.3107186257839203,0.1826719343662262,0.0780994668602943,0.0250024188795379,0.0422653870609784,0.3861727530669772,0.1006987376327247,1,0
141,1.41,59.03295748355359,0.3251086473464966,0.1504907608032226,0.0732490941882133,0.0487605777462434,0.0422530391597397,0.4207098752316145,0.11376099476621,1,0
142,1.42,59.080473801287,0.4483304023742676,0.1176328584551811,0.0792297050356864,0.0237581588667055,0.0452884554707733,0.3472728149772821,0.0980633843389526,1,0
143,1.43,59.080473801287,0.5130024552345276,0.1184161454439163,0.0527701787650585,0.0,0.0468832335624381,0.2667688603524212,0.0700951339713245,0,0
144,1.44,59.080473801287,0.777954638004303,0.115802489221096,0.1404622942209243,0.0237581588667055,0.0582795376293557,0.2167574447309769,0.1049822368172587,0,0
145,1.45,59.03295748355359,0.8782712817192078,0.1133344322443008,0.0960040241479873,0.0487605777462434,0.0735036963900104,0.1629108579791239,0.0924980808540062,0,0
146,1.46,58.98295264579451,0.8901814818382263,0.1085479333996772,0.0626281648874282,0.0310074170550755,0.0868360873926595,0.1203789830680946,0.0651586326831693,0,0
147,1.47,58.97094264944344,0.9159712195396424,0.1076120510697364,0.0532547645270824,0.0333312295873327,0.0900329469278086,0.0798549782514429,0.0563792287567868,0,0
148,1.48,58.91629018661985,0.9224748611450196,0.1032410636544227,0.0882519632577896,0.0443694015005675,0.0847868744563649,0.0439991233228075,0.0346150761674644,0,0
149,1.49,58.8822038464423,0.9224748611450196,0.1054208055138588,0.0733287706971168,0.0273879676410224,0.0692037117240607,0.0406762885402659,0.0503109056702693,0,0
150,1.5,58.8615142513378,0.9224748611450196,0.1059094965457916,0.094181403517723,0.0163764341411685,0.0530074707114073,0.0192229897065698,0.0738816185704159,0,0
151,1.51,58.849450978159965,0.9224748611450196,0.1077595055103302,0.0968949124217033,0.0060316365889185,0.0409002050701573,0.0334130418037723,0.0852352065052427,0,0
152,1.52,58.849450978159965,0.9236236810684204,0.1084620580077171,0.1334802210330963,0.0,0.051445392553393,0.0211256728668586,0.0714104480109426,0,0
153,1.53,58.849450978159965,0.9274558424949646,0.1105266660451889,0.0949618592858314,0.0060316365889185,0.0693544252790654,0.0573130619648422,0.0880704755135127,0,0
154,1.54,58.8615142513378,0.9274558424949646,0.1118441522121429,0.0790000855922699,0.0060316365889185,0.0867007054026831,0.010834683538778,0.0286722981954866,0,0
155,1.55,58.8615142513378,0.9185566902160645,0.1076552644371986,0.1109922602772712,0.0726124513508317,0.1018384357847841,0.0155106769719491,0.0391462963217826,0,0
156,1.56,59.006739154039465,0.916377067565918,0.0970546901226043,0.1460730582475662,0.0804914432530594,0.1102207789149937,0.0160562631667856,0.0432709074466598,0,0
157,1.57,59.02249713784392,0.9163321256637572,0.0833264514803886,0.0708606764674186,0.0225794060568382,0.1111852014675695,0.0220715888945933,0.0534230342204905,0,0
158,1.58,59.05189796615314,0.8955546021461487,0.06465994566679,0.0585013180971145,0.0334284195108445,0.102650976334243,0.0064423439578264,0.1437961859157626,0,0
159,1.59,59.08935397686561,0.8475306034088135,0.0400623306632041,0.0640759542584419,0.0290731611918637,0.0946430159461985,0.0068093889052978,0.3187242891195669,0,0
160,1.6,59.11004428853687,0.7377137541770935,0.0230865180492401,0.0663814395666122,0.0157640741684801,0.0666061875460184,0.0060618625725311,0.4359588836478231,0,0
161,1.61,59.12088212520257,0.6152041554450989,0.013512410223484,0.1627476513385772,0.0055910099740117,0.0686535439050729,0.0045323884489968,0.6039448259244742,0,0
162,1.62,59.12122630848489,0.5323536992073059,0.0139352632686495,0.2415298372507095,0.0352709192675604,0.0687446463843013,0.0018769641789995,0.6443362822345181,0,0
163,1.63,59.19142396373769,0.4633667469024658,0.0135308261960744,0.2448770999908447,0.0368813486733543,0.1222922993800095,0.0042316439171541,0.5624715579277598,0,0
164,1.64,59.1949890058316,0.3285665512084961,0.0134350676089525,0.203459694981575,0.019289361648596,0.1966042347718914,0.0072123524191323,0.4147434700377541,0,0
165,1.65,59.23000268703488,0.143681138753891,0.0130297606810927,0.1124821230769157,0.0302262768065482,0.2993475876699206,0.0067336114967015,0.3208387857986361,0,0
166,1.66,59.2554415594447,0.0712650045752525,0.0117226643487811,0.2835462391376495,0.1288486533690935,0.4206997758945627,0.0265379711880875,0.2881615865763492,0,0
167,1.67,59.48769999377307,0.0276243668049573,0.0131961517035961,0.1844453513622284,0.2184304668016743,0.5686782173332342,0.0227136304466143,0.2938280654810303,0,0
168,1.68,59.69230249304805,0.012769223190844,0.0259882137179374,0.6895565986633301,0.2494606056877764,0.685130783759901,0.0431194164630385,0.2006417038652646,0,1
169,1.69,59.98662120514862,0.0043366583995521,0.0264098048210144,1.049397349357605,0.3154248562919406,0.7839069890035526,0.0202524188217534,0.1341073715081611,0,1
170,1.7,60.32315220563193,0.0043366583995521,0.0269605107605457,0.1049718186259269,0.3911363660488938,0.8395216480630503,0.0728980001510689,0.0583439765395454,0,1
171,1.71,60.76889393724641,0.0043366583995521,0.0476620011031627,0.0522956997156143,0.3455511556989066,0.8210354125664854,0.0757147981071151,0.0284464537398793,0,0
172,1.72,61.01425451702974,0.0043366583995521,0.0484184771776199,2.126406669616699,0.2907915251964752,0.7646172672346478,0.0730849302649848,0.0100479949775833,0,0
173,1.73,61.35047698763936,0.0043366583995521,0.0811787024140358,0.910678505897522,0.2852646384901725,0.6569763774002269,0.1107908092722802,0.0120634113566217,0,0
174,1.74,61.584783794010086,0.006803841330111,0.1442432552576065,0.2662962675094604,0.166154550890301,0.5206943086703463,0.2466292837752109,0.0115952861570378,0,0
175,1.75,61.68278608941996,0.5059095025062561,0.2011416852474212,0.4388056993484497,0.0868919929202896,0.3708752119450115,0.4933095186978919,0.018787086803675,0,0
176,1.76,61.758567779850665,0.6406738758087158,0.2157013714313507,0.4115839600563049,0.037890845215351,0.2548499861885092,0.8711218124358157,0.030244531681124,1,0
177,1.77,61.758567779850665,0.8063778877258301,0.2286280691623687,0.0734616965055465,0.0,0.1424571194448395,0.8069284075808635,0.02842774818233,1,0
178,1.78,61.758567779850665,0.8757361173629761,0.2235341072082519,0.0961249768733978,0.0,0.2024202961793624,0.8094080041910664,0.0305172766947971,1,0
179,1.79,61.758567779850665,0.8834099173545837,0.1926752477884292,0.1392778158187866,0.037890845215351,0.2908472913381459,0.7291526676500993,0.0418117823816356,0,0
180,1.8,61.68278608941996,0.8917018175125122,0.1753849387168884,0.1142895519733429,0.1233642599877669,0.3440369078256993,0.1996213902282504,0.0412077529168248,0,0
181,1.81,61.51183925987513,0.8988645076751709,0.1685101091861724,0.0964752063155174,0.2714541408693804,0.3697282455452164,0.1520368355686037,0.0972302075217621,0,0
182,1.82,61.1398778076812,0.9082990884780884,0.1669850498437881,0.063787393271923,0.2543391161936768,0.3695026630847028,0.121839947917787,0.1172945319921276,0,0
183,1.83,61.00316102748778,0.9228965044021606,0.1653842180967331,0.0819502621889114,0.0806380679877243,0.3428967271169575,0.1162929660366316,0.0784434740809632,0,0
184,1.84,60.97860167170575,0.9393171072006226,0.1665004044771194,0.0859313756227493,0.0324609956720465,0.2825540972565159,0.0953776311981052,0.0603028699356619,0,0
185,1.85,60.938239036143685,0.9397528767585754,0.1680350005626678,0.0559509024024009,0.0212172077066341,0.1907235043659136,0.0628908171635756,0.0502727772175689,0,0
186,1.86,60.936167256292485,0.9471653699874878,0.1706364005804062,0.0401922203600406,0.0010358899255997,0.0677784855571077,0.0350022279223372,0.0146290586751516,0,0
187,1.87,60.936167256292485,0.950369119644165,0.1744162887334823,0.0522367097437381,0.0,0.0268365247801344,0.0276749758148152,0.0251073840636207,0,0
188,1.88,60.936167256292485,0.950369119644165,0.1808010339736938,0.0828897133469581,0.0,0.0452816247820265,0.0138787199589115,0.0393989759584762,0,0
189,1.89,60.936167256292485,0.950369119644165,0.1878333091735839,0.139045313000679,0.0,0.0819840400379956,0.0252439212484646,0.0463538449682405,0,0
190,1.9,60.936167256292485,0.950369119644165,0.1950048506259918,0.1371090561151504,0.023926756670793,0.1176147142291299,0.0586496271735244,0.0702936126154456,0,0
191,1.91,60.98402076963407,0.950369119644165,0.2038010954856872,0.1053198724985122,0.0671047909569857,0.1712171401155705,0.0659619755244129,0.0825495163982446,0,0
192,1.92,61.07037683820646,0.950369119644165,0.2121166735887527,0.0969012528657913,0.0905569819382492,0.2041469304208944,0.052199950661022,0.0788025943982641,0,0
193,1.93,61.16513473351057,0.9500816464424132,0.2200860232114792,0.0958752483129501,0.0874622051528852,0.2362861203768013,0.0339142914298456,0.0937020901553929,0,0
194,1.94,61.24530124851223,0.9500816464424132,0.2266108691692352,0.0972177386283874,0.1225177546367461,0.2457430679584584,0.0431000477857805,0.0821034445408117,0,0
195,1.95,61.41017024278406,0.9500816464424132,0.2331634014844894,0.0875886753201484,0.1027757251962739,0.234169927680271,0.0455201026234769,0.0723962352847421,0,0
196,1.96,61.450852698904775,0.9455417394638062,0.2383717000484466,0.0983102992177009,0.0777827334084193,0.2053478122960525,0.0358260605769411,0.0681787004870332,0,0
197,1.97,61.5657357096009,0.9452717304229736,0.2442821860313415,0.0820366963744163,0.066620022144562,0.1762617494251489,0.0385331477677776,0.0384524221569335,0,0
198,1.98,61.5840927431939,0.9452717304229736,0.2449071556329727,0.085027702152729,0.0213290364987734,0.1444309604377345,0.018279184117255,0.0445012787201734,0,0
199,1.99,61.60839378259845,0.9452717304229736,0.2461455762386322,0.0814066529273986,0.0121505197022742,0.1030715612675599,0.0129354311377923,0.0248976243533023,0,0
200,2.0,61.60839378259845,0.9396538138389589,0.2325820624828338,0.0889715254306793,0.032560865829005,0.087502975342169,0.0125026969948521,0.0501031721597905,0,0
201,2.01,61.67351551425646,0.8987778425216675,0.2165405750274658,0.0991129130125045,0.0455925493320243,0.09197889201312,0.0204612765196083,0.0639101924301745,0,0
202,2.02,61.6995788812625,0.8957152366638184,0.2045512795448303,0.1313501745462417,0.0152720317615617,0.1254260598836163,0.0321381890777826,0.1623660183888645,0,0
203,2.03,61.70405957777958,0.8957152366638184,0.1876721233129501,0.297726958990097,0.0152070480676727,0.1471741116227364,0.063778871829258,0.2342884873656152,0,1
204,2.04,61.72999297739784,0.8957152366638184,0.1794804781675338,0.1796403676271438,0.0780944565537566,0.2137360039324924,0.2023278582994675,0.3963843149928913,0,1
205,2.05,61.860248490887095,0.8957152366638184,0.1878868192434311,0.0693874284625053,0.1175904592749148,0.2570135297856426,0.1131994189070121,0.2855680973187178,0,1
206,2.06,61.96517389594767,0.8987778425216675,0.1871480345726013,0.1150167435407638,0.072380527829253,0.2768262271753764,0.4899497899536159,0.2289170348209005,0,0
207,2.07,62.0050095465456,0.9069920182228088,0.1830648481845855,0.110223576426506,0.1557335306744676,0.2873761704158284,0.1523425435944666,0.2112708804378059,0,0
208,2.08,62.27664095729661,0.9256829023361206,0.1822717189788818,0.1718790084123611,0.1790494548678047,0.2805569016003393,0.2162703177876486,0.1211537490062505,0,0
209,2.09,62.36310845628121,0.9287749528884888,0.1798571795225143,0.143176719546318,0.0442211559724015,0.2934332462132829,0.1438105799295413,0.140626627458416,0,0
210,2.1,62.36508326924141,0.9406486749649048,0.1762329339981079,0.1143688037991523,0.0384922849777957,0.2988562174208055,0.1274467430296465,0.1281316518976179,0,0
211,2.11,62.4400930262368,0.9406530857086182,0.1766516417264938,0.1181907802820205,0.0693022794402402,0.2857824996188554,0.1509163516404555,0.1260380840642857,0,0
212,2.12,62.50368782812189,0.9406947493553162,0.1763073205947876,0.0976938977837562,0.1690663485540504,0.2561635218255087,0.1441483381637532,0.1278365596783529,0,0
213,2.13,62.7782257233449,0.9406947493553162,0.1767780035734176,0.075520671904087,0.1698610870609265,0.2488914916655129,0.1595211138019636,0.2540173527277235,0,0
214,2.14,62.84341000224374,0.9414460062980652,0.1997262239456176,0.2441171705722808,0.0363782531694099,0.2342845509967487,0.1530820603462532,0.2827528056195842,0,0
215,2.15,62.85098222968372,0.9414460062980652,0.2243248969316482,0.5774913430213928,0.0517560543539623,0.1965914828322156,0.3284468011856507,0.5468980227707332,0,0
216,2.16,62.94692211095167,0.9498084187507628,0.2367260307073593,0.2138074189424514,0.0479699406339726,0.1467845777005146,0.591764143213119,0.5896588286916173,0,0
217,2.17,62.94692211095167,0.9504864811897278,0.2456371784210205,0.0809565782546997,0.0,0.0649854447324035,0.6741194754228289,0.4355431913168284,1,0
218,2.18,62.94692211095167,0.9509841203689576,0.2466543465852737,0.0765459686517715,0.0009359311295717,0.0444954291457933,0.709677648130805,0.2181676571921267,1,0
219,2.19,62.94879397321081,0.9509841203689576,0.2283501178026199,0.0596878193318843,0.0009359311295717,0.032237264389917,0.3266982303554955,0.0829855134603963,1,0
220,2.2,62.94879397321081,0.9509841203689576,0.2126136273145675,0.0613510385155677,0.0,0.001595110266929,0.1575649855800329,0.0472399723020795,0,0
221,2.21,62.94879397321081,0.95340496301651,0.2055806070566177,0.077438935637474,0.0,0.0017800643497713,0.0817527050513958,0.0284099664501165,0,0
222,2.22,62.94879397321081,0.954963445663452,0.2022521495819091,0.0719663128256797,0.0019196620912893,0.0302847226729126,0.0061933363580664,0.0062438936373593,0,0
223,2.23,62.94495464902823,0.954963445663452,0.2028632313013076,0.0715911835432052,0.0019196620912893,0.0400456918435504,0.0037031368225675,0.0225034816192496,0,0
224,2.24,62.94495464902823,0.954963445663452,0.2059949785470962,0.0702506676316261,0.0,0.0394567579759302,0.0051567815299265,0.0223092144283261,0,0
225,2.25,62.94495464902823,0.954963445663452,0.2102581411600113,0.0616137906908988,0.044265855930238,0.0387747360127254,0.0162756376876016,0.0250709785655399,0,0
226,2.26,62.85642293716776,0.96243017911911,0.214650884270668,0.0394467115402221,0.044265855930238,0.0372056139894123,0.0181715517461219,0.0227427138979959,0,0
227,2.27,62.85642293716776,0.96243017911911,0.2192960977554321,0.0370456762611866,0.0272027061672623,0.0346290113689227,0.0096516388883191,0.0222343050055171,0,0
228,2.28,62.91082834950228,0.96243017911911,0.2224111557006836,0.0764112770557403,0.0218380008849692,0.0314947231689847,0.0031032424749491,0.019997310459471,0,0
229,2.29,62.900098938937695,0.96243017911911,0.2227667272090912,0.0681433528661727,0.0053647052822931,0.0269958680735596,0.0125166246697426,0.0161904212097011,0,0
230,2.3,62.900098938937695,0.964423656463623,0.2250097543001175,0.0305866803973913,0.0,0.0229943667243111,0.0076330341025358,0.0111082958569961,0,0
231,2.31,62.900098938937695,0.96679949760437,0.2255106121301651,0.0362938605248928,0.0,0.0347157385137181,0.0,0.0079660643849852,0,0
232,2.32,62.900098938937695,0.96679949760437,0.2215319871902465,0.0555073507130146,0.0,0.0425349844667957,0.0030249291084216,0.0067599710950245,0,0
233,2.33,62.900098938937695,0.96679949760437,0.2200320214033126,0.0623005889356136,0.0218380008849692,0.0511289923115337,0.0015831872741118,0.0180567362163808,0,0
234,2.34,62.85642293716776,0.96679949760437,0.219188779592514,0.0469582229852676,0.0473643160943311,0.0618416499867352,0.0026564786778511,0.0211019504126888,0,0
235,2.35,62.80537030674903,0.96679949760437,0.2184988707304,0.0547936744987964,0.0255263152093618,0.0668338440979716,0.0103129428483906,0.0560483754317098,0,0
236,2.36,62.80537030674903,0.9659125804901124,0.2167806178331375,0.0561839491128921,0.0142018391125233,0.0753312543014741,0.0096785069157811,0.0389995372206334,0,0
237,2.37,62.77696662852399,0.964971363544464,0.219200849533081,0.0507221110165119,0.0316366371252563,0.0766388511398649,0.0160940311573357,0.164046802980679,0,0
238,2.38,62.74209703249852,0.9555139541625975,0.2185917496681213,0.4333831071853637,0.0203593888153079,0.0676521800667864,0.0451148146509841,0.2259372654161759,0,0
239,2.39,62.73624785089337,0.9551687240600586,0.2142616957426071,0.3981092870235443,0.0305703541783302,0.0619170197437245,0.1871207439134617,0.37757521259206,0,0
240,2.4,62.68095632414186,0.9548155069351196,0.2090120613574981,0.0358608737587928,0.0340861148354356,0.0947852101324141,0.1591488458608199,0.3492436643734781,0,0
241,2.41,62.6680756212225,0.9511646032333374,0.2048323601484298,0.0520517826080322,0.0064403514596804,0.1059880696620215,0.3937187982547482,0.2120660634102289,0,0
242,2.42,62.6680756212225,0.9511646032333374,0.1946035623550415,0.0401422493159771,0.0109493807634528,0.1086352334352025,0.5076146964654018,0.2084009105204739,0,0
243,2.43,62.64617685969559,0.9511646032333374,0.1895655840635299,0.0450213328003883,0.0929433589357664,0.1094220548982577,0.1825832778499133,0.0548364154544161,0,0
244,2.44,62.482188903350966,0.9511646032333374,0.1856710463762283,0.0317445322871208,0.0819939781723135,0.1018458962221594,0.1668066390991355,0.0353790683588542,0,0
245,2.45,62.482188903350966,0.9511646032333374,0.1832850724458694,0.0512014999985694,0.0,0.0953289691559551,0.0156854858450955,0.0076759013180711,0,0
246,2.46,62.482188903350966,0.9596758484840392,0.1815391033887863,0.0348274819552898,0.0091556512146446,0.0834508552649752,0.0087255992803325,0.0066799009990624,0,0
247,2.47,62.46387760092168,0.9606621861457824,0.1827975958585739,0.0638450905680656,0.0115065218778198,0.0593689286222839,0.0087042764882972,0.0077177152476142,0,0
248,2.48,62.45917585959533,0.965766668319702,0.1846888214349746,0.0362841822206974,0.0023508706631751,0.011241950595034,0.0016190264667777,0.0081391901916868,0,0
249,2.49,62.45917585959533,0.966540515422821,0.188558742403984,0.0629472061991691,0.0,0.0110528517112389,0.0,0.0095438288138273,0,0
250,2.5,62.45917585959533,0.967132806777954,0.1921869665384292,0.0548041984438896,0.0106001417170951,0.0117938147749905,0.0,0.0121540530436978,0,0
251,2.51,62.48037614302952,0.9674702882766724,0.1949315071105957,0.0575101673603057,0.0106001417170951,0.0115500078929474,0.0035717777647358,0.0221871756897074,0,0
252,2.52,62.48037614302952,0.9674853682518004,0.1985367983579635,0.0528361573815345,0.0,0.0122173148008475,0.0015344321636296,0.0148901867055688,0,0
253,2.53,62.48037614302952,0.9674853682518004,0.2020139694213867,0.0456923507153987,0.0133617411431501,0.0126438895902034,0.0,0.0193229520970845,0,0
254,2.54,62.45365266074322,0.9674853682518004,0.2036059945821762,0.0516877323389053,0.0133617411431501,0.0130240441388204,0.0,0.0191276373332532,0,0
255,2.55,62.45365266074322,0.9682527780532836,0.2043688744306564,0.0368278175592422,0.0,0.0216251017233313,0.0014152790588539,0.0085584815784193,0,0
256,2.56,62.45365266074322,0.9682527780532836,0.2055214792490005,0.0334075838327407,0.0,0.0279252263267638,0.0,0.0030766515795455,0,0
257,2.57,62.45365266074322,0.9674853682518004,0.2047490179538726,0.058364599943161,0.0,0.039513204419203,0.0,0.0068377012237989,0,0
258,2.58,62.45365266074322,0.9674702882766724,0.2042874097824096,0.0636799931526184,0.0209816856346343,0.0437899109577325,0.0018860098032864,0.0068377012237989,0,0
259,2.59,62.41168928947395,0.9674702882766724,0.2051764279603958,0.0535660311579704,0.0286465555346815,0.0470594481645021,0.0027388761849114,0.0085255651793793,0,0
260,2.6,62.39635954967385,0.9625486731529236,0.2081323862075805,0.0427011102437973,0.0291427644467994,0.0695440641804779,0.0058861966009249,0.0087540045800469,0,0
261,2.61,62.35340376058035,0.9566405415534972,0.2106212973594665,0.0436698384582996,0.0221477621543151,0.0788030911099169,0.002444469393416,0.0152613631863195,0,0
262,2.62,62.35206402536522,0.9566405415534972,0.212302953004837,0.0411373861134052,0.0006698676075629,0.0832459780574919,0.005275267932478,0.007999368481077,0,0
263,2.63,62.35206402536522,0.9566405415534972,0.2145629227161407,0.0405184626579284,0.0551967859898709,0.0782608116571558,0.0111651341657141,0.0040255502387201,0,0
264,2.64,62.24167045338548,0.9566405415534972,0.2146909832954406,0.0619227290153503,0.0551967859898709,0.0730267696174142,0.0148684146636552,0.0091431529231,0,0
265,2.65,62.24167045338548,0.9566405415534972,0.2146705687046051,0.0500539615750312,0.0111666329074928,0.0665641213949367,0.0083010536194988,0.0052118564273965,0,0
266,2.66,62.219337187570495,0.9566405415534972,0.2147675603628158,0.0811698511242866,0.0111666329074928,0.0614158039042001,0.0037041709532158,0.009845970488836,0,0
267,2.67,62.219337187570495,0.9566405415534972,0.2177981883287429,0.0495764426887035,0.0,0.0494215886169744,0.0034869017738709,0.0119174330468115,0,0
268,2.68,62.219337187570495,0.9566405415534972,0.2198979556560516,0.0814573317766189,0.0129902253617864,0.0203327103884296,0.0017876012104359,0.011100027749375,0,0
269,2.69,62.19335673684692,0.9566405415534972,0.2228592336177826,0.0670612826943397,0.0129902253617864,0.0179861665985139,0.0032358562705891,0.0112037256311975,0,0
270,2.7,62.19335673684692,0.95405113697052,0.2249308973550796,0.0426816046237945,0.0,0.0129902253563162,0.0017385689197996,0.0032671468849223,0,0
271,2.71,62.19335673684692,0.9488141536712646,0.2261727154254913,0.0568308681249618,0.0,0.0124237415569404,0.0017385689197996,0.0118643060389527,0,0
272,2.72,62.19335673684692,0.9397673010826112,0.2287535220384597,0.0574211776256561,0.0,0.010492979166437,0.001723405094754,0.0131802326811575,0,0
273,2.73,62.19335673684692,0.9308034181594848,0.2309206575155258,0.0475342720746994,0.0,0.0146537842215014,0.0030397925550269,0.0093055804198847,0,0
274,2.74,62.19335673684692,0.9237917065620422,0.2317862063646316,0.0529398173093795,0.0046598609659227,0.0403110257667212,0.0,0.0094150163051097,0,0
275,2.75,62.18403701491508,0.918566346168518,0.2267257869243621,0.0513190031051635,0.005533029744015,0.0546210713553419,0.0030479055800872,0.0029973546762031,0,0
276,2.76,62.18229067735889,0.9160314798355104,0.2075172364711761,0.0572434030473232,0.0175639653352561,0.0621932020864748,0.0084650871603569,0.0303592725689177,0,0
277,2.77,62.148909084244565,0.9116538763046264,0.1861007660627365,0.1165695935487747,0.0549944668719497,0.064979718401578,0.0028149668332585,0.0328735024454496,0,0
278,2.78,62.07230174361499,0.9116538763046264,0.1626561135053634,0.0896744355559349,0.0458881335204601,0.0636126535316932,0.0426574986265045,0.0797646138339609,0,0
279,2.79,62.057132817203644,0.9116538763046264,0.1402045637369156,0.0870544463396072,0.0085483442248026,0.0577980280213246,0.0218051093377917,0.0465667942093529,0,1
280,2.8,62.05520505516539,0.918566346168518,0.1302272230386734,0.0917065218091011,0.0009638810191283,0.0485246383142943,0.061425313134225,0.0428984920848133,0,1
281,2.81,62.05520505516539,0.918566346168518,0.1386108547449112,0.1093765720725059,0.0,0.042990210252043,0.1303601436857571,0.0992286603740884,0,1
282,2.82,62.05520505516539,0.9203643798828124,0.1459135115146637,0.1179282516241073,0.0,0.0455770726366312,0.1151827478904333,0.0878860708362507,0,0
283,2.83,62.05520505516539,0.9459674954414368,0.1521790921688079,0.122344009578228,0.0,0.0534662988180903,0.1060004791300468,0.0668026120986896,0,0
284,2.84,62.05520505516539,0.9469066262245178,0.1560682207345962,0.0939029455184936,0.0523484823694673,0.062694642315959,0.1017269946368039,0.0421203487301235,0,0
285,2.85,62.15990201990432,0.9502394199371338,0.157762348651886,0.0490745566785335,0.0529634417027473,0.0663083982410153,0.0454037472698678,0.0282811384191484,0,0
286,2.86,62.16113193857088,0.9502394199371338,0.1569112092256546,0.0539516396820545,0.0031322721183499,0.0653759072905414,0.0303682044024049,0.0377812523658927,0,0
287,2.87,62.16616656414102,0.9516445994377136,0.1546908318996429,0.0524139963090419,0.019843284143949,0.0629370189226998,0.0174927441079042,0.041182505169392,0,0
288,2.88,62.20081850685878,0.9502394199371338,0.1531621813774109,0.0502509959042072,0.0173259713588791,0.0585815715111311,0.0096733629118882,0.0396798178408419,0,0
289,2.89,62.20081850685878,0.9502394199371338,0.1513512879610061,0.0810880735516548,0.0,0.0441360020684536,0.0057270512640244,0.0421000238519138,0,0
290,2.9,62.20081850685878,0.9502394199371338,0.154967576265335,0.1146609410643577,0.0138733143729012,0.0579383412175193,0.0360763035201056,0.2296754906423742,0,0
291,2.91,62.22856513560458,0.9482974410057068,0.1741303205490112,0.3587881922721863,0.0323409761830433,0.0635101257371535,0.0696878371872168,0.474228367817591,0,0
292,2.92,62.26550045922487,0.9473534226417542,0.1851699650287628,0.3350646197795868,0.026611058574538,0.0626292446924819,0.5399406370428498,0.7943112294061476,0,0
293,2.93,62.28178725275366,0.9473534226417542,0.196506530046463,0.1547435224056244,0.0361409466699349,0.0618001028564223,0.5551095660261172,0.703504937809374,1,0
294,2.94,62.33778235256474,0.9473534226417542,0.2038668245077133,0.129970982670784,0.030572210362326,0.0556234808606359,0.8601634727555886,0.428324110409404,1,0
295,2.95,62.34293167347831,0.9473534226417542,0.1996176987886428,0.0612782090902328,0.0025746604567871,0.0430444799799429,0.726691172600754,0.3383488774459774,1,0
296,2.96,62.34293167347831,0.9473534226417542,0.1919068098068237,0.050004668533802,0.0,0.0294656999838588,0.2259963147232873,0.0239379804086963,0,0
297,2.97,62.34293167347831,0.9518020153045654,0.1873774081468582,0.0587984025478363,0.0029187121462896,0.0242798049347876,0.1928072111998451,0.032799829095163,0,0
298,2.98,62.33709424918573,0.9540989995002748,0.183535486459732,0.068501591682434,0.0029187121462896,0.0225857556719622,0.0068605341416697,0.0045621211314187,0,0
299,2.99,62.33709424918573,0.9581971764564514,0.181265041232109,0.0361882001161575,0.0129683651705789,0.0249225092843159,0.0030639674969476,0.0047047355176538,0,0
300,3.0,62.311157518844574,0.9581971764564514,0.1803002208471298,0.0694306492805481,0.0236311129671769,0.0282728463719734,0.0030639674969476,0.0031191076869503,0,0
301,3.01,62.28983202325138,0.9581971764564514,0.1787227094173431,0.0733180418610572,0.0106627477965979,0.0459816716082813,0.002612594720088,0.0250532389349635,0,0
302,3.02,62.28983202325138,0.9596076607704164,0.1789848357439041,0.0493694134056568,0.0,0.0616865796411102,0.003286399959896,0.0110649934917231,0,0
303,3.03,62.28983202325138,0.9596076607704164,0.1789744794368744,0.0412475243210792,0.0098194643708744,0.0728372595196176,0.0085232746930201,0.0565975097570704,0,0
304,3.04,62.27019309450963,0.9581971764564514,0.1768646389245987,0.0476061962544918,0.0477217158594633,0.0831229674138247,0.0010435032098411,0.0371412028678853,0,0
305,3.05,62.19438859153245,0.958134651184082,0.1827429085969925,0.119868479669094,0.0572661451857001,0.1004031027748041,0.0181825870331654,0.0889983776158967,0,0
306,3.06,62.15566080413823,0.954543113708496,0.1724059283733368,0.5347432494163513,0.031353892531289,0.109302224973847,0.0448817062960707,0.1443486894221026,0,0
307,3.07,62.13168080646987,0.9524864554405212,0.1601641476154327,0.1830501109361648,0.0337938271715927,0.1300919038795941,0.1202488504043743,0.1770751862467814,0,0
308,3.08,62.08807314979504,0.9128075242042542,0.1431144475936889,0.0158624928444623,0.0565199195276413,0.1385661112356939,0.0369583168658854,0.1223092244008063,0,0
309,3.09,62.01864096741459,0.9123477935791016,0.1227513179183006,0.0560552887618541,0.0391508170026355,0.1358694059087136,0.1603512901067335,0.1083339396480124,0,0
310,3.1,62.00977151578977,0.8656020760536194,0.0868656784296035,0.058853767812252,0.065219549305187,0.1312419305932761,0.0177576811746513,0.1712960061369323,0,0
311,3.11,61.88820186880422,0.8143611550331116,0.0642793923616409,0.1515835970640182,0.0786500009392838,0.12070691383013,0.0647915445706798,0.4036853640648677,0,0
312,3.12,61.852471513911205,0.6929779648780823,0.0434611029922962,0.1402586698532104,0.0292767737403387,0.1018914624283879,0.0074489860052622,0.5380251044296936,0,0
313,3.13,61.82964832132354,0.5876701474189758,0.0296445544809103,0.0658003240823745,0.0114115962938328,0.0870262259533948,0.0107529751886254,0.6461709689170345,0,1
314,3.14,61.82964832132354,0.4791466295719147,0.0221796259284019,0.2043755501508712,0.0,0.0742059521294321,0.0074020547169715,0.6995643514263987,0,1
315,3.15,61.82964832132354,0.4117567837238312,0.0192443653941154,0.1157453805208206,0.0,0.0512921670112612,0.0061994251294508,0.729697137756195,0,1
316,3.16,61.82964832132354,0.3983057737350464,0.0184895955026149,0.0909654200077056,0.0342441600226699,0.0850401878359198,0.0038479026915905,0.6681148835503489,0,0
317,3.17,61.7611600012782,0.3577245473861694,0.0147335566580295,0.1429720968008041,0.0342441600226699,0.1063758895600494,0.0070998585608806,0.4254140769587177,0,0
318,3.18,61.7611600012782,0.311795711517334,0.0165172647684812,0.2974739074707031,0.0169687719945557,0.1172175386852939,0.0213220005164775,0.3750197930065651,0,0
319,3.19,61.72722245728909,0.311795711517334,0.0201530251652002,0.3441420793533325,0.0896781076894583,0.1203136822865883,0.0158245420501545,0.3249328916474486,0,0
320,3.2,61.58180378589928,0.268302708864212,0.0225081518292427,0.2476049959659576,0.0838422600571071,0.1190093594222906,0.0165100571356749,0.3226124615633911,0,0
321,3.21,61.55953793717487,0.2558701038360595,0.0227416884154081,0.3888275921344757,0.0111329243622044,0.1050683813282444,0.0132287520925143,0.2776730651109809,0,0
322,3.22,61.55953793717487,0.1481617987155914,0.021579410880804,0.3170868754386902,0.0051780485352352,0.0986063901548569,0.0124138614733949,0.2256884072273578,0,0
323,3.23,61.5491818401044,0.0990352556109428,0.0241074804216623,0.1604605317115783,0.0240214411538381,0.0777818264255352,0.0073820325276201,0.1529922144851994,0,0
324,3.24,61.5114950548672,0.0824190080165863,0.0250378642231225,0.3070264160633087,0.0188433926186029,0.0439929039375464,0.0085992102120716,0.1790419014783885,0,0
325,3.25,61.5114950548672,0.028932724148035,0.0244148336350917,0.4742090404033661,0.0208163089226971,0.0400786711774864,0.0019723793671422,0.0875385011223214,0,0
326,3.26,61.4698624370218,0.0007967978599481,0.0243974812328815,0.139615923166275,0.0208163089226971,0.0366217788180816,0.0074791580305652,0.0700481790796983,0,0
327,3.27,61.4698624370218,0.0007967978599481,0.0249629560858011,0.0878737643361091,0.0,0.0291998126445762,0.0,0.013001428529296,0,0
328,3.28,61.4698624370218,0.0007967978599481,0.0214949399232864,0.2256903648376464,0.0,0.0183582588712618,0.0057427667529524,0.0018524552522722,0,0
329,3.29,61.4698624370218,0.0006394818192347,0.020136946812272,0.3305573463439941,0.0,0.0138033326208915,0.0030130351529229,0.0012555895403437,0,0
330,3.3,61.4698624370218,0.0006394818192347,0.0208054222166538,0.2181615829467773,0.0,0.00818705468573,0.0051812684304724,0.0029357498761712,0,0
331,3.31,61.4698624370218,0.0007967978599481,0.0227253716439008,0.2126282900571823,0.0,0.0107925011494741,0.0036381826693413,0.0040516434690029,0,0
332,3.32,61.4698624370218,0.0008765285601839,0.0226240344345569,0.2123075127601623,0.0011361365683235,0.0122034561281137,0.0079486984779713,0.0094322531521521,0,0
333,3.33,61.47213471015845,0.0008765285601839,0.0484188646078109,0.3546415567398071,0.0123707560813279,0.0144148385292928,0.002874407474632,0.0029553560520513,0,0
334,3.34,61.49460394918446,0.0008765285601839,0.0531179346144199,0.8776994943618774,0.0112346195130044,0.015284470721179,0.0017839262187088,0.0014265565707398,0,0
335,3.35,61.49460394918446,0.0009350570035167,0.0538721680641174,0.2694688737392425,0.0,0.0150468191879152,0.0034022061073035,0.001650907956849,0,0
336,3.36,61.49460394918446,0.0008765285601839,0.0533963292837142,0.0489652752876281,0.0048722650166119,0.0136441466265681,0.0076664558365005,0.0067770053881262,0,0
337,3.37,61.50434847921768,0.0008765285601839,0.0476304180920124,0.0724839493632316,0.0048722650166119,0.0106246389918423,0.0174917128175868,0.0024517606184852,0,0
338,3.38,61.50434847921768,0.0009350570035167,0.0299196075648069,0.1379327327013015,0.0,0.0048722650039703,0.006672914653731,0.0030475990403136,0,0
339,3.39,61.50434847921768,0.0009316803771071,0.0239154398441314,0.1777276396751403,0.0,0.0042969338375106,0.0080438807316018,0.0,0,0
340,3.4,61.50434847921768,0.0009316803771071,0.0213181544095277,0.1547644585371017,0.0,0.0126567263212375,0.005657896548234,0.0,0,0
341,3.41,61.50434847921768,0.0009316803771071,0.0185344032943248,0.0667419210076332,0.0,0.016728537793303,0.0034236687950772,0.0034419505357034,0,0
342,3.42,61.50434847921768,0.0011063436977565,0.0161716379225254,0.0878519117832183,0.0,0.018968378914714,0.0132964953064364,0.0062649339725609,0,0
343,3.43,61.50434847921768,0.0011063436977565,0.015452591702342,0.2904142141342163,0.0189683789179468,0.0199944269642166,0.0110175113708183,0.0037277439468812,0,0
344,3.44,61.46641172138179,0.0009316803771071,0.0240488871932029,0.2540705800056457,0.0189683789179468,0.0199944269642226,0.0126168003517922,0.0033302894237413,0,0
345,3.45,61.46641172138179,0.0011063436977565,0.0258296597748994,1.015675663948059,0.0,0.0212852913845057,0.0063539345868775,0.0,0,0
346,3.46,61.46641172138179,0.0011063436977565,0.0267694648355245,0.3663425743579864,0.0,0.0256110591595214,0.0247496812584428,0.0083880723426354,0,0
347,3.47,61.46641172138179,0.0009316803771071,0.0335709676146507,0.3639013469219208,0.0,0.0308328852368822,0.0201247467687603,0.003896915565024,0,0
348,3.48,61.46641172138179,0.0005720888730138,0.0764438658952713,0.5244410634040833,0.0232513362144466,0.4150032014074765,0.0515064306053831,0.0044071841935037,0,0
349,3.49,61.51291439381068,0.0004863884241785,0.0814657211303711,0.9786516427993774,0.0318266117011489,0.5568818043166482,0.0343671591265319,0.011240157454873,0,0
350,3.5,61.53006494478409,0.0004863884241785,0.0906486883759498,0.368145227432251,0.013527179860965,0.6399667805694026,0.0404673615964746,0.0082716827731344,0,0
351,3.51,61.53996875353261,0.0004863884241785,0.1017170771956443,0.1381739675998687,0.6004849505300669,0.6790219856421462,0.1099436902363353,0.0097811077392092,0,0
352,3.52,62.73103484584422,0.0015242870431393,0.1043627932667732,0.2666725516319275,0.6180525503197813,0.678751063121841,0.0823931357551438,0.0170026454224079,0,0
353,3.53,62.776073854172175,0.0020955307409167,0.0834946557879448,0.2609484195709228,0.0435048880777024,0.6391040027595235,0.0369312007239725,0.0100222947044541,0,0
354,3.54,62.818044621999626,0.0020955307409167,0.0897968858480453,0.2134066224098205,0.028492467843673,0.5624884586818193,0.0322103117346028,0.0026788555857642,0,0
355,3.55,62.83305878985952,0.002165260259062,0.0865826234221458,0.2907181978225708,0.0075070839299478,0.4252654418950977,0.0193397531180078,0.0118554322806401,0,0
356,3.56,62.83305878985952,0.0029894430190324,0.0951885879039764,0.2176204323768615,0.0,0.0360078069421307,0.0216569006100706,0.0091429893093461,0,0
357,3.57,62.83305878985952,0.0043020732700824,0.0906966030597686,0.105216272175312,0.0,0.0186792329191087,0.0293470347498275,0.0156427023713717,0,0
358,3.58,62.83305878985952,0.0043967738747596,0.1051535233855247,0.0829290151596069,0.0,0.0049127477421841,0.0418195232560622,0.0071652427520499,0,0
359,3.59,62.83305878985952,0.0246191546320915,0.1285746991634369,0.3731236755847931,0.0020594473802795,0.0021708481033591,0.1084388563482314,0.007966905741958,0,0
360,3.6,62.82893989509896,0.2539210915565491,0.157660573720932,0.5149243474006653,0.0020594473802795,0.0107618228895021,0.3128806046937575,0.0088137111998862,0,0
361,3.61,62.82893989509896,0.5904859900474548,0.1827818155288696,0.2780792713165283,0.0,0.0159682532804303,0.5268084771679473,0.013391852338339,1,0
362,3.62,62.82893989509896,0.6833633780479431,0.2129439413547516,0.2156455665826797,0.0,0.0441314565610629,0.9026303951999696,0.0084358592069114,1,0
363,3.63,62.82893989509896,0.798037052154541,0.2308075875043869,0.1494359225034713,0.0148146726163211,0.1203149161075095,0.9081900034050214,0.0259501873512857,1,0
364,3.64,62.79931054986632,0.8900513648986816,0.2393929064273834,0.1359611451625824,0.0190512380036906,0.2061318419120269,0.7376426014156765,0.0115433139770341,0,0
365,3.65,62.79083741909158,0.9223608374595642,0.2378169894218444,0.1906698197126388,0.0508854277323891,0.2932897323405558,0.4316216251416012,0.0234639055574861,0,0
366,3.66,62.69753969440154,0.9223608374595642,0.2266940623521804,0.1952938437461853,0.1616339947090068,0.3601993380736627,0.1611934909832357,0.0812029475089358,0,0
367,3.67,62.46756942967357,0.9223608374595642,0.2137412130832672,0.1520816534757614,0.223120016624847,0.4030696633483374,0.1207458814568453,0.1444593658375714,0,0
368,3.68,62.25129966115185,0.9223608374595642,0.1993204057216644,0.2301454544067382,0.2113836168961604,0.4125610784575477,0.1175809321280325,0.16657774895101,0,0
369,3.69,62.044802195881246,0.9223608374595642,0.1946331858634948,0.1613185852766037,0.1672015434326077,0.3916319271171404,0.2757875189434358,0.445688573756447,0,0
370,3.7,61.91689657428663,0.9217000603675842,0.2060060352087021,0.1155676022171974,0.1091196100248375,0.3323450469881877,0.2075104355341139,0.3273279555777247,0,0
371,3.71,61.82656297583157,0.9217000603675842,0.2146463096141815,0.1963253319263458,0.0574862421721071,0.2400539307029501,0.3740675720848956,0.2718925606296661,0,0
372,3.72,61.80192408994242,0.9217000603675842,0.2179116457700729,0.2470302283763885,0.0123194429445767,0.153988636105767,0.2760620553254968,0.2554114097286618,0,0
373,3.73,61.80192408994242,0.9217000603675842,0.2225229442119598,0.0719501003623008,0.0,0.0977531533589018,0.2728771794038969,0.2432307683013218,0,0
374,3.74,61.80192408994242,0.9217000603675842,0.2200152426958084,0.1324487328529358,0.0123194429445767,0.1186326580094862,0.1618492317895792,0.0758714745125738,0,0
375,3.75,61.82656297583157,0.9216748476028442,0.2176893651485443,0.0905750542879104,0.0123194429445767,0.1543147021206535,0.4213274448796262,0.1718951272779754,0,0
376,3.76,61.82656297583157,0.9319723844528198,0.2154992967844009,0.123942457139492,0.0997152013349556,0.173017438026321,0.0645812494854433,0.1117783629699361,0,0
377,3.77,62.02599337850148,0.9319723844528198,0.2116575390100479,0.136257991194725,0.1524526796610992,0.1775139678305001,0.1709003498972005,0.1136201574589229,0,0
378,3.78,62.13146833515377,0.9319723844528198,0.2104149758815765,0.113657921552658,0.0763406163415219,0.1707178355532647,0.0352767388411369,0.1106205480452072,0,0
379,3.79,62.178674611184526,0.9319723844528198,0.2092986702919006,0.1384011358022689,0.0236031380153782,0.1511130228153184,0.0403880894933127,0.0695618195366441,0,0
380,3.8,62.178674611184526,0.9173632264137268,0.188895508646965,0.0891156867146492,0.0,0.1255760218601938,0.0410512681170172,0.0636542166316072,0,0
381,3.81,62.178674611184526,0.9125567078590392,0.1644022017717361,0.1792430728673935,0.0,0.0956244213566436,0.0108254838153138,0.073072687267566,0,0
382,3.82,62.178674611184526,0.8877018094062805,0.1376224309206009,0.0807486027479171,0.0,0.1249411193001001,0.0353694873823846,0.1224029736997718,0,0
383,3.83,62.178674611184526,0.8757962584495544,0.1055956482887268,0.09465953707695,0.0988427453826226,0.1449080889663885,0.0059687847168958,0.2528360430654046,0,0
384,3.84,61.98098912041928,0.6120330095291138,0.07478067278862,0.1324711889028549,0.1140490310298751,0.1516388530942291,0.0124520386513375,0.5639656687889666,0,0
385,3.85,61.950576549124776,0.3104843497276306,0.0662083774805069,0.0610354878008365,0.0600919199248366,0.1487375883589523,0.0046230000967066,0.6601163962867475,0,0
386,3.86,61.86080528056961,0.3104843497276306,0.0534500032663345,0.1790091842412948,0.044885634277584,0.1355873870136978,0.0070695978458613,0.6918172760725226,0,1
387,3.87,61.86080528056961,0.2906507849693298,0.0422060154378414,0.0811103358864784,0.0017113177442382,0.1085244200483415,0.0075365997734501,0.6270862789126995,0,1
388,3.88,61.85738264508113,0.2906507849693298,0.028314059600234,0.1084733456373214,0.0017113177442382,0.047868181835222,0.0074761368384329,0.5011148833621951,0,1
389,3.89,61.85738264508113,0.2833799123764038,0.0193367563188076,0.138835996389389,0.0,0.0348443518157091,0.0135917396550712,0.294646352948811,0,0
390,3.9,61.85738264508113,0.2609456181526184,0.0187799502164125,0.1352941691875457,0.0,0.1807311589906554,0.0082258050901992,0.1681627433107179,0,0
391,3.91,61.85738264508113,0.2609456181526184,0.0189942251890897,0.2365299314260482,0.0269246586113354,0.481239439578928,0.0033675997169627,0.1450660955508855,0,0
392,3.92,61.9112319623038,0.236314371228218,0.0216233190149068,0.2056507617235183,0.0269246586113354,0.86333794144612,0.0082456676060579,0.1539549773670987,0,0
393,3.93,61.9112319623038,0.236314371228218,0.0250241179019212,0.4604409337043762,0.2491525465072079,1.2299159217279518,0.0247014381290578,0.1164935758147938,0,0
394,3.94,62.40953705531822,0.1286142021417617,0.1003671288490295,0.7701131701469421,0.6847291039000716,1.540233726284708,0.0663667820708301,0.1304339763319345,0,0
395,3.95,63.280690170103945,0.1286142021417617,0.2093452662229538,1.2278752326965332,0.9369273145726956,1.6751133762452854,0.1200860594556607,0.1383040377514231,0,0
396,3.96,64.28339168446361,0.1286142021417617,0.2491650432348251,1.19019615650177,0.9140223806611836,1.6774229787364097,0.2373496941981799,0.0876217603215738,0,0
397,3.97,65.10873493142631,0.1286142021417617,0.267384797334671,0.479814738035202,0.7449221358210636,1.5589047842458184,0.3571736367421076,0.0680110993987404,0,0
398,3.98,65.77323595610574,0.1286142021417617,0.2804007530212402,0.0952060967683792,0.3322505123397121,1.2776199624401048,0.3575746748488584,0.0607742834448015,1,0
399,3.99,65.77323595610574,0.2020690441131591,0.2685616910457611,0.1069044172763824,0.0,0.8963065765244749,0.4681848781905689,0.0404361587833749,1,0
400,4.0,65.77323595610574,0.4995627105236053,0.2143639773130417,0.1387133449316024,0.0,0.5104760599317983,0.6053307034253661,0.0356269331457786,1,0
401,4.01,65.77323595610574,0.6702471375465393,0.2128768414258957,0.1762425899505615,0.0,0.2282382225972399,0.4070612337779895,0.0243415091325301,0,0
402,4.02,65.77323595610574,0.7425230145454407,0.2178329825401306,0.1329716593027115,0.0241324416565547,0.1878007514500466,0.4541569169242351,0.0269794732523093,0,0
403,4.03,65.72497107279263,0.7784421443939209,0.2307342141866684,0.1617438197135925,0.0495647125210112,0.2502023701586923,0.292959508649334,0.0531177610030491,0,0
404,4.04,65.67410653106371,0.88422691822052,0.2461073249578476,0.1667470335960388,0.1396354074283365,0.2900917103644553,0.3307470910041242,0.0669030097087661,0,0
405,4.05,65.44570025793595,0.8932391405105591,0.2608066499233246,0.1576605886220932,0.2118380810512121,0.3192576152552531,0.2409604044593062,0.0849709954434512,0,0
406,4.06,65.25043036896129,0.9148041009902954,0.2744356691837311,0.121164821088314,0.1542971230465397,0.3226034228800007,0.2036044183411028,0.0838359385738798,0,0
407,4.07,65.13710601184287,0.9148041009902954,0.2764196097850799,0.1074484214186668,0.0834476930106262,0.2973037903945653,0.1227803698649095,0.0791267962096844,0,0
408,4.08,65.08353498294004,0.9148041009902954,0.2777455449104309,0.0685624256730079,0.0742959484256502,0.2488801580362037,0.0852356726923432,0.0420923620198404,0,0
409,4.09,64.98851411499157,0.9149363040924072,0.270385205745697,0.0606048926711082,0.0557474590397291,0.1660001774415968,0.0452232121905149,0.0364760474954127,0,0
410,4.1,64.97204006486058,0.9149363040924072,0.2667358517646789,0.0646051317453384,0.0082370250654975,0.1007284008368171,0.0179071120055134,0.0275883532014929,0,0
411,4.11,64.97204006486058,0.9148041009902954,0.2609805166721344,0.0538616701960563,0.0,0.0616524803386644,0.0065416146435574,0.0200857969655556,0,0
412,4.12,64.97204006486058,0.9149363040924072,0.2602020502090454,0.052996952086687,0.0,0.036604090597318,0.0,0.0245993953715574,0,0
413,4.13,64.97204006486058,0.9131034016609192,0.2607247531414032,0.0745703503489494,0.0,0.0209030582666416,0.0027988463441939,0.0412417739660468,0,0
414,4.14,64.97204006486058,0.9086061120033264,0.2604708075523376,0.0983378887176513,0.0,0.065893947497658,0.0042840474060477,0.0741130212884361,0,0
415,4.15,64.97204006486058,0.8888781666755676,0.2502816021442413,0.1860288083553314,0.0122198213856492,0.0957460775630932,0.0108811369126349,0.1755986367475141,0,0
416,4.16,64.99647970763188,0.8782435059547424,0.2426880896091461,0.2919819056987762,0.0307996281632938,0.1117022533344973,0.0321975241519907,0.2457168008376765,0,0
417,4.17,65.03363932118717,0.8782145380973816,0.2216879427433014,0.1758610606193542,0.0869371109740058,0.1282002602238875,0.0510916627354643,0.2532925554962349,0,0
418,4.18,65.17035392957989,0.8657805919647217,0.1966264992952346,0.122716374695301,0.0926737371999522,0.1451425286560074,0.0327010547844736,0.270206544819445,0,0
419,4.19,65.21898679558707,0.8170105814933777,0.1583223193883896,0.067442774772644,0.0265173211286295,0.1680585759773693,0.054012671377814,0.4805449862585991,0,0
420,4.2,65.22338857183715,0.601565420627594,0.1279195696115493,0.1547568142414093,0.0317343316366205,0.1694519308557255,0.0146778046714701,0.6246841153949826,0,0
421,4.21,65.28245545886031,0.50455242395401,0.0937386751174926,0.4263175129890442,0.0654713361504235,0.1597919613670035,0.032372714072378,0.6406132267766392,0,0
422,4.22,65.354331244138,0.4883264303207397,0.0788957104086875,0.4569857120513916,0.094010298325962,0.141486892035071,0.0099392322471816,0.6670736553710974,0,0
423,4.23,65.47047605551224,0.4622814953327179,0.0775138810276985,0.3461590111255646,0.0597948170210784,0.1609136717937964,0.0179964225295674,0.6771093222882903,0,1
424,4.24,65.47392087818015,0.4404903352260589,0.0778247639536857,0.1955800950527191,0.0167664187191221,0.2139935723569999,0.0168936840110358,0.609664359643206,0,1
425,4.25,65.50400889295048,0.0649716854095459,0.074684239923954,0.1017648503184318,0.0347847667364149,0.2626572840195095,0.0092816745911977,0.4032264090491537,0,1
426,4.26,65.54349041165298,0.0329466722905635,0.0683243125677108,0.1987792998552322,0.096833465212498,0.3069743110220407,0.0141926916131041,0.296955244450406,0,0
427,4.27,65.69767582337548,0.0011331113055348,0.056696843355894,0.1384260207414627,0.1896994023286708,0.3606616582557834,0.0210785201241133,0.2422644457659937,0,0
428,4.28,65.92288921631032,0.0007590254535898,0.0475412756204605,0.0616001114249229,0.1921857201076804,0.4529831210907958,0.0157102157121536,0.1032253587363696,0,0
429,4.29,66.08204726359084,0.0007590254535898,0.0384144149720668,0.0253551993519067,0.1493856683672731,0.5221222270101574,0.0175905565670811,0.0779162952788148,0,0
430,4.3,66.22166055304487,0.0007590254535898,0.029931565746665,0.0939452350139617,0.171870908415336,0.559629943442322,0.0130553993525636,0.0294303919136351,0,0
431,4.31,66.42578908042151,0.0005956448731012,0.0158084295690059,0.2647585272789001,0.2733219839337266,0.5557661879079883,0.0216178970041333,0.0133410369799167,0,0
432,4.32,66.76830452091232,0.0002637241559568,0.0197430308908224,0.233634352684021,0.273330490308652,0.5159576149471925,0.0319325736459038,0.0131668409314312,0,0
433,4.33,66.97245006103881,0.0005956448731012,0.0201255958527326,0.3923271894454956,0.1804737665824092,0.4679548209388537,0.0207927249369434,0.0128760882320884,0,0
434,4.34,67.12925205407714,0.0007590254535898,0.0206439476460218,0.1998680531978607,0.1330979210902541,0.4011552054635847,0.0337536973880702,0.0177907945140877,0,0
435,4.35,67.23864590321932,0.0008799498900771,0.0264794342219829,0.0982393100857734,0.0575346142450428,0.3051911842980884,0.0300174575164116,0.0141555976031379,0,0
436,4.36,67.24432128256723,0.0019502744544297,0.042959164828062,0.948428988456726,0.0236035711322628,0.1903490451594859,0.0640068440752443,0.0074061015468676,0,0
437,4.37,67.28585304548385,0.0072120609693229,0.123421773314476,1.0722676515579224,0.0359010571924187,0.1170514859765155,0.0933286621315583,0.0158116067627084,0,0
438,4.38,67.31612339695207,0.3540270924568176,0.1803605556488037,0.853704035282135,0.0151351757341089,0.0637257475912375,0.1637265367630753,0.0175533028863103,0,0
439,4.39,67.31612339695207,0.7158228754997253,0.2288025617599487,0.4459304511547088,0.0008290770584054,0.0330970735731539,0.6604410263955194,0.0156778566404815,0,0
440,4.4,67.31778155106888,0.8617451190948486,0.2744362652301788,0.191797986626625,0.0008290770584054,0.0248622839536722,0.9329375906982272,0.0224265976629886,1,0
441,4.41,67.31778155106888,0.8907216191291809,0.3065366744995117,0.1535083055496215,0.0,0.0573712807511255,0.9378065025238628,0.0338415313406434,1,0
442,4.42,67.31778155106888,0.8921871781349182,0.3195738494396209,0.1229537799954414,0.0,0.0956462238437284,0.790933337669379,0.0357505260153645,1,0
443,4.43,67.31778155106888,0.8921871781349182,0.3266310095787048,0.1005558148026466,0.0072758251882376,0.1219437520916515,0.2403918758683081,0.0761271311148654,0,0
444,4.44,67.3032299006924,0.8931792378425598,0.3274483978748321,0.0573134571313858,0.0876412932440757,0.1786773973752315,0.1756149108960436,0.0755442852017604,0,0
445,4.45,67.14249896458072,0.9013203382492064,0.321746289730072,0.0724560096859932,0.1196560289042238,0.2053799786834403,0.0689431354069511,0.0894425357104287,0,0
446,4.46,67.06391784288395,0.8931792378425598,0.3166398406028747,0.0813762918114662,0.056829578362759,0.2189065365568747,0.0434061138842816,0.1238241107141757,0,0
447,4.47,67.0288398078552,0.8931792378425598,0.3145312070846557,0.0912038013339042,0.1198456473589857,0.2349124805969986,0.0623300319851318,0.1456383847206639,0,0
448,4.48,66.82422654816598,0.9018747806549072,0.3167499005794525,0.1020418107509613,0.1023066298446124,0.226174768432908,0.0924520866712524,0.1419420591265043,0,0
449,4.49,66.82422654816598,0.9134159088134766,0.3165152966976166,0.0833585113286972,0.0171227838955445,0.206237326901642,0.0704735491615396,0.1099976701629621,0,0
450,4.5,66.78998098037489,0.913452684879303,0.3163092732429504,0.0673921033740043,0.0836309751687665,0.1928176119304604,0.0748599393077357,0.1102207314983815,0,0
451,4.51,66.65696459782845,0.9191527366638184,0.3126564621925354,0.0543805435299873,0.0727161303335677,0.1743116952592144,0.0606722940496944,0.0768239276624588,0,0
452,4.52,66.64454871970776,0.92720764875412,0.3093610405921936,0.0730098336935043,0.0571940757068105,0.1421126239623155,0.0277841560566216,0.0378978383966871,0,0
453,4.53,66.54257644641483,0.9317801594734192,0.3084000945091247,0.0535273663699626,0.0572684814712474,0.1500487815400575,0.0390673957056817,0.0423070069456845,0,0
454,4.54,66.53001175676526,0.9405583143234252,0.3112104535102844,0.0432592928409576,0.0182733962309527,0.1408045513501873,0.0262168907196067,0.026136249968109,0,0
455,4.55,66.50602965395292,0.9405583143234252,0.3172431886196136,0.0440380237996578,0.0336064650248033,0.1169742082346437,0.0171045495548383,0.0192263725677322,0,0
456,4.56,66.46279882671566,0.9405583143234252,0.3139788806438446,0.0529368072748184,0.0684160433339258,0.1218246894396837,0.0073236448810274,0.0223368675193978,0,0
457,4.57,66.36919756728507,0.9351003170013428,0.3077070415019989,0.0386194884777069,0.0550943310521887,0.1181861623663353,0.0033210893263184,0.0230018802358353,0,0
458,4.58,66.35261016461128,0.9351003170013428,0.3047049343585968,0.0589287728071212,0.0082937013368962,0.1342450079928884,0.0013052433618412,0.0208416389355868,0,0
459,4.59,66.35261016461128,0.9351003170013428,0.303547203540802,0.0952247157692909,0.0477734418961688,0.1405185868063466,0.0055955649670481,0.0314120005144124,0,0
460,4.6,66.25706328081894,0.932607114315033,0.2983716130256653,0.0715095475316047,0.0677744559874327,0.1360324876713664,0.0077873908953593,0.0572528157396344,0,0
461,4.61,66.21706125263641,0.9283894896507264,0.2827492356300354,0.0678621605038642,0.06318583958695,0.1306927409422129,0.0060809050854086,0.0717014468128108,0,0
462,4.62,66.13069160164504,0.9225242733955384,0.2646051943302154,0.0953721106052398,0.060411054739788,0.1444178434164172,0.0074299819331951,0.0836680980384622,0,0
463,4.63,66.09623914315684,0.9135750532150269,0.2418439835309982,0.1125602200627327,0.0254805171922427,0.2378951160705326,0.010167472051116,0.1401930515338571,0,0
464,4.64,66.07973056726055,0.8951541781425476,0.2142465412616729,0.1072978898882865,0.0327872357964054,0.3800999938643953,0.0028128231678485,0.2997978087438919,0,0
465,4.65,66.03066467156403,0.8922924399375916,0.1950884461402893,0.1437754780054092,0.0737632679440949,0.548824723152094,0.0218500915799721,0.4967338089746588,0,0
466,4.66,65.93220403137236,0.8922924399375916,0.1919793039560318,0.1947130709886551,0.2501768097437207,0.7139248689313219,0.0529232428881921,0.6445575644794976,0,0
467,4.67,65.53031105207658,0.8922924399375916,0.1986239403486251,0.1879818141460418,0.4212855291646633,0.7985132838341243,0.0755065159821323,0.6677647251693791,0,1
468,4.68,65.08963297304304,0.8951541781425476,0.2164004445075988,0.1481672525405883,0.4428023105458152,0.8296526069097996,0.0980021698378764,0.660157079356688,0,1
469,4.69,64.64470643098495,0.8778492212295532,0.2386182844638824,0.1542922854423523,0.4324575561587949,0.8483324700838885,0.1099382165361115,0.6288167499336275,0,1
470,4.7,64.22471786072545,0.8668451905250549,0.2507009208202362,0.1751530021429062,0.2300125085372215,0.7921357936375794,0.1638661794539821,0.4664714607491509,0,0
471,4.71,64.18468141391051,0.8350331783294678,0.2523980736732483,0.162199392914772,0.0604107653409116,0.7077619335650849,0.2217524980492207,0.1997372766548466,0,0
472,4.72,64.10389633004363,0.8668451905250549,0.2458760738372802,0.1420749425888061,0.224764393975537,0.6260606846508646,0.2175883468512395,0.1418609410607152,0,0
473,4.73,63.73515262595944,0.9160345196723938,0.2304702997207641,0.1307912766933441,0.2098147900300695,0.5894494649844708,0.1820978025974932,0.1461400663690136,0,0
474,4.74,63.684266749983486,0.934227466583252,0.2183345556259155,0.3485307097434997,0.2176702926654385,0.5835911756325144,0.1924791672141819,0.1591834497908908,0,0
475,4.75,63.29981204062856,0.934227466583252,0.2053924798965454,0.4544951021671295,0.2831477116994243,0.5880883755760185,0.481622449904161,0.1989743955618558,0,0
476,4.76,63.11797132658464,0.934227466583252,0.1909157931804657,0.1590516567230224,0.2314248038662434,0.542988257387585,0.4741866098336171,0.2201185360917316,0,0
477,4.77,62.83696243289607,0.9362705945968628,0.1884681731462478,0.0952551141381263,0.2171368197771528,0.4503157078774121,0.6958970792341368,0.1316816645064275,1,0
478,4.78,62.68369768703033,0.9362705945968628,0.1859099119901657,0.1297967582941055,0.0901566951717178,0.3803642871527939,0.6861268090287163,0.229301060652302,1,0
479,4.79,62.65664904255264,0.9392644166946412,0.1777194142341613,0.1456182450056076,0.0205249725788227,0.2523078807048722,0.3450362098427822,0.0917484287059128,1,0
480,4.8,62.642647741872686,0.9448971748352052,0.1777181625366211,0.1034946367144584,0.0193661167648393,0.1675220572122623,0.2494629120771677,0.072855664701049,0,0
481,4.81,62.61791680902296,0.9392644166946412,0.1785786598920822,0.0920643061399459,0.012365466424864,0.0703305124144517,0.1012325724962181,0.0187499502187113,0,0
482,4.82,62.61791680902296,0.9392644166946412,0.1764964163303375,0.1000504121184349,0.0,0.0491789616366686,0.1075127159377181,0.0203630826390255,0,0
483,4.83,62.61791680902296,0.9362705945968628,0.1748374253511428,0.1069254577159881,0.0,0.062348490464098,0.0691541372259582,0.0332092590978189,0,0
484,4.84,62.61791680902296,0.9466969966888428,0.1771095544099807,0.1216876655817031,0.012365466424864,0.074722154129281,0.0728542996439013,0.0436677255648056,0,0
485,4.85,62.642647741872686,0.9466969966888428,0.1795086562633514,0.1228422597050666,0.0751391685560562,0.0817106466699649,0.0642384357863466,0.0590827874629706,0,0
486,4.86,62.76819514613507,0.9482536315917968,0.1797734051942825,0.143862783908844,0.0627737021311922,0.0819811129123571,0.0727471318867874,0.0549916859904513,0,0
487,4.87,62.76819514613507,0.9608243703842164,0.1809360533952713,0.0926866009831428,0.0085629469834209,0.0773739401862266,0.0894483163423089,0.0417905492872795,0,0
488,4.88,62.78532104010191,0.9638357758522034,0.1829313337802887,0.0653423070907592,0.0085629469834209,0.0663915104433979,0.0407629189500011,0.0272546069161627,0,0
489,4.89,62.78532104010191,0.9638357758522034,0.1870976537466049,0.1159819737076759,0.0,0.0457525303803354,0.0513112504616734,0.039616644153188,0,0
490,4.9,62.78532104010191,0.9642460346221924,0.1958745568990707,0.1691658049821853,0.0,0.0261397973261224,0.0329431379312786,0.0857636664954837,0,0
491,4.91,62.78532104010191,0.9642460346221924,0.2055869251489639,0.1519456058740615,0.0037996438546521,0.0344365367990872,0.1087181104381534,0.0843475819695421,0,0
492,4.92,62.77772175239261,0.965740442276001,0.2175873219966888,0.1238718703389167,0.0123706566623411,0.0413647695069585,0.0602708530073068,0.036682708381557,0,0
493,4.93,62.76057972677723,0.9642460346221924,0.2238268852233886,0.0769013464450836,0.0369672830739702,0.0575724184829211,0.0858633659076268,0.0503800485675901,0,0
494,4.94,62.70378718624467,0.9657719135284424,0.2299296408891677,0.0776656866073608,0.0294466077006418,0.0717581241046758,0.0359012058259844,0.0060807496946503,0,0
495,4.95,62.70168651137595,0.9657719135284424,0.2305748462677002,0.1130379661917686,0.006159593400195,0.0776613585756492,0.0125626632060156,0.0206126939439783,0,0
496,4.96,62.69146799944428,0.9638357758522034,0.2284810841083526,0.1203718781471252,0.0391588715732105,0.0796923267813656,0.0203398049646951,0.004896045591611,0,0
497,4.97,62.623368768229525,0.96336030960083,0.227590724825859,0.0860417932271957,0.051624293184755,0.0828810338913625,0.0042326104724673,0.0130065186390355,0,0
498,4.98,62.58821941307477,0.960189938545227,0.2269849330186844,0.1124489083886146,0.0199835191080381,0.0790701587858618,0.0155472472927777,0.0034901298259912,0,0
499,4.99,62.58340173001345,0.9590121507644652,0.2214896827936172,0.0688646733760833,0.0143594719152275,0.0768461891318648,0.0069285769175015,0.0165978779606676,0,0
500,5.0,62.55950046924431,0.9438952207565308,0.2199150025844574,0.0816255509853363,0.0377086594170563,0.0669803180655466,0.0075063441755044,0.0078149513024556,0,0
501,5.01,62.507984411179336,0.9438952207565308,0.2157897055149078,0.0843036025762558,0.0294285317716749,0.0484218105997993,0.0149560055867491,0.0103204343793394,0,0
502,5.02,62.50064340570096,0.9438952207565308,0.212002232670784,0.0838905423879623,0.0036705027391867,0.0384384966534182,0.0055052324507482,0.0051967519715854,0,0
503,5.03,62.50064340570096,0.9438952207565308,0.2093877792358398,0.0767034590244293,0.0,0.0310373872111551,0.01749450969393,0.0133519671024642,0,0
504,5.04,62.50064340570096,0.941057562828064,0.2088398933410644,0.101665511727333,0.0,0.0190360906338252,0.0232101165918528,0.0310198303839737,0,0
505,5.05,62.50064340570096,0.9373435378074646,0.2097773551940918,0.1048349514603614,0.0,0.0038690495592295,0.07168919246626,0.0792786409048796,0,0
506,5.06,62.50064340570096,0.9373435378074646,0.2108458280563354,0.1842015236616134,0.0036705027391867,0.1660344811697261,0.0462551979505533,0.1035458968963728,0,0
507,5.07,62.507984411179336,0.9373435378074646,0.2153350114822387,0.1602553576231002,0.0036705027391867,0.2493274509955509,0.083284889857161,0.1835120580789855,0,0
508,5.08,62.507984411179336,0.9390526413917542,0.2214562594890594,0.1601383537054062,0.0,0.3320010875874758,0.0657729407544044,0.2507330664097367,0,0
509,5.09,62.507984411179336,0.9373435378074646,0.2338469177484512,0.1263943761587143,0.246700597105157,0.3943354668513832,0.0656825456291492,0.3706954238147357,0,0
510,5.1,63.00138560538965,0.9252909421920776,0.2450568228960037,0.1356032788753509,0.3099118345800882,0.4254766561868979,0.0831601260278881,0.4086205530712789,0,0
511,5.11,63.12780808033951,0.9219105839729308,0.2587834298610687,0.1146346181631088,0.1581025642444551,0.4452038048713106,0.1681427911593793,0.3348867736793893,0,0
512,5.12,63.31759073387856,0.912087380886078,0.2722501456737518,0.126891940832138,0.151374027667039,0.4350283445449321,0.131782820337907,0.3639686013602595,0,1
513,5.13,63.43055613567359,0.9105880856513976,0.2817407250404358,0.1016589999198913,0.0729441568830822,0.3924221211338273,0.1468329440393794,0.2878352851897756,0,1
514,5.14,63.463479047644725,0.912087380886078,0.2930814325809479,0.1047998443245887,0.0874556595888194,0.2815620274688911,0.1127195122828177,0.1997026891354867,0,1
515,5.15,63.60546745485123,0.920150876045227,0.2927221059799194,0.0726799145340919,0.0996473963505586,0.2584474534024432,0.0897430754071087,0.1467603606816224,0,0
516,5.16,63.66277384034584,0.920150876045227,0.2931742072105407,0.0681120082736015,0.0821794551371688,0.2305594089367064,0.0749624917663119,0.2187001441141773,0,0
517,5.17,63.76982636512557,0.920150876045227,0.2934165000915527,0.2358039617538452,0.0820451500786241,0.2184223510305268,0.0847339296155929,0.232389354297518,0,0
518,5.18,63.82686414050309,0.9206022620201112,0.2910277247428894,0.2179918438196182,0.0793572161074749,0.2086523294628098,0.2808195240978415,0.4129976875040883,0,0
519,5.19,63.92854079734052,0.9219105839729308,0.293744295835495,0.138387456536293,0.0762318160552837,0.1875457545923637,0.2317776077366128,0.327883242985005,1,0
520,5.2,63.97932777261366,0.9241767525672911,0.3025728166103363,0.1033636033535003,0.0508823020104571,0.202859209986253,0.4690961010043369,0.2106900679513582,1,0
521,5.21,64.03030540136143,0.9277015924453736,0.3033132553100586,0.0606431551277637,0.0493847177109856,0.2075168529491358,0.2553711939424612,0.1327060163666786,1,0
522,5.22,64.07809720803563,0.9327094554901124,0.3082701563835144,0.0653209462761879,0.0581763505005668,0.2210967662293224,0.1109422224031904,0.0749573883433097,0,0
523,5.23,64.14665810236257,0.9327094554901124,0.3052282929420471,0.0802113190293312,0.1234106847450817,0.2182762868342616,0.0686395216969423,0.064059634130651,0,0
524,5.24,64.32491857752579,0.9327094554901124,0.2986396849155426,0.0834953561425209,0.1178058504246664,0.2208983020091122,0.0418564659862334,0.0839762473669226,0,0
525,5.25,64.3822698032119,0.9327094554901124,0.2919729650020599,0.0671059936285018,0.0767176422160318,0.2178098401220627,0.0329333857736002,0.0784536893988133,0,0
526,5.26,64.47835386195786,0.9327094554901124,0.2796449363231659,0.0657749027013778,0.055626992791268,0.2056069322604914,0.0182731024800798,0.0733941088918244,0,0
527,5.27,64.49352378879443,0.9263812303543092,0.2720032334327698,0.0619122646749019,0.0438623958469079,0.1835594874690819,0.0104937272309499,0.0589152937472484,0,0
528,5.28,64.56607865365167,0.9263812303543092,0.2661956250667572,0.067854568362236,0.0666843083680674,0.145384173973833,0.0253171516048398,0.0380772838413042,0,0
529,5.29,64.62689240553057,0.9263812303543092,0.2698534429073334,0.09449502825737,0.0526364317981702,0.1366261832221423,0.0270658708383541,0.1164651454501124,0,0
530,5.3,64.67135151724801,0.9263812303543092,0.2735612690448761,0.1514145135879516,0.0490807404440332,0.1224182394418558,0.047488783659881,0.1187384510125794,0,0
531,5.31,64.72505388641864,0.9263812303543092,0.2765126526355743,0.1089464500546455,0.0268511845853112,0.1122979659982403,0.1105388740241699,0.1017615530778509,0,0
532,5.32,64.72505388641864,0.9296925067901612,0.279215544462204,0.0895161256194114,0.034939244079716,0.0899084467505841,0.0331948417094839,0.0395381084585992,0,0
533,5.33,64.79493237457807,0.9296925067901612,0.2782761454582214,0.0682885646820068,0.0428380353047046,0.0699226741157358,0.0287053737123953,0.0228239875123103,0,0
534,5.34,64.81072995702804,0.9296925067901612,0.2784368097782135,0.0868847444653511,0.0078987912249886,0.0518651545160897,0.0231399320808249,0.0127918699424679,0,0
535,5.35,64.81072995702804,0.9296925067901612,0.2795588076114654,0.1136731505393982,0.0,0.0417528479595694,0.0317674844455429,0.0277385568075011,0,0
536,5.36,64.81072995702804,0.9296925067901612,0.2825442850589752,0.08441162109375,0.0004351486984646,0.0448886532004661,0.0292727740784938,0.0223578512272557,0,0
537,5.37,64.80985965963112,0.9296884536743164,0.2851123511791229,0.1023631617426872,0.0078987912249886,0.0579941189007635,0.0126960889311335,0.039539319255248,0,0
538,5.38,64.79493237457807,0.9240661859512328,0.2887256443500519,0.0968604087829589,0.0456697775893815,0.067352751046909,0.0155930689887979,0.0348600603788802,0,0
539,5.39,64.71852010445235,0.9050409197807312,0.2876308560371399,0.0699139833450317,0.0438857728212482,0.0702783622837981,0.0128038779880933,0.0194993227527371,0,0
540,5.4,64.70716082893557,0.9032917022705078,0.2870279848575592,0.0929784625768661,0.0302098269798918,0.0696278391013234,0.0145758550502793,0.0175493478715279,0,0
541,5.41,64.65810045049257,0.8948088884353638,0.2887422442436218,0.0689391121268272,0.024530189221501,0.0634194363907557,0.0126622326236226,0.0202044829132992,0,0
542,5.42,64.65810045049257,0.8948088884353638,0.2854229211807251,0.0788261666893959,0.0002337716475508,0.0498891138375572,0.0057162896266608,0.0145029774039465,0,0
543,5.43,64.65763290719747,0.8948088884353638,0.2878646552562713,0.0577488951385021,0.005017832734623,0.027234000658555,0.0100039196508362,0.007430168234924,0,0
544,5.44,64.64806478502332,0.9032917022705078,0.2843876779079437,0.0810319557785987,0.0047840610870721,0.0190736497640389,0.0063837827625958,0.001889140808879,0,0
545,5.45,64.64806478502332,0.9036697149276732,0.2821206748485565,0.1015918254852294,0.0,0.0049417522476249,0.0109371556586689,0.0071793041728997,0,0
546,5.46,64.64806478502332,0.9036697149276732,0.2759406268596649,0.088575005531311,0.0,0.0089361109815403,0.0133723078553919,0.0070839621480289,0,0
547,5.47,64.64806478502332,0.9036697149276732,0.2702605724334717,0.0575653761625289,0.0,0.0125333258706022,0.0015435530844585,0.0031462152669088,0,0
548,5.48,64.64806478502332,0.8959117531776428,0.2664726078510284,0.0512071065604686,0.0,0.0204732079662621,0.0011318864774624,0.0054260127590847,0,0
549,5.49,64.64806478502332,0.9036697149276732,0.260697454214096,0.0824434235692024,0.0105691858488583,0.0294761405192056,0.0036915670153653,0.0063764663133751,0,0
550,5.5,64.6269264133256,0.9036697149276732,0.2616631984710693,0.0910848900675773,0.0151011333291606,0.0463649783074169,0.0097588927619293,0.0384803723486052,0,0
551,5.51,64.617862518365,0.9036697149276732,0.2625743150711059,0.0957707688212394,0.0182040058156971,0.05419122590652,0.0307106244299822,0.0398013796337112,0,0
552,5.52,64.59051840169421,0.9036697149276732,0.2651116847991943,0.1109365448355674,0.0242330294918531,0.0687377774144632,0.0302782479962969,0.0670292906427074,0,0
553,5.53,64.5693964593813,0.9036697149276732,0.2656484246253967,0.1168667450547218,0.0378977571483503,0.0750170611395383,0.0236207306479527,0.0788733012692046,0,0
554,5.54,64.51472288739751,0.9053034782409668,0.265781044960022,0.0798234790563583,0.027336785991892,0.0734168910740833,0.0436518332655549,0.0537467372289999,0,0
555,5.55,64.51472288739751,0.9117169976234436,0.2689093649387359,0.0833455398678779,0.0312130511866044,0.0684749616302657,0.017488371388132,0.0215492134289426,0,0
556,5.56,64.4522967850243,0.9186384081840516,0.2644046247005462,0.0752037838101387,0.0346294602013728,0.0580573688648848,0.0139794356280921,0.0217848742886009,0,0
557,5.57,64.44546396699477,0.920211374759674,0.2634744942188263,0.0840192809700965,0.0034164090147683,0.0455180174556553,0.0069799617324013,0.0139989779827991,0,0
558,5.58,64.44546396699477,0.920211374759674,0.2617666721343994,0.0862469598650932,0.0,0.034605685379951,0.0048883510830758,0.0122418103063788,0,0
559,5.59,64.44546396699477,0.920211374759674,0.2566290199756622,0.0896016508340835,0.0,0.0363549232190276,0.0080750665096411,0.0400013043268155,0,0
560,5.6,64.44546396699477,0.920211374759674,0.2581043541431427,0.1396230012178421,0.0034164090147683,0.0422006863374571,0.0146797315079589,0.0551403226464153,0,0
561,5.61,64.4522967850243,0.9186384081840516,0.2512227296829223,0.1723710894584655,0.037515874282981,0.0688158021366892,0.0354841476896426,0.0867502474581313,0,0
562,5.62,64.52049571556073,0.8814840912818909,0.245640143752098,0.0982059314846992,0.0363256478241211,0.0862137465886423,0.0474468109755024,0.1392005115023027,0,0
563,5.63,64.52494808067254,0.8813636898994446,0.2397295832633972,0.0983206406235694,0.0131815725277704,0.0957268804575914,0.0334002234961806,0.13565737984739,0,0
564,5.64,64.54685886061627,0.8677190542221069,0.2372452318668365,0.0878306403756141,0.0592460215564329,0.1175895649415976,0.0652095666232187,0.1628889021846817,0,0
565,5.65,64.64344012378541,0.8677190542221069,0.2368140518665313,0.0591790750622749,0.0611507775894324,0.122819634305502,0.0315279716255984,0.1753516203273378,0,0
566,5.66,64.66916041579513,0.8677190542221069,0.2371593564748764,0.0609408542513847,0.0194460097451383,0.1171477844226486,0.0288089783488288,0.156911727215064,0,0
567,5.67,64.68233214327569,0.8813636898994446,0.2401178777217865,0.1011434122920036,0.063242666793684,0.1118350145007108,0.0597606786672962,0.166220963797814,0,0
568,5.68,64.7956457493825,0.8738428354263306,0.2403911501169204,0.0817380845546722,0.0566568030534071,0.096050149044368,0.0806235820054171,0.1527479685007215,0,0
569,5.69,64.7956457493825,0.8738428354263306,0.2381518334150314,0.1178531795740127,0.0061203331160513,0.0702932215743821,0.0676875720756403,0.1052814912189872,0,0
570,5.7,64.8078864156146,0.882469892501831,0.2349051088094711,0.1092855408787727,0.0061203331160513,0.0558340467919096,0.0420006859402314,0.0941796466762843,0,0
571,5.71,64.8078864156146,0.882469892501831,0.231173425912857,0.0907367840409278,0.0,0.0431569644073501,0.0147328811521024,0.092205059859749,0,0
572,5.72,64.8078864156146,0.882469892501831,0.2239933162927627,0.0809990018606185,0.0,0.1499696004082952,0.0153508958561052,0.0969793691837268,0,0
573,5.73,64.8078864156146,0.882469892501831,0.2048366218805313,0.1053265631198883,0.0219442867702994,0.2502599384967299,0.0070380859092092,0.1631048256715329,0,0
574,5.74,64.763997842074,0.8738428354263306,0.1796099692583084,0.1462357491254806,0.0334079907444646,0.3161194547572779,0.0142940109308379,0.1921933183285575,0,0
575,5.75,64.74107043412567,0.8365366458892822,0.1457822024822235,0.1049540117383003,0.2086879490729813,0.3498203818930333,0.009308966808777,0.3526023621129714,0,0
576,5.76,64.34662194392804,0.7007235288619995,0.1100491732358932,0.1410633772611618,0.3051594497695404,0.3616042979378719,0.0077190363744707,0.5438804395711729,0,0
577,5.77,64.1307515345866,0.6432382464408875,0.096762865781784,0.1747760027647018,0.1459412370352808,0.3499261277763852,0.008455814334623,0.6315348561431136,0,0
578,5.78,64.05473946985748,0.6248957514762878,0.0880245491862297,0.4564017355442047,0.0437822319916989,0.3141151319816365,0.0166631243531245,0.7252019536972475,0,1
579,5.79,64.0431870706032,0.4840655326843261,0.0886347815394401,0.1540180593729019,0.0171976911789499,0.2555216762791408,0.0137413506232451,0.7451889434680818,0,1
580,5.8,64.02034408749958,0.0813552811741828,0.086639404296875,0.0436396151781082,0.0148978057068376,0.1329614915369869,0.007217900231113,0.6816879627304512,0,1
581,5.81,64.01339145918952,0.0566622875630855,0.0716950371861457,0.2605437934398651,0.0207873842893278,0.1335453190559234,0.0186055452929254,0.4588788202197313,0,0
582,5.82,63.978769318920925,0.0550770759582519,0.0473528951406478,0.0951496288180351,0.0430956888898919,0.2526094990066199,0.0093955794921928,0.3588977615470857,0,0
583,5.83,63.92720008140974,0.0451831594109535,0.026791201904416,0.0940355360507965,0.042933001173786,0.4277333527687378,0.0145422822085033,0.1326288340770299,0,0
584,5.84,63.89290331657335,0.0322286784648895,0.0156922470778226,0.1518752872943878,0.1302799143058166,0.5701365146380644,0.0047978103194451,0.0730398673727243,0,0
585,5.85,63.6666402527981,0.0289360582828521,0.0161219201982021,0.209574356675148,0.3057665702660941,0.7964950909209929,0.0014742753073303,0.0183810497316093,0,0
586,5.86,63.281370176041165,0.0322286784648895,0.0159694533795118,0.2390151917934417,0.4343279935249704,0.9285088344722768,0.0104754453527502,0.0093835801122818,0,0
587,5.87,62.79798426574816,0.0322286784648895,0.0156912617385387,0.2666696012020111,0.3833173241291057,1.0508851850823808,0.030186851837044,0.0093625762175139,0,0
588,5.88,62.51473552778295,0.0322286784648895,0.0411988720297813,0.151935800909996,0.516995844691376,1.1622368019983715,0.0542075970896692,0.0119669727592415,0,0
589,5.89,61.76399257636541,0.0550770759582519,0.0544262528419494,2.879968643188477,0.4598544943946336,1.2077573464569529,0.0560420413319572,0.0114325832491476,0,0
590,5.9,61.595026538993686,0.0672554224729538,0.1157987937331199,1.0772167444229126,0.3225488159859253,1.145845689405171,0.1536119931346608,0.0128000658245514,0,0
591,5.91,61.11889494439356,0.5743660926818848,0.1448226869106292,0.3190761208534241,0.5124951709124872,1.0361242478143755,0.4802654536563206,0.0084460476765102,1,0
592,5.92,60.57003619716871,0.658231258392334,0.171306699514389,0.2077695727348327,0.4728298576247525,0.8994818557668465,0.8755474100596591,0.0180021254147335,1,0
593,5.93,60.173235229144055,0.7434266805648804,0.1889489889144897,0.0832202956080436,0.2043654778709545,0.6942668758308014,0.955998833358542,0.0285440255687134,1,0
594,5.94,60.1613052414268,0.867339015007019,0.1970995366573333,0.0427336283028125,0.0557952123193885,0.5626208476894402,0.8012224844258083,0.0343159665923961,0,0
595,5.95,60.06164480450528,0.9321064949035645,0.1881933957338333,0.0531876757740974,0.0498302184607624,0.3561624761293286,0.3342433217409233,0.0878015471611228,0,0
596,5.96,60.06164480450528,0.9421301484107972,0.1828291416168213,0.0706964880228042,0.0,0.1609313412946036,0.11216082259428,0.0823122003932694,0,0
597,5.97,60.06164480450528,0.9421301484107972,0.172372505068779,0.1023829728364944,0.0,0.099204121905215,0.0558730866549727,0.050168848049123,0,0
598,5.98,60.06164480450528,0.9421301484107972,0.1576574891805648,0.1339481920003891,0.0557952123193885,0.1568268870945385,0.0428546416843909,0.068398153115438,0,0
599,5.99,60.173235229144055,0.9421301484107972,0.1426679342985153,0.0829957425594329,0.0605162924956488,0.1961845376549083,0.018501698430532,0.0989497524896626,0,0
600,6.0,60.182677389496575,0.9321064949035645,0.1219147816300392,0.3022373616695404,0.0950403093976675,0.2143585621619883,0.0176152540449085,0.1128311563196602,0,0
601,6.01,60.36331584793939,0.9280626773834229,0.0968520119786262,0.3474962115287781,0.1620164994146726,0.2174015297622318,0.0515245435708434,0.2146094532278056,0,0
602,6.02,60.50671038832592,0.8724445700645447,0.0769067853689193,0.0999992415308952,0.087547604186895,0.2032264200551777,0.0266842533657036,0.2404433034465791,0,0
603,6.03,60.53841105631318,0.6561101078987122,0.0569257624447345,0.0390928722918033,0.0268107254659248,0.1675179129783132,0.0508529838231421,0.4557440694751484,0,0
604,6.04,60.56033183925777,0.6561101078987122,0.0339980982244014,0.0367900468409061,0.0175202030073116,0.1340942182554041,0.0516613305370482,0.5299871633162246,0,1
605,6.05,60.5734514623278,0.6561101078987122,0.0159325692802667,0.08094472438097,0.0065598115350162,0.0676803307374374,0.0244781592234893,0.5747773262791414,0,1
606,6.06,60.5734514623278,0.6561101078987122,0.0138717507943511,0.1462555080652237,0.0,0.0221728001590786,0.0303872628960455,0.65269948526927,0,1
607,6.07,60.5734514623278,0.6561101078987122,0.0127219334244728,0.1666567921638488,0.0065598115350162,0.0148736922812295,0.0044666500568037,0.5822794519669782,0,0
608,6.08,60.56033183925777,0.6753220558166504,0.0129675725474953,0.1843758523464203,0.0065598115350162,0.036044600192142,0.004759441663071,0.4871106922095877,0,0
609,6.09,60.56033183925777,0.6753220558166504,0.0133021930232644,0.2206961214542389,0.0102087139765068,0.0884777667702443,0.0090205683243624,0.3768608023700059,0,0
610,6.1,60.53991441130476,0.6753220558166504,0.0123678250238299,0.2616765797138214,0.0102087139765068,0.1497196470563119,0.0111046458129405,0.313865709294373,0,0
611,6.11,60.53991441130476,0.6753220558166504,0.0121105406433343,0.176018938422203,0.0403175128185573,0.1928458408051373,0.0400263714457964,0.3200968951020165,0,0
612,6.12,60.45927938566764,0.6753220558166504,0.0132074989378452,0.1037555187940597,0.117572878778418,0.2180553685149794,0.0358379464017695,0.3498167904914661,0,0
613,6.13,60.30476865374792,0.6929842233657837,0.0124242324382066,0.3687345683574676,0.1562716374793211,0.2326683409022842,0.0565625975944075,0.377084895604233,0,0
614,6.14,60.146736110709,0.6929842233657837,0.0133047308772802,0.2057302296161651,0.1129417678550162,0.2317123061533156,0.0821582211588086,0.3302009635597643,0,0
615,6.15,60.07888511803789,0.6929842233657837,0.0137355485931038,0.167395532131195,0.0498672567640525,0.2142933538800418,0.0438580523790927,0.280834917566141,0,0
616,6.16,60.047001597180895,0.6929842233657837,0.0131302252411842,0.1823421418666839,0.0381457106101379,0.1708695397177765,0.1437279435081396,0.2762767735245162,0,0
617,6.17,60.00259369681761,0.7148449420928955,0.0127791557461023,0.1720164865255355,0.0353593763488291,0.1123299438555546,0.0339348456884828,0.2157367321966145,0,0
618,6.18,59.97628284448324,0.746234118938446,0.0123401330783963,0.2336079776287078,0.0152526848530385,0.0623767849343654,0.0586848096439173,0.1668300003847202,0,0
619,6.19,59.972088327111535,0.746234118938446,0.0127882873639464,0.2019698470830917,0.0020972586858505,0.0393477420910907,0.0385290317626253,0.1514530208228112,0,0
620,6.2,59.972088327111535,0.746234118938446,0.0132709676399827,0.1670829206705093,0.0,0.0248843234585936,0.0109412906287255,0.1440078766750175,0,0
621,6.21,59.972088327111535,0.746234118938446,0.0130386864766478,0.1901057809591293,0.0020972586858505,0.0134410891389951,0.0180013593334359,0.1555357718363081,0,0
622,6.22,59.97628284448324,0.746234118938446,0.011794383637607,0.2521339952945709,0.0020972586858505,0.0142652027981005,0.0033981362133147,0.2009725469264416,0,0
623,6.23,59.97628284448324,0.7039496302604675,0.0117849893867969,0.1580258011817932,0.0,0.0233485135827872,0.0045043319025909,0.2785107835303738,0,0
624,6.24,59.97628284448324,0.668096661567688,0.0113936914131045,0.1379504650831222,0.0151258560812266,0.0275394670446104,0.0035148482222098,0.3181377363760568,0,0
625,6.25,60.00653455664569,0.6620244383811951,0.0091501213610172,0.1453015655279159,0.0151258560812266,0.0291691913944787,0.0030184349244561,0.3685043059897344,0,0
626,6.26,60.00653455664569,0.6592404246330261,0.0105265695601701,0.18197001516819,0.0157563802809264,0.0301001606188355,0.0045728175531283,0.4018769918078092,0,0
627,6.27,60.03804731720754,0.5345669984817505,0.0111476145684719,0.3170738220214844,0.0157563802809264,0.0291066381493892,0.0031923011746121,0.3594984506840433,0,0
628,6.28,60.03804731720754,0.1923345923423767,0.0110233463346958,0.2205464988946914,0.0,0.0245314528437725,0.007791976430494,0.3222105829901781,0,0
629,6.29,60.03804731720754,0.0681585744023323,0.0140270423144102,0.129969373345375,0.0051920592755045,0.0165707584253471,0.01120905138308,0.2495752485518346,0,0
630,6.3,60.04843143575855,0.0667171627283096,0.0161968879401683,0.420905739068985,0.0051920592755045,0.0132910208336057,0.0114812015815779,0.1715787665779939,0,0
631,6.31,60.04843143575855,0.0516541339457035,0.0189373549073934,0.4902493357658386,0.0051920592755045,0.0054729110009388,0.0042161759631029,0.2119300174259824,0,0
632,6.32,60.03804731720754,0.0274589415639638,0.0203499887138605,0.2687719166278839,0.0,0.0051920592563872,0.0050500279602268,0.0982508408728871,0,0
633,6.33,60.04843143575855,0.0064856079407036,0.0227368734776973,0.2137469053268432,0.0051920592755045,0.0099337568809281,0.0044123194316607,0.0231448126236298,0,0
634,6.34,60.04843143575855,0.0058327340520918,0.0232113022357225,0.4127711057662964,0.0,0.0243757252702116,0.0327827272640364,0.0025663852229626,0,0
635,6.35,60.04843143575855,0.0058327340520918,0.0262303352355957,0.3301031589508056,0.0,0.0327877688831075,0.0236910131051791,0.0146843213293873,0,0
636,6.36,60.04843143575855,0.0010647060116752,0.0290373656898736,0.2598949670791626,0.0119887525358244,5.789487677706808,0.0198342151429953,0.0032778020577797,0,0
637,6.37,60.0724089408302,0.0007756316335871,0.0367719605565071,0.2850545942783355,0.0347814081988424,7.656798022389173,0.0186552168804502,0.0018522056122304,0,0
638,6.38,60.11799425215624,0.0007756316335871,0.0391632616519928,0.3737894892692566,0.0265094200835207,8.691403119876751,0.0153220611779205,0.0043004049977006,0,0
639,6.39,60.12542778099724,0.0007756316335871,0.0391581989824771,0.1338567286729812,8.659326144218667,9.164572235117696,0.0417900026583059,0.02649153030583,0,0
640,6.4,77.43664654059357,0.0006437301053665,0.0371880754828453,0.0218866448849439,8.655609379798165,9.165382230941704,0.0288605110331075,0.0262136021085585,0,0
641,6.41,77.43664654059357,0.0004999061347916,0.0403022430837154,0.1841817498207092,0.0343130140128167,8.691291532328737,0.0162745747910651,0.0256316330640334,0,0
642,6.42,77.5052725686192,0.0004999061347916,0.0346580147743225,0.6594401597976685,0.0343130140128167,7.659875884321646,0.0210459665385949,0.0139000247336415,0,0
643,6.43,77.5052725686192,0.0003929074155166,0.0337081365287303,0.1685063391923904,0.0079843654132503,5.789658018769142,0.0387129588129271,0.0228598323874794,0,0
644,6.44,77.5212412994457,0.0003203400992788,0.0423284098505973,0.0305533595383167,0.0079843654132503,0.0349517370023548,0.0300431272699398,0.0175692283426988,0,0
645,6.45,77.5212412994457,0.0003929074155166,0.0391114614903926,1.3778424263000488,0.0,0.030001975893196,0.0369786853125118,0.0295470052005534,0,0
646,6.46,77.5212412994457,0.0005013073096051,0.038303654640913,0.5259236693382263,0.0079843654132503,0.0234645386965213,0.0085847969743403,0.0149877758761526,0,0
647,6.47,77.5052725686192,0.0005013073096051,0.0373703613877296,0.0300148893147707,0.0264147608313365,0.0252463544048594,0.0132857753279211,0.0194625383571278,0,0
648,6.48,77.46841177778303,0.0005013073096051,0.0378059521317482,0.0255909021943807,0.0184303954180862,0.0261998107113836,0.0140165342475298,0.0015435530844585,0,0
649,6.49,77.46841177778303,0.0008564288727939,0.030957406386733,0.3219504654407501,0.0,0.0241964782544375,0.0095457312126044,0.0044272228551127,0,0
650,6.5,77.46841177778303,0.0008564288727939,0.0340230166912078,0.4206384420394897,0.0,0.0198724921644077,0.0089233240905359,0.0014074199368516,0,0
651,6.51,77.46841177778303,0.0008564288727939,0.0372932516038417,0.3312703371047973,0.0,0.0120919211332565,0.0065981416795172,0.0017344939287346,0,0
652,6.52,77.46841177778303,0.0012488865759223,0.0386185012757778,0.2754226922988891,0.0,0.0226853615531745,0.0029732096388463,0.001473722363175,0,0
653,6.53,77.46841177778303,0.0012676995247602,0.0432490780949592,0.2709051072597503,0.0035383547030605,0.0297739801118488,0.0,0.001473722363175,0,0
654,6.54,77.47548848718915,0.0014422347303479,0.0407828018069267,0.2563186585903168,0.0035383547030605,0.0335459465346525,0.0040359953742275,0.0,0,0
655,6.55,77.47548848718915,0.0019972487352788,0.0435607954859733,0.2892449200153351,0.0310624058561828,0.0350877121000091,0.0022454102444431,0.0,0,0
656,6.56,77.53761329890152,0.0020788903348147,0.0452041812241077,0.2557041943073272,0.0310624058561828,0.0346978518963778,0.0047358004947802,0.0,0,0
657,6.57,77.53761329890152,0.0019972487352788,0.0497785173356533,0.2697063982486725,0.0,0.0323065115160269,0.0027815510997219,0.0,0,0
658,6.58,77.53761329890152,0.0020788903348147,0.0523915328085422,0.2246932983398437,0.0,0.0270377570411583,0.0018685036124559,0.0,0,0
659,6.59,77.53761329890152,0.0021379680838435,0.0562612675130367,0.2909117341041565,0.0,0.0233978032645099,0.0,0.0,0,0
660,6.6,77.53761329890152,0.0022104764357209,0.0586910247802734,0.2447512298822403,0.0,0.0187837239759701,0.0042543263172927,0.0,0,0
661,6.61,77.53761329890152,0.002322263084352,0.0610683225095272,0.1919369250535965,0.0118420469130455,0.0372869871451697,0.0010834304993921,0.0015767513596882,0,0
662,6.62,77.51392920507543,0.0026842001825571,0.0562357939779758,0.1702431589365005,0.0210918378239597,0.0475862333147669,0.0013557721383545,0.0,0,0
663,6.63,77.4954296232536,0.007638833951205,0.0522688925266265,0.1137371882796287,0.0092497909109141,0.0605899464222358,0.0010834304993921,0.0010487883954946,0,0
664,6.64,77.4954296232536,0.007638833951205,0.0450954735279083,0.1174990683794021,0.0344462209013016,0.0659000962949869,0.0029422906602869,0.0,0,0
665,6.65,77.426537181451,0.007638833951205,0.0389387346804142,0.168413832783699,0.0390187067480738,0.0783768076417122,0.0069428488569099,0.0,0,0
666,6.66,77.41739220975745,0.007638833951205,0.0360139198601245,0.1633850634098053,0.0257951958457169,0.081993100548935,0.0119720873195329,0.0028875992471177,0,0
667,6.67,77.37494678975956,0.0106557086110115,0.0338397771120071,0.1422079056501388,0.0212227099989448,0.0839933333315706,0.0091305533646454,0.003095782686576,0,0
668,6.68,77.37494678975956,0.0106557086110115,0.0313621126115322,0.1146914511919021,0.0362094541999766,5.3247270240907865,0.00275976797245,0.0061392935259547,0,0
669,6.69,77.30252788135961,0.0054550278000533,0.0303274244070053,0.1262186467647552,0.041740054237124,7.038278476327485,0.0107946403574167,0.0015310060521006,0,0
670,6.7,77.29146668128531,0.005247046239674,0.0325828343629837,0.1432943195104599,0.0169829876905751,7.975283446032278,0.008121935772398,0.0046162564581103,0,0
671,6.71,77.26856190597846,0.0052424282766878,0.0309940986335277,0.2767073810100555,7.947592334910791,8.399379906172046,0.0246739606334982,0.003171860895851,0,0
672,6.72,61.39628201146373,0.0044085960835218,0.0319593995809555,0.0790409743785858,7.94234203156882,8.395468276068671,0.0243954501824729,0.008306901750804,0,0
673,6.73,61.38387784284082,0.003914522472769,0.0317772217094898,0.0634806305170059,0.0062020843114574,7.959906026744004,0.031121353386773,0.0097454949698193,0,0
674,6.74,61.38387784284082,0.002708725631237,0.0263145994395017,0.1646250337362289,0.0021031575137193,7.020610140855618,0.0104089759341241,0.0,0,0
675,6.75,61.37967152781338,0.0022323988378047,0.0269145518541336,0.1696278303861618,0.0133043630253659,5.305549560568782,0.0064532636982604,0.0018522056122304,0,0
676,6.76,61.357269116790086,0.0022323988378047,0.0247810576111078,0.2909609377384186,0.0369209881517669,0.0423564443245885,0.0118548297700047,0.0116638025671757,0,0
677,6.77,61.305829551509845,0.0022323988378047,0.0218013226985931,0.1831799745559692,0.0257197826401203,0.0431427353525828,0.0174165370271721,0.0123498190868182,0,0
678,6.78,61.305829551509845,0.0020975689403712,0.0213242508471012,0.0981131196022033,0.0,0.0418686178203168,0.0,0.0032214116606415,0,0
679,6.79,61.305829551509845,0.0020975689403712,0.0198813397437334,0.126555785536766,0.0066262699227088,0.0401154809837483,0.0015404557550977,0.0032101558642353,0,0
680,6.8,61.29257701166443,0.0022323988378047,0.0194862056523561,0.2278393805027008,0.014253600461501,0.0327454435315023,0.0033908823491874,0.0014719078415521,0,0
681,6.81,61.27732235058684,0.0025124417152255,0.0184084568172693,0.3026428818702698,0.0076273305387921,0.025418015648024,0.0018509299220885,0.0029445252946088,0,0
682,6.82,61.27732235058684,0.002738480689004,0.0210429150611162,0.1623310893774032,0.0130155330599066,0.0257117665637784,0.0126307209807335,0.0014719078415521,0,0
683,6.83,61.25129128446703,0.009136551991105,0.0578659139573574,0.3866892457008362,0.0130155330599066,0.1202713320721419,0.0241837754353714,0.0049631385462249,0,0
684,6.84,61.25129128446703,0.0193007960915565,0.098812036216259,1.9622901678085327,0.004059682722179,0.2158850676227224,0.0544861077265411,0.0014719078415521,0,0
685,6.85,61.24317191902267,0.0369733199477195,0.1310542970895767,0.8306604623794556,0.004059682722179,0.3415801873988164,0.1054521596437325,0.0033068221860935,0,0
686,6.86,61.24317191902267,0.4526181817054748,0.1602322459220886,0.2881507277488708,0.1649742730057504,0.5244932158008953,0.6453608986663628,0.0029399835324073,0,0
687,6.87,60.91322337301117,0.709589958190918,0.1886299550533294,0.2413193136453628,0.2846777815439019,0.6369007575072348,0.5948099810235472,0.0062203801734724,1,0
688,6.88,60.67381635593487,0.771367609500885,0.2072034627199173,0.292545735836029,0.290149176943494,0.6860443358734013,0.8821321732249038,0.0130986142640548,1,0
689,6.89,60.33292501912418,0.8032448291778564,0.2201948761940002,0.1949620544910431,0.4356558141175988,0.6823336893412434,0.5957300620290226,0.0286280572519927,1,0
690,6.9,59.80250472769967,0.8464270234107971,0.2369720339775085,0.125604435801506,0.331623577595284,0.6265590644501813,0.6861187136993536,0.0309799902267251,0,0
691,6.91,59.669677863933615,0.9384450316429138,0.2477395236492157,0.1119875460863113,0.0698525320564336,0.5001960963769,0.4262081815140215,0.0875091175448882,0,0
692,6.92,59.6627996635868,0.9482159614562988,0.264766126871109,0.3869727849960327,0.0034391001734057,0.3736409403906695,0.2454675711715456,0.08035153140875,0,0
693,6.93,59.6627996635868,0.9482159614562988,0.2703022956848144,0.1830841451883316,0.0,0.2211312811420916,0.3737788334630537,0.1159792773219046,0,0
694,6.94,59.6627996635868,0.9482159614562988,0.2857056260108948,0.0769330337643623,0.0,0.1628421183386251,0.1332958117027033,0.0734267267275324,0,0
695,6.95,59.6627996635868,0.9482159614562988,0.2923868894577026,0.1175620332360267,0.0034391001734057,0.240449447929298,0.4835219822742678,0.1182177771943149,0,0
696,6.96,59.669677863933615,0.9523765444755554,0.2953151166439056,0.1533719599246978,0.0967829232967218,0.2925602342357597,0.0865195693768723,0.0984104939837013,0,0
697,6.97,59.85636551018025,0.9482159614562988,0.2974483072757721,0.1130151748657226,0.2369841558473489,0.3261612698980299,0.1841015453042153,0.1484552461722136,0,0
698,6.98,60.14364617562831,0.9482159614562988,0.300673633813858,0.0948305130004882,0.2129519209966375,0.3363158646683451,0.06128554522972,0.1587271454682642,0,0
699,6.99,60.28226935217352,0.9468731880187988,0.2940663397312164,0.1302527785301208,0.1027080398126045,0.3326988100721635,0.0413787075661963,0.1604824437096017,0,0
700,7.0,60.34906225525352,0.94176185131073,0.2828035950660705,0.125986561179161,0.0638527142375195,0.2970936497320157,0.1036631199618028,0.0818289853816093,0,0
701,7.01,60.40997478064856,0.940937876701355,0.2697913348674774,0.0759700015187263,0.0383235582661782,0.2223550649456279,0.0881304046789636,0.0464318991545371,0,0
702,7.02,60.42570937178588,0.940937876701355,0.261438250541687,0.1088690161705017,0.0507189228872668,0.1404670806818092,0.0674900481146106,0.0597327791066649,0,0
703,7.03,60.511412626423095,0.940937876701355,0.2582376003265381,0.1609311252832412,0.0428516273186083,0.1048316159677362,0.0981232601398039,0.0834190663029114,0,0
704,7.04,60.511412626423095,0.9413955211639404,0.2637845277786255,0.1767797172069549,0.0245945073604829,0.0846688310336406,0.1412812427638854,0.1428643338885178,0,0
705,7.05,60.56060164114406,0.9413955211639404,0.2746946513652801,0.0747701674699783,0.026596268486287,0.0665794692401746,0.1691631976085997,0.1705333291727926,0,0
706,7.06,60.56460516339567,0.9521815180778505,0.2773999571800232,0.0609746500849723,0.0095472094878203,0.0525632525913768,0.0692252459528982,0.01644287149656,0,1
707,7.07,60.5796960601197,0.954135000705719,0.2810415625572204,0.0405664108693599,0.0079828904405339,0.0410400284215822,0.0849003845197391,0.0149537286459101,0,1
708,7.08,60.58057094427674,0.954135000705719,0.2814150154590606,0.0532066896557807,0.0004374420785175,0.0502908875494227,0.0115034379521962,0.0092573505864013,0,1
709,7.09,60.58057094427674,0.9566242098808287,0.2802720963954925,0.0558561757206916,0.0,0.087598556573367,0.0180327400285443,0.0031041347457209,0,0
710,7.1,60.58057094427674,0.9589585661888124,0.2804097235202789,0.0514457821846008,0.0337024182466869,0.1072219564205164,0.005669665796175,0.0106679880153556,0,0
711,7.11,60.64797578077011,0.9589585661888124,0.2827179133892059,0.0766728371381759,0.051773196531915,0.1393973191741064,0.0,0.0079411349278893,0,0
712,7.12,60.68411733734057,0.956819713115692,0.2785870134830475,0.0774469003081321,0.0905285911332818,0.167046414445759,0.0088235222136022,0.0163434430110276,0,0
713,7.13,60.829032963036674,0.956819713115692,0.2730038464069366,0.0809073224663734,0.0725694616020327,0.1764845691905349,0.0104660245928865,0.0231433190229612,0,0
714,7.14,60.82925626054463,0.956819713115692,0.261371910572052,0.0675619095563888,0.0600272387810179,0.1706845954569121,0.0196388993431829,0.036164358755889,0,0
715,7.15,60.94908744059871,0.956819713115692,0.2521158158779144,0.0669358596205711,0.0931494924677913,0.147864087833887,0.0077963273142558,0.0251216150541337,0,0
716,7.16,61.015555245480215,0.9593214392662048,0.2379340976476669,0.0458592660725116,0.0332339024407524,0.1213284275955223,0.0094273742676509,0.0151452144804744,0,0
717,7.17,61.015555245480215,0.9606121182441713,0.2242443710565567,0.0393646471202373,0.0,0.0795438737979703,0.0034579416332451,0.0032299789819547,0,0
718,7.18,61.015555245480215,0.9606121182441713,0.2181419730186462,0.0457191802561283,0.0,0.0614033894291095,0.0067693729244509,0.0142951760580167,0,0
719,7.19,61.015555245480215,0.9593214392662048,0.2141543477773666,0.0601092427968978,0.0,0.028313477048226,0.001416383302568,0.0062211480625081,0,0
720,7.2,61.015555245480215,0.9593214392662048,0.2200720906257629,0.0739958137273788,0.0122336958931121,0.0390644432510916,0.0041756285740276,0.0275589589969513,0,0
721,7.21,60.99108785369399,0.9593214392662048,0.2221331596374511,0.0811144560575485,0.0137136977277485,0.0507468284174726,0.0027517299941476,0.0155962402445647,0,0
722,7.22,60.98812785002472,0.9593214392662048,0.2340940982103347,0.1162884533405304,0.0211206437315034,0.059380189246352,0.0336815972775926,0.1153699463948456,0,0
723,7.23,60.94884656623098,0.958590567111969,0.2444634139537811,0.2942409813404083,0.0416217020670295,0.062808434347076,0.0719381157396491,0.2762320819244399,0,0
724,7.24,60.90488444589066,0.957086741924286,0.2552941143512726,0.2584775686264038,0.0316316030157572,0.0986438225151838,0.2886685134492637,0.6537411754113759,1,0
725,7.25,60.88558336019947,0.957086741924286,0.2636250853538513,0.1127866059541702,0.0185310641137306,0.1172687847268296,0.2778988616422473,0.3872611728296238,1,0
726,7.26,60.8678223176632,0.957086741924286,0.2679450213909149,0.0726252421736717,0.0108196676402805,0.1242642875474938,0.5842370402859884,0.3082841586631815,1,0
727,7.27,60.86394402491891,0.958590567111969,0.2678026854991913,0.0754638910293579,0.0885890247101528,0.1197553188075647,0.438792805371183,0.1988068518675138,0,0
728,7.28,60.69064426824289,0.960884928703308,0.272631973028183,0.0560408942401409,0.0989172983878994,0.1113047334322061,0.1808450694923837,0.0585061488935463,0,0
729,7.29,60.66610942814311,0.960884928703308,0.2777073383331299,0.0638590529561042,0.0122674200498913,0.1029943630312243,0.1437825267726185,0.0416132343141077,0,0
730,7.3,60.66610942814311,0.9621742963790894,0.2755870819091797,0.0693280696868896,0.0,0.0891190545515386,0.0133819295396888,0.0076264856505219,0,0
731,7.31,60.66610942814311,0.9621742963790894,0.276987075805664,0.0404539480805397,0.0,0.0679473381318248,0.0044955557374522,0.0075898397694686,0,0
732,7.32,60.66610942814311,0.9621742963790894,0.2824587523937225,0.0370614789426326,0.0073182397499316,0.0137118480685967,0.0,0.0016564213796565,0,0
733,7.33,60.651472948643246,0.9621742963790894,0.2833336889743805,0.0444304384291172,0.0073182397499316,0.0092247065434124,0.0,0.0,0,0
734,7.34,60.651472948643246,0.9619302749633788,0.2786567509174347,0.0545496754348278,0.0006437645706611,0.0109389575028255,0.0012918041519316,0.0,0,0
735,7.35,60.65018541950192,0.9619302749633788,0.2799164950847626,0.0353849455714225,0.0027436255813668,0.0123767774701747,0.0012918041519316,0.0,0,0
736,7.36,60.64598569748051,0.9619302749633788,0.2818531692028045,0.0435427725315094,0.0020998610107056,0.0121698023541471,0.0012918041519316,0.0017604851849616,0,0
737,7.37,60.64598569748051,0.9618071913719176,0.2771426141262054,0.0707060322165489,0.0055881695942545,0.0265691572722813,0.0012918041519316,0.0,0,0
738,7.38,60.634809358292,0.9618071913719176,0.2753399312496185,0.0769434794783592,0.008577856891506,0.037573437246806,0.0,0.0,0,0
739,7.39,60.6288299836975,0.9618071913719176,0.2798851132392883,0.0514083169400692,0.0029896872972514,0.0720669861186327,0.0014644501664891,0.0,0,0
740,7.4,60.6288299836975,0.9618071913719176,0.278731107711792,0.060676883906126,0.0307071532802538,0.0902723871021807,0.0,0.0027772793484784,0,0
741,7.41,60.56741567713699,0.9618071913719176,0.2751445174217224,0.0599340684711933,0.0396311840420686,0.1167566722806774,0.0,0.0030221556043505,0,0
742,7.42,60.54956761561336,0.9618071913719176,0.2772530317306518,0.0606545694172382,0.0679000812821009,0.1343781021113363,0.0016435183658471,0.0041300094102887,0,0
743,7.43,60.43161551457279,0.9671122431755066,0.2749505043029785,0.0629755556583404,0.0656115296245758,0.1394617413824898,0.0,0.0043711303893277,0,0
744,7.44,60.41834455636421,0.9671122431755066,0.272987961769104,0.0783903449773788,0.0527581103791696,0.1335404568640314,0.0017154485714496,0.0067780692505135,0,0
745,7.45,60.32609929381445,0.9621150493621826,0.2751260101795196,0.0747533738613128,0.064739220920206,0.1140442951368558,0.0055743163733916,0.0046561031576734,0,0
746,7.46,60.2888661145238,0.9621150493621826,0.2744286060333252,0.0688070729374885,0.018616589645326,0.0937903588663641,0.0073950993122896,0.0046614037267607,0,0
747,7.47,60.2888661145238,0.9621150493621826,0.2741918861865997,0.0570187382400035,0.0,0.0713842086705482,0.0,0.0072671336346257,0,0
748,7.48,60.2888661145238,0.9587242603302002,0.2796007692813873,0.0808513239026069,0.0,0.0786669692812067,0.0012957380842889,0.0065420274046918,0,0
749,7.49,60.2888661145238,0.955067813396454,0.2823200523853302,0.1012116149067878,0.0,0.1079454325488562,0.0014740382913073,0.0348100101382207,0,0
750,7.5,60.2888661145238,0.950809895992279,0.2838365733623504,0.1297141164541244,0.0825553246236268,0.1316114625681532,0.0086091427133154,0.0307350914143212,0,0
751,7.51,60.45397676377105,0.9500362277030944,0.2885985970497131,0.1235494315624237,0.0916102922191619,0.140859700396141,0.017038471109176,0.0908102695273801,0,0
752,7.52,60.47208669896212,0.9496431350708008,0.2927953898906708,0.1141730099916458,0.0596318531385016,0.1404001255679395,0.0237750291784279,0.0736574847724317,0,0
753,7.53,60.573240470048056,0.9482355117797852,0.2850868999958038,0.0677166283130645,0.0627990419321022,0.1301299245782308,0.0268649331062467,0.0883769863911953,0,0
754,7.54,60.59768478282633,0.927255630493164,0.2727682888507843,0.1300410479307174,0.0122221563891358,0.1056574805165895,0.0547372172230175,0.1389621879420631,0,0
755,7.55,60.59768478282633,0.9265872240066528,0.3005688786506653,0.2269719094038009,0.0,0.0793684544872676,0.0792262978066089,0.2278529004683712,0,0
756,7.56,60.59768478282633,0.8961942195892334,0.3338519334793091,0.4582798779010772,0.0,0.135408342873685,0.0568876279269356,0.2394125059969199,0,0
757,7.57,60.59768478282633,0.8681378960609436,0.308514654636383,0.2050556540489196,0.0122221563891358,0.2053226020525476,0.0546138683413215,0.3353627445934541,0,0
758,7.58,60.573240470048056,0.7867383360862732,0.2904764115810394,0.1366340517997741,0.1044559079995046,0.2512741215906887,0.0798343632398599,0.3580509519806765,0,1
759,7.59,60.38877296682732,0.5799650549888611,0.2231155037879943,0.0024037845432758,0.1831309103390204,0.2836046389631181,0.2329786760719895,0.4768324723065716,0,1
760,7.6,60.206978649370015,0.5799650549888611,0.1965884268283844,0.0638680532574653,0.1686595600759517,0.2941022880964882,0.0803749201300237,0.477105352830025,0,1
761,7.61,60.051453846675415,0.5799650549888611,0.0897606462240219,0.5203449130058289,0.1034434071065319,0.2826940220826566,0.2377951270235803,0.4044990008303112,0,0
762,7.62,60.00009183515695,0.5799650549888611,0.1102550625801086,0.2440871447324752,0.0634696944007373,0.2466758656631455,0.4551499077623985,0.4617460958236744,0,0
763,7.63,59.92451445787394,0.5799650549888611,0.1278143972158432,0.2284334748983383,0.0459196629109079,0.176126388697479,0.4073557628785599,0.2771630095895078,1,0
764,7.64,59.908252509335135,0.8782195448875427,0.1386837512254715,0.1744038313627243,0.0122876806246807,0.1471864033548753,0.8446226027998197,0.1355179178263462,1,0
765,7.65,59.89993909662458,0.8782195448875427,0.1430626362562179,0.1023792773485183,0.0143274238398802,0.1595087268097239,0.5688079592241311,0.1052637251244297,1,0
766,7.66,59.879597661655374,0.9055674076080322,0.1464355438947677,0.1247779503464698,0.0112007509901879,0.1864958012008765,0.6225810927708469,0.0423823871706162,0,0
767,7.67,59.8775375946442,0.9094396829605104,0.1459855139255523,0.1071779429912567,0.107497145299412,0.2362783956366331,0.2093581013792248,0.0649667012708807,0,0
768,7.68,59.66460337105655,0.9159818887710572,0.1504970490932464,0.1174051389098167,0.167132679794502,0.264927797615779,0.1329315993819235,0.0807591732235927,0,0
769,7.69,59.5432722350552,0.9249995350837708,0.1546055823564529,0.1539738476276397,0.0939193088506513,0.2716357201391344,0.1108454244866171,0.1476181497643176,0,0
770,7.7,59.47676475335525,0.9301179051399232,0.1611049026250839,0.11560770124197,0.131461387058188,0.2581668558079479,0.1291331365634004,0.1598810919391567,0,0
771,7.71,59.28034946093882,0.9301179051399232,0.1667444407939911,0.0648653134703636,0.1069962830853086,0.2248722031034933,0.117916778418608,0.1343472805679443,0,0
772,7.72,59.26277218718463,0.92854505777359,0.1706526577472686,0.0712089464068412,0.0087886368770959,0.1541726098841388,0.0782199218390402,0.0933802792221013,0,0
773,7.73,59.26277218718463,0.92854505777359,0.1725405156612396,0.0853031873703002,0.0,0.1066170585678803,0.0364918001583123,0.03177555421847,0,0
774,7.74,59.26277218718463,0.9301179051399232,0.1747473180294037,0.1083556786179542,0.0,0.0904053162220645,0.0454347710857217,0.0409386290432317,0,0
775,7.75,59.26277218718463,0.9308552742004396,0.1788775026798248,0.0934285447001457,0.0087886368770959,0.1039760319837071,0.0282808585578418,0.0317110283501688,0,0
776,7.76,59.28034946093882,0.9308552742004396,0.1799944192171096,0.0946471616625785,0.049121423280777,0.122157701177045,0.0229238340674335,0.0332985664034828,0,0
777,7.77,59.361015033746185,0.9387494921684264,0.183518573641777,0.0593654438853263,0.0957762524514791,0.1408364717771373,0.024136365540266,0.0322399536441386,0,0
778,7.78,59.47190196584178,0.9390962719917296,0.1829143464565277,0.0598735250532627,0.0874413104571303,0.1463545315224513,0.0098518451312532,0.0185635091979756,0,0
779,7.79,59.535897654660445,0.9393612742424012,0.1841293573379516,0.0556036941707134,0.0331557355978162,0.1402737156434935,0.0147943584801748,0.0111940845251578,0,0
780,7.8,59.53821343703741,0.9407964944839478,0.1833952516317367,0.0472018234431743,0.03649516524748,0.1162533014530887,0.0057236529135232,0.0091569844892331,0,0
781,7.81,59.608887985155405,0.9407964944839478,0.1835258901119232,0.0576503947377204,0.0353372740589961,0.0796485102315789,0.0072757315401297,0.0132439639548761,0,0
782,7.82,59.608887985155405,0.9407964944839478,0.1758905053138733,0.0614453926682472,0.0,0.0457350662385415,0.0044888536070019,0.0246945539160418,0,0
783,7.83,59.608887985155405,0.9407964944839478,0.158802643418312,0.0805188864469528,0.033219973083348,0.0341945735611588,0.0081421275092984,0.0261098870553535,0,0
784,7.84,59.54244803898871,0.9407964944839478,0.1341350823640823,0.0928194299340248,0.033219973083348,0.0337366554945326,0.0045079642391634,0.0548562559955819,0,0
785,7.85,59.54244803898871,0.8860178589820862,0.1034510806202888,0.0258955229073762,0.0,0.0360212525201879,0.0084038224869658,0.0925842923892321,0,0
786,7.86,59.54244803898871,0.8391740918159485,0.0644168928265571,0.0339860282838344,0.0,0.0336825933319842,0.0051339875076042,0.3206275421833991,0,0
787,7.87,59.54244803898871,0.6688974499702454,0.0252945590764284,0.0908293202519416,0.0008175154184684,0.0273772111795263,0.0030444922538542,0.600262539811753,0,0
788,7.88,59.54081300815177,0.6513623595237732,0.0142993899062275,0.2564051747322082,0.0114782009106448,0.0119379407070386,0.0046539934546247,0.7368599678875211,0,1
789,7.89,59.51949163716742,0.5642673373222351,0.0132945301011204,0.1345020830631256,0.0106606854921764,0.0118941920873797,0.00634366606566,0.7668806586315327,0,1
790,7.9,59.51949163716742,0.549818754196167,0.0132506433874368,0.15957573056221,0.0,0.0199974473890583,0.0018367852791664,0.6444222550248156,0,1
791,7.91,59.51949163716742,0.5200659036636353,0.0125707341358065,0.352774977684021,0.0,0.0232642936556428,0.0080566363287798,0.5459007403176704,0,0
792,7.92,59.51949163716742,0.4754621982574463,0.0147701306268572,0.5925347805023193,0.0,0.0237794065751221,0.0074165832206745,0.3626538749168783,0,0
793,7.93,59.51949163716742,0.2904896438121795,0.0185418035835027,0.3356869220733642,0.0209851592826417,0.0370283544024283,0.0182985774880788,0.3091147503913881,0,0
794,7.94,59.477521318602136,0.2732666134834289,0.0192781966179609,0.2726562321186065,0.0209851592826417,0.0464113519928255,0.0067071944277557,0.2026039114520626,0,0
795,7.95,59.477521318602136,0.0538637973368167,0.0193830113857984,0.1097420901060104,0.0,0.0588929135716618,0.0306743423139424,0.1503686245153789,0,0
796,7.96,59.477521318602136,0.0333373472094535,0.018990809097886,0.1053141728043556,0.0595490398977567,0.7825104763520896,0.0167637471353506,0.2073351161477588,0,0
797,7.97,59.59661939839765,0.0245259180665016,0.0147792501375079,0.2044732719659805,0.0600177241343971,1.0327832671843789,0.0215746517934599,0.2139557456862762,0,0
798,7.98,59.59755676687093,0.0173644013702869,0.0192918851971626,0.2169996201992035,0.0176782161496156,1.169983237132589,0.0117715082600762,0.1096509497167011,0,0
799,7.99,59.63197583069688,0.0171147547662258,0.0202575679868459,0.596495509147644,1.1402980718269229,1.2264994145454648,0.038933726056181,0.1024945613498127,0,0
800,8.0,61.878152910524776,0.0171147547662258,0.0463655069470405,1.1318495273590088,1.1230885399139474,1.216068273872936,0.0530681256622108,0.027159933243062,0,0
801,8.01,61.878152910524776,0.0171147547662258,0.0502976514399051,1.3747267723083496,0.0031247936909721,1.1363280640298792,0.0557534831546822,0.0160095392563505,0,0
802,8.02,61.88440249790672,0.0173644013702869,0.0921371653676033,0.1107598841190338,0.0031247936909721,0.9931159771345144,0.2040562285552446,0.0063911070942011,0,0
803,8.03,61.88440249790672,0.0173644013702869,0.1480790078639984,0.2401989102363586,0.0,0.7405492632816064,0.281773202387473,0.0106160453228749,0,0
804,8.04,61.88440249790672,0.3181172609329223,0.1877569407224655,0.5609223246574402,0.0031247936909721,0.0807855903502579,0.5654359714364241,0.0047107405654504,0,0
805,8.05,61.878152910524776,0.5717635750770569,0.2217467874288559,0.2751744091510772,0.0574068097902795,0.1083660402712918,0.7392338281523649,0.0060927090199158,1,0
806,8.06,61.76958887832616,0.7600181102752686,0.2450893372297287,0.1407879889011383,0.0874264231592398,0.1669731957477808,0.8763868682892478,0.0044050719281204,1,0
807,8.07,61.703300064206296,0.8964423537254333,0.2461911588907241,0.0948729440569877,0.0343725539088417,0.239605612605093,0.8720118951916058,0.0687039782751673,1,0
808,8.08,61.70084377050848,0.8964423537254333,0.2365768849849701,0.0669163390994072,0.052005285709427,0.2806493648565684,0.5733837061677788,0.0491293065301934,0,0
809,8.09,61.59928949278744,0.908208191394806,0.2228208184242248,0.0965498611330986,0.1521979791074308,0.2955343821235306,0.2560223316600158,0.0581659149478675,0,0
810,8.1,61.396447812293616,0.9101884365081788,0.2127460837364196,0.0738146156072616,0.2056249228982665,0.2843394633320538,0.1326932325984377,0.0768351645332804,0,0
811,8.11,61.18803964699091,0.9225434064865112,0.2085142433643341,0.0912674516439437,0.1291718028988313,0.2678080010086588,0.105630661595975,0.0677138554590025,0,0
812,8.12,61.13810420649595,0.927662193775177,0.2072642594575882,0.0893008708953857,0.0393014827330802,0.2395201140986916,0.0599737620924989,0.0561889532854747,0,0
813,8.13,61.10943668152475,0.927662193775177,0.2066743075847625,0.0596180893480777,0.0200528819465724,0.1807154366321759,0.052582630840986,0.0356854909683423,0,0
814,8.14,61.09799844260281,0.927662193775177,0.211925983428955,0.0673097670078277,0.0129603564795068,0.1066121567215456,0.0125170051151305,0.0207891919213824,0,0
815,8.15,61.083515968565735,0.927662193775177,0.2107727080583572,0.0610772147774696,0.0072412370185368,0.0425176209909397,0.0190196915431157,0.0055710783881924,0,0
816,8.16,61.083515968565735,0.927662193775177,0.2074631601572036,0.0544237680733203,0.0,0.0270559867244718,0.0014776791370674,0.0011647376311844,0,0
817,8.17,61.083515968565735,0.9301721453666688,0.2016971856355667,0.0617642402648925,0.0236981523999375,0.0197566487929511,0.0,0.0055094356013113,0,0
818,8.18,61.03611966376586,0.9364436864852904,0.1997382342815399,0.0807453766465187,0.0,0.0198419553121155,0.0013563960162576,0.0045171571744857,0,0
819,8.19,61.083515968565735,0.9364752173423768,0.1987514048814773,0.0472546517848968,0.0236981523999375,0.0269934354720148,0.0064410162802943,0.0036536080516307,0,0
820,8.2,61.083515968565735,0.9364436864852904,0.1987774521112442,0.0472249239683151,0.0,0.0722508585797624,0.0031478776972111,0.0027879548832024,0,0
821,8.21,61.083515968565735,0.9301721453666688,0.1984656304121017,0.0914381071925163,0.0132113162507039,0.1037694920002455,0.0100973565654774,0.0427577443187284,0,0
822,8.22,61.10993860106714,0.9221879243850708,0.2021724134683609,0.0908072888851165,0.0274425556721737,0.1849778843895637,0.0179337934780348,0.1578701041782991,0,0
823,8.23,61.13840107991008,0.9221879243850708,0.2105846405029297,0.1210717782378196,0.0894589288817151,0.2407436417233303,0.0267227912453342,0.2402145159013618,0,0
824,8.24,61.28885645883057,0.9230257868766784,0.2209645062685012,0.1356302499771118,0.1002334541967648,0.275029869532745,0.0246969903940289,0.2588971090778506,0,0
825,8.25,61.33886798830361,0.9357331395149232,0.2287982255220413,0.1375792771577835,0.1600078915992959,0.2871976125327453,0.0316968722179373,0.3081586782624851,0,0
826,8.26,61.608872242029165,0.9230257868766784,0.2340132743120193,0.1447513401508331,0.1872073660400381,0.2963362301313901,0.0453595902737402,0.3184389383445098,0,0
827,8.27,61.71328272038369,0.9087032079696656,0.2235622256994247,0.1209106892347335,0.0693118031053714,0.2796729498302482,0.0382299572723447,0.2587524327613718,0,0
828,8.28,61.74749584823991,0.9069174528121948,0.2063782811164856,0.0882705152034759,0.0254780328319341,0.3094598100456404,0.0515096401340986,0.1839182014856845,0,0
829,8.29,61.76423878604756,0.9069174528121948,0.1911048293113708,0.0741636157035827,0.0775368961883202,0.3805506567485848,0.0664841572912446,0.2018754422549904,0,0
830,8.3,61.90256964061655,0.9087032079696656,0.1724312007427215,0.1743487268686294,0.071571392864584,0.4004084636883335,0.0774653913694871,0.2532566601267198,0,0
831,8.31,61.907381571776725,0.9119459986686708,0.1561799645423889,0.1404668688774109,0.2056412083995056,0.4165912515375038,0.1490735848365353,0.2981839052917492,0,1
832,8.32,62.31385205741556,0.9119459986686708,0.159171313047409,0.0814299583435058,0.3550844672830493,0.4188803208438922,0.127586510249134,0.3451622425799531,0,1
833,8.33,62.61755050634282,0.9119459986686708,0.1592516154050827,0.0710141062736511,0.1733469236985918,0.3950980453216945,0.1744875906356628,0.3212911363142981,0,1
834,8.34,62.66054590481274,0.9119459986686708,0.1594766825437545,0.1092440336942672,0.0217037743030132,0.3463079548568892,0.1196867983707747,0.1822026378594489,0,0
835,8.35,62.66095805494885,0.9325051307678224,0.160235583782196,0.0778322145342826,0.0186506896429143,0.3097473862978241,0.147265572276923,0.0932129477027517,0,0
836,8.36,62.69784728409857,0.9421235918998718,0.1666043549776077,0.1161219626665115,0.0200333800779688,0.2013773728844052,0.076114534071547,0.064133930089661,0,0
837,8.37,62.70102481510479,0.9441064596176147,0.1766477674245834,0.1299091279506683,0.0415771583075397,0.1580472564611576,0.0468870809667203,0.0744450396145258,0,0
838,8.38,62.78100160071365,0.9497892260551452,0.1848761290311813,0.1273043155670166,0.1407846010871942,0.1641097657759166,0.0696703343519769,0.1046801750967371,0,0
839,8.39,62.982594017279176,0.9500303268432616,0.1957153528928756,0.102024994790554,0.1009933860106286,0.1681766010133786,0.1101594546638668,0.0969862717309584,0,0
840,8.4,62.98298837273491,0.9497892260551452,0.2059805244207382,0.0909368023276329,0.0108313198887302,0.1590646315641488,0.0484933705295045,0.08334869051949,0,0
841,8.41,63.00425665705664,0.9497892260551452,0.2112353593111038,0.0740086659789085,0.0293539663030308,0.1542794025817866,0.0505041418492163,0.0739958554177625,0,0
842,8.42,63.04169630534097,0.9497892260551452,0.2186927646398544,0.1573496460914611,0.0385925799961519,0.1481606425201542,0.0617250402807873,0.1919893811858616,0,0
843,8.43,63.08144181704894,0.9474377036094666,0.2359100580215454,0.3373655378818512,0.0269000796684864,0.1561592932515151,0.1011511447720099,0.2969284046762429,0,0
844,8.44,63.09549646467794,0.9474377036094666,0.257435142993927,0.2451146692037582,0.0555271613705201,0.1747266086290982,0.4450451810252211,0.7460516733375934,0,0
845,8.45,63.19249613978998,0.941264033317566,0.2831763327121734,0.1327699571847915,0.1083607754703912,0.176718072179327,0.2698409762622918,0.4387204398280034,0,0
846,8.46,63.312218015618726,0.941264033317566,0.3022608458995819,0.120927594602108,0.116875571289448,0.1671713209564901,0.7485348954135476,0.3420781541953943,1,0
847,8.47,63.42624728236888,0.9408296942710876,0.3092232942581177,0.0861402451992034,0.0570146333750756,0.1498214056197341,0.4150121245250659,0.1680957672357361,1,0
848,8.48,63.42624728236888,0.9394069314002992,0.3108585178852081,0.0488845743238925,0.0,0.1226196834675451,0.266711932385599,0.0421764287785687,1,0
849,8.49,63.42624728236888,0.9394069314002992,0.3131140470504761,0.0687044262886047,0.0,0.0827458729178372,0.1176548860210275,0.0109403062784796,0,0
850,8.5,63.42624728236888,0.9394069314002992,0.3142782151699066,0.0720876604318618,0.0,0.0746577040054376,0.0191668528410259,0.0052608307353368,0,0
851,8.51,63.42624728236888,0.9394069314002992,0.3170607089996338,0.0687609240412712,0.0274373044544518,0.0951076200897667,0.0185682885034021,0.0185655755486243,0,0
852,8.52,63.37137267345997,0.9394069314002992,0.3160217702388763,0.0750909447669982,0.0602957569664504,0.1204553155582689,0.0185086102084876,0.01385906746369,0,0
853,8.53,63.305655768435976,0.9427483677864076,0.3169719278812408,0.0501323565840721,0.073682749706613,0.1396981849751228,0.0281378338350866,0.0491458742190219,0,0
854,8.54,63.22400717404675,0.9487511515617372,0.3153086602687835,0.0549652576446533,0.0577957435953493,0.1448231011712153,0.0230237396476093,0.0243820359671417,0,0
855,8.55,63.19006428124528,0.9499322772026062,0.3160213828086853,0.0572234690189361,0.0545773139143079,0.1454667339975532,0.0341302042192989,0.0319848959031222,0,0
