mode,count,percent
major,67,50.75757575757576
minor,65,49.24242424242424
