onset_threshold,offset_threshold,min_sep,min_duration,ref_notes,est_notes,COnPOff_P,COnPOff_R,COnPOff_F,COnP_F,COn_F,Split,Merged,Spurious
0.4,0.45,0.18,0.1,1959,2043,0.67498776309349,0.7039305768249107,0.6891554222888555,0.8310844577711145,0.8640679660169915,0.15569167942827974,0.1720265441551812,0.08116385911179173
