baseline_COnPOff,heuristic_COnPOff,postproc_COnPOff,keysnap_COnPOff,full_COnPOff,full_Split,full_Merged,full_Spurious
0.6891554222888555,0.2697536108751062,0.5657003522080737,0.5752123938030985,0.47195881874830675,0.09239407861153649,0.20418580908626852,0.07554874936191934
