stem,ref_notes,est_notes,COnPOff_P,COnPOff_R,COnPOff_F,COnP_P,COnP_R,COnP_F,COn_P,COn_R,COn_F,Split,Merged,Spurious
F01_0024_0001_1,18,18,0.0,0.0,0.0,0.0,0.0,0.0,0.0,0.0,0.0,0.8888888888888888,0.8888888888888888,0.0
F01_0024_0001_2,18,20,0.0,0.0,0.0,0.0,0.0,0.0,0.0,0.0,0.0,0.8333333333333334,0.8333333333333334,0.0
F01_0024_0002_1,18,19,0.0,0.0,0.0,0.0,0.0,0.0,0.0,0.0,0.0,0.8888888888888888,0.8333333333333334,0.0
F01_0024_0003_1,18,20,0.0,0.0,0.0,0.0,0.0,0.0,0.05,0.05555555555555555,0.052631578947368425,0.8888888888888888,0.8333333333333334,0.0
F01_0036_0001_1,24,24,0.16666666666666666,0.16666666666666666,0.16666666666666666,0.375,0.375,0.375,0.7916666666666666,0.7916666666666666,0.7916666666666666,0.5416666666666666,0.5416666666666666,0.0
F01_0036_0001_2,24,24,0.0,0.0,0.0,0.3333333333333333,0.3333333333333333,0.3333333333333333,0.8333333333333334,0.8333333333333334,0.8333333333333334,0.7083333333333334,0.625,0.0
F01_0036_0002_1,24,24,0.08333333333333333,0.08333333333333333,0.08333333333333333,0.375,0.375,0.375,0.7916666666666666,0.7916666666666666,0.7916666666666666,0.625,0.5833333333333334,0.0
F01_0036_0002_2,24,24,0.0,0.0,0.0,0.2916666666666667,0.2916666666666667,0.2916666666666667,0.8333333333333334,0.8333333333333334,0.8333333333333334,0.6666666666666666,0.5833333333333334,0.0
F01_0047_0001_1_D,43,41,0.0,0.0,0.0,0.024390243902439025,0.023255813953488372,0.02380952380952381,0.024390243902439025,0.023255813953488372,0.02380952380952381,0.7209302325581395,0.7209302325581395,0.0
F01_0047_0001_2_D,43,40,0.0,0.0,0.0,0.025,0.023255813953488372,0.024096385542168672,0.075,0.06976744186046512,0.07228915662650602,0.6744186046511628,0.6976744186046512,0.0
F01_0047_0002_1_D,23,22,0.0,0.0,0.0,0.045454545454545456,0.043478260869565216,0.04444444444444444,0.09090909090909091,0.08695652173913043,0.08888888888888888,0.782608695652174,0.782608695652174,0.0
F01_0047_0002_2_D,23,23,0.0,0.0,0.0,0.0,0.0,0.0,0.17391304347826086,0.17391304347826086,0.17391304347826086,0.782608695652174,0.7391304347826086,0.0
F01_0052_0001_1,22,22,0.0,0.0,0.0,0.0,0.0,0.0,0.0,0.0,0.0,0.7272727272727273,0.7272727272727273,0.0
F01_0052_0001_2,22,22,0.0,0.0,0.0,0.045454545454545456,0.045454545454545456,0.045454545454545456,0.09090909090909091,0.09090909090909091,0.09090909090909091,0.7727272727272727,0.7727272727272727,0.0
F01_0052_0002_2,22,22,0.0,0.0,0.0,0.0,0.0,0.0,0.0,0.0,0.0,0.6818181818181818,0.6818181818181818,0.0
F01_0052_0003_1,22,23,0.0,0.0,0.0,0.043478260869565216,0.045454545454545456,0.04444444444444444,0.043478260869565216,0.045454545454545456,0.04444444444444444,0.7727272727272727,0.7272727272727273,0.0
F01_0052_0003_2,22,24,0.0,0.0,0.0,0.0,0.0,0.0,0.125,0.13636363636363635,0.13043478260869565,0.7272727272727273,0.7272727272727273,0.0
F01_0067_0001_1,22,23,0.043478260869565216,0.045454545454545456,0.04444444444444444,0.043478260869565216,0.045454545454545456,0.04444444444444444,0.08695652173913043,0.09090909090909091,0.08888888888888888,0.6818181818181818,0.6818181818181818,0.0
F01_0067_0001_2,22,20,0.0,0.0,0.0,0.0,0.0,0.0,0.0,0.0,0.0,0.6818181818181818,0.6818181818181818,0.0
F01_0067_0002_1,48,47,0.0,0.0,0.0,0.0,0.0,0.0,0.14893617021276595,0.14583333333333334,0.14736842105263157,0.75,0.75,0.020833333333333332
F01_0067_0002_2,48,48,0.020833333333333332,0.020833333333333332,0.020833333333333332,0.020833333333333332,0.020833333333333332,0.020833333333333332,0.08333333333333333,0.08333333333333333,0.08333333333333333,0.7291666666666666,0.7291666666666666,0.020833333333333332
F01_0095_0001_1_D,44,44,0.0,0.0,0.0,0.0,0.0,0.0,0.11363636363636363,0.11363636363636363,0.11363636363636363,0.8409090909090909,0.8181818181818182,0.0
F01_0095_0001_2_D,44,44,0.0,0.0,0.0,0.022727272727272728,0.022727272727272728,0.022727272727272728,0.11363636363636363,0.11363636363636363,0.11363636363636363,0.8636363636363636,0.8636363636363636,0.0
F01_0095_0002_1_D,22,22,0.0,0.0,0.0,0.0,0.0,0.0,0.0,0.0,0.0,0.9090909090909091,0.9090909090909091,0.0
F01_0095_0002_2_D,22,22,0.0,0.0,0.0,0.0,0.0,0.0,0.0,0.0,0.0,0.9090909090909091,0.9090909090909091,0.0
F01_0095_0003_1_D,22,22,0.0,0.0,0.0,0.045454545454545456,0.045454545454545456,0.045454545454545456,0.13636363636363635,0.13636363636363635,0.13636363636363635,0.8636363636363636,0.8181818181818182,0.0
F01_0095_0003_2_D,22,23,0.0,0.0,0.0,0.043478260869565216,0.045454545454545456,0.04444444444444444,0.08695652173913043,0.09090909090909091,0.08888888888888888,0.9545454545454546,0.8636363636363636,0.0
F01_0113_0001_1_D,20,20,0.05,0.05,0.05000000000000001,0.2,0.2,0.20000000000000004,0.6,0.6,0.6,0.75,0.7,0.0
F01_0113_0001_2_D,20,20,0.05,0.05,0.05000000000000001,0.2,0.2,0.20000000000000004,0.55,0.55,0.55,0.8,0.75,0.0
F01_0113_0002_1_D,22,23,0.0,0.0,0.0,0.0,0.0,0.0,0.21739130434782608,0.22727272727272727,0.22222222222222224,0.9090909090909091,0.8636363636363636,0.0
F01_0113_0002_2_D,22,22,0.0,0.0,0.0,0.0,0.0,0.0,0.18181818181818182,0.18181818181818182,0.18181818181818182,0.8636363636363636,0.8636363636363636,0.0
F01_0113_0003_1_D,24,24,0.0,0.0,0.0,0.041666666666666664,0.041666666666666664,0.041666666666666664,0.2916666666666667,0.2916666666666667,0.2916666666666667,0.8333333333333334,0.8333333333333334,0.0
F01_0113_0003_2_D,24,24,0.0,0.0,0.0,0.0,0.0,0.0,0.20833333333333334,0.20833333333333334,0.20833333333333334,0.8333333333333334,0.8333333333333334,0.0
F01_0126_0001_1,28,28,0.0,0.0,0.0,0.07142857142857142,0.07142857142857142,0.07142857142857142,0.35714285714285715,0.35714285714285715,0.35714285714285715,0.5714285714285714,0.5,0.0
F01_0126_0001_2,28,29,0.034482758620689655,0.03571428571428571,0.03508771929824562,0.06896551724137931,0.07142857142857142,0.07017543859649124,0.3103448275862069,0.32142857142857145,0.31578947368421056,0.5714285714285714,0.5714285714285714,0.03571428571428571
F01_0126_0002_1_D,28,28,0.03571428571428571,0.03571428571428571,0.03571428571428571,0.07142857142857142,0.07142857142857142,0.07142857142857142,0.21428571428571427,0.21428571428571427,0.21428571428571427,0.6428571428571429,0.6071428571428571,0.0
F01_0126_0002_2_D,28,30,0.0,0.0,0.0,0.0,0.0,0.0,0.23333333333333334,0.25,0.2413793103448276,0.8214285714285714,0.7857142857142857,0.07142857142857142
F01_0126_0003_1_D,26,26,0.0,0.0,0.0,0.0,0.0,0.0,0.11538461538461539,0.11538461538461539,0.11538461538461539,0.7307692307692307,0.7307692307692307,0.0
F01_0126_0003_2_D,26,27,0.0,0.0,0.0,0.0,0.0,0.0,0.14814814814814814,0.15384615384615385,0.1509433962264151,0.7307692307692307,0.6923076923076923,0.0
F01_0143_0001_1,34,33,0.0,0.0,0.0,0.0,0.0,0.0,0.0,0.0,0.0,0.7941176470588235,0.7941176470588235,0.0
F01_0143_0001_2,34,35,0.0,0.0,0.0,0.0,0.0,0.0,0.0,0.0,0.0,0.7941176470588235,0.8235294117647058,0.0
F01_0143_0002_1,23,22,0.0,0.0,0.0,0.0,0.0,0.0,0.045454545454545456,0.043478260869565216,0.04444444444444444,0.8260869565217391,0.8695652173913043,0.0
F01_0143_0002_2,23,23,0.0,0.0,0.0,0.0,0.0,0.0,0.0,0.0,0.0,0.9130434782608695,0.9130434782608695,0.0
F01_0149_0001_1,32,32,0.0,0.0,0.0,0.0,0.0,0.0,0.0,0.0,0.0,0.8125,0.8125,0.0
F01_0149_0001_2,32,32,0.0,0.0,0.0,0.0,0.0,0.0,0.0,0.0,0.0,0.8125,0.8125,0.0
F01_0149_0002_1,32,32,0.0,0.0,0.0,0.0,0.0,0.0,0.09375,0.09375,0.09375,0.84375,0.8125,0.0
F01_0149_0002_2,32,32,0.0,0.0,0.0,0.0,0.0,0.0,0.09375,0.09375,0.09375,0.8125,0.78125,0.0
F01_0167_0001_1_D,19,19,0.0,0.0,0.0,0.0,0.0,0.0,0.0,0.0,0.0,0.7894736842105263,0.7894736842105263,0.0
F01_0167_0001_2_D,19,19,0.0,0.0,0.0,0.0,0.0,0.0,0.0,0.0,0.0,0.8421052631578947,0.8421052631578947,0.0
F01_0167_0002_1_D,17,18,0.0,0.0,0.0,0.0,0.0,0.0,0.05555555555555555,0.058823529411764705,0.05714285714285714,0.8823529411764706,0.8823529411764706,0.0
F01_0167_0002_2_D,17,18,0.0,0.0,0.0,0.0,0.0,0.0,0.0,0.0,0.0,0.8823529411764706,0.8823529411764706,0.0
F01_0190_0001_1,21,21,0.0,0.0,0.0,0.0,0.0,0.0,0.047619047619047616,0.047619047619047616,0.047619047619047616,0.8095238095238095,0.8095238095238095,0.0
F01_0190_0001_2_D,21,21,0.0,0.0,0.0,0.0,0.0,0.0,0.0,0.0,0.0,0.8095238095238095,0.8095238095238095,0.0
F01_0190_0002_1_D,19,18,0.0,0.0,0.0,0.0,0.0,0.0,0.0,0.0,0.0,0.8421052631578947,0.8421052631578947,0.0
F01_0190_0002_2_D,19,18,0.0,0.0,0.0,0.0,0.0,0.0,0.05555555555555555,0.05263157894736842,0.05405405405405406,0.7894736842105263,0.8421052631578947,0.0
F01_0195_0001_1_D,27,27,0.0,0.0,0.0,0.07407407407407407,0.07407407407407407,0.07407407407407407,0.2222222222222222,0.2222222222222222,0.2222222222222222,0.8518518518518519,0.8148148148148148,0.0
F01_0195_0001_2_D,27,27,0.0,0.0,0.0,0.037037037037037035,0.037037037037037035,0.037037037037037035,0.14814814814814814,0.14814814814814814,0.14814814814814814,0.9259259259259259,0.8888888888888888,0.0
F01_0195_0002_1_D,25,25,0.0,0.0,0.0,0.08,0.08,0.08,0.44,0.44,0.44,0.88,0.88,0.0
F01_0195_0002_2_D,25,25,0.0,0.0,0.0,0.0,0.0,0.0,0.04,0.04,0.04,0.88,0.88,0.0
F01_0208_0001_1_D,20,20,0.0,0.0,0.0,0.0,0.0,0.0,0.2,0.2,0.20000000000000004,0.8,0.8,0.0
F01_0208_0001_2_D,20,20,0.0,0.0,0.0,0.0,0.0,0.0,0.2,0.2,0.20000000000000004,0.8,0.8,0.0
F01_0208_0002_1_D,13,13,0.0,0.0,0.0,0.0,0.0,0.0,0.15384615384615385,0.15384615384615385,0.15384615384615385,0.6923076923076923,0.6923076923076923,0.0
F01_0208_0002_2_D,13,13,0.0,0.0,0.0,0.0,0.0,0.0,0.15384615384615385,0.15384615384615385,0.15384615384615385,0.7692307692307693,0.7692307692307693,0.0
F01_0221_0001_1_D,20,18,0.0,0.0,0.0,0.05555555555555555,0.05,0.052631578947368425,0.1111111111111111,0.1,0.10526315789473685,0.65,0.7,0.0
F01_0221_0001_2_D,20,19,0.0,0.0,0.0,0.0,0.0,0.0,0.05263157894736842,0.05,0.05128205128205128,0.75,0.75,0.0
F01_0221_0002_1_D,23,22,0.0,0.0,0.0,0.0,0.0,0.0,0.045454545454545456,0.043478260869565216,0.04444444444444444,0.8260869565217391,0.8260869565217391,0.0
F01_0221_0002_2_D,23,22,0.0,0.0,0.0,0.0,0.0,0.0,0.045454545454545456,0.043478260869565216,0.04444444444444444,0.8260869565217391,0.8260869565217391,0.0
F01_0233_0001_1_D,20,20,0.0,0.0,0.0,0.0,0.0,0.0,0.3,0.3,0.3,0.6,0.65,0.0
F01_0233_0001_2_D,20,19,0.0,0.0,0.0,0.0,0.0,0.0,0.3157894736842105,0.3,0.3076923076923077,0.6,0.65,0.0
F01_0233_0002_1,36,36,0.027777777777777776,0.027777777777777776,0.027777777777777776,0.08333333333333333,0.08333333333333333,0.08333333333333333,0.4444444444444444,0.4444444444444444,0.4444444444444444,0.6111111111111112,0.6666666666666666,0.0
F01_0265_0001_1_D,29,29,0.0,0.0,0.0,0.06896551724137931,0.06896551724137931,0.06896551724137931,0.3103448275862069,0.3103448275862069,0.3103448275862069,0.8620689655172413,0.8620689655172413,0.0
F01_0265_0001_2_D,29,29,0.0,0.0,0.0,0.0,0.0,0.0,0.06896551724137931,0.06896551724137931,0.06896551724137931,0.8620689655172413,0.8620689655172413,0.0
F01_0265_0002_1_D,37,37,0.0,0.0,0.0,0.02702702702702703,0.02702702702702703,0.02702702702702703,0.05405405405405406,0.05405405405405406,0.05405405405405406,0.6756756756756757,0.6756756756756757,0.0
F01_0265_0002_2_D,37,35,0.0,0.0,0.0,0.0,0.0,0.0,0.11428571428571428,0.10810810810810811,0.11111111111111112,0.6756756756756757,0.6756756756756757,0.0
F01_0329_0001_1,18,16,0.0,0.0,0.0,0.0,0.0,0.0,0.3125,0.2777777777777778,0.29411764705882354,0.7222222222222222,0.6666666666666666,0.0
F01_0329_0001_2,18,16,0.0,0.0,0.0,0.0,0.0,0.0,0.3125,0.2777777777777778,0.29411764705882354,0.7222222222222222,0.7222222222222222,0.0
F01_0329_0002_1,21,21,0.0,0.0,0.0,0.0,0.0,0.0,0.09523809523809523,0.09523809523809523,0.09523809523809523,0.6666666666666666,0.6190476190476191,0.047619047619047616
F01_0329_0002_2,21,21,0.0,0.0,0.0,0.047619047619047616,0.047619047619047616,0.047619047619047616,0.19047619047619047,0.19047619047619047,0.19047619047619047,0.7142857142857143,0.6666666666666666,0.0
F01_0347_0001_1_D,30,30,0.03333333333333333,0.03333333333333333,0.03333333333333333,0.03333333333333333,0.03333333333333333,0.03333333333333333,0.3,0.3,0.3,0.6666666666666666,0.5666666666666667,0.0
F01_0347_0001_2_D,30,30,0.0,0.0,0.0,0.06666666666666667,0.06666666666666667,0.06666666666666667,0.13333333333333333,0.13333333333333333,0.13333333333333333,0.8333333333333334,0.8,0.0
F01_0347_0002_1_D,37,36,0.0,0.0,0.0,0.0,0.0,0.0,0.19444444444444445,0.1891891891891892,0.1917808219178082,0.6756756756756757,0.6486486486486487,0.0
F01_0347_0002_2_D,37,37,0.0,0.0,0.0,0.05405405405405406,0.05405405405405406,0.05405405405405406,0.13513513513513514,0.13513513513513514,0.13513513513513514,0.7567567567567568,0.7027027027027027,0.0
F01_0353_0001_1_D,24,24,0.0,0.0,0.0,0.041666666666666664,0.041666666666666664,0.041666666666666664,0.16666666666666666,0.16666666666666666,0.16666666666666666,0.8333333333333334,0.7916666666666666,0.0
F01_0353_0001_2_D,24,24,0.0,0.0,0.0,0.041666666666666664,0.041666666666666664,0.041666666666666664,0.20833333333333334,0.20833333333333334,0.20833333333333334,0.8333333333333334,0.7916666666666666,0.0
F01_0353_0002_1_D,26,26,0.0,0.0,0.0,0.07692307692307693,0.07692307692307693,0.07692307692307693,0.2692307692307692,0.2692307692307692,0.2692307692307692,0.7692307692307693,0.6923076923076923,0.0
F01_0353_0002_2_D,26,26,0.0,0.0,0.0,0.07692307692307693,0.07692307692307693,0.07692307692307693,0.23076923076923078,0.23076923076923078,0.23076923076923078,0.7307692307692307,0.7307692307692307,0.0
F01_0355_0001_1,18,18,0.0,0.0,0.0,0.0,0.0,0.0,0.1111111111111111,0.1111111111111111,0.1111111111111111,0.6666666666666666,0.7222222222222222,0.0
F01_0355_0001_2,18,19,0.0,0.0,0.0,0.0,0.0,0.0,0.0,0.0,0.0,0.8888888888888888,0.8888888888888888,0.0
F01_0355_0002_1_D,18,18,0.0,0.0,0.0,0.0,0.0,0.0,0.05555555555555555,0.05555555555555555,0.05555555555555555,0.8888888888888888,0.8888888888888888,0.0
F01_0355_0002_2_D,18,18,0.0,0.0,0.0,0.0,0.0,0.0,0.0,0.0,0.0,0.8888888888888888,0.8888888888888888,0.0
F01_0362_0001_1_D,39,41,0.0,0.0,0.0,0.0,0.0,0.0,0.04878048780487805,0.05128205128205128,0.05,0.8461538461538461,0.8205128205128205,0.0
F01_0362_0001_2_D,39,40,0.0,0.0,0.0,0.0,0.0,0.0,0.025,0.02564102564102564,0.02531645569620253,0.8717948717948718,0.8461538461538461,0.0
F01_0362_0002_1_D,38,39,0.0,0.0,0.0,0.0,0.0,0.0,0.0,0.0,0.0,0.8421052631578947,0.8421052631578947,0.0
F01_0362_0002_2_D,38,38,0.0,0.0,0.0,0.0,0.0,0.0,0.0,0.0,0.0,0.8421052631578947,0.8421052631578947,0.0
F01_0459_0001_1,29,27,0.0,0.0,0.0,0.07407407407407407,0.06896551724137931,0.07142857142857142,0.1111111111111111,0.10344827586206896,0.10714285714285715,0.7931034482758621,0.8275862068965517,0.0
F01_0459_0001_2,29,26,0.0,0.0,0.0,0.07692307692307693,0.06896551724137931,0.07272727272727274,0.11538461538461539,0.10344827586206896,0.10909090909090909,0.7586206896551724,0.7931034482758621,0.0
F01_0459_0002_1_D,22,21,0.0,0.0,0.0,0.0,0.0,0.0,0.19047619047619047,0.18181818181818182,0.18604651162790697,0.7272727272727273,0.7272727272727273,0.0
F01_0459_0002_2_D,22,22,0.0,0.0,0.0,0.045454545454545456,0.045454545454545456,0.045454545454545456,0.045454545454545456,0.045454545454545456,0.045454545454545456,0.8636363636363636,0.8636363636363636,0.0
F01_0477_0001_1_D,35,35,0.0,0.0,0.0,0.0,0.0,0.0,0.11428571428571428,0.11428571428571428,0.11428571428571428,0.7714285714285715,0.7142857142857143,0.0
F01_0477_0001_2_D,35,34,0.0,0.0,0.0,0.0,0.0,0.0,0.029411764705882353,0.02857142857142857,0.02898550724637681,0.7142857142857143,0.7142857142857143,0.0
F01_0477_0002_1_D,22,23,0.0,0.0,0.0,0.0,0.0,0.0,0.043478260869565216,0.045454545454545456,0.04444444444444444,0.8636363636363636,0.8636363636363636,0.0
F01_0477_0002_2_D,22,22,0.0,0.0,0.0,0.0,0.0,0.0,0.045454545454545456,0.045454545454545456,0.045454545454545456,0.8636363636363636,0.8636363636363636,0.0
F01_0489_0001_1_D,24,24,0.0,0.0,0.0,0.08333333333333333,0.08333333333333333,0.08333333333333333,0.25,0.25,0.25,0.75,0.7083333333333334,0.0
F01_0489_0001_2_D,24,25,0.0,0.0,0.0,0.04,0.041666666666666664,0.04081632653061224,0.16,0.16666666666666666,0.16326530612244897,0.7083333333333334,0.6666666666666666,0.0
F01_0489_0002_1_D,24,25,0.0,0.0,0.0,0.0,0.0,0.0,0.2,0.20833333333333334,0.20408163265306126,0.625,0.5,0.0
F01_0489_0002_2_D,24,24,0.0,0.0,0.0,0.0,0.0,0.0,0.16666666666666666,0.16666666666666666,0.16666666666666666,0.5833333333333334,0.5416666666666666,0.0
F02_0024_0001_1_D,18,18,0.0,0.0,0.0,0.0,0.0,0.0,0.6111111111111112,0.6111111111111112,0.6111111111111112,0.4444444444444444,0.4444444444444444,0.0
F02_0024_0001_2_D,18,19,0.05263157894736842,0.05555555555555555,0.05405405405405406,0.05263157894736842,0.05555555555555555,0.05405405405405406,0.3157894736842105,0.3333333333333333,0.3243243243243243,0.5555555555555556,0.4444444444444444,0.0
F02_0024_0002_1_D,18,23,0.0,0.0,0.0,0.0,0.0,0.0,0.043478260869565216,0.05555555555555555,0.04878048780487805,0.5,0.6111111111111112,0.0
F02_0024_0002_2_D,18,20,0.0,0.0,0.0,0.0,0.0,0.0,0.0,0.0,0.0,0.5,0.4444444444444444,0.0
F02_0024_0003_1_D,18,21,0.0,0.0,0.0,0.0,0.0,0.0,0.0,0.0,0.0,0.6666666666666666,0.6111111111111112,0.0
F02_0024_0003_2_D,18,19,0.0,0.0,0.0,0.0,0.0,0.0,0.0,0.0,0.0,0.7222222222222222,0.6666666666666666,0.0
F02_0036_0001_1,24,24,0.041666666666666664,0.041666666666666664,0.041666666666666664,0.125,0.125,0.125,0.5,0.5,0.5,0.4166666666666667,0.4583333333333333,0.0
F02_0036_0001_2,24,24,0.0,0.0,0.0,0.0,0.0,0.0,0.0,0.0,0.0,0.625,0.6666666666666666,0.0
F02_0036_0002_1,24,25,0.0,0.0,0.0,0.0,0.0,0.0,0.0,0.0,0.0,0.6666666666666666,0.7083333333333334,0.0
F02_0036_0002_2,24,25,0.0,0.0,0.0,0.0,0.0,0.0,0.08,0.08333333333333333,0.08163265306122448,0.6666666666666666,0.7083333333333334,0.0
F02_0047_0001_1_D,43,37,0.0,0.0,0.0,0.0,0.0,0.0,0.2702702702702703,0.23255813953488372,0.25,0.46511627906976744,0.5116279069767442,0.0
F02_0047_0001_2_D,43,44,0.022727272727272728,0.023255813953488372,0.022988505747126436,0.022727272727272728,0.023255813953488372,0.022988505747126436,0.20454545454545456,0.20930232558139536,0.20689655172413796,0.5581395348837209,0.6046511627906976,0.0
F02_0047_0002_1_D,23,22,0.0,0.0,0.0,0.0,0.0,0.0,0.5909090909090909,0.5652173913043478,0.5777777777777778,0.5652173913043478,0.5652173913043478,0.0
F02_0047_0002_2_D,23,22,0.0,0.0,0.0,0.0,0.0,0.0,0.0,0.0,0.0,0.6086956521739131,0.6521739130434783,0.0
F02_0052_0001_1,22,27,0.0,0.0,0.0,0.037037037037037035,0.045454545454545456,0.04081632653061224,0.25925925925925924,0.3181818181818182,0.2857142857142857,0.5454545454545454,0.5,0.0
F02_0052_0001_2,22,32,0.0,0.0,0.0,0.0,0.0,0.0,0.09375,0.13636363636363635,0.1111111111111111,0.6363636363636364,0.7272727272727273,0.0
F02_0052_0002_1_D,22,22,0.0,0.0,0.0,0.0,0.0,0.0,0.22727272727272727,0.22727272727272727,0.22727272727272727,0.6363636363636364,0.6818181818181818,0.0
F02_0052_0002_2_D,22,26,0.0,0.0,0.0,0.0,0.0,0.0,0.11538461538461539,0.13636363636363635,0.12499999999999997,0.6818181818181818,0.6818181818181818,0.0
F02_0052_0003_1_D,22,24,0.0,0.0,0.0,0.0,0.0,0.0,0.20833333333333334,0.22727272727272727,0.21739130434782608,0.45454545454545453,0.5454545454545454,0.0
F02_0052_0003_2_D,22,27,0.0,0.0,0.0,0.0,0.0,0.0,0.0,0.0,0.0,0.7272727272727273,0.6818181818181818,0.0
F02_0067_0001_1,22,21,0.0,0.0,0.0,0.09523809523809523,0.09090909090909091,0.09302325581395349,0.23809523809523808,0.22727272727272727,0.23255813953488372,0.3181818181818182,0.4090909090909091,0.0
F02_0067_0001_2,22,23,0.043478260869565216,0.045454545454545456,0.04444444444444444,0.13043478260869565,0.13636363636363635,0.1333333333333333,0.43478260869565216,0.45454545454545453,0.4444444444444445,0.36363636363636365,0.36363636363636365,0.0
F02_0067_0002_1,48,47,0.0,0.0,0.0,0.02127659574468085,0.020833333333333332,0.021052631578947368,0.1276595744680851,0.125,0.12631578947368421,0.5833333333333334,0.7083333333333334,0.0
F02_0067_0002_2,48,48,0.0,0.0,0.0,0.0,0.0,0.0,0.0625,0.0625,0.0625,0.6041666666666666,0.6666666666666666,0.0
F02_0095_0001_1_D,44,44,0.0,0.0,0.0,0.045454545454545456,0.045454545454545456,0.045454545454545456,0.38636363636363635,0.38636363636363635,0.38636363636363635,0.45454545454545453,0.4090909090909091,0.0
F02_0095_0001_2_D,44,47,0.0,0.0,0.0,0.0,0.0,0.0,0.0,0.0,0.0,0.5227272727272727,0.6363636363636364,0.0
F02_0095_0002_1_D,22,23,0.0,0.0,0.0,0.0,0.0,0.0,0.2608695652173913,0.2727272727272727,0.2666666666666666,0.5454545454545454,0.6818181818181818,0.0
F02_0095_0002_2_D,22,24,0.0,0.0,0.0,0.0,0.0,0.0,0.0,0.0,0.0,0.6363636363636364,0.7272727272727273,0.0
F02_0095_0003_1_D,22,23,0.0,0.0,0.0,0.0,0.0,0.0,0.0,0.0,0.0,0.5909090909090909,0.7272727272727273,0.0
F02_0095_0003_2_D,22,22,0.0,0.0,0.0,0.0,0.0,0.0,0.22727272727272727,0.22727272727272727,0.22727272727272727,0.5909090909090909,0.7272727272727273,0.0
F02_0113_0001_1_D,20,19,0.0,0.0,0.0,0.0,0.0,0.0,0.0,0.0,0.0,0.4,0.5,0.0
F02_0113_0001_2_D,20,18,0.0,0.0,0.0,0.0,0.0,0.0,0.5,0.45,0.4736842105263158,0.25,0.25,0.0
F02_0113_0002_1_D,22,22,0.0,0.0,0.0,0.0,0.0,0.0,0.09090909090909091,0.09090909090909091,0.09090909090909091,0.5,0.5909090909090909,0.0
F02_0113_0002_2_D,22,22,0.0,0.0,0.0,0.0,0.0,0.0,0.0,0.0,0.0,0.5,0.5909090909090909,0.0
F02_0126_0001_1_D,28,28,0.0,0.0,0.0,0.03571428571428571,0.03571428571428571,0.03571428571428571,0.10714285714285714,0.10714285714285714,0.10714285714285714,0.5714285714285714,0.5714285714285714,0.0
F02_0126_0001_2_D,28,27,0.0,0.0,0.0,0.0,0.0,0.0,0.14814814814814814,0.14285714285714285,0.14545454545454545,0.42857142857142855,0.4642857142857143,0.0
F02_0126_0002_1_D,28,39,0.0,0.0,0.0,0.0,0.0,0.0,0.07692307692307693,0.10714285714285714,0.08955223880597014,0.6428571428571429,0.6428571428571429,0.17857142857142858
F02_0126_0002_2_D,28,39,0.0,0.0,0.0,0.0,0.0,0.0,0.10256410256410256,0.14285714285714285,0.11940298507462686,0.5357142857142857,0.6071428571428571,0.2857142857142857
F02_0126_0003_1_D,26,30,0.0,0.0,0.0,0.0,0.0,0.0,0.23333333333333334,0.2692307692307692,0.25,0.5769230769230769,0.5,0.0
F02_0126_0003_2_D,26,32,0.0,0.0,0.0,0.0,0.0,0.0,0.25,0.3076923076923077,0.27586206896551724,0.5384615384615384,0.46153846153846156,0.0
F02_0143_0001_1,34,35,0.0,0.0,0.0,0.0,0.0,0.0,0.05714285714285714,0.058823529411764705,0.05797101449275362,0.5882352941176471,0.7058823529411765,0.0
F02_0149_0001_1_D,32,31,0.0,0.0,0.0,0.03225806451612903,0.03125,0.031746031746031744,0.12903225806451613,0.125,0.12698412698412698,0.4375,0.46875,0.15625
F02_0149_0001_2_D,32,29,0.034482758620689655,0.03125,0.03278688524590164,0.13793103448275862,0.125,0.13114754098360656,0.5517241379310345,0.5,0.5245901639344263,0.34375,0.40625,0.15625
F02_0149_0002_1_D,32,32,0.0,0.0,0.0,0.03125,0.03125,0.03125,0.125,0.125,0.125,0.5,0.5625,0.0
F02_0149_0002_2_D,32,33,0.0,0.0,0.0,0.0,0.0,0.0,0.06060606060606061,0.0625,0.06153846153846154,0.53125,0.625,0.0
F02_0167_0001_1_D,19,21,0.0,0.0,0.0,0.047619047619047616,0.05263157894736842,0.05,0.2857142857142857,0.3157894736842105,0.3,0.47368421052631576,0.5789473684210527,0.0
F02_0167_0001_2_D,19,20,0.0,0.0,0.0,0.05,0.05263157894736842,0.05128205128205128,0.05,0.05263157894736842,0.05128205128205128,0.6842105263157895,0.7894736842105263,0.0
F02_0167_0002_1_D,17,18,0.0,0.0,0.0,0.0,0.0,0.0,0.05555555555555555,0.058823529411764705,0.05714285714285714,0.5882352941176471,0.6470588235294118,0.0
F02_0167_0002_2_D,17,19,0.0,0.0,0.0,0.0,0.0,0.0,0.0,0.0,0.0,0.7058823529411765,0.7058823529411765,0.0
F02_0190_0001_2,21,25,0.0,0.0,0.0,0.0,0.0,0.0,0.12,0.14285714285714285,0.13043478260869565,0.7142857142857143,0.6666666666666666,0.0
F02_0195_0001_1_D,27,27,0.1111111111111111,0.1111111111111111,0.1111111111111111,0.18518518518518517,0.18518518518518517,0.18518518518518517,0.7777777777777778,0.7777777777777778,0.7777777777777778,0.7037037037037037,0.6666666666666666,0.0
F02_0195_0001_2_D,27,27,0.07407407407407407,0.07407407407407407,0.07407407407407407,0.07407407407407407,0.07407407407407407,0.07407407407407407,0.4444444444444444,0.4444444444444444,0.4444444444444444,0.37037037037037035,0.3333333333333333,0.0
F02_0195_0002_1_D,25,25,0.04,0.04,0.04,0.24,0.24,0.24,0.72,0.72,0.72,0.68,0.64,0.0
F02_0195_0002_2_D,25,26,0.0,0.0,0.0,0.0,0.0,0.0,0.0,0.0,0.0,0.68,0.72,0.0
F02_0208_0001_1_D,20,21,0.0,0.0,0.0,0.0,0.0,0.0,0.19047619047619047,0.2,0.1951219512195122,0.45,0.55,0.0
F02_0208_0001_2_D,20,22,0.0,0.0,0.0,0.0,0.0,0.0,0.13636363636363635,0.15,0.14285714285714282,0.5,0.55,0.0
F02_0208_0002_1_D,13,16,0.0,0.0,0.0,0.0,0.0,0.0,0.0,0.0,0.0,0.6923076923076923,0.6923076923076923,0.0
F02_0208_0002_2_D,13,15,0.0,0.0,0.0,0.0,0.0,0.0,0.06666666666666667,0.07692307692307693,0.07142857142857144,0.6153846153846154,0.6153846153846154,0.0
F02_0221_0001_1_D,20,20,0.0,0.0,0.0,0.0,0.0,0.0,0.0,0.0,0.0,0.4,0.5,0.0
F02_0221_0001_2_D,20,24,0.0,0.0,0.0,0.0,0.0,0.0,0.16666666666666666,0.2,0.1818181818181818,0.6,0.6,0.05
F02_0221_0002_1_D,23,27,0.037037037037037035,0.043478260869565216,0.039999999999999994,0.1111111111111111,0.13043478260869565,0.12,0.4444444444444444,0.5217391304347826,0.48,0.5217391304347826,0.4782608695652174,0.0
F02_0221_0002_2_D,23,24,0.0,0.0,0.0,0.0,0.0,0.0,0.08333333333333333,0.08695652173913043,0.0851063829787234,0.6521739130434783,0.6521739130434783,0.0
F02_0233_0001_1_D,20,19,0.0,0.0,0.0,0.0,0.0,0.0,0.15789473684210525,0.15,0.15384615384615385,0.4,0.3,0.0
F02_0233_0001_2_D,20,21,0.0,0.0,0.0,0.0,0.0,0.0,0.14285714285714285,0.15,0.14634146341463414,0.5,0.4,0.0
F02_0265_0001_1_D,29,33,0.0,0.0,0.0,0.0,0.0,0.0,0.3939393939393939,0.4482758620689655,0.41935483870967744,0.4482758620689655,0.41379310344827586,0.0
F02_0265_0001_2_D,29,34,0.0,0.0,0.0,0.0,0.0,0.0,0.29411764705882354,0.3448275862068966,0.31746031746031744,0.6206896551724138,0.5517241379310345,0.034482758620689655
F02_0265_0002_1_D,37,42,0.023809523809523808,0.02702702702702703,0.02531645569620253,0.11904761904761904,0.13513513513513514,0.12658227848101267,0.47619047619047616,0.5405405405405406,0.5063291139240507,0.5135135135135135,0.32432432432432434,0.02702702702702703
F02_0265_0002_2_D,37,42,0.0,0.0,0.0,0.0,0.0,0.0,0.14285714285714285,0.16216216216216217,0.1518987341772152,0.5945945945945946,0.6216216216216216,0.02702702702702703
F02_0329_0001_1,18,16,0.125,0.1111111111111111,0.11764705882352941,0.125,0.1111111111111111,0.11764705882352941,0.25,0.2222222222222222,0.23529411764705882,0.4444444444444444,0.5,0.0
F02_0329_0001_2,18,19,0.05263157894736842,0.05555555555555555,0.05405405405405406,0.10526315789473684,0.1111111111111111,0.10810810810810811,0.2631578947368421,0.2777777777777778,0.27027027027027023,0.5,0.4444444444444444,0.0
F02_0329_0002_1,21,23,0.08695652173913043,0.09523809523809523,0.0909090909090909,0.08695652173913043,0.09523809523809523,0.0909090909090909,0.43478260869565216,0.47619047619047616,0.4545454545454545,0.3333333333333333,0.23809523809523808,0.09523809523809523
F02_0347_0001_1_D,30,30,0.0,0.0,0.0,0.03333333333333333,0.03333333333333333,0.03333333333333333,0.06666666666666667,0.06666666666666667,0.06666666666666667,0.6666666666666666,0.5666666666666667,0.0
F02_0347_0002_1_D,37,38,0.07894736842105263,0.08108108108108109,0.08,0.10526315789473684,0.10810810810810811,0.10666666666666667,0.2894736842105263,0.2972972972972973,0.29333333333333333,0.40540540540540543,0.35135135135135137,0.05405405405405406
F02_0347_0002_2_D,37,40,0.075,0.08108108108108109,0.07792207792207792,0.075,0.08108108108108109,0.07792207792207792,0.3,0.32432432432432434,0.3116883116883117,0.4864864864864865,0.35135135135135137,0.02702702702702703
F02_0353_0001_1_D,24,25,0.0,0.0,0.0,0.0,0.0,0.0,0.12,0.125,0.12244897959183673,0.5833333333333334,0.625,0.0
F02_0353_0001_2_D,24,27,0.037037037037037035,0.041666666666666664,0.03921568627450981,0.037037037037037035,0.041666666666666664,0.03921568627450981,0.07407407407407407,0.08333333333333333,0.07843137254901962,0.5833333333333334,0.5416666666666666,0.0
F02_0353_0002_1_D,26,27,0.0,0.0,0.0,0.037037037037037035,0.038461538461538464,0.03773584905660377,0.18518518518518517,0.19230769230769232,0.18867924528301885,0.5,0.5,0.0
F02_0353_0002_2_D,26,28,0.03571428571428571,0.038461538461538464,0.03703703703703704,0.07142857142857142,0.07692307692307693,0.07407407407407408,0.39285714285714285,0.4230769230769231,0.4074074074074074,0.46153846153846156,0.5,0.038461538461538464
F02_0355_0001_1_D,18,18,0.0,0.0,0.0,0.0,0.0,0.0,0.0,0.0,0.0,0.6111111111111112,0.5555555555555556,0.0
F02_0355_0001_2_D,18,17,0.0,0.0,0.0,0.058823529411764705,0.05555555555555555,0.05714285714285714,0.35294117647058826,0.3333333333333333,0.34285714285714286,0.4444444444444444,0.4444444444444444,0.0
F02_0355_0002_1_D,18,18,0.0,0.0,0.0,0.0,0.0,0.0,0.1111111111111111,0.1111111111111111,0.1111111111111111,0.6111111111111112,0.5,0.0
F02_0355_0002_2_D,18,19,0.0,0.0,0.0,0.0,0.0,0.0,0.0,0.0,0.0,0.6111111111111112,0.5555555555555556,0.0
F02_0362_0001_1_D,39,41,0.0,0.0,0.0,0.024390243902439025,0.02564102564102564,0.025,0.4878048780487805,0.5128205128205128,0.5,0.4358974358974359,0.41025641025641024,0.0
F02_0362_0001_2_D,39,43,0.0,0.0,0.0,0.0,0.0,0.0,0.046511627906976744,0.05128205128205128,0.04878048780487805,0.6923076923076923,0.6923076923076923,0.0
F02_0362_0002_1_D,38,41,0.0,0.0,0.0,0.0,0.0,0.0,0.04878048780487805,0.05263157894736842,0.05063291139240506,0.5526315789473685,0.6578947368421053,0.0
F02_0362_0002_2_D,38,44,0.0,0.0,0.0,0.0,0.0,0.0,0.022727272727272728,0.02631578947368421,0.024390243902439025,0.631578947368421,0.6052631578947368,0.0
F03_0024_0001_1,18,19,0.0,0.0,0.0,0.0,0.0,0.0,0.0,0.0,0.0,0.8888888888888888,0.8888888888888888,0.0
F03_0024_0003_1_D,18,18,0.05555555555555555,0.05555555555555555,0.05555555555555555,0.05555555555555555,0.05555555555555555,0.05555555555555555,0.05555555555555555,0.05555555555555555,0.05555555555555555,0.8333333333333334,0.8333333333333334,0.0
F03_0036_0001_2,24,22,0.0,0.0,0.0,0.36363636363636365,0.3333333333333333,0.34782608695652173,0.6818181818181818,0.625,0.6521739130434783,0.7083333333333334,0.7083333333333334,0.0
F03_0036_0002_1,24,24,0.0,0.0,0.0,0.25,0.25,0.25,0.5416666666666666,0.5416666666666666,0.5416666666666666,0.75,0.7083333333333334,0.0
F03_0036_0002_2,24,23,0.13043478260869565,0.125,0.1276595744680851,0.4782608695652174,0.4583333333333333,0.4680851063829787,0.782608695652174,0.75,0.7659574468085107,0.4166666666666667,0.4166666666666667,0.0
F03_0047_0001_1_D,43,40,0.025,0.023255813953488372,0.024096385542168672,0.075,0.06976744186046512,0.07228915662650602,0.125,0.11627906976744186,0.12048192771084337,0.7209302325581395,0.7441860465116279,0.0
F03_0052_0001_1,22,31,0.0,0.0,0.0,0.0,0.0,0.0,0.0,0.0,0.0,0.8636363636363636,0.8636363636363636,0.0
F03_0052_0001_2,22,32,0.0,0.0,0.0,0.03125,0.045454545454545456,0.037037037037037035,0.0625,0.09090909090909091,0.07407407407407407,0.9545454545454546,0.8636363636363636,0.0
F03_0052_0002_2,22,31,0.0,0.0,0.0,0.06451612903225806,0.09090909090909091,0.07547169811320754,0.12903225806451613,0.18181818181818182,0.1509433962264151,0.9090909090909091,0.8181818181818182,0.0
F03_0095_0001_1_D,44,42,0.0,0.0,0.0,0.0,0.0,0.0,0.047619047619047616,0.045454545454545456,0.046511627906976744,0.8863636363636364,0.9090909090909091,0.0
F03_0095_0001_2_D,44,45,0.0,0.0,0.0,0.022222222222222223,0.022727272727272728,0.02247191011235955,0.022222222222222223,0.022727272727272728,0.02247191011235955,0.9318181818181818,0.9318181818181818,0.0
F03_0095_0002_1_D,22,22,0.0,0.0,0.0,0.0,0.0,0.0,0.045454545454545456,0.045454545454545456,0.045454545454545456,0.9545454545454546,0.9090909090909091,0.0
F03_0095_0002_2_D,22,22,0.0,0.0,0.0,0.045454545454545456,0.045454545454545456,0.045454545454545456,0.22727272727272727,0.22727272727272727,0.22727272727272727,0.8181818181818182,0.7727272727272727,0.0
F03_0095_0003_1_D,22,22,0.0,0.0,0.0,0.0,0.0,0.0,0.0,0.0,0.0,0.9545454545454546,0.9545454545454546,0.0
F03_0095_0003_2_D,22,22,0.0,0.0,0.0,0.0,0.0,0.0,0.045454545454545456,0.045454545454545456,0.045454545454545456,0.9545454545454546,0.9090909090909091,0.0
F03_0126_0003_1_D,26,26,0.0,0.0,0.0,0.0,0.0,0.0,0.0,0.0,0.0,0.8461538461538461,0.8461538461538461,0.0
F03_0126_0003_2_D,26,26,0.0,0.0,0.0,0.0,0.0,0.0,0.11538461538461539,0.11538461538461539,0.11538461538461539,0.8846153846153846,0.8846153846153846,0.0
F03_0167_0001_1_D,19,19,0.0,0.0,0.0,0.0,0.0,0.0,0.0,0.0,0.0,0.8947368421052632,0.8947368421052632,0.0
F03_0167_0001_2_D,19,19,0.0,0.0,0.0,0.0,0.0,0.0,0.0,0.0,0.0,0.8947368421052632,0.8947368421052632,0.0
F03_0167_0002_1_D,17,18,0.0,0.0,0.0,0.0,0.0,0.0,0.05555555555555555,0.058823529411764705,0.05714285714285714,0.8823529411764706,0.8823529411764706,0.0
F03_0167_0002_2_D,17,17,0.0,0.0,0.0,0.0,0.0,0.0,0.058823529411764705,0.058823529411764705,0.058823529411764705,0.8823529411764706,0.8823529411764706,0.0
F03_0195_0001_1_D,27,27,0.0,0.0,0.0,0.037037037037037035,0.037037037037037035,0.037037037037037035,0.14814814814814814,0.14814814814814814,0.14814814814814814,0.9629629629629629,0.9259259259259259,0.0
F03_0195_0001_2_D,27,27,0.0,0.0,0.0,0.0,0.0,0.0,0.037037037037037035,0.037037037037037035,0.037037037037037035,0.9629629629629629,0.9629629629629629,0.0
F03_0195_0002_1_D,25,25,0.0,0.0,0.0,0.04,0.04,0.04,0.08,0.08,0.08,0.92,0.88,0.0
F03_0195_0002_2_D,25,25,0.0,0.0,0.0,0.0,0.0,0.0,0.0,0.0,0.0,0.92,0.92,0.0
F03_0221_0001_2_D,20,18,0.0,0.0,0.0,0.05555555555555555,0.05,0.052631578947368425,0.05555555555555555,0.05,0.052631578947368425,0.75,0.75,0.0
F03_0221_0002_1_D,23,22,0.0,0.0,0.0,0.045454545454545456,0.043478260869565216,0.04444444444444444,0.09090909090909091,0.08695652173913043,0.08888888888888888,0.8260869565217391,0.8695652173913043,0.0
F03_0221_0002_2_D,23,23,0.0,0.0,0.0,0.0,0.0,0.0,0.08695652173913043,0.08695652173913043,0.08695652173913043,0.8695652173913043,0.8695652173913043,0.0
F03_0233_0001_1_D,20,20,0.0,0.0,0.0,0.0,0.0,0.0,0.4,0.4,0.4000000000000001,0.7,0.65,0.0
F03_0233_0001_2_D,20,20,0.0,0.0,0.0,0.0,0.0,0.0,0.3,0.3,0.3,0.7,0.7,0.0
F03_0265_0001_1_D,29,30,0.0,0.0,0.0,0.0,0.0,0.0,0.06666666666666667,0.06896551724137931,0.06779661016949153,0.896551724137931,0.896551724137931,0.0
F03_0265_0001_2_D,29,29,0.0,0.0,0.0,0.034482758620689655,0.034482758620689655,0.034482758620689655,0.034482758620689655,0.034482758620689655,0.034482758620689655,0.896551724137931,0.896551724137931,0.0
F03_0265_0002_1_D,37,37,0.0,0.0,0.0,0.0,0.0,0.0,0.21621621621621623,0.21621621621621623,0.21621621621621623,0.8648648648648649,0.8648648648648649,0.0
F03_0265_0002_2_D,37,35,0.0,0.0,0.0,0.02857142857142857,0.02702702702702703,0.02777777777777778,0.2,0.1891891891891892,0.19444444444444445,0.7837837837837838,0.8108108108108109,0.0
F03_0329_0002_1,21,23,0.0,0.0,0.0,0.043478260869565216,0.047619047619047616,0.04545454545454545,0.30434782608695654,0.3333333333333333,0.31818181818181823,0.6666666666666666,0.5714285714285714,0.047619047619047616
F03_0347_0001_1_D,30,30,0.0,0.0,0.0,0.0,0.0,0.0,0.03333333333333333,0.03333333333333333,0.03333333333333333,0.9,0.9,0.0
F03_0347_0001_2_D,30,30,0.0,0.0,0.0,0.0,0.0,0.0,0.06666666666666667,0.06666666666666667,0.06666666666666667,0.9,0.9,0.0
F03_0347_0002_1_D,37,35,0.02857142857142857,0.02702702702702703,0.02777777777777778,0.02857142857142857,0.02702702702702703,0.02777777777777778,0.11428571428571428,0.10810810810810811,0.11111111111111112,0.6756756756756757,0.6756756756756757,0.0
F03_0347_0002_2_D,37,34,0.0,0.0,0.0,0.029411764705882353,0.02702702702702703,0.028169014084507043,0.08823529411764706,0.08108108108108109,0.08450704225352113,0.6756756756756757,0.7027027027027027,0.0
F03_0353_0001_1_D,24,24,0.0,0.0,0.0,0.0,0.0,0.0,0.20833333333333334,0.20833333333333334,0.20833333333333334,0.875,0.8333333333333334,0.0
F03_0353_0001_2_D,24,24,0.041666666666666664,0.041666666666666664,0.041666666666666664,0.041666666666666664,0.041666666666666664,0.041666666666666664,0.125,0.125,0.125,0.8333333333333334,0.8333333333333334,0.0
F03_0353_0002_1_D,26,27,0.0,0.0,0.0,0.0,0.0,0.0,0.14814814814814814,0.15384615384615385,0.1509433962264151,0.7692307692307693,0.7307692307692307,0.0
F03_0353_0002_2_D,26,29,0.0,0.0,0.0,0.06896551724137931,0.07692307692307693,0.07272727272727274,0.20689655172413793,0.23076923076923078,0.21818181818181817,0.8461538461538461,0.7692307692307693,0.0
F03_0355_0002_1_D,18,18,0.0,0.0,0.0,0.0,0.0,0.0,0.0,0.0,0.0,0.8888888888888888,0.8888888888888888,0.0
F03_0355_0002_2_D,18,18,0.0,0.0,0.0,0.0,0.0,0.0,0.0,0.0,0.0,0.8888888888888888,0.8888888888888888,0.0
F03_0362_0001_1_D,39,39,0.0,0.0,0.0,0.02564102564102564,0.02564102564102564,0.02564102564102564,0.02564102564102564,0.02564102564102564,0.02564102564102564,0.8974358974358975,0.8974358974358975,0.0
F03_0362_0001_2_D,39,39,0.0,0.0,0.0,0.0,0.0,0.0,0.0,0.0,0.0,0.8974358974358975,0.8974358974358975,0.0
F03_0362_0002_1_D,38,38,0.0,0.0,0.0,0.0,0.0,0.0,0.0,0.0,0.0,0.868421052631579,0.868421052631579,0.0
F03_0362_0002_2_D,38,38,0.0,0.0,0.0,0.0,0.0,0.0,0.0,0.0,0.0,0.8947368421052632,0.8947368421052632,0.0
F03_0459_0001_1_D,29,28,0.0,0.0,0.0,0.0,0.0,0.0,0.03571428571428571,0.034482758620689655,0.03508771929824562,0.7586206896551724,0.7931034482758621,0.0
F03_0459_0001_2_D,29,27,0.0,0.0,0.0,0.07407407407407407,0.06896551724137931,0.07142857142857142,0.07407407407407407,0.06896551724137931,0.07142857142857142,0.7931034482758621,0.7931034482758621,0.0
F03_0459_0002_1_D,22,21,0.0,0.0,0.0,0.047619047619047616,0.045454545454545456,0.046511627906976744,0.047619047619047616,0.045454545454545456,0.046511627906976744,0.9090909090909091,0.9090909090909091,0.0
F03_0459_0002_2_D,22,21,0.0,0.0,0.0,0.0,0.0,0.0,0.0,0.0,0.0,0.8636363636363636,0.8636363636363636,0.0
F03_0477_0001_1_D,35,35,0.02857142857142857,0.02857142857142857,0.02857142857142857,0.02857142857142857,0.02857142857142857,0.02857142857142857,0.08571428571428572,0.08571428571428572,0.08571428571428572,0.8285714285714286,0.8285714285714286,0.0
F03_0477_0001_2_D,35,36,0.0,0.0,0.0,0.027777777777777776,0.02857142857142857,0.028169014084507043,0.05555555555555555,0.05714285714285714,0.056338028169014086,0.8285714285714286,0.8285714285714286,0.0
F03_0477_0002_1_D,22,22,0.0,0.0,0.0,0.0,0.0,0.0,0.0,0.0,0.0,0.8636363636363636,0.8636363636363636,0.0
F03_0477_0002_2_D,22,22,0.0,0.0,0.0,0.045454545454545456,0.045454545454545456,0.045454545454545456,0.045454545454545456,0.045454545454545456,0.045454545454545456,0.8181818181818182,0.8181818181818182,0.0
F03_0489_0001_1_D,24,24,0.0,0.0,0.0,0.041666666666666664,0.041666666666666664,0.041666666666666664,0.16666666666666666,0.16666666666666666,0.16666666666666666,0.7916666666666666,0.7916666666666666,0.0
F03_0489_0001_2_D,24,24,0.0,0.0,0.0,0.041666666666666664,0.041666666666666664,0.041666666666666664,0.16666666666666666,0.16666666666666666,0.16666666666666666,0.75,0.75,0.0
F03_0489_0002_1_D,24,24,0.0,0.0,0.0,0.0,0.0,0.0,0.125,0.125,0.125,0.7916666666666666,0.7916666666666666,0.0
F03_0489_0002_2_D,24,24,0.0,0.0,0.0,0.0,0.0,0.0,0.16666666666666666,0.16666666666666666,0.16666666666666666,0.7916666666666666,0.75,0.0
F04_0024_0001_1_D,18,18,0.0,0.0,0.0,0.0,0.0,0.0,0.0,0.0,0.0,0.8888888888888888,0.8888888888888888,0.0
F04_0024_0001_2_D,18,18,0.0,0.0,0.0,0.0,0.0,0.0,0.0,0.0,0.0,0.8888888888888888,0.8888888888888888,0.0
F04_0024_0002_1_D,18,18,0.05555555555555555,0.05555555555555555,0.05555555555555555,0.05555555555555555,0.05555555555555555,0.05555555555555555,0.05555555555555555,0.05555555555555555,0.05555555555555555,0.8888888888888888,0.8888888888888888,0.0
F04_0024_0002_2_D,18,18,0.0,0.0,0.0,0.0,0.0,0.0,0.0,0.0,0.0,0.8333333333333334,0.8333333333333334,0.0
F04_0024_0003_1_D,18,18,0.0,0.0,0.0,0.0,0.0,0.0,0.0,0.0,0.0,0.8333333333333334,0.8333333333333334,0.0
F04_0024_0003_2_D,18,18,0.0,0.0,0.0,0.0,0.0,0.0,0.0,0.0,0.0,0.8888888888888888,0.8888888888888888,0.0
F04_0052_0002_1_D,22,22,0.045454545454545456,0.045454545454545456,0.045454545454545456,0.045454545454545456,0.045454545454545456,0.045454545454545456,0.045454545454545456,0.045454545454545456,0.045454545454545456,0.7727272727272727,0.7727272727272727,0.0
F04_0052_0003_1_D,22,23,0.0,0.0,0.0,0.0,0.0,0.0,0.0,0.0,0.0,0.7727272727272727,0.7727272727272727,0.0
F04_0052_0003_2_D,22,23,0.13043478260869565,0.13636363636363635,0.1333333333333333,0.13043478260869565,0.13636363636363635,0.1333333333333333,0.13043478260869565,0.13636363636363635,0.1333333333333333,0.6818181818181818,0.6818181818181818,0.0
F04_0067_0001_1_D,22,21,0.0,0.0,0.0,0.0,0.0,0.0,0.14285714285714285,0.13636363636363635,0.1395348837209302,0.7272727272727273,0.6818181818181818,0.0
F04_0067_0001_2_D,22,22,0.09090909090909091,0.09090909090909091,0.09090909090909091,0.13636363636363635,0.13636363636363635,0.13636363636363635,0.18181818181818182,0.18181818181818182,0.18181818181818182,0.6818181818181818,0.6818181818181818,0.0
F04_0067_0002_1_D,48,43,0.023255813953488372,0.020833333333333332,0.02197802197802198,0.06976744186046512,0.0625,0.06593406593406592,0.06976744186046512,0.0625,0.06593406593406592,0.75,0.75,0.0
F04_0067_0002_2_D,48,46,0.0,0.0,0.0,0.0,0.0,0.0,0.06521739130434782,0.0625,0.06382978723404255,0.75,0.7291666666666666,0.0
F04_0095_0001_1_D,44,44,0.0,0.0,0.0,0.022727272727272728,0.022727272727272728,0.022727272727272728,0.022727272727272728,0.022727272727272728,0.022727272727272728,0.8636363636363636,0.8636363636363636,0.0
F04_0095_0001_2_D,44,44,0.0,0.0,0.0,0.022727272727272728,0.022727272727272728,0.022727272727272728,0.045454545454545456,0.045454545454545456,0.045454545454545456,0.8636363636363636,0.8409090909090909,0.0
F04_0095_0002_1_DD,22,22,0.0,0.0,0.0,0.0,0.0,0.0,0.045454545454545456,0.045454545454545456,0.045454545454545456,0.9090909090909091,0.9090909090909091,0.0
F04_0095_0002_2_DD,22,22,0.0,0.0,0.0,0.0,0.0,0.0,0.0,0.0,0.0,0.9090909090909091,0.9090909090909091,0.0
F04_0095_0003_1_D,22,22,0.0,0.0,0.0,0.0,0.0,0.0,0.0,0.0,0.0,0.9090909090909091,0.9090909090909091,0.0
F04_0095_0003_2_D,22,22,0.0,0.0,0.0,0.0,0.0,0.0,0.0,0.0,0.0,0.9090909090909091,0.9090909090909091,0.0
F04_0113_0001_1_D,20,19,0.0,0.0,0.0,0.0,0.0,0.0,0.0,0.0,0.0,0.75,0.75,0.0
F04_0113_0001_2_D,20,19,0.0,0.0,0.0,0.0,0.0,0.0,0.05263157894736842,0.05,0.05128205128205128,0.75,0.75,0.0
F04_0113_0002_1_D,22,22,0.0,0.0,0.0,0.0,0.0,0.0,0.0,0.0,0.0,0.8636363636363636,0.8636363636363636,0.0
F04_0113_0002_2_D,22,22,0.0,0.0,0.0,0.09090909090909091,0.09090909090909091,0.09090909090909091,0.6818181818181818,0.6818181818181818,0.6818181818181818,0.8636363636363636,0.8636363636363636,0.0
F04_0113_0003_1_DD,24,24,0.0,0.0,0.0,0.0,0.0,0.0,0.041666666666666664,0.041666666666666664,0.041666666666666664,0.9166666666666666,0.9166666666666666,0.0
F04_0113_0003_2_DD,24,24,0.0,0.0,0.0,0.0,0.0,0.0,0.0,0.0,0.0,0.9166666666666666,0.9166666666666666,0.0
F04_0126_0001_1_D,28,31,0.03225806451612903,0.03571428571428571,0.03389830508474576,0.06451612903225806,0.07142857142857142,0.06779661016949153,0.22580645161290322,0.25,0.23728813559322032,0.8571428571428571,0.8214285714285714,0.10714285714285714
F04_0126_0001_2_D,28,31,0.0,0.0,0.0,0.06451612903225806,0.07142857142857142,0.06779661016949153,0.25806451612903225,0.2857142857142857,0.2711864406779661,0.8571428571428571,0.8214285714285714,0.10714285714285714
F04_0126_0002_1_D,28,32,0.03125,0.03571428571428571,0.03333333333333333,0.0625,0.07142857142857142,0.06666666666666667,0.21875,0.25,0.23333333333333334,0.8214285714285714,0.7857142857142857,0.14285714285714285
F04_0126_0002_2_D,28,32,0.0,0.0,0.0,0.0,0.0,0.0,0.15625,0.17857142857142858,0.16666666666666666,0.8214285714285714,0.8214285714285714,0.14285714285714285
F04_0126_0003_1_DD,26,26,0.0,0.0,0.0,0.0,0.0,0.0,0.19230769230769232,0.19230769230769232,0.19230769230769232,0.8076923076923077,0.8076923076923077,0.0
F04_0126_0003_2_DD,26,31,0.0,0.0,0.0,0.0,0.0,0.0,0.2903225806451613,0.34615384615384615,0.3157894736842105,0.8846153846153846,0.8461538461538461,0.0
F04_0149_0002_1_D,32,32,0.0,0.0,0.0,0.0,0.0,0.0,0.0,0.0,0.0,0.84375,0.84375,0.0
F04_0149_0002_2_D,32,33,0.0,0.0,0.0,0.030303030303030304,0.03125,0.03076923076923077,0.06060606060606061,0.0625,0.06153846153846154,0.84375,0.84375,0.0
F04_0167_0001_1_D,19,19,0.0,0.0,0.0,0.0,0.0,0.0,0.0,0.0,0.0,0.8947368421052632,0.8947368421052632,0.0
F04_0167_0001_2_D,19,19,0.0,0.0,0.0,0.0,0.0,0.0,0.0,0.0,0.0,0.8947368421052632,0.8947368421052632,0.0
F04_0167_0002_1_D,17,17,0.0,0.0,0.0,0.0,0.0,0.0,0.0,0.0,0.0,0.8235294117647058,0.8235294117647058,0.0
F04_0167_0002_2_D,17,17,0.0,0.0,0.0,0.0,0.0,0.0,0.0,0.0,0.0,0.8823529411764706,0.8823529411764706,0.0
F04_0195_0001_2_D,27,27,0.0,0.0,0.0,0.0,0.0,0.0,0.037037037037037035,0.037037037037037035,0.037037037037037035,0.9259259259259259,0.9259259259259259,0.0
F04_0208_0001_1_D,20,21,0.0,0.0,0.0,0.0,0.0,0.0,0.14285714285714285,0.15,0.14634146341463414,0.8,0.85,0.05
F04_0208_0001_2_D,20,22,0.0,0.0,0.0,0.0,0.0,0.0,0.09090909090909091,0.1,0.09523809523809525,0.9,0.9,0.1
F04_0208_0002_1_D,13,14,0.0,0.0,0.0,0.0,0.0,0.0,0.0,0.0,0.0,0.9230769230769231,0.8461538461538461,0.0
F04_0221_0001_2_D,20,19,0.0,0.0,0.0,0.0,0.0,0.0,0.0,0.0,0.0,0.8,0.8,0.0
F04_0221_0002_1_D,23,21,0.0,0.0,0.0,0.047619047619047616,0.043478260869565216,0.04545454545454545,0.047619047619047616,0.043478260869565216,0.04545454545454545,0.6956521739130435,0.7391304347826086,0.0
F04_0221_0002_2_D,23,22,0.0,0.0,0.0,0.045454545454545456,0.043478260869565216,0.04444444444444444,0.045454545454545456,0.043478260869565216,0.04444444444444444,0.8695652173913043,0.8695652173913043,0.0
F04_0233_0001_1_D,20,19,0.21052631578947367,0.2,0.20512820512820512,0.2631578947368421,0.25,0.25641025641025644,0.2631578947368421,0.25,0.25641025641025644,0.75,0.8,0.0
F04_0233_0001_2_D,20,20,0.0,0.0,0.0,0.0,0.0,0.0,0.0,0.0,0.0,0.85,0.85,0.0
F04_0265_0001_1_D,29,30,0.13333333333333333,0.13793103448275862,0.13559322033898305,0.13333333333333333,0.13793103448275862,0.13559322033898305,0.16666666666666666,0.1724137931034483,0.16949152542372883,0.6896551724137931,0.6551724137931034,0.0
F04_0265_0002_1_D,37,36,0.16666666666666666,0.16216216216216217,0.16438356164383564,0.19444444444444445,0.1891891891891892,0.1917808219178082,0.2222222222222222,0.21621621621621623,0.2191780821917808,0.6756756756756757,0.7027027027027027,0.02702702702702703
F04_0265_0002_2_D,37,38,0.15789473684210525,0.16216216216216217,0.16,0.18421052631578946,0.1891891891891892,0.18666666666666668,0.21052631578947367,0.21621621621621623,0.21333333333333335,0.8108108108108109,0.8378378378378378,0.0
F04_0329_0002_1,21,18,0.05555555555555555,0.047619047619047616,0.05128205128205128,0.05555555555555555,0.047619047619047616,0.05128205128205128,0.05555555555555555,0.047619047619047616,0.05128205128205128,0.42857142857142855,0.5238095238095238,0.047619047619047616
F04_0347_0001_1_D,30,31,0.0967741935483871,0.1,0.09836065573770492,0.0967741935483871,0.1,0.09836065573770492,0.12903225806451613,0.13333333333333333,0.13114754098360656,0.7333333333333333,0.7333333333333333,0.0
F04_0347_0001_2_D,30,30,0.03333333333333333,0.03333333333333333,0.03333333333333333,0.03333333333333333,0.03333333333333333,0.03333333333333333,0.03333333333333333,0.03333333333333333,0.03333333333333333,0.8333333333333334,0.8333333333333334,0.0
F04_0347_0002_1_D,37,38,0.02631578947368421,0.02702702702702703,0.02666666666666667,0.02631578947368421,0.02702702702702703,0.02666666666666667,0.02631578947368421,0.02702702702702703,0.02666666666666667,0.7027027027027027,0.7027027027027027,0.0
F04_0347_0002_2_D,37,36,0.0,0.0,0.0,0.0,0.0,0.0,0.0,0.0,0.0,0.7567567567567568,0.7567567567567568,0.0
F04_0353_0001_1_D,24,24,0.041666666666666664,0.041666666666666664,0.041666666666666664,0.08333333333333333,0.08333333333333333,0.08333333333333333,0.08333333333333333,0.08333333333333333,0.08333333333333333,0.75,0.75,0.0
F04_0353_0001_2_D,24,24,0.25,0.25,0.25,0.2916666666666667,0.2916666666666667,0.2916666666666667,0.3333333333333333,0.3333333333333333,0.3333333333333333,0.6666666666666666,0.6666666666666666,0.0
F04_0353_0002_1_D,26,28,0.10714285714285714,0.11538461538461539,0.11111111111111112,0.10714285714285714,0.11538461538461539,0.11111111111111112,0.10714285714285714,0.11538461538461539,0.11111111111111112,0.8461538461538461,0.8461538461538461,0.0
F04_0353_0002_2_D,26,28,0.0,0.0,0.0,0.0,0.0,0.0,0.0,0.0,0.0,0.6538461538461539,0.6538461538461539,0.0
F04_0355_0002_1_D,18,20,0.1,0.1111111111111111,0.10526315789473685,0.1,0.1111111111111111,0.10526315789473685,0.1,0.1111111111111111,0.10526315789473685,0.7777777777777778,0.7777777777777778,0.0
F04_0362_0001_1_D,39,39,0.02564102564102564,0.02564102564102564,0.02564102564102564,0.02564102564102564,0.02564102564102564,0.02564102564102564,0.02564102564102564,0.02564102564102564,0.02564102564102564,0.7948717948717948,0.7948717948717948,0.0
F04_0362_0001_2_D,39,39,0.02564102564102564,0.02564102564102564,0.02564102564102564,0.02564102564102564,0.02564102564102564,0.02564102564102564,0.02564102564102564,0.02564102564102564,0.02564102564102564,0.7948717948717948,0.7948717948717948,0.0
F04_0362_0002_1_D,38,40,0.1,0.10526315789473684,0.10256410256410256,0.1,0.10526315789473684,0.10256410256410256,0.1,0.10526315789473684,0.10256410256410256,0.7105263157894737,0.6842105263157895,0.0
F04_0362_0002_2_D,38,41,0.04878048780487805,0.05263157894736842,0.05063291139240506,0.0975609756097561,0.10526315789473684,0.10126582278481013,0.12195121951219512,0.13157894736842105,0.12658227848101267,0.7105263157894737,0.6842105263157895,0.0
F04_0459_0001_1_D,29,27,0.037037037037037035,0.034482758620689655,0.03571428571428571,0.037037037037037035,0.034482758620689655,0.03571428571428571,0.07407407407407407,0.06896551724137931,0.07142857142857142,0.7931034482758621,0.7931034482758621,0.0
F04_0459_0001_2_D,29,27,0.0,0.0,0.0,0.0,0.0,0.0,0.0,0.0,0.0,0.7931034482758621,0.7931034482758621,0.0
F04_0459_0002_1_D,22,22,0.045454545454545456,0.045454545454545456,0.045454545454545456,0.045454545454545456,0.045454545454545456,0.045454545454545456,0.045454545454545456,0.045454545454545456,0.045454545454545456,0.7727272727272727,0.7727272727272727,0.0
F04_0459_0002_2_D,22,22,0.0,0.0,0.0,0.0,0.0,0.0,0.0,0.0,0.0,0.7727272727272727,0.7727272727272727,0.0
F04_0477_0001_1_D,35,36,0.25,0.2571428571428571,0.2535211267605634,0.25,0.2571428571428571,0.2535211267605634,0.2777777777777778,0.2857142857142857,0.28169014084507044,0.6857142857142857,0.6571428571428571,0.0
F04_0477_0001_2_D,35,36,0.027777777777777776,0.02857142857142857,0.028169014084507043,0.05555555555555555,0.05714285714285714,0.056338028169014086,0.05555555555555555,0.05714285714285714,0.056338028169014086,0.7714285714285715,0.7428571428571429,0.0
F04_0477_0002_1_D,22,22,0.18181818181818182,0.18181818181818182,0.18181818181818182,0.18181818181818182,0.18181818181818182,0.18181818181818182,0.18181818181818182,0.18181818181818182,0.18181818181818182,0.7727272727272727,0.7727272727272727,0.0
F04_0477_0002_2_D,22,23,0.21739130434782608,0.22727272727272727,0.22222222222222224,0.21739130434782608,0.22727272727272727,0.22222222222222224,0.21739130434782608,0.22727272727272727,0.22222222222222224,0.5909090909090909,0.5909090909090909,0.0
F04_0489_0001_1_D,24,25,0.12,0.125,0.12244897959183673,0.16,0.16666666666666666,0.16326530612244897,0.2,0.20833333333333334,0.20408163265306126,0.7083333333333334,0.6666666666666666,0.0
F04_0489_0001_2_D,24,24,0.041666666666666664,0.041666666666666664,0.041666666666666664,0.041666666666666664,0.041666666666666664,0.041666666666666664,0.041666666666666664,0.041666666666666664,0.041666666666666664,0.8333333333333334,0.8333333333333334,0.0
F04_0489_0002_1_D,24,24,0.125,0.125,0.125,0.125,0.125,0.125,0.20833333333333334,0.20833333333333334,0.20833333333333334,0.7083333333333334,0.7083333333333334,0.0
F04_0489_0002_2_D,24,24,0.08333333333333333,0.08333333333333333,0.08333333333333333,0.08333333333333333,0.08333333333333333,0.08333333333333333,0.08333333333333333,0.08333333333333333,0.08333333333333333,0.8333333333333334,0.8333333333333334,0.0
F05_0036_0001_1,24,26,0.038461538461538464,0.041666666666666664,0.04,0.038461538461538464,0.041666666666666664,0.04,0.038461538461538464,0.041666666666666664,0.04,0.7916666666666666,0.8333333333333334,0.0
F05_0047_0001_2_D,43,42,0.0,0.0,0.0,0.0,0.0,0.0,0.047619047619047616,0.046511627906976744,0.047058823529411764,0.6744186046511628,0.6744186046511628,0.0
F05_0095_0001_1_D,44,44,0.0,0.0,0.0,0.0,0.0,0.0,0.0,0.0,0.0,0.8636363636363636,0.8636363636363636,0.0
F05_0095_0001_2_D,44,44,0.0,0.0,0.0,0.0,0.0,0.0,0.0,0.0,0.0,0.8636363636363636,0.8636363636363636,0.0
F05_0113_0001_1_D,20,20,0.1,0.1,0.10000000000000002,0.1,0.1,0.10000000000000002,0.1,0.1,0.10000000000000002,0.75,0.75,0.0
F05_0126_0002_1_D,28,29,0.034482758620689655,0.03571428571428571,0.03508771929824562,0.034482758620689655,0.03571428571428571,0.03508771929824562,0.034482758620689655,0.03571428571428571,0.03508771929824562,0.8214285714285714,0.8214285714285714,0.0
F05_0126_0002_2_D,28,29,0.0,0.0,0.0,0.0,0.0,0.0,0.10344827586206896,0.10714285714285714,0.10526315789473684,0.75,0.75,0.03571428571428571
F05_0143_0002_1,23,24,0.0,0.0,0.0,0.0,0.0,0.0,0.0,0.0,0.0,0.8260869565217391,0.782608695652174,0.0
F05_0167_0001_1_D,19,19,0.0,0.0,0.0,0.0,0.0,0.0,0.0,0.0,0.0,0.8421052631578947,0.8421052631578947,0.0
F05_0167_0001_2_D,19,19,0.05263157894736842,0.05263157894736842,0.05263157894736842,0.05263157894736842,0.05263157894736842,0.05263157894736842,0.05263157894736842,0.05263157894736842,0.05263157894736842,0.7894736842105263,0.7894736842105263,0.0
F05_0195_0002_2_D,25,25,0.04,0.04,0.04,0.04,0.04,0.04,0.04,0.04,0.04,0.88,0.88,0.0
F05_0208_0001_1_D,20,20,0.2,0.2,0.20000000000000004,0.2,0.2,0.20000000000000004,0.25,0.25,0.25,0.75,0.75,0.0
F05_0208_0002_1_D,13,13,0.0,0.0,0.0,0.07692307692307693,0.07692307692307693,0.07692307692307693,0.07692307692307693,0.07692307692307693,0.07692307692307693,0.7692307692307693,0.7692307692307693,0.0
F05_0221_0001_2,20,19,0.0,0.0,0.0,0.0,0.0,0.0,0.05263157894736842,0.05,0.05128205128205128,0.8,0.8,0.0
F05_0221_0002_1_D,23,23,0.0,0.0,0.0,0.0,0.0,0.0,0.043478260869565216,0.043478260869565216,0.043478260869565216,0.8695652173913043,0.8695652173913043,0.0
F05_0233_0001_1_D,20,20,0.05,0.05,0.05000000000000001,0.05,0.05,0.05000000000000001,0.05,0.05,0.05000000000000001,0.85,0.85,0.0
F05_0233_0001_2_D,20,20,0.05,0.05,0.05000000000000001,0.05,0.05,0.05000000000000001,0.05,0.05,0.05000000000000001,0.75,0.75,0.0
F05_0265_0001_2_D,29,30,0.03333333333333333,0.034482758620689655,0.03389830508474576,0.06666666666666667,0.06896551724137931,0.06779661016949153,0.06666666666666667,0.06896551724137931,0.06779661016949153,0.8620689655172413,0.8275862068965517,0.0
F05_0265_0002_1_D,37,38,0.02631578947368421,0.02702702702702703,0.02666666666666667,0.10526315789473684,0.10810810810810811,0.10666666666666667,0.15789473684210525,0.16216216216216217,0.16,0.7297297297297297,0.7027027027027027,0.0
F05_0265_0002_2_D,37,37,0.0,0.0,0.0,0.02702702702702703,0.02702702702702703,0.02702702702702703,0.10810810810810811,0.10810810810810811,0.10810810810810811,0.8378378378378378,0.8378378378378378,0.0
F05_0353_0001_1_D,24,24,0.0,0.0,0.0,0.041666666666666664,0.041666666666666664,0.041666666666666664,0.08333333333333333,0.08333333333333333,0.08333333333333333,0.8333333333333334,0.8333333333333334,0.0
F05_0353_0001_2_D,24,24,0.041666666666666664,0.041666666666666664,0.041666666666666664,0.041666666666666664,0.041666666666666664,0.041666666666666664,0.041666666666666664,0.041666666666666664,0.041666666666666664,0.875,0.875,0.0
F05_0353_0002_1_D,26,26,0.0,0.0,0.0,0.07692307692307693,0.07692307692307693,0.07692307692307693,0.07692307692307693,0.07692307692307693,0.07692307692307693,0.8461538461538461,0.8461538461538461,0.0
F05_0355_0002_1_D,18,20,0.0,0.0,0.0,0.0,0.0,0.0,0.1,0.1111111111111111,0.10526315789473685,0.8888888888888888,0.8333333333333334,0.0
F05_0459_0002_2_D,22,22,0.0,0.0,0.0,0.0,0.0,0.0,0.045454545454545456,0.045454545454545456,0.045454545454545456,0.8181818181818182,0.8181818181818182,0.0
F05_0477_0001_1_D,35,35,0.02857142857142857,0.02857142857142857,0.02857142857142857,0.02857142857142857,0.02857142857142857,0.02857142857142857,0.08571428571428572,0.08571428571428572,0.08571428571428572,0.8,0.8,0.0
F05_0477_0001_2_D,35,35,0.11428571428571428,0.11428571428571428,0.11428571428571428,0.11428571428571428,0.11428571428571428,0.11428571428571428,0.11428571428571428,0.11428571428571428,0.11428571428571428,0.7714285714285715,0.7714285714285715,0.0
F05_0477_0002_1_D,22,22,0.0,0.0,0.0,0.0,0.0,0.0,0.0,0.0,0.0,0.8636363636363636,0.8636363636363636,0.0
F05_0477_0002_2_D,22,22,0.0,0.0,0.0,0.0,0.0,0.0,0.0,0.0,0.0,0.7727272727272727,0.7727272727272727,0.0
F05_0489_0001_1_D,24,24,0.041666666666666664,0.041666666666666664,0.041666666666666664,0.125,0.125,0.125,0.125,0.125,0.125,0.7083333333333334,0.7083333333333334,0.0
F05_0489_0001_2_D,24,24,0.041666666666666664,0.041666666666666664,0.041666666666666664,0.041666666666666664,0.041666666666666664,0.041666666666666664,0.125,0.125,0.125,0.7916666666666666,0.7916666666666666,0.0
F05_0489_0002_1_D,24,25,0.0,0.0,0.0,0.0,0.0,0.0,0.08,0.08333333333333333,0.08163265306122448,0.7916666666666666,0.75,0.0
F05_0489_0002_2_D,24,24,0.041666666666666664,0.041666666666666664,0.041666666666666664,0.041666666666666664,0.041666666666666664,0.041666666666666664,0.08333333333333333,0.08333333333333333,0.08333333333333333,0.7916666666666666,0.7916666666666666,0.0
M01_0024_0001_1,18,25,0.0,0.0,0.0,0.0,0.0,0.0,0.0,0.0,0.0,0.8888888888888888,0.8888888888888888,0.0
M01_0024_0002_1,18,27,0.0,0.0,0.0,0.0,0.0,0.0,0.0,0.0,0.0,0.9444444444444444,0.8888888888888888,0.0
M01_0024_0002_2,18,37,0.0,0.0,0.0,0.0,0.0,0.0,0.02702702702702703,0.05555555555555555,0.03636363636363636,0.8333333333333334,0.7777777777777778,0.0
M01_0024_0003_1,18,31,0.0,0.0,0.0,0.0,0.0,0.0,0.16129032258064516,0.2777777777777778,0.20408163265306123,0.8888888888888888,0.7222222222222222,0.0
M01_0036_0001_1,24,24,0.0,0.0,0.0,0.0,0.0,0.0,0.7916666666666666,0.7916666666666666,0.7916666666666666,0.25,0.25,0.0
M01_0036_0001_2,24,23,0.0,0.0,0.0,0.0,0.0,0.0,0.8260869565217391,0.7916666666666666,0.8085106382978724,0.16666666666666666,0.08333333333333333,0.0
M01_0036_0002_1,24,24,0.0,0.0,0.0,0.0,0.0,0.0,0.7083333333333334,0.7083333333333334,0.7083333333333334,0.3333333333333333,0.25,0.0
M01_0036_0002_2,24,25,0.0,0.0,0.0,0.0,0.0,0.0,0.48,0.5,0.4897959183673469,0.3333333333333333,0.3333333333333333,0.0
M01_0047_0001_1_D,43,39,0.0,0.0,0.0,0.0,0.0,0.0,0.3076923076923077,0.27906976744186046,0.2926829268292683,0.5813953488372093,0.5813953488372093,0.0
M01_0047_0001_2_D,43,42,0.0,0.0,0.0,0.0,0.0,0.0,0.30952380952380953,0.3023255813953488,0.3058823529411765,0.5581395348837209,0.5348837209302325,0.0
M01_0047_0002_1_D,23,22,0.0,0.0,0.0,0.0,0.0,0.0,0.5454545454545454,0.5217391304347826,0.5333333333333332,0.7391304347826086,0.7391304347826086,0.0
M01_0047_0002_2_D,23,23,0.0,0.0,0.0,0.0,0.0,0.0,0.4782608695652174,0.4782608695652174,0.4782608695652174,0.8260869565217391,0.8260869565217391,0.0
M01_0052_0001_1,22,24,0.0,0.0,0.0,0.0,0.0,0.0,0.08333333333333333,0.09090909090909091,0.08695652173913043,0.7727272727272727,0.7727272727272727,0.0
M01_0052_0001_2,22,24,0.0,0.0,0.0,0.0,0.0,0.0,0.125,0.13636363636363635,0.13043478260869565,0.7272727272727273,0.7272727272727273,0.0
M01_0052_0002_1,22,24,0.0,0.0,0.0,0.0,0.0,0.0,0.0,0.0,0.0,0.7272727272727273,0.7272727272727273,0.0
M01_0052_0003_1,22,24,0.0,0.0,0.0,0.0,0.0,0.0,0.375,0.4090909090909091,0.3913043478260869,0.7272727272727273,0.6818181818181818,0.0
M01_0052_0003_2,22,30,0.0,0.0,0.0,0.0,0.0,0.0,0.13333333333333333,0.18181818181818182,0.15384615384615383,0.7727272727272727,0.7272727272727273,0.0
M01_0067_0001_1,22,26,0.0,0.0,0.0,0.0,0.0,0.0,0.15384615384615385,0.18181818181818182,0.16666666666666669,0.7272727272727273,0.7727272727272727,0.0
M01_0067_0001_2,22,21,0.0,0.0,0.0,0.0,0.0,0.0,0.2857142857142857,0.2727272727272727,0.2790697674418604,0.5909090909090909,0.5909090909090909,0.0
M01_0067_0002_1,48,53,0.0,0.0,0.0,0.0,0.0,0.0,0.4716981132075472,0.5208333333333334,0.49504950495049505,0.6458333333333334,0.6458333333333334,0.020833333333333332
M01_0067_0002_2,48,47,0.0,0.0,0.0,0.0,0.0,0.0,0.19148936170212766,0.1875,0.18947368421052632,0.7708333333333334,0.75,0.0
M01_0095_0001_1,44,49,0.0,0.0,0.0,0.0,0.0,0.0,0.40816326530612246,0.45454545454545453,0.4301075268817204,0.8863636363636364,0.8636363636363636,0.0
M01_0095_0001_2,44,49,0.0,0.0,0.0,0.0,0.0,0.0,0.6530612244897959,0.7272727272727273,0.6881720430107526,0.8409090909090909,0.7727272727272727,0.0
M01_0095_0002_1_D,22,25,0.0,0.0,0.0,0.0,0.0,0.0,0.56,0.6363636363636364,0.5957446808510639,0.5454545454545454,0.36363636363636365,0.0
M01_0095_0002_2_D,22,25,0.0,0.0,0.0,0.0,0.0,0.0,0.52,0.5909090909090909,0.5531914893617023,0.7272727272727273,0.6363636363636364,0.0
M01_0095_0003_1_D,22,26,0.0,0.0,0.0,0.0,0.0,0.0,0.6153846153846154,0.7272727272727273,0.6666666666666667,0.4090909090909091,0.3181818181818182,0.0
M01_0095_0003_2,22,28,0.0,0.0,0.0,0.0,0.0,0.0,0.6071428571428571,0.7727272727272727,0.68,0.6818181818181818,0.6363636363636364,0.0
M01_0113_0002_1_D,22,22,0.0,0.0,0.0,0.0,0.0,0.0,0.6818181818181818,0.6818181818181818,0.6818181818181818,0.4090909090909091,0.45454545454545453,0.0
M01_0113_0002_2_D,22,23,0.0,0.0,0.0,0.0,0.0,0.0,0.5652173913043478,0.5909090909090909,0.5777777777777778,0.2727272727272727,0.2727272727272727,0.0
M01_0113_0003_1_D,24,25,0.0,0.0,0.0,0.0,0.0,0.0,0.72,0.75,0.7346938775510204,0.25,0.25,0.0
M01_0113_0003_2_D,24,27,0.0,0.0,0.0,0.0,0.0,0.0,0.7037037037037037,0.7916666666666666,0.7450980392156864,0.625,0.5833333333333334,0.041666666666666664
M01_0126_0001_1,28,30,0.0,0.0,0.0,0.0,0.0,0.0,0.13333333333333333,0.14285714285714285,0.1379310344827586,0.6071428571428571,0.6071428571428571,0.0
M01_0126_0001_2,28,31,0.0,0.0,0.0,0.0,0.0,0.0,0.1935483870967742,0.21428571428571427,0.20338983050847456,0.6428571428571429,0.6071428571428571,0.0
M01_0126_0002_1,28,31,0.0,0.0,0.0,0.0,0.0,0.0,0.12903225806451613,0.14285714285714285,0.13559322033898305,0.6428571428571429,0.5714285714285714,0.0
M01_0126_0002_2,28,31,0.0,0.0,0.0,0.0,0.0,0.0,0.22580645161290322,0.25,0.23728813559322032,0.6428571428571429,0.6071428571428571,0.0
M01_0126_0003_1_D,26,27,0.0,0.0,0.0,0.0,0.0,0.0,0.14814814814814814,0.15384615384615385,0.1509433962264151,0.5384615384615384,0.5769230769230769,0.0
M01_0126_0003_2_D,26,32,0.0,0.0,0.0,0.0,0.0,0.0,0.21875,0.2692307692307692,0.2413793103448276,0.5384615384615384,0.5384615384615384,0.0
M01_0143_0001_1,34,34,0.0,0.0,0.0,0.0,0.0,0.0,0.6176470588235294,0.6176470588235294,0.6176470588235294,0.4117647058823529,0.38235294117647056,0.0
M01_0143_0001_2,34,31,0.0,0.0,0.0,0.0,0.0,0.0,0.6451612903225806,0.5882352941176471,0.6153846153846154,0.6176470588235294,0.6470588235294118,0.0
M01_0143_0002_1,23,23,0.0,0.0,0.0,0.0,0.0,0.0,0.7391304347826086,0.7391304347826086,0.7391304347826085,0.5652173913043478,0.5652173913043478,0.0
M01_0143_0002_2,23,25,0.0,0.0,0.0,0.0,0.0,0.0,0.52,0.5652173913043478,0.5416666666666667,0.8695652173913043,0.8695652173913043,0.0
M01_0149_0001_1,32,31,0.0,0.0,0.0,0.0,0.0,0.0,0.22580645161290322,0.21875,0.2222222222222222,0.78125,0.78125,0.0
M01_0149_0001_2,32,31,0.0,0.0,0.0,0.0,0.0,0.0,0.25806451612903225,0.25,0.25396825396825395,0.78125,0.75,0.0
M01_0149_0002_1,32,34,0.0,0.0,0.0,0.0,0.0,0.0,0.2647058823529412,0.28125,0.27272727272727276,0.78125,0.71875,0.0
M01_0149_0002_2,32,34,0.0,0.0,0.0,0.0,0.0,0.0,0.29411764705882354,0.3125,0.30303030303030304,0.78125,0.75,0.0
M01_0167_0001_1,19,24,0.0,0.0,0.0,0.0,0.0,0.0,0.041666666666666664,0.05263157894736842,0.04651162790697675,0.8947368421052632,0.8421052631578947,0.0
M01_0167_0001_2,19,22,0.0,0.0,0.0,0.0,0.0,0.0,0.0,0.0,0.0,0.7894736842105263,0.7894736842105263,0.0
M01_0167_0002_1,17,25,0.0,0.0,0.0,0.0,0.0,0.0,0.04,0.058823529411764705,0.04761904761904763,0.9411764705882353,0.8823529411764706,0.0
M01_0167_0002_2,17,20,0.0,0.0,0.0,0.0,0.0,0.0,0.0,0.0,0.0,0.8823529411764706,0.8823529411764706,0.0
M01_0190_0001_1,21,24,0.0,0.0,0.0,0.0,0.0,0.0,0.0,0.0,0.0,0.8095238095238095,0.8095238095238095,0.0
M01_0190_0001_2,21,24,0.0,0.0,0.0,0.0,0.0,0.0,0.125,0.14285714285714285,0.13333333333333333,0.7619047619047619,0.7619047619047619,0.0
M01_0190_0002_2,19,23,0.0,0.0,0.0,0.0,0.0,0.0,0.391304347826087,0.47368421052631576,0.42857142857142855,0.7368421052631579,0.631578947368421,0.0
M01_0195_0001_1_D,27,27,0.0,0.0,0.0,0.0,0.0,0.0,0.9259259259259259,0.9259259259259259,0.9259259259259259,0.18518518518518517,0.14814814814814814,0.0
M01_0195_0001_2,27,29,0.0,0.0,0.0,0.0,0.0,0.0,0.896551724137931,0.9629629629629629,0.9285714285714286,0.1111111111111111,0.07407407407407407,0.0
M01_0195_0002_1_D,25,26,0.0,0.0,0.0,0.0,0.0,0.0,0.7307692307692307,0.76,0.7450980392156863,0.24,0.16,0.04
M01_0195_0002_2,25,25,0.0,0.0,0.0,0.0,0.0,0.0,0.88,0.88,0.88,0.16,0.08,0.0
M01_0208_0001_1,20,25,0.0,0.0,0.0,0.0,0.0,0.0,0.16,0.2,0.17777777777777778,0.7,0.7,0.05
M01_0221_0001_1_D,20,21,0.0,0.0,0.0,0.0,0.0,0.0,0.23809523809523808,0.25,0.24390243902439024,0.75,0.75,0.0
M01_0221_0001_2_D,20,18,0.0,0.0,0.0,0.0,0.0,0.0,0.05555555555555555,0.05,0.052631578947368425,0.7,0.7,0.0
M01_0221_0002_1_D,23,22,0.0,0.0,0.0,0.0,0.0,0.0,0.5909090909090909,0.5652173913043478,0.5777777777777778,0.6956521739130435,0.6956521739130435,0.0
M01_0221_0002_2,23,27,0.0,0.0,0.0,0.0,0.0,0.0,0.2962962962962963,0.34782608695652173,0.31999999999999995,0.782608695652174,0.7391304347826086,0.043478260869565216
M01_0233_0001_1,20,30,0.0,0.0,0.0,0.0,0.0,0.0,0.23333333333333334,0.35,0.28,0.65,0.5,0.1
M01_0233_0001_2,20,21,0.0,0.0,0.0,0.0,0.0,0.0,0.19047619047619047,0.2,0.1951219512195122,0.6,0.6,0.0
M01_0233_0002_1,36,40,0.0,0.0,0.0,0.0,0.0,0.0,0.1,0.1111111111111111,0.10526315789473685,0.5555555555555556,0.5555555555555556,0.027777777777777776
M01_0233_0002_2,36,39,0.0,0.0,0.0,0.0,0.0,0.0,0.07692307692307693,0.08333333333333333,0.08,0.5555555555555556,0.6111111111111112,0.0
M01_0265_0001_1_D,29,31,0.0,0.0,0.0,0.0,0.0,0.0,0.22580645161290322,0.2413793103448276,0.23333333333333334,0.5862068965517241,0.5862068965517241,0.0
M01_0265_0001_2_D,29,34,0.0,0.0,0.0,0.0,0.0,0.0,0.4117647058823529,0.4827586206896552,0.4444444444444445,0.7586206896551724,0.7241379310344828,0.0
M01_0265_0002_1_D,37,36,0.0,0.0,0.0,0.0,0.0,0.0,0.1388888888888889,0.13513513513513514,0.136986301369863,0.6216216216216216,0.6486486486486487,0.0
M01_0265_0002_2_D,37,37,0.0,0.0,0.0,0.0,0.0,0.0,0.13513513513513514,0.13513513513513514,0.13513513513513514,0.6486486486486487,0.6486486486486487,0.02702702702702703
M01_0329_0001_1,18,16,0.0,0.0,0.0,0.0,0.0,0.0,0.375,0.3333333333333333,0.35294117647058826,0.5,0.3333333333333333,0.0
M01_0329_0001_2,18,16,0.0,0.0,0.0,0.0,0.0,0.0,0.1875,0.16666666666666666,0.17647058823529413,0.7222222222222222,0.6666666666666666,0.0
M01_0329_0002_1,21,20,0.0,0.0,0.0,0.0,0.0,0.0,0.45,0.42857142857142855,0.4390243902439024,0.38095238095238093,0.42857142857142855,0.047619047619047616
M01_0329_0002_2,21,21,0.0,0.0,0.0,0.0,0.0,0.0,0.38095238095238093,0.38095238095238093,0.38095238095238093,0.38095238095238093,0.38095238095238093,0.09523809523809523
M01_0347_0001_1_D,30,35,0.0,0.0,0.0,0.0,0.0,0.0,0.34285714285714286,0.4,0.36923076923076925,0.7333333333333333,0.7,0.03333333333333333
M01_0347_0001_2_D,30,35,0.0,0.0,0.0,0.0,0.0,0.0,0.34285714285714286,0.4,0.36923076923076925,0.7,0.6333333333333333,0.0
M01_0347_0002_2,37,38,0.0,0.0,0.0,0.0,0.0,0.0,0.47368421052631576,0.4864864864864865,0.4799999999999999,0.35135135135135137,0.32432432432432434,0.0
M01_0353_0001_1,24,30,0.0,0.0,0.0,0.0,0.0,0.0,0.1,0.125,0.11111111111111112,0.7083333333333334,0.7083333333333334,0.0
M01_0353_0001_2,24,29,0.0,0.0,0.0,0.0,0.0,0.0,0.20689655172413793,0.25,0.22641509433962265,0.7083333333333334,0.6666666666666666,0.0
M01_0353_0002_1_D,26,28,0.0,0.0,0.0,0.0,0.0,0.0,0.10714285714285714,0.11538461538461539,0.11111111111111112,0.6538461538461539,0.5769230769230769,0.0
M01_0353_0002_2_D,26,28,0.0,0.0,0.0,0.0,0.0,0.0,0.14285714285714285,0.15384615384615385,0.14814814814814817,0.6923076923076923,0.6153846153846154,0.0
M01_0355_0001_1,18,24,0.0,0.0,0.0,0.0,0.0,0.0,0.20833333333333334,0.2777777777777778,0.2380952380952381,0.8333333333333334,0.7777777777777778,0.05555555555555555
M01_0355_0001_2,18,19,0.0,0.0,0.0,0.0,0.0,0.0,0.10526315789473684,0.1111111111111111,0.10810810810810811,0.8333333333333334,0.7777777777777778,0.0
M01_0355_0002_1,18,27,0.0,0.0,0.0,0.0,0.0,0.0,0.1111111111111111,0.16666666666666666,0.13333333333333333,0.8888888888888888,0.7777777777777778,0.0
M01_0355_0002_2,18,26,0.0,0.0,0.0,0.0,0.0,0.0,0.11538461538461539,0.16666666666666666,0.13636363636363638,0.8888888888888888,0.8888888888888888,0.0
M01_0362_0001_1,39,56,0.0,0.0,0.0,0.0,0.0,0.0,0.08928571428571429,0.1282051282051282,0.10526315789473684,0.8717948717948718,0.7948717948717948,0.02564102564102564
M01_0362_0001_2,39,53,0.0,0.0,0.0,0.0,0.0,0.0,0.07547169811320754,0.10256410256410256,0.08695652173913043,0.8717948717948718,0.8717948717948718,0.02564102564102564
M01_0362_0002_2,38,47,0.0,0.0,0.0,0.0,0.0,0.0,0.06382978723404255,0.07894736842105263,0.07058823529411763,0.8947368421052632,0.8947368421052632,0.02631578947368421
M01_0459_0001_1,29,30,0.0,0.0,0.0,0.0,0.0,0.0,0.6333333333333333,0.6551724137931034,0.6440677966101694,0.5862068965517241,0.5172413793103449,0.0
M01_0459_0001_2,29,28,0.0,0.0,0.0,0.0,0.0,0.0,0.8214285714285714,0.7931034482758621,0.8070175438596492,0.3103448275862069,0.3103448275862069,0.0
M01_0459_0002_1,22,21,0.0,0.0,0.0,0.0,0.0,0.0,0.6190476190476191,0.5909090909090909,0.6046511627906977,0.3181818181818182,0.3181818181818182,0.0
M01_0459_0002_2,22,21,0.0,0.0,0.0,0.0,0.0,0.0,0.6666666666666666,0.6363636363636364,0.6511627906976744,0.2727272727272727,0.3181818181818182,0.0
M01_0477_0001_1,35,45,0.0,0.0,0.0,0.0,0.0,0.0,0.15555555555555556,0.2,0.17500000000000002,0.8,0.7428571428571429,0.11428571428571428
M01_0477_0002_1,22,25,0.0,0.0,0.0,0.0,0.0,0.0,0.28,0.3181818181818182,0.29787234042553196,0.7272727272727273,0.6363636363636364,0.0
M01_0477_0002_2,22,28,0.0,0.0,0.0,0.0,0.0,0.0,0.2857142857142857,0.36363636363636365,0.32,0.8636363636363636,0.6818181818181818,0.045454545454545456
M01_0489_0001_1,24,25,0.0,0.0,0.0,0.0,0.0,0.0,0.12,0.125,0.12244897959183673,0.6666666666666666,0.5416666666666666,0.0
M01_0489_0001_2,24,27,0.0,0.0,0.0,0.0,0.0,0.0,0.14814814814814814,0.16666666666666666,0.15686274509803924,0.5833333333333334,0.5,0.0
M01_0489_0002_2,24,25,0.0,0.0,0.0,0.0,0.0,0.0,0.12,0.125,0.12244897959183673,0.7083333333333334,0.625,0.0
M02_0024_0001_1,18,20,0.0,0.0,0.0,0.0,0.0,0.0,0.2,0.2222222222222222,0.2105263157894737,0.4444444444444444,0.4444444444444444,0.0
M02_0024_0001_2,18,24,0.0,0.0,0.0,0.0,0.0,0.0,0.0,0.0,0.0,0.6111111111111112,0.5,0.0
M02_0024_0002_1,18,24,0.0,0.0,0.0,0.0,0.0,0.0,0.041666666666666664,0.05555555555555555,0.04761904761904762,0.6666666666666666,0.6666666666666666,0.0
M02_0024_0002_2,18,22,0.0,0.0,0.0,0.0,0.0,0.0,0.13636363636363635,0.16666666666666666,0.15,0.5555555555555556,0.5555555555555556,0.0
M02_0024_0003_1_D,18,22,0.0,0.0,0.0,0.0,0.0,0.0,0.18181818181818182,0.2222222222222222,0.19999999999999998,0.5,0.4444444444444444,0.0
M02_0024_0003_2_D,18,23,0.0,0.0,0.0,0.0,0.0,0.0,0.043478260869565216,0.05555555555555555,0.04878048780487805,0.5,0.3333333333333333,0.0
M02_0036_0001_1,24,20,0.0,0.0,0.0,0.0,0.0,0.0,0.6,0.5,0.5454545454545454,0.25,0.20833333333333334,0.0
M02_0036_0002_1,24,21,0.0,0.0,0.0,0.0,0.0,0.0,0.5714285714285714,0.5,0.5333333333333333,0.25,0.16666666666666666,0.0
M02_0047_0001_1_D,43,37,0.0,0.0,0.0,0.0,0.0,0.0,0.4864864864864865,0.4186046511627907,0.45,0.3953488372093023,0.3953488372093023,0.0
M02_0047_0001_2_D,43,44,0.0,0.0,0.0,0.0,0.0,0.0,0.2727272727272727,0.27906976744186046,0.2758620689655172,0.5813953488372093,0.6976744186046512,0.0
M02_0047_0002_1_D,23,22,0.0,0.0,0.0,0.0,0.0,0.0,0.3181818181818182,0.30434782608695654,0.31111111111111117,0.4782608695652174,0.4782608695652174,0.0
M02_0047_0002_2_D,23,24,0.0,0.0,0.0,0.0,0.0,0.0,0.16666666666666666,0.17391304347826086,0.1702127659574468,0.5652173913043478,0.5652173913043478,0.0
M02_0052_0001_1,22,36,0.0,0.0,0.0,0.0,0.0,0.0,0.1388888888888889,0.22727272727272727,0.1724137931034483,0.5454545454545454,0.6363636363636364,0.0
M02_0052_0001_2,22,30,0.0,0.0,0.0,0.0,0.0,0.0,0.23333333333333334,0.3181818181818182,0.2692307692307693,0.5454545454545454,0.5,0.0
M02_0052_0002_1,22,35,0.0,0.0,0.0,0.0,0.0,0.0,0.14285714285714285,0.22727272727272727,0.17543859649122806,0.6363636363636364,0.6363636363636364,0.0
M02_0052_0002_2,22,34,0.0,0.0,0.0,0.0,0.0,0.0,0.2647058823529412,0.4090909090909091,0.3214285714285714,0.5,0.36363636363636365,0.0
M02_0052_0003_1,22,36,0.0,0.0,0.0,0.0,0.0,0.0,0.05555555555555555,0.09090909090909091,0.06896551724137931,0.5909090909090909,0.45454545454545453,0.0
M02_0052_0003_2,22,33,0.0,0.0,0.0,0.0,0.0,0.0,0.09090909090909091,0.13636363636363635,0.10909090909090909,0.45454545454545453,0.5454545454545454,0.0
M02_0067_0001_1,22,20,0.0,0.0,0.0,0.0,0.0,0.0,0.1,0.09090909090909091,0.09523809523809525,0.5,0.6363636363636364,0.0
M02_0067_0001_2,22,22,0.0,0.0,0.0,0.0,0.0,0.0,0.22727272727272727,0.22727272727272727,0.22727272727272727,0.45454545454545453,0.45454545454545453,0.0
M02_0067_0002_1,48,49,0.0,0.0,0.0,0.0,0.0,0.0,0.14285714285714285,0.14583333333333334,0.1443298969072165,0.5416666666666666,0.5625,0.0
M02_0067_0002_2,48,49,0.0,0.0,0.0,0.0,0.0,0.0,0.10204081632653061,0.10416666666666667,0.10309278350515465,0.5625,0.6041666666666666,0.0
M02_0095_0001_1_D,44,45,0.0,0.0,0.0,0.0,0.0,0.0,0.13333333333333333,0.13636363636363635,0.13483146067415733,0.5681818181818182,0.6136363636363636,0.0
M02_0095_0001_2_D,44,45,0.0,0.0,0.0,0.0,0.0,0.0,0.022222222222222223,0.022727272727272728,0.02247191011235955,0.5909090909090909,0.6590909090909091,0.0
M02_0095_0002_1_D,22,23,0.0,0.0,0.0,0.0,0.0,0.0,0.17391304347826086,0.18181818181818182,0.17777777777777776,0.5909090909090909,0.6818181818181818,0.0
M02_0095_0002_2_D,22,23,0.0,0.0,0.0,0.0,0.0,0.0,0.08695652173913043,0.09090909090909091,0.08888888888888888,0.6363636363636364,0.6818181818181818,0.0
M02_0095_0003_1_D,22,24,0.0,0.0,0.0,0.0,0.0,0.0,0.041666666666666664,0.045454545454545456,0.043478260869565216,0.7272727272727273,0.7727272727272727,0.0
M02_0095_0003_2_D,22,23,0.0,0.0,0.0,0.0,0.0,0.0,0.13043478260869565,0.13636363636363635,0.1333333333333333,0.6818181818181818,0.7272727272727273,0.0
M02_0113_0001_1_D,20,20,0.0,0.0,0.0,0.0,0.0,0.0,0.4,0.4,0.4000000000000001,0.3,0.35,0.0
M02_0113_0001_2_D,20,20,0.0,0.0,0.0,0.0,0.0,0.0,0.4,0.4,0.4000000000000001,0.4,0.45,0.0
M02_0113_0002_1_D,22,22,0.0,0.0,0.0,0.0,0.0,0.0,0.2727272727272727,0.2727272727272727,0.2727272727272727,0.3181818181818182,0.36363636363636365,0.0
M02_0113_0002_2_D,22,22,0.0,0.0,0.0,0.0,0.0,0.0,0.13636363636363635,0.13636363636363635,0.13636363636363635,0.4090909090909091,0.5,0.0
M02_0113_0003_1_D,24,23,0.0,0.0,0.0,0.0,0.0,0.0,0.4782608695652174,0.4583333333333333,0.4680851063829787,0.375,0.4166666666666667,0.041666666666666664
M02_0113_0003_2_D,24,22,0.0,0.0,0.0,0.0,0.0,0.0,0.45454545454545453,0.4166666666666667,0.43478260869565216,0.2916666666666667,0.375,0.0
M02_0126_0001_1,28,32,0.0,0.0,0.0,0.0,0.0,0.0,0.09375,0.10714285714285714,0.09999999999999999,0.5,0.39285714285714285,0.0
M02_0126_0001_2,28,30,0.0,0.0,0.0,0.0,0.0,0.0,0.36666666666666664,0.39285714285714285,0.3793103448275862,0.39285714285714285,0.35714285714285715,0.0
M02_0126_0001_2_D,28,25,0.0,0.0,0.0,0.0,0.0,0.0,0.24,0.21428571428571427,0.2264150943396226,0.2857142857142857,0.32142857142857145,0.0
M02_0126_0002_1,28,29,0.0,0.0,0.0,0.0,0.0,0.0,0.27586206896551724,0.2857142857142857,0.28070175438596495,0.32142857142857145,0.2857142857142857,0.0
M02_0126_0003_1_D,26,27,0.0,0.0,0.0,0.0,0.0,0.0,0.18518518518518517,0.19230769230769232,0.18867924528301885,0.5,0.5384615384615384,0.0
M02_0126_0003_2_D,26,27,0.0,0.0,0.0,0.0,0.0,0.0,0.2222222222222222,0.23076923076923078,0.22641509433962265,0.38461538461538464,0.4230769230769231,0.0
M02_0143_0001_1,34,39,0.0,0.0,0.0,0.0,0.0,0.0,0.358974358974359,0.4117647058823529,0.3835616438356165,0.5294117647058824,0.5588235294117647,0.0
M02_0143_0001_2,34,39,0.0,0.0,0.0,0.0,0.0,0.0,0.358974358974359,0.4117647058823529,0.3835616438356165,0.5294117647058824,0.5588235294117647,0.0
M02_0143_0002_1,23,23,0.0,0.0,0.0,0.0,0.0,0.0,0.13043478260869565,0.13043478260869565,0.13043478260869565,0.6086956521739131,0.6956521739130435,0.0
M02_0143_0002_2,23,23,0.0,0.0,0.0,0.0,0.0,0.0,0.13043478260869565,0.13043478260869565,0.13043478260869565,0.6086956521739131,0.6956521739130435,0.0
M02_0149_0001_1,32,29,0.0,0.0,0.0,0.0,0.0,0.0,0.3793103448275862,0.34375,0.36065573770491804,0.28125,0.3125,0.1875
M02_0149_0001_2,32,29,0.0,0.0,0.0,0.0,0.0,0.0,0.3793103448275862,0.34375,0.36065573770491804,0.25,0.34375,0.21875
M02_0149_0002_1,32,33,0.0,0.0,0.0,0.0,0.0,0.0,0.12121212121212122,0.125,0.12307692307692308,0.4375,0.375,0.09375
M02_0149_0002_2,32,36,0.0,0.0,0.0,0.0,0.0,0.0,0.19444444444444445,0.21875,0.2058823529411765,0.5,0.40625,0.0625
M02_0167_0001_1_D,19,25,0.0,0.0,0.0,0.0,0.0,0.0,0.28,0.3684210526315789,0.3181818181818182,0.8421052631578947,0.7894736842105263,0.0
M02_0167_0001_2_D,19,21,0.0,0.0,0.0,0.0,0.0,0.0,0.19047619047619047,0.21052631578947367,0.2,0.631578947368421,0.7368421052631579,0.0
M02_0167_0002_1_D,17,19,0.0,0.0,0.0,0.0,0.0,0.0,0.10526315789473684,0.11764705882352941,0.1111111111111111,0.5882352941176471,0.5294117647058824,0.0
M02_0167_0002_2_D,17,19,0.0,0.0,0.0,0.0,0.0,0.0,0.10526315789473684,0.11764705882352941,0.1111111111111111,0.5294117647058824,0.47058823529411764,0.0
M02_0190_0001_1,21,21,0.0,0.0,0.0,0.0,0.0,0.0,0.09523809523809523,0.09523809523809523,0.09523809523809523,0.5238095238095238,0.5714285714285714,0.0
M02_0190_0001_2,21,21,0.0,0.0,0.0,0.0,0.0,0.0,0.09523809523809523,0.09523809523809523,0.09523809523809523,0.5238095238095238,0.5714285714285714,0.0
M02_0190_0002_1,19,20,0.0,0.0,0.0,0.0,0.0,0.0,0.4,0.42105263157894735,0.41025641025641024,0.47368421052631576,0.42105263157894735,0.0
M02_0190_0002_2,19,20,0.0,0.0,0.0,0.0,0.0,0.0,0.4,0.42105263157894735,0.41025641025641024,0.47368421052631576,0.3684210526315789,0.0
M02_0195_0001_1_D,27,26,0.0,0.0,0.0,0.0,0.0,0.0,0.15384615384615385,0.14814814814814814,0.1509433962264151,0.6296296296296297,0.6296296296296297,0.037037037037037035
M02_0195_0001_2_D,27,26,0.0,0.0,0.0,0.0,0.0,0.0,0.15384615384615385,0.14814814814814814,0.1509433962264151,0.6296296296296297,0.6296296296296297,0.037037037037037035
M02_0195_0002_1_D,25,25,0.0,0.0,0.0,0.0,0.0,0.0,0.16,0.16,0.16,0.52,0.52,0.0
M02_0195_0002_2_D,25,25,0.0,0.0,0.0,0.0,0.0,0.0,0.16,0.16,0.16,0.52,0.52,0.0
M02_0208_0001_1_D,20,20,0.0,0.0,0.0,0.0,0.0,0.0,0.05,0.05,0.05000000000000001,0.4,0.4,0.0
M02_0208_0001_2_D,20,20,0.0,0.0,0.0,0.0,0.0,0.0,0.05,0.05,0.05000000000000001,0.4,0.4,0.0
M02_0208_0002_1_D,13,13,0.0,0.0,0.0,0.0,0.0,0.0,0.15384615384615385,0.15384615384615385,0.15384615384615385,0.6153846153846154,0.6153846153846154,0.0
M02_0208_0002_2_D,13,13,0.0,0.0,0.0,0.0,0.0,0.0,0.15384615384615385,0.15384615384615385,0.15384615384615385,0.6153846153846154,0.6153846153846154,0.0
M02_0221_0001_1_D,20,19,0.0,0.0,0.0,0.0,0.0,0.0,0.05263157894736842,0.05,0.05128205128205128,0.35,0.4,0.0
M02_0221_0001_2_D,20,19,0.0,0.0,0.0,0.0,0.0,0.0,0.05263157894736842,0.05,0.05128205128205128,0.4,0.45,0.0
M02_0221_0002_1_D,23,26,0.0,0.0,0.0,0.0,0.0,0.0,0.07692307692307693,0.08695652173913043,0.08163265306122448,0.6086956521739131,0.6521739130434783,0.0
M02_0221_0002_2_D,23,24,0.0,0.0,0.0,0.0,0.0,0.0,0.08333333333333333,0.08695652173913043,0.0851063829787234,0.6521739130434783,0.6956521739130435,0.0
M02_0233_0001_1_D,20,23,0.0,0.0,0.0,0.0,0.0,0.0,0.17391304347826086,0.2,0.18604651162790697,0.55,0.5,0.05
M02_0233_0001_2_D,20,23,0.0,0.0,0.0,0.0,0.0,0.0,0.17391304347826086,0.2,0.18604651162790697,0.55,0.5,0.05
M02_0233_0002_1,36,44,0.0,0.0,0.0,0.0,0.0,0.0,0.18181818181818182,0.2222222222222222,0.19999999999999998,0.5555555555555556,0.5555555555555556,0.08333333333333333
M02_0233_0002_2,36,39,0.0,0.0,0.0,0.0,0.0,0.0,0.3076923076923077,0.3333333333333333,0.32,0.4166666666666667,0.3888888888888889,0.0
M02_0265_0001_1_D,29,31,0.0,0.0,0.0,0.0,0.0,0.0,0.22580645161290322,0.2413793103448276,0.23333333333333334,0.4827586206896552,0.4827586206896552,0.0
M02_0265_0001_2_D,29,31,0.0,0.0,0.0,0.0,0.0,0.0,0.22580645161290322,0.2413793103448276,0.23333333333333334,0.4827586206896552,0.4827586206896552,0.0
M02_0265_0002_1_D,37,38,0.0,0.0,0.0,0.0,0.0,0.0,0.10526315789473684,0.10810810810810811,0.10666666666666667,0.5945945945945946,0.6756756756756757,0.0
M02_0265_0002_2_D,37,38,0.0,0.0,0.0,0.0,0.0,0.0,0.10526315789473684,0.10810810810810811,0.10666666666666667,0.5945945945945946,0.6756756756756757,0.0
M02_0329_0001_1,18,15,0.0,0.0,0.0,0.0,0.0,0.0,0.13333333333333333,0.1111111111111111,0.1212121212121212,0.4444444444444444,0.5,0.0
M02_0329_0001_2,18,15,0.0,0.0,0.0,0.0,0.0,0.0,0.13333333333333333,0.1111111111111111,0.1212121212121212,0.4444444444444444,0.5,0.0
M02_0329_0002_1,21,21,0.0,0.0,0.0,0.0,0.0,0.0,0.47619047619047616,0.47619047619047616,0.47619047619047616,0.2857142857142857,0.38095238095238093,0.09523809523809523
M02_0329_0002_2,21,21,0.0,0.0,0.0,0.0,0.0,0.0,0.47619047619047616,0.47619047619047616,0.47619047619047616,0.23809523809523808,0.3333333333333333,0.09523809523809523
M02_0347_0001_1_D,30,26,0.0,0.0,0.0,0.0,0.0,0.0,0.15384615384615385,0.13333333333333333,0.14285714285714288,0.5,0.5,0.0
M02_0347_0001_2_D,30,26,0.0,0.0,0.0,0.0,0.0,0.0,0.15384615384615385,0.13333333333333333,0.14285714285714288,0.5,0.5,0.0
M02_0347_0002_1_D,37,37,0.0,0.0,0.0,0.0,0.0,0.0,0.13513513513513514,0.13513513513513514,0.13513513513513514,0.5675675675675675,0.5675675675675675,0.02702702702702703
M02_0347_0002_2_D,37,37,0.0,0.0,0.0,0.0,0.0,0.0,0.13513513513513514,0.13513513513513514,0.13513513513513514,0.5405405405405406,0.5405405405405406,0.02702702702702703
M02_0353_0001_1_D,24,19,0.0,0.0,0.0,0.0,0.0,0.0,0.05263157894736842,0.041666666666666664,0.04651162790697675,0.4166666666666667,0.5,0.0
M02_0353_0001_2_D,24,19,0.0,0.0,0.0,0.0,0.0,0.0,0.05263157894736842,0.041666666666666664,0.04651162790697675,0.4166666666666667,0.5,0.0
M02_0353_0002_1_D,26,26,0.0,0.0,0.0,0.0,0.0,0.0,0.23076923076923078,0.23076923076923078,0.23076923076923078,0.5,0.5384615384615384,0.0
M02_0353_0002_2_D,26,26,0.0,0.0,0.0,0.0,0.0,0.0,0.23076923076923078,0.23076923076923078,0.23076923076923078,0.5,0.5384615384615384,0.0
M02_0355_0001_1,18,19,0.0,0.0,0.0,0.0,0.0,0.0,0.10526315789473684,0.1111111111111111,0.10810810810810811,0.4444444444444444,0.4444444444444444,0.0
M02_0355_0001_2,18,19,0.0,0.0,0.0,0.0,0.0,0.0,0.10526315789473684,0.1111111111111111,0.10810810810810811,0.4444444444444444,0.4444444444444444,0.0
M02_0355_0002_1_D,18,19,0.0,0.0,0.0,0.0,0.0,0.0,0.15789473684210525,0.16666666666666666,0.16216216216216214,0.6111111111111112,0.6111111111111112,0.0
M02_0355_0002_2_D,18,19,0.0,0.0,0.0,0.0,0.0,0.0,0.15789473684210525,0.16666666666666666,0.16216216216216214,0.6111111111111112,0.6111111111111112,0.0
M02_0362_0001_1_D,39,39,0.0,0.0,0.0,0.0,0.0,0.0,0.358974358974359,0.358974358974359,0.358974358974359,0.5128205128205128,0.5128205128205128,0.0
M02_0362_0001_2_D,39,39,0.0,0.0,0.0,0.0,0.0,0.0,0.358974358974359,0.358974358974359,0.358974358974359,0.48717948717948717,0.46153846153846156,0.0
M02_0362_0002_1_D,38,39,0.0,0.0,0.0,0.0,0.0,0.0,0.358974358974359,0.3684210526315789,0.36363636363636365,0.3684210526315789,0.3157894736842105,0.0
M02_0362_0002_2_D,38,39,0.0,0.0,0.0,0.0,0.0,0.0,0.358974358974359,0.3684210526315789,0.36363636363636365,0.3684210526315789,0.3157894736842105,0.0
M02_0459_0001_1,29,26,0.0,0.0,0.0,0.0,0.0,0.0,0.34615384615384615,0.3103448275862069,0.32727272727272727,0.3448275862068966,0.27586206896551724,0.06896551724137931
M02_0459_0001_2,29,26,0.0,0.0,0.0,0.0,0.0,0.0,0.3076923076923077,0.27586206896551724,0.29090909090909095,0.41379310344827586,0.3448275862068966,0.06896551724137931
M02_0459_0002_1_D,22,22,0.0,0.0,0.0,0.0,0.0,0.0,0.3181818181818182,0.3181818181818182,0.3181818181818182,0.4090909090909091,0.36363636363636365,0.045454545454545456
M02_0459_0002_2_D,22,22,0.0,0.0,0.0,0.0,0.0,0.0,0.3181818181818182,0.3181818181818182,0.3181818181818182,0.45454545454545453,0.45454545454545453,0.045454545454545456
M02_0477_0002_1,22,23,0.0,0.0,0.0,0.0,0.0,0.0,0.21739130434782608,0.22727272727272727,0.22222222222222224,0.5909090909090909,0.5909090909090909,0.0
M02_0477_0002_2,22,22,0.0,0.0,0.0,0.0,0.0,0.0,0.22727272727272727,0.22727272727272727,0.22727272727272727,0.5454545454545454,0.5909090909090909,0.0
M02_0489_0001_1_D,24,27,0.0,0.0,0.0,0.0,0.0,0.0,0.18518518518518517,0.20833333333333334,0.19607843137254902,0.5416666666666666,0.4166666666666667,0.041666666666666664
M02_0489_0001_2_D,24,27,0.0,0.0,0.0,0.0,0.0,0.0,0.18518518518518517,0.20833333333333334,0.19607843137254902,0.5416666666666666,0.4166666666666667,0.041666666666666664
M02_0489_0002_1_D,24,24,0.0,0.0,0.0,0.0,0.0,0.0,0.20833333333333334,0.20833333333333334,0.20833333333333334,0.5,0.4583333333333333,0.041666666666666664
M02_0489_0002_2_D,24,24,0.0,0.0,0.0,0.0,0.0,0.0,0.20833333333333334,0.20833333333333334,0.20833333333333334,0.5,0.4583333333333333,0.041666666666666664
M03_0024_0001_1_DD,18,17,0.0,0.0,0.0,0.058823529411764705,0.05555555555555555,0.05714285714285714,0.17647058823529413,0.16666666666666666,0.17142857142857143,0.5555555555555556,0.6111111111111112,0.0
M03_0024_0001_2_DD,18,20,0.0,0.0,0.0,0.0,0.0,0.0,0.0,0.0,0.0,0.9444444444444444,0.8888888888888888,0.0
M03_0036_0001_1_DD,24,20,0.0,0.0,0.0,0.0,0.0,0.0,0.0,0.0,0.0,0.7083333333333334,0.75,0.0
M03_0047_0001_1_DDD,43,44,0.0,0.0,0.0,0.022727272727272728,0.023255813953488372,0.022988505747126436,0.13636363636363635,0.13953488372093023,0.1379310344827586,0.7441860465116279,0.7209302325581395,0.0
M03_0047_0001_2_DDD,43,40,0.025,0.023255813953488372,0.024096385542168672,0.025,0.023255813953488372,0.024096385542168672,0.125,0.11627906976744186,0.12048192771084337,0.6976744186046512,0.6511627906976745,0.0
M03_0047_0002_1_DDD,23,25,0.0,0.0,0.0,0.04,0.043478260869565216,0.041666666666666664,0.2,0.21739130434782608,0.20833333333333331,0.9130434782608695,0.8695652173913043,0.0
M03_0047_0002_2_DDD,23,22,0.0,0.0,0.0,0.045454545454545456,0.043478260869565216,0.04444444444444444,0.045454545454545456,0.043478260869565216,0.04444444444444444,0.8260869565217391,0.8695652173913043,0.0
M03_0052_0001_1_D,22,27,0.0,0.0,0.0,0.0,0.0,0.0,0.14814814814814814,0.18181818181818182,0.16326530612244897,0.8636363636363636,0.6818181818181818,0.0
M03_0052_0001_2_D,22,27,0.0,0.0,0.0,0.0,0.0,0.0,0.037037037037037035,0.045454545454545456,0.04081632653061224,0.8636363636363636,0.7272727272727273,0.045454545454545456
M03_0052_0002_1_DD,22,25,0.0,0.0,0.0,0.0,0.0,0.0,0.04,0.045454545454545456,0.0425531914893617,0.7272727272727273,0.6818181818181818,0.0
M03_0052_0002_2_DD,22,27,0.0,0.0,0.0,0.0,0.0,0.0,0.037037037037037035,0.045454545454545456,0.04081632653061224,0.7727272727272727,0.6818181818181818,0.0
M03_0052_0003_1_DDD,22,23,0.0,0.0,0.0,0.0,0.0,0.0,0.0,0.0,0.0,0.7727272727272727,0.7272727272727273,0.0
M03_0052_0003_2_DDD,22,30,0.0,0.0,0.0,0.0,0.0,0.0,0.03333333333333333,0.045454545454545456,0.03846153846153846,0.8181818181818182,0.6818181818181818,0.0
M03_0067_0001_1_DD,22,20,0.0,0.0,0.0,0.05,0.045454545454545456,0.04761904761904762,0.25,0.22727272727272727,0.23809523809523808,0.6818181818181818,0.6363636363636364,0.0
M03_0067_0001_2_DD,22,18,0.0,0.0,0.0,0.0,0.0,0.0,0.2777777777777778,0.22727272727272727,0.25,0.6818181818181818,0.6818181818181818,0.0
M03_0067_0002_1_DD,48,43,0.0,0.0,0.0,0.023255813953488372,0.020833333333333332,0.02197802197802198,0.11627906976744186,0.10416666666666667,0.10989010989010989,0.6666666666666666,0.6666666666666666,0.0
M03_0067_0002_2_DD,48,42,0.0,0.0,0.0,0.023809523809523808,0.020833333333333332,0.022222222222222223,0.07142857142857142,0.0625,0.06666666666666667,0.6875,0.6875,0.0
M03_0095_0001_1_DD,44,42,0.0,0.0,0.0,0.0,0.0,0.0,0.023809523809523808,0.022727272727272728,0.023255813953488372,0.8181818181818182,0.7954545454545454,0.0
M03_0095_0001_2_DD,44,41,0.0,0.0,0.0,0.024390243902439025,0.022727272727272728,0.023529411764705882,0.024390243902439025,0.022727272727272728,0.023529411764705882,0.75,0.75,0.0
M03_0113_0001_1_DD,20,20,0.0,0.0,0.0,0.0,0.0,0.0,0.15,0.15,0.15,0.75,0.75,0.0
M03_0113_0001_2_DD,20,19,0.0,0.0,0.0,0.0,0.0,0.0,0.10526315789473684,0.1,0.10256410256410256,0.75,0.75,0.0
M03_0126_0002_1_DD,28,26,0.07692307692307693,0.07142857142857142,0.07407407407407408,0.15384615384615385,0.14285714285714285,0.14814814814814817,0.23076923076923078,0.21428571428571427,0.22222222222222224,0.5357142857142857,0.5714285714285714,0.10714285714285714
M03_0126_0002_2_DD,28,23,0.0,0.0,0.0,0.043478260869565216,0.03571428571428571,0.0392156862745098,0.13043478260869565,0.10714285714285714,0.11764705882352941,0.5714285714285714,0.5357142857142857,0.0
M03_0149_0002_1_DD,32,30,0.0,0.0,0.0,0.13333333333333333,0.125,0.12903225806451615,0.26666666666666666,0.25,0.2580645161290323,0.59375,0.5625,0.0625
M03_0167_0001_1_DD,19,23,0.0,0.0,0.0,0.0,0.0,0.0,0.043478260869565216,0.05263157894736842,0.04761904761904762,0.8421052631578947,0.7894736842105263,0.0
M03_0167_0002_1_DD,17,18,0.0,0.0,0.0,0.0,0.0,0.0,0.1111111111111111,0.11764705882352941,0.11428571428571428,0.8235294117647058,0.7647058823529411,0.0
M03_0167_0002_2_DD,17,14,0.0,0.0,0.0,0.0,0.0,0.0,0.07142857142857142,0.058823529411764705,0.06451612903225808,0.7058823529411765,0.6470588235294118,0.0
M03_0190_0001_1_DD,21,21,0.0,0.0,0.0,0.0,0.0,0.0,0.047619047619047616,0.047619047619047616,0.047619047619047616,0.9047619047619048,0.9047619047619048,0.0
M03_0190_0001_2_DD,21,20,0.0,0.0,0.0,0.0,0.0,0.0,0.0,0.0,0.0,0.8571428571428571,0.8571428571428571,0.0
M03_0195_0001_1_DD,27,28,0.0,0.0,0.0,0.07142857142857142,0.07407407407407407,0.07272727272727272,0.14285714285714285,0.14814814814814814,0.14545454545454545,0.9259259259259259,0.9259259259259259,0.0
M03_0195_0001_2_DD,27,27,0.0,0.0,0.0,0.0,0.0,0.0,0.037037037037037035,0.037037037037037035,0.037037037037037035,0.8888888888888888,0.8888888888888888,0.0
M03_0195_0002_2_DD,25,24,0.0,0.0,0.0,0.0,0.0,0.0,0.041666666666666664,0.04,0.04081632653061224,0.8,0.76,0.0
M03_0208_0001_2_DD,20,19,0.0,0.0,0.0,0.0,0.0,0.0,0.0,0.0,0.0,0.8,0.75,0.05
M03_0233_0001_1_DD,20,21,0.047619047619047616,0.05,0.04878048780487805,0.047619047619047616,0.05,0.04878048780487805,0.3333333333333333,0.35,0.3414634146341463,0.65,0.55,0.0
M03_0233_0002_1_DD,36,34,0.0,0.0,0.0,0.0,0.0,0.0,0.20588235294117646,0.19444444444444445,0.19999999999999998,0.5555555555555556,0.5555555555555556,0.05555555555555555
M03_0265_0001_2_DDD,29,30,0.0,0.0,0.0,0.0,0.0,0.0,0.1,0.10344827586206896,0.10169491525423728,0.8275862068965517,0.7931034482758621,0.0
M03_0265_0002_2_DD,37,29,0.06896551724137931,0.05405405405405406,0.06060606060606061,0.20689655172413793,0.16216216216216217,0.18181818181818182,0.2413793103448276,0.1891891891891892,0.21212121212121213,0.5675675675675675,0.5675675675675675,0.02702702702702703
M03_0329_0001_1_DD,18,17,0.0,0.0,0.0,0.0,0.0,0.0,0.29411764705882354,0.2777777777777778,0.28571428571428575,0.7222222222222222,0.6666666666666666,0.0
M03_0329_0001_2_DD,18,16,0.0,0.0,0.0,0.0,0.0,0.0,0.1875,0.16666666666666666,0.17647058823529413,0.7222222222222222,0.7222222222222222,0.0
M03_0329_0002_1_DD,21,21,0.0,0.0,0.0,0.0,0.0,0.0,0.14285714285714285,0.14285714285714285,0.14285714285714285,0.7619047619047619,0.6666666666666666,0.047619047619047616
M03_0329_0002_2_DD,21,23,0.0,0.0,0.0,0.0,0.0,0.0,0.17391304347826086,0.19047619047619047,0.1818181818181818,0.8095238095238095,0.8095238095238095,0.0
M03_0347_0002_1_DD,37,31,0.0,0.0,0.0,0.0,0.0,0.0,0.16129032258064516,0.13513513513513514,0.14705882352941174,0.6216216216216216,0.6486486486486487,0.0
M03_0347_0002_2_DD,37,38,0.0,0.0,0.0,0.05263157894736842,0.05405405405405406,0.05333333333333334,0.13157894736842105,0.13513513513513514,0.13333333333333333,0.8108108108108109,0.7297297297297297,0.0
M03_0353_0002_1_DD,26,27,0.0,0.0,0.0,0.037037037037037035,0.038461538461538464,0.03773584905660377,0.18518518518518517,0.19230769230769232,0.18867924528301885,0.6153846153846154,0.6538461538461539,0.038461538461538464
M03_0353_0002_2_DD,26,28,0.0,0.0,0.0,0.0,0.0,0.0,0.14285714285714285,0.15384615384615385,0.14814814814814817,0.7692307692307693,0.6923076923076923,0.038461538461538464
M03_0355_0001_1_DD,18,12,0.0,0.0,0.0,0.0,0.0,0.0,0.0,0.0,0.0,0.4444444444444444,0.5555555555555556,0.0
M03_0355_0001_2_DD,18,13,0.0,0.0,0.0,0.0,0.0,0.0,0.07692307692307693,0.05555555555555555,0.06451612903225808,0.5,0.5,0.0
M03_0355_0002_1_DD,18,20,0.0,0.0,0.0,0.05,0.05555555555555555,0.052631578947368425,0.05,0.05555555555555555,0.052631578947368425,0.7222222222222222,0.6111111111111112,0.0
M03_0355_0002_2_DD,18,19,0.05263157894736842,0.05555555555555555,0.05405405405405406,0.05263157894736842,0.05555555555555555,0.05405405405405406,0.05263157894736842,0.05555555555555555,0.05405405405405406,0.7777777777777778,0.7777777777777778,0.0
M03_0362_0001_2_DD,39,37,0.0,0.0,0.0,0.0,0.0,0.0,0.02702702702702703,0.02564102564102564,0.02631578947368421,0.8205128205128205,0.7692307692307693,0.0
M03_0362_0002_1_DD,38,47,0.0,0.0,0.0,0.02127659574468085,0.02631578947368421,0.023529411764705882,0.02127659574468085,0.02631578947368421,0.023529411764705882,0.8947368421052632,0.8157894736842105,0.0
M03_0362_0002_2_DD,38,44,0.0,0.0,0.0,0.022727272727272728,0.02631578947368421,0.024390243902439025,0.09090909090909091,0.10526315789473684,0.0975609756097561,0.7631578947368421,0.7894736842105263,0.0
M03_0459_0002_1_DD,22,16,0.0625,0.045454545454545456,0.052631578947368425,0.1875,0.13636363636363635,0.15789473684210525,0.375,0.2727272727272727,0.3157894736842105,0.45454545454545453,0.5,0.0
M03_0477_0001_1_DD,35,36,0.0,0.0,0.0,0.0,0.0,0.0,0.1111111111111111,0.11428571428571428,0.11267605633802817,0.7714285714285715,0.7428571428571429,0.02857142857142857
M03_0477_0002_1_DD,22,21,0.047619047619047616,0.045454545454545456,0.046511627906976744,0.047619047619047616,0.045454545454545456,0.046511627906976744,0.19047619047619047,0.18181818181818182,0.18604651162790697,0.6363636363636364,0.6363636363636364,0.0
M03_0477_0002_2_DD,22,20,0.0,0.0,0.0,0.0,0.0,0.0,0.05,0.045454545454545456,0.04761904761904762,0.7272727272727273,0.7272727272727273,0.0
M03_0489_0001_1_DD,24,26,0.0,0.0,0.0,0.038461538461538464,0.041666666666666664,0.04,0.19230769230769232,0.20833333333333334,0.2,0.8333333333333334,0.7916666666666666,0.041666666666666664
M03_0489_0001_2_DD,24,22,0.0,0.0,0.0,0.0,0.0,0.0,0.09090909090909091,0.08333333333333333,0.08695652173913043,0.7083333333333334,0.75,0.0
M04_0024_0001_1,18,18,0.0,0.0,0.0,0.0,0.0,0.0,0.05555555555555555,0.05555555555555555,0.05555555555555555,0.8888888888888888,0.8888888888888888,0.0
M04_0024_0001_2,18,18,0.0,0.0,0.0,0.0,0.0,0.0,0.05555555555555555,0.05555555555555555,0.05555555555555555,0.8333333333333334,0.8333333333333334,0.0
M04_0024_0002_1,18,18,0.0,0.0,0.0,0.0,0.0,0.0,0.1111111111111111,0.1111111111111111,0.1111111111111111,0.8333333333333334,0.8333333333333334,0.0
M04_0024_0002_2,18,18,0.0,0.0,0.0,0.0,0.0,0.0,0.05555555555555555,0.05555555555555555,0.05555555555555555,0.8333333333333334,0.8333333333333334,0.0
M04_0024_0003_1,18,18,0.0,0.0,0.0,0.0,0.0,0.0,0.05555555555555555,0.05555555555555555,0.05555555555555555,0.7222222222222222,0.7222222222222222,0.0
M04_0024_0003_2,18,20,0.0,0.0,0.0,0.0,0.0,0.0,0.1,0.1111111111111111,0.10526315789473685,0.6111111111111112,0.5555555555555556,0.0
M04_0036_0001_1,24,25,0.0,0.0,0.0,0.0,0.0,0.0,0.0,0.0,0.0,0.9166666666666666,0.9166666666666666,0.0
M04_0036_0001_2,24,24,0.0,0.0,0.0,0.0,0.0,0.0,0.041666666666666664,0.041666666666666664,0.041666666666666664,0.9166666666666666,0.9166666666666666,0.0
M04_0036_0002_1,24,24,0.0,0.0,0.0,0.0,0.0,0.0,0.0,0.0,0.0,0.9166666666666666,0.9166666666666666,0.0
M04_0036_0002_2,24,24,0.0,0.0,0.0,0.0,0.0,0.0,0.041666666666666664,0.041666666666666664,0.041666666666666664,0.9166666666666666,0.9166666666666666,0.0
M04_0047_0001_1_D,43,43,0.0,0.0,0.0,0.0,0.0,0.0,0.046511627906976744,0.046511627906976744,0.04651162790697674,0.7441860465116279,0.7441860465116279,0.0
M04_0047_0001_2_D,43,45,0.0,0.0,0.0,0.0,0.0,0.0,0.1111111111111111,0.11627906976744186,0.11363636363636365,0.813953488372093,0.7674418604651163,0.0
M04_0047_0002_1_D,23,23,0.0,0.0,0.0,0.0,0.0,0.0,0.08695652173913043,0.08695652173913043,0.08695652173913043,0.8260869565217391,0.782608695652174,0.0
M04_0047_0002_2_D,23,20,0.0,0.0,0.0,0.0,0.0,0.0,0.15,0.13043478260869565,0.13953488372093023,0.6956521739130435,0.7391304347826086,0.0
M04_0052_0001_1,22,25,0.0,0.0,0.0,0.0,0.0,0.0,0.12,0.13636363636363635,0.1276595744680851,0.6363636363636364,0.5909090909090909,0.0
M04_0052_0001_2,22,22,0.0,0.0,0.0,0.0,0.0,0.0,0.045454545454545456,0.045454545454545456,0.045454545454545456,0.6363636363636364,0.6363636363636364,0.0
M04_0052_0002_1,22,25,0.0,0.0,0.0,0.0,0.0,0.0,0.08,0.09090909090909091,0.0851063829787234,0.6363636363636364,0.6363636363636364,0.0
M04_0052_0002_2,22,25,0.0,0.0,0.0,0.0,0.0,0.0,0.08,0.09090909090909091,0.0851063829787234,0.5,0.45454545454545453,0.0
M04_0052_0003_1,22,22,0.0,0.0,0.0,0.0,0.0,0.0,0.0,0.0,0.0,0.7272727272727273,0.7272727272727273,0.0
M04_0052_0003_2,22,22,0.0,0.0,0.0,0.0,0.0,0.0,0.045454545454545456,0.045454545454545456,0.045454545454545456,0.7727272727272727,0.7727272727272727,0.0
M04_0067_0001_1,22,21,0.0,0.0,0.0,0.0,0.0,0.0,0.19047619047619047,0.18181818181818182,0.18604651162790697,0.7272727272727273,0.7272727272727273,0.0
M04_0067_0001_2,22,22,0.0,0.0,0.0,0.0,0.0,0.0,0.13636363636363635,0.13636363636363635,0.13636363636363635,0.8181818181818182,0.8181818181818182,0.0
M04_0067_0002_1,48,48,0.0,0.0,0.0,0.0,0.0,0.0,0.0625,0.0625,0.0625,0.8125,0.8125,0.0
M04_0067_0002_2,48,48,0.0,0.0,0.0,0.0,0.0,0.0,0.0625,0.0625,0.0625,0.7708333333333334,0.7708333333333334,0.0
M04_0095_0001_1,44,44,0.0,0.0,0.0,0.0,0.0,0.0,0.022727272727272728,0.022727272727272728,0.022727272727272728,0.7954545454545454,0.7954545454545454,0.0
M04_0095_0001_2,44,44,0.0,0.0,0.0,0.0,0.0,0.0,0.045454545454545456,0.045454545454545456,0.045454545454545456,0.7954545454545454,0.7954545454545454,0.0
M04_0095_0002_1_D,22,22,0.0,0.0,0.0,0.0,0.0,0.0,0.045454545454545456,0.045454545454545456,0.045454545454545456,0.8636363636363636,0.8636363636363636,0.0
M04_0095_0002_2_D,22,22,0.0,0.0,0.0,0.0,0.0,0.0,0.09090909090909091,0.09090909090909091,0.09090909090909091,0.7727272727272727,0.7727272727272727,0.0
M04_0095_0003_1,22,23,0.0,0.0,0.0,0.0,0.0,0.0,0.043478260869565216,0.045454545454545456,0.04444444444444444,0.9090909090909091,0.9090909090909091,0.0
M04_0095_0003_2,22,23,0.0,0.0,0.0,0.0,0.0,0.0,0.043478260869565216,0.045454545454545456,0.04444444444444444,0.8636363636363636,0.8181818181818182,0.0
M04_0113_0001_1_D,20,19,0.0,0.0,0.0,0.0,0.0,0.0,0.05263157894736842,0.05,0.05128205128205128,0.7,0.75,0.0
M04_0113_0001_2_D,20,21,0.0,0.0,0.0,0.0,0.0,0.0,0.047619047619047616,0.05,0.04878048780487805,0.8,0.75,0.0
M04_0113_0002_1_D,22,23,0.0,0.0,0.0,0.0,0.0,0.0,0.043478260869565216,0.045454545454545456,0.04444444444444444,0.9090909090909091,0.8636363636363636,0.0
M04_0113_0002_2_D,22,22,0.0,0.0,0.0,0.0,0.0,0.0,0.13636363636363635,0.13636363636363635,0.13636363636363635,0.8636363636363636,0.8636363636363636,0.0
M04_0113_0003_1_D,24,24,0.0,0.0,0.0,0.0,0.0,0.0,0.0,0.0,0.0,0.7916666666666666,0.7916666666666666,0.0
M04_0113_0003_2_D,24,24,0.0,0.0,0.0,0.0,0.0,0.0,0.0,0.0,0.0,0.8333333333333334,0.8333333333333334,0.0
M04_0126_0001_1,28,32,0.0,0.0,0.0,0.0,0.0,0.0,0.125,0.14285714285714285,0.13333333333333333,0.7857142857142857,0.75,0.14285714285714285
M04_0126_0001_2,28,30,0.0,0.0,0.0,0.0,0.0,0.0,0.03333333333333333,0.03571428571428571,0.03448275862068965,0.75,0.75,0.07142857142857142
M04_0126_0002_1_D,28,32,0.0,0.0,0.0,0.0,0.0,0.0,0.03125,0.03571428571428571,0.03333333333333333,0.7857142857142857,0.7857142857142857,0.07142857142857142
M04_0126_0002_2_D,28,31,0.0,0.0,0.0,0.0,0.0,0.0,0.12903225806451613,0.14285714285714285,0.13559322033898305,0.6785714285714286,0.6071428571428571,0.07142857142857142
M04_0126_0003_1_D,26,28,0.0,0.0,0.0,0.0,0.0,0.0,0.10714285714285714,0.11538461538461539,0.11111111111111112,0.6923076923076923,0.6153846153846154,0.0
M04_0126_0003_2_D,26,27,0.0,0.0,0.0,0.0,0.0,0.0,0.07407407407407407,0.07692307692307693,0.07547169811320754,0.6538461538461539,0.6538461538461539,0.0
M04_0143_0001_1,34,34,0.0,0.0,0.0,0.0,0.0,0.0,0.029411764705882353,0.029411764705882353,0.029411764705882353,0.7941176470588235,0.8235294117647058,0.0
M04_0143_0001_2,34,33,0.0,0.0,0.0,0.0,0.0,0.0,0.09090909090909091,0.08823529411764706,0.08955223880597016,0.8235294117647058,0.8235294117647058,0.0
M04_0143_0002_1,23,22,0.0,0.0,0.0,0.0,0.0,0.0,0.0,0.0,0.0,0.782608695652174,0.8260869565217391,0.0
M04_0143_0002_2,23,22,0.0,0.0,0.0,0.0,0.0,0.0,0.0,0.0,0.0,0.782608695652174,0.782608695652174,0.0
M04_0149_0001_1,32,31,0.0,0.0,0.0,0.0,0.0,0.0,0.0,0.0,0.0,0.75,0.78125,0.0
M04_0149_0001_2,32,32,0.0,0.0,0.0,0.0,0.0,0.0,0.03125,0.03125,0.03125,0.5,0.5,0.0
M04_0149_0002_1,32,33,0.0,0.0,0.0,0.0,0.0,0.0,0.06060606060606061,0.0625,0.06153846153846154,0.71875,0.65625,0.0
M04_0149_0002_2,32,35,0.0,0.0,0.0,0.0,0.0,0.0,0.05714285714285714,0.0625,0.05970149253731344,0.6875,0.625,0.0625
M04_0167_0001_1_D,19,19,0.0,0.0,0.0,0.0,0.0,0.0,0.0,0.0,0.0,0.7894736842105263,0.7894736842105263,0.0
M04_0167_0001_2_D,19,19,0.0,0.0,0.0,0.0,0.0,0.0,0.0,0.0,0.0,0.8947368421052632,0.8947368421052632,0.0
M04_0167_0002_1_D,17,17,0.0,0.0,0.0,0.0,0.0,0.0,0.17647058823529413,0.17647058823529413,0.17647058823529413,0.7058823529411765,0.7647058823529411,0.0
M04_0167_0002_2_D,17,18,0.0,0.0,0.0,0.0,0.0,0.0,0.05555555555555555,0.058823529411764705,0.05714285714285714,0.7058823529411765,0.7058823529411765,0.0
M04_0190_0001_1,21,21,0.0,0.0,0.0,0.0,0.0,0.0,0.047619047619047616,0.047619047619047616,0.047619047619047616,0.8095238095238095,0.7619047619047619,0.0
M04_0190_0001_2,21,21,0.0,0.0,0.0,0.0,0.0,0.0,0.0,0.0,0.0,0.6666666666666666,0.6666666666666666,0.0
M04_0190_0002_1,19,19,0.0,0.0,0.0,0.0,0.0,0.0,0.10526315789473684,0.10526315789473684,0.10526315789473684,0.631578947368421,0.631578947368421,0.0
M04_0190_0002_2,19,20,0.0,0.0,0.0,0.0,0.0,0.0,0.0,0.0,0.0,0.7368421052631579,0.7368421052631579,0.0
M04_0195_0001_1_D,27,27,0.0,0.0,0.0,0.0,0.0,0.0,0.0,0.0,0.0,0.9259259259259259,0.9259259259259259,0.0
M04_0195_0001_2_D,27,27,0.0,0.0,0.0,0.0,0.0,0.0,0.0,0.0,0.0,0.9259259259259259,0.9259259259259259,0.0
M04_0195_0002_1_D,25,25,0.0,0.0,0.0,0.0,0.0,0.0,0.0,0.0,0.0,0.88,0.88,0.0
M04_0195_0002_2_D,25,26,0.0,0.0,0.0,0.0,0.0,0.0,0.0,0.0,0.0,0.88,0.88,0.0
M04_0208_0001_1,20,19,0.0,0.0,0.0,0.0,0.0,0.0,0.0,0.0,0.0,0.65,0.7,0.0
M04_0208_0002_1_D,13,15,0.0,0.0,0.0,0.0,0.0,0.0,0.0,0.0,0.0,0.8461538461538461,0.9230769230769231,0.0
M04_0208_0002_2_D,13,16,0.0,0.0,0.0,0.0,0.0,0.0,0.0625,0.07692307692307693,0.06896551724137931,0.9230769230769231,0.6923076923076923,0.0
M04_0221_0001_2_D,20,22,0.0,0.0,0.0,0.0,0.0,0.0,0.09090909090909091,0.1,0.09523809523809525,0.9,0.8,0.0
M04_0221_0002_1_D,23,24,0.0,0.0,0.0,0.0,0.0,0.0,0.041666666666666664,0.043478260869565216,0.0425531914893617,0.9130434782608695,0.8695652173913043,0.0
M04_0221_0002_2_D,23,23,0.0,0.0,0.0,0.0,0.0,0.0,0.043478260869565216,0.043478260869565216,0.043478260869565216,0.8260869565217391,0.8260869565217391,0.0
M04_0233_0001_1,20,20,0.0,0.0,0.0,0.0,0.0,0.0,0.25,0.25,0.25,0.55,0.55,0.0
M04_0233_0001_2,20,20,0.0,0.0,0.0,0.0,0.0,0.0,0.15,0.15,0.15,0.55,0.55,0.0
M04_0233_0002_1,36,38,0.0,0.0,0.0,0.0,0.0,0.0,0.2631578947368421,0.2777777777777778,0.27027027027027023,0.75,0.75,0.08333333333333333
M04_0233_0002_2,36,34,0.0,0.0,0.0,0.0,0.0,0.0,0.2647058823529412,0.25,0.2571428571428572,0.75,0.75,0.0
M04_0265_0001_1_D,29,29,0.0,0.0,0.0,0.0,0.0,0.0,0.034482758620689655,0.034482758620689655,0.034482758620689655,0.7931034482758621,0.7931034482758621,0.0
M04_0265_0001_2_D,29,31,0.0,0.0,0.0,0.0,0.0,0.0,0.0,0.0,0.0,0.7586206896551724,0.7586206896551724,0.06896551724137931
M04_0265_0002_1_D,37,37,0.0,0.0,0.0,0.0,0.0,0.0,0.08108108108108109,0.08108108108108109,0.08108108108108109,0.6756756756756757,0.6756756756756757,0.0
M04_0265_0002_2_D,37,40,0.0,0.0,0.0,0.0,0.0,0.0,0.125,0.13513513513513514,0.12987012987012989,0.7837837837837838,0.7297297297297297,0.05405405405405406
M04_0329_0001_1,18,16,0.0,0.0,0.0,0.0,0.0,0.0,0.0,0.0,0.0,0.6666666666666666,0.6666666666666666,0.0
M04_0329_0001_2,18,16,0.0,0.0,0.0,0.0,0.0,0.0,0.125,0.1111111111111111,0.11764705882352941,0.7222222222222222,0.7222222222222222,0.0
M04_0329_0002_1,21,22,0.0,0.0,0.0,0.0,0.0,0.0,0.09090909090909091,0.09523809523809523,0.09302325581395349,0.7619047619047619,0.6666666666666666,0.0
M04_0347_0001_1_D,30,29,0.0,0.0,0.0,0.0,0.0,0.0,0.1724137931034483,0.16666666666666666,0.16949152542372883,0.7,0.6333333333333333,0.0
M04_0347_0001_2_D,30,32,0.0,0.0,0.0,0.0,0.0,0.0,0.21875,0.23333333333333334,0.22580645161290322,0.8,0.7666666666666667,0.0
M04_0347_0002_1_D,37,36,0.0,0.0,0.0,0.0,0.0,0.0,0.16666666666666666,0.16216216216216217,0.16438356164383564,0.6756756756756757,0.6756756756756757,0.02702702702702703
M04_0347_0002_2_D,37,39,0.0,0.0,0.0,0.0,0.0,0.0,0.05128205128205128,0.05405405405405406,0.05263157894736842,0.7837837837837838,0.7567567567567568,0.0
M04_0353_0001_1_D,24,22,0.0,0.0,0.0,0.0,0.0,0.0,0.13636363636363635,0.125,0.13043478260869565,0.7916666666666666,0.7916666666666666,0.0
M04_0353_0001_2_D,24,22,0.0,0.0,0.0,0.0,0.0,0.0,0.09090909090909091,0.08333333333333333,0.08695652173913043,0.7083333333333334,0.6666666666666666,0.0
M04_0353_0002_1_D,26,26,0.0,0.0,0.0,0.0,0.0,0.0,0.15384615384615385,0.15384615384615385,0.15384615384615385,0.6538461538461539,0.6538461538461539,0.0
M04_0353_0002_2_D,26,26,0.0,0.0,0.0,0.0,0.0,0.0,0.15384615384615385,0.15384615384615385,0.15384615384615385,0.7307692307692307,0.7692307692307693,0.0
M04_0355_0001_1,18,21,0.0,0.0,0.0,0.0,0.0,0.0,0.0,0.0,0.0,0.7777777777777778,0.6666666666666666,0.0
M04_0355_0001_2,18,20,0.0,0.0,0.0,0.0,0.0,0.0,0.05,0.05555555555555555,0.052631578947368425,0.6111111111111112,0.5,0.0
M04_0355_0002_1_D,18,20,0.0,0.0,0.0,0.0,0.0,0.0,0.1,0.1111111111111111,0.10526315789473685,0.6666666666666666,0.6111111111111112,0.0
M04_0355_0002_2_D,18,21,0.0,0.0,0.0,0.0,0.0,0.0,0.19047619047619047,0.2222222222222222,0.20512820512820512,0.6666666666666666,0.5555555555555556,0.0
M04_0362_0001_1_D,39,44,0.0,0.0,0.0,0.0,0.0,0.0,0.045454545454545456,0.05128205128205128,0.04819277108433735,0.7948717948717948,0.7692307692307693,0.0
M04_0362_0001_2_D,39,42,0.0,0.0,0.0,0.0,0.0,0.0,0.0,0.0,0.0,0.7948717948717948,0.7948717948717948,0.0
M04_0362_0002_1_D,38,38,0.0,0.0,0.0,0.0,0.0,0.0,0.0,0.0,0.0,0.7368421052631579,0.7368421052631579,0.0
M04_0362_0002_2_D,38,39,0.0,0.0,0.0,0.0,0.0,0.0,0.02564102564102564,0.02631578947368421,0.025974025974025976,0.6578947368421053,0.6578947368421053,0.02631578947368421
M04_0459_0001_1,29,26,0.0,0.0,0.0,0.0,0.0,0.0,0.038461538461538464,0.034482758620689655,0.03636363636363637,0.6896551724137931,0.7586206896551724,0.0
M04_0459_0001_2,29,27,0.0,0.0,0.0,0.0,0.0,0.0,0.07407407407407407,0.06896551724137931,0.07142857142857142,0.7931034482758621,0.7931034482758621,0.0
M04_0459_0002_1_D,22,21,0.0,0.0,0.0,0.0,0.0,0.0,0.047619047619047616,0.045454545454545456,0.046511627906976744,0.7727272727272727,0.7727272727272727,0.0
M04_0459_0002_2_D,22,22,0.0,0.0,0.0,0.0,0.0,0.0,0.09090909090909091,0.09090909090909091,0.09090909090909091,0.8181818181818182,0.7727272727272727,0.0
M04_0477_0001_1,35,33,0.0,0.0,0.0,0.0,0.0,0.0,0.12121212121212122,0.11428571428571428,0.11764705882352942,0.7142857142857143,0.7142857142857143,0.0
M04_0477_0001_2,35,36,0.0,0.0,0.0,0.0,0.0,0.0,0.08333333333333333,0.08571428571428572,0.08450704225352113,0.7428571428571429,0.7142857142857143,0.0
M04_0477_0002_1,22,22,0.0,0.0,0.0,0.0,0.0,0.0,0.09090909090909091,0.09090909090909091,0.09090909090909091,0.8181818181818182,0.7727272727272727,0.0
M04_0477_0002_2,22,23,0.0,0.0,0.0,0.0,0.0,0.0,0.0,0.0,0.0,0.8636363636363636,0.8636363636363636,0.0
M04_0489_0001_1_D,24,23,0.0,0.0,0.0,0.0,0.0,0.0,0.13043478260869565,0.125,0.1276595744680851,0.6666666666666666,0.625,0.0
M04_0489_0001_2_D,24,23,0.0,0.0,0.0,0.0,0.0,0.0,0.08695652173913043,0.08333333333333333,0.0851063829787234,0.5833333333333334,0.5416666666666666,0.0
M04_0489_0002_1_D,24,25,0.0,0.0,0.0,0.0,0.0,0.0,0.12,0.125,0.12244897959183673,0.75,0.7083333333333334,0.0
M04_0489_0002_2_D,24,26,0.0,0.0,0.0,0.0,0.0,0.0,0.19230769230769232,0.20833333333333334,0.2,0.8333333333333334,0.75,0.0
M05_0024_0001_2_D,18,19,0.05263157894736842,0.05555555555555555,0.05405405405405406,0.05263157894736842,0.05555555555555555,0.05405405405405406,0.10526315789473684,0.1111111111111111,0.10810810810810811,0.8888888888888888,0.8888888888888888,0.0
M05_0024_0002_1_D,18,19,0.0,0.0,0.0,0.0,0.0,0.0,0.0,0.0,0.0,0.9444444444444444,0.9444444444444444,0.0
M05_0024_0002_2_D,18,19,0.0,0.0,0.0,0.0,0.0,0.0,0.05263157894736842,0.05555555555555555,0.05405405405405406,0.8888888888888888,0.8888888888888888,0.0
M05_0024_0003_1_D,18,19,0.0,0.0,0.0,0.0,0.0,0.0,0.0,0.0,0.0,0.8333333333333334,0.8333333333333334,0.0
M05_0024_0003_2_D,18,18,0.0,0.0,0.0,0.0,0.0,0.0,0.05555555555555555,0.05555555555555555,0.05555555555555555,0.8888888888888888,0.8888888888888888,0.0
M05_0036_0001_1_D,24,26,0.0,0.0,0.0,0.2692307692307692,0.2916666666666667,0.27999999999999997,0.5769230769230769,0.625,0.6,0.875,0.7916666666666666,0.0
M05_0036_0001_2_D,24,24,0.0,0.0,0.0,0.041666666666666664,0.041666666666666664,0.041666666666666664,0.041666666666666664,0.041666666666666664,0.041666666666666664,0.9166666666666666,0.9166666666666666,0.0
M05_0036_0002_1_D,24,25,0.04,0.041666666666666664,0.04081632653061224,0.2,0.20833333333333334,0.20408163265306126,0.36,0.375,0.3673469387755102,0.875,0.8333333333333334,0.0
M05_0036_0002_2_D,24,24,0.0,0.0,0.0,0.08333333333333333,0.08333333333333333,0.08333333333333333,0.08333333333333333,0.08333333333333333,0.08333333333333333,0.9166666666666666,0.9166666666666666,0.0
M05_0047_0001_1_DD,43,35,0.0,0.0,0.0,0.02857142857142857,0.023255813953488372,0.02564102564102564,0.08571428571428572,0.06976744186046512,0.07692307692307693,0.6744186046511628,0.7209302325581395,0.0
M05_0047_0001_2_DD,43,36,0.0,0.0,0.0,0.027777777777777776,0.023255813953488372,0.025316455696202528,0.08333333333333333,0.06976744186046512,0.0759493670886076,0.6976744186046512,0.7209302325581395,0.0
M05_0047_0002_1_DD,23,21,0.047619047619047616,0.043478260869565216,0.04545454545454545,0.14285714285714285,0.13043478260869565,0.13636363636363635,0.14285714285714285,0.13043478260869565,0.13636363636363635,0.8260869565217391,0.8260869565217391,0.0
M05_0047_0002_2_DD,23,21,0.0,0.0,0.0,0.047619047619047616,0.043478260869565216,0.04545454545454545,0.047619047619047616,0.043478260869565216,0.04545454545454545,0.8260869565217391,0.8260869565217391,0.0
M05_0052_0001_2_D,22,26,0.0,0.0,0.0,0.11538461538461539,0.13636363636363635,0.12499999999999997,0.11538461538461539,0.13636363636363635,0.12499999999999997,0.8181818181818182,0.7272727272727273,0.0
M05_0067_0002_1_D,48,45,0.0,0.0,0.0,0.08888888888888889,0.08333333333333333,0.08602150537634409,0.13333333333333333,0.125,0.12903225806451615,0.7291666666666666,0.7291666666666666,0.0
M05_0095_0001_2_D,44,36,0.0,0.0,0.0,0.0,0.0,0.0,0.0,0.0,0.0,0.6818181818181818,0.6818181818181818,0.0
M05_0095_0002_1_D,22,23,0.0,0.0,0.0,0.0,0.0,0.0,0.043478260869565216,0.045454545454545456,0.04444444444444444,0.8636363636363636,0.8636363636363636,0.0
M05_0095_0002_2_D,22,23,0.0,0.0,0.0,0.0,0.0,0.0,0.043478260869565216,0.045454545454545456,0.04444444444444444,0.9090909090909091,0.8636363636363636,0.0
M05_0095_0003_1_D,22,22,0.0,0.0,0.0,0.0,0.0,0.0,0.0,0.0,0.0,0.9090909090909091,0.8636363636363636,0.0
M05_0095_0003_2_D,22,22,0.0,0.0,0.0,0.0,0.0,0.0,0.045454545454545456,0.045454545454545456,0.045454545454545456,0.9090909090909091,0.8636363636363636,0.0
M05_0113_0001_1_D,20,19,0.0,0.0,0.0,0.0,0.0,0.0,0.05263157894736842,0.05,0.05128205128205128,0.8,0.8,0.0
M05_0113_0001_2_D,20,20,0.0,0.0,0.0,0.0,0.0,0.0,0.05,0.05,0.05000000000000001,0.75,0.75,0.0
M05_0126_0001_1_D,28,29,0.0,0.0,0.0,0.0,0.0,0.0,0.2413793103448276,0.25,0.24561403508771928,0.6785714285714286,0.5714285714285714,0.0
M05_0126_0002_1_D,28,28,0.0,0.0,0.0,0.0,0.0,0.0,0.17857142857142858,0.17857142857142858,0.17857142857142858,0.75,0.6785714285714286,0.03571428571428571
M05_0126_0002_2_D,28,30,0.0,0.0,0.0,0.0,0.0,0.0,0.23333333333333334,0.25,0.2413793103448276,0.75,0.6785714285714286,0.03571428571428571
M05_0143_0001_2_D,34,32,0.0,0.0,0.0,0.03125,0.029411764705882353,0.030303030303030304,0.03125,0.029411764705882353,0.030303030303030304,0.7941176470588235,0.7941176470588235,0.0
M05_0143_0002_1_D,23,22,0.0,0.0,0.0,0.0,0.0,0.0,0.09090909090909091,0.08695652173913043,0.08888888888888888,0.8695652173913043,0.8260869565217391,0.0
M05_0143_0002_2_D,23,23,0.0,0.0,0.0,0.0,0.0,0.0,0.13043478260869565,0.13043478260869565,0.13043478260869565,0.9565217391304348,0.9565217391304348,0.0
M05_0167_0002_1,17,18,0.0,0.0,0.0,0.0,0.0,0.0,0.0,0.0,0.0,0.8235294117647058,0.8235294117647058,0.0
M05_0167_0002_2_D,17,18,0.0,0.0,0.0,0.0,0.0,0.0,0.1111111111111111,0.11764705882352941,0.11428571428571428,0.8235294117647058,0.8235294117647058,0.0
M05_0195_0001_2_D,27,25,0.0,0.0,0.0,0.0,0.0,0.0,0.08,0.07407407407407407,0.07692307692307691,0.8148148148148148,0.8148148148148148,0.0
M05_0265_0001_2,29,29,0.0,0.0,0.0,0.0,0.0,0.0,0.10344827586206896,0.10344827586206896,0.10344827586206896,0.7931034482758621,0.7931034482758621,0.0
M05_0265_0002_1,37,35,0.0,0.0,0.0,0.0,0.0,0.0,0.11428571428571428,0.10810810810810811,0.11111111111111112,0.7297297297297297,0.7027027027027027,0.0
M05_0265_0002_2,37,35,0.0,0.0,0.0,0.0,0.0,0.0,0.14285714285714285,0.13513513513513514,0.1388888888888889,0.6756756756756757,0.7027027027027027,0.0
M05_0329_0001_1,18,17,0.0,0.0,0.0,0.0,0.0,0.0,0.058823529411764705,0.05555555555555555,0.05714285714285714,0.7222222222222222,0.6666666666666666,0.0
M05_0329_0002_2,21,21,0.0,0.0,0.0,0.0,0.0,0.0,0.047619047619047616,0.047619047619047616,0.047619047619047616,0.7619047619047619,0.7142857142857143,0.0
M05_0347_0002_1,37,36,0.0,0.0,0.0,0.0,0.0,0.0,0.2777777777777778,0.2702702702702703,0.273972602739726,0.6216216216216216,0.5675675675675675,0.0
M05_0347_0002_2,37,39,0.0,0.0,0.0,0.0,0.0,0.0,0.1282051282051282,0.13513513513513514,0.13157894736842105,0.8378378378378378,0.7837837837837838,0.0
M05_0459_0001_2,29,27,0.0,0.0,0.0,0.0,0.0,0.0,0.07407407407407407,0.06896551724137931,0.07142857142857142,0.7586206896551724,0.7241379310344828,0.0
M05_0477_0001_1,35,36,0.0,0.0,0.0,0.0,0.0,0.0,0.1111111111111111,0.11428571428571428,0.11267605633802817,0.7142857142857143,0.6571428571428571,0.0
